Date,Predicted_Index_Var,Predicted_Corr,Predicted_Var,Future_Beta_45d_TNA,Predicted_Covariance,Future_Cov_45_TNA,Beta_Predicted
2013-02-28,5.497886498863307e-05,0.20160386835920688,0.01170956563617759,3.0867855992937563,0.000161758510281243,0.00016905930923674507,2.942194428980786
2013-03-01,5.488021190183326e-05,0.1990335459766518,0.011731584715628783,3.0853722638974905,0.0001597027927472178,0.00016882117365059327,2.9100250748463847
2013-03-04,5.501029900576039e-05,0.19759985090652127,0.011739843529254907,3.110191728148597,0.00015879607718324225,0.00017004121808476702,2.8866608626616257
2013-03-05,5.845535101370509e-05,0.19903862694459282,0.011623050187630102,3.0505446429117984,0.00016406258872717086,0.00016349325073088868,2.806630802519785
2013-03-06,5.9250468430820016e-05,0.20173530855180644,0.011503880334843276,3.029619059483596,0.0001665520523642488,0.00016349107370625525,2.8109828795482446
2013-03-07,5.369174155549812e-05,0.2347086817165703,0.011867251137351093,3.050884945339941,0.00018735184152395554,0.00016490622543478177,3.489397737830883
2013-03-08,4.524810700565277e-05,0.28089291911819425,0.012362072748807284,3.008654620659812,0.00021008093727947741,0.0001619702959012204,4.642866877353176
2013-03-11,4.8373919939468494e-05,0.31340594707850244,0.0123015619194159,3.093923639400062,0.0002417647626410892,0.00017188710593358153,4.997832777323309
2013-03-12,5.1431479865635213e-05,0.33505748546943226,0.012249184439197511,3.127851866192698,0.0002659423010985872,0.00017397773143240828,5.170807874736673
2013-03-13,5.5261000285198275e-05,0.3498160988194696,0.01221261724239731,3.0682513164401257,0.0002873780119985658,0.00017321474520573256,5.200376585936327
2013-03-14,6.195858588029715e-05,0.3048773810784339,0.012139606906578136,3.0802782302833407,0.0002644102371547347,0.0001776113418300014,4.2675318262681206
2013-03-15,6.386120353979619e-05,0.2726827436984773,0.012162333079465083,3.158460559435363,0.00024031708704665426,0.00017853969545961334,3.7631155337825195
2013-03-18,6.402550064969363e-05,0.2534214596701117,0.012175513788659909,3.213688519875249,0.000223750249393849,0.00017793954248098603,3.4947051897034975
2013-03-19,6.71640875084588e-05,0.2408839407263342,0.012162597556218195,3.2612347938306363,0.00021771561326159667,0.00018551459597871938,3.2415479959312643
2013-03-20,6.839791392936718e-05,0.23253115215328854,0.012138190078791916,3.155787646389299,0.00021187491371621255,0.00017870834551586437,3.0976809312490214
2013-03-21,6.814178529168062e-05,0.2278753568768628,0.012073004647944054,3.207330050455829,0.0002066863517837532,0.00017468860194005107,3.0331807553769417
2013-03-22,6.79733209422515e-05,0.22378429004253814,0.012119426975964695,3.276153949339945,0.00020311401105892887,0.00017678046655030633,2.988143116201276
2013-03-25,7.243408887933498e-05,0.24622310384604498,0.012196317419745693,3.317098805958204,0.00023142733904199696,0.00018137906136799704,3.195005868404342
2013-03-26,7.339742545776695e-05,0.2615920078848965,0.012211880257854024,3.338311325746141,0.00024766016233083017,0.00017964552819429226,3.3742350060130435
2013-03-27,7.311742529462491e-05,0.27081154427899884,0.012250697173977308,3.145775888457925,0.00025630555627201415,0.0001867120776578074,3.505396357150666
2013-03-28,6.422356192814954e-05,0.25990850766553997,0.012266079992260414,3.183731826426349,0.00023068565342994262,0.0001901218845104584,3.591916214301901
2013-04-01,6.678777769649997e-05,0.31288263867843447,0.012130430010859164,3.1673047742373024,0.00028162296091237623,0.00018980983812827697,4.216684109361147
2013-04-02,6.451960799026473e-05,0.3852565845683002,0.017625205663789636,4.138715968419617,0.0004108308299139317,0.00026739286702855494,6.367534501696312
2013-04-03,6.836168011312682e-05,0.41307531387847624,0.01814468676287859,4.08873126050736,0.00046005562282149974,0.0002590607180013184,6.729729609631987
2013-04-04,6.901245142532413e-05,0.43206691426419813,0.018627716377875744,3.9626886668460495,0.0004898854569629572,0.00026221679634010644,7.098508266918245
2013-04-05,6.697476452894188e-05,0.596460527294025,0.016697362782328765,3.978504729510543,0.0006307557922994819,0.0002603680001172759,9.417812764790128
2013-04-08,7.273438811092278e-05,0.7075374930501871,0.014812237562165138,3.945570306835597,0.0007343949598587927,0.0002673150171169886,10.096942848255102
2013-04-09,7.022991067372413e-05,0.7773619534237565,0.012808952261118747,3.951955858575213,0.0007372947519150734,0.00027461289891269486,10.498301148928064
2013-04-10,6.636144982931065e-05,0.830321947807319,0.009936842434342215,3.8873793978182634,0.0006742619500663085,0.0002767830902553315,10.16044634046707
2013-04-11,6.716170407401359e-05,0.8595934403224247,0.008495939350132018,3.891542991729053,0.0006493212975112443,0.0002807820288365128,9.668028923085078
2013-04-12,6.98842565011876e-05,0.8792322557821638,0.007153199904413945,3.863063484729716,0.0006216464643797288,0.0002822511782992005,8.895372083827846
2013-04-15,9.593981606210937e-05,0.9120848699815165,0.004843474669851549,3.6167349118279177,0.0006217462988965899,0.0002182926819437986,6.480586730477832
2013-04-16,8.836558039441448e-05,0.9266419944506553,0.0038067910884616606,3.563933766863804,0.0005374438124130012,0.00021862826815505213,6.082049255084988
2013-04-17,8.959564094882932e-05,0.9364017335863869,0.0030918435246435477,3.519917802779537,0.0004928495934692985,0.0002501540085385658,5.500821114174285
2013-04-18,9.719405369416862e-05,0.9422138645744846,0.0028107775131714433,3.5106209153724843,0.0004924731683668403,0.0002462583535123406,5.0669063553667515
2013-04-19,7.72897485213767e-05,0.941365736151323,0.0022865362856476375,3.5017510429201275,0.00039573857241522164,0.00025411514144698966,5.120194851012728
2013-04-22,7.797978274745508e-05,0.9397077453800428,0.001994404717897658,3.494834038175331,0.0003705872414182488,0.00025914372785445995,4.752350267740945
2013-04-23,8.499754389235151e-05,0.9449999463043931,0.0015291550091381329,3.404140171289054,0.00034069105247528704,0.00025176446903957885,4.008245848924395
2013-04-24,7.773768893068322e-05,0.9430721224623204,0.002248797001916542,3.443843645394412,0.0003943082343996619,0.00025703356777906236,5.0722917007637935
2013-04-25,6.90805921567358e-05,0.9410238058682816,0.0028306142860579035,3.4435882104884814,0.0004161203769418279,0.00025750630897975287,6.023694411850138
2013-04-26,7.034557142953508e-05,0.9291957635107695,0.002433800264698859,3.478428408506657,0.00038447496756635765,0.00026214272835294554,5.465517725610985
2013-04-29,6.776168711759701e-05,0.9196423472679266,0.002208030192824565,3.49067877687874,0.00035572433020684177,0.00026002003205143916,5.2496380379299
2013-04-30,5.8041023931509805e-05,0.9208025356966969,0.0020666322720156454,3.4858390871118687,0.00031890816804964805,0.0002592998074609367,5.4945303588367
2013-05-01,6.311211636341748e-05,0.924412349814419,0.0015510799390882559,3.347172214680643,0.0002892272452933981,0.0002505415745582569,4.582753074353354
2013-05-02,6.214021471172626e-05,0.9342999761875305,0.0012323060645604382,3.2993995222547907,0.00025854253660829415,0.00024328922718328794,4.160631529963244
2013-05-03,7.476459886581012e-05,0.9481313675174061,0.0009060590996040638,3.2689828653158384,0.00024677137544714447,0.00023758754298346224,3.3006446793094892
2013-05-06,7.535412832838797e-05,0.9555656411951806,0.0007765299662215226,3.262064791809205,0.0002311496077223531,0.00023677047290351043,3.0675108696768336
2013-05-07,7.392273390092128e-05,0.9629374218789694,0.0006403198303249051,3.2045341211627414,0.00020950073486339672,0.00024335211180324078,2.8340501467950414
2013-05-08,6.958015556766957e-05,0.9602907223709747,0.0006781975378891154,3.2131230156510617,0.00020860443390235088,0.00024287600791083767,2.998044948311081
2013-05-09,7.111722928104653e-05,0.9611675391490018,0.000635010463438768,3.212967640818732,0.00020425700053229652,0.00024274795145508526,2.872116962334092
2013-05-10,7.562958883543677e-05,0.957611514780936,0.0005690523833925834,3.2096003530090367,0.00019866042150435946,0.0002433977943882095,2.626755276121186
2013-05-13,7.357910230951406e-05,0.9549787051792122,0.0006345298056480443,3.210924185063033,0.00020634642234426472,0.00024377555743056818,2.8044161435438353
2013-05-14,7.590263764609063e-05,0.9585902433938078,0.00041181179509482526,3.2027078762004457,0.00016947702398018081,0.0002380073146771093,2.232821272567591
2013-05-15,7.650099964197039e-05,0.9610816355998624,0.00032897985730272205,3.2209803591391784,0.00015246792429003466,0.00023773910568805593,1.9930187187565442
2013-05-16,7.639729836462006e-05,0.9615816403200131,0.00031259268958934905,3.229305509703765,0.00014859855001925684,0.0002365619082392192,1.945075980436417
2013-05-17,7.425705624970095e-05,0.9631621009717924,0.0003322351470287645,3.237352463499926,0.00015128331655731679,0.000231389366970954,2.0372921335395118
2013-05-20,7.217439206379002e-05,0.9652842663982725,0.0002698011596811499,3.258119029088382,0.00013470034272918463,0.00023400618305460328,1.8663176630588338
2013-05-21,7.13709588975209e-05,0.9672248064303162,0.0001721360473982394,3.2734186757390757,0.00010720723752714187,0.00023535801231797094,1.502112892739427
2013-05-22,7.35750525384875e-05,0.9711614131301871,-0.0001165459613178191,3.1993883505974616,,0.00022568202824320974,
2013-05-23,7.454058968752127e-05,0.9707798330623264,-4.464380766700633e-05,3.224945650931667,,0.00022757608380987116,
2013-05-24,7.630250921850573e-05,0.9667016074547073,8.875970769118141e-05,3.2251371928716788,7.955542174947191e-05,0.00022748254087494391,1.0426317897574102
2013-05-28,7.438631671877e-05,0.9687040867068364,0.0008643779061393976,3.1922931464310143,0.00024563456992542044,0.00022289540963622473,3.302147232992908
2013-05-29,7.273626036607267e-05,0.971744371862692,0.0015475028714471565,3.1703051441225334,0.0003260192545505606,0.00022646821557040738,4.482210838304661
2013-05-30,7.309916508279677e-05,0.9811589916658876,0.0013876689447752649,3.1655787114503147,0.00031249173196916657,0.00022556044413099625,4.274901520629114
2013-05-31,7.696255068093324e-05,0.9889053760012227,0.0010786772456740374,3.22063342752832,0.00028493134156977907,0.0002127148153437803,3.7022076197945992
2013-06-03,7.835861755638394e-05,0.9791217493891211,0.0011905706693831637,3.2421726566084774,0.0002990595462111703,0.00021567348246424024,3.8165495453767826
2013-06-04,7.696792659140356e-05,0.9732267480430081,0.0011307408210818706,3.22498760946842,0.00028711141908228395,0.00021343170005766048,3.7302735281731105
2013-06-05,8.390672708275947e-05,0.887461883734622,2.7405341027995285e-05,3.234875727742069,4.255648063505951e-05,0.00019800587660715436,0.5071879468386951
2013-06-06,8.864935953499249e-05,0.8872384208185636,0.0002866359130170394,3.218681222907989,0.00014143061918679375,0.00019346235914519954,1.595393581280945
2013-06-07,8.584609796353898e-05,0.8853974135522233,0.0004540285915619905,3.307241996941549,0.0001747994774646428,0.00018839060654635202,2.036195955451401
2013-06-10,7.344670994631798e-05,0.8994318321691274,0.0009187876917090828,3.297384561991473,0.00023364796955438013,0.00018821179987710192,3.181190413092062
2013-06-11,7.540176794643908e-05,0.9089542592302785,0.001519212542166119,3.284443516345781,0.0003076394753607563,0.0001808568755501732,4.080003476566823
2013-06-12,7.564969572692771e-05,0.9136000967897298,0.0036375741546894897,3.3407654192207192,0.0004792539019316835,0.00019439826144265873,6.335172895627283
2013-06-13,7.668406692361186e-05,0.9157055261885966,0.003146084497949031,3.3505865370577546,0.0004497732218483703,0.00017963993655510232,5.865276059189816
2013-06-14,7.978958283363962e-05,0.9207680463081588,0.002894821647804797,3.3744683179383985,0.00044252136412609616,0.00018101099842312814,5.5461044964823065
2013-06-17,6.406673037804978e-05,0.9213801671685046,0.002194383560319891,3.452294104402596,0.0003454708515821116,0.00018247507517865462,5.392359646629869
2013-06-18,5.269216623890948e-05,0.91086715605322,0.0013010692934489643,3.43484484316274,0.00023849445320553257,0.0001797248428293311,4.526184255249333
2013-06-19,5.313666894497608e-05,0.9126355523733896,0.0009415459569104718,3.5383501422930967,0.00020413398196224682,0.0001759044650544233,3.8416781859930103
2013-06-20,6.610900161714408e-05,0.9151872658693674,0.0013066233802325375,3.5866709166828707,0.00026897720743758105,0.0001248143815284579,4.068692626691053
2013-06-21,6.524441916700448e-05,0.9158918891801119,0.0008454075233438034,3.5826760654299594,0.00021510423050620213,0.00012571772814225747,3.2968985432394655
2013-06-24,5.5679700730278476e-05,0.9114810156217407,0.000553560391608366,3.76585268189264,0.00016002158866561204,0.00014135296972603897,2.8739663929011154
2013-06-25,5.683904438603972e-05,0.9093458381428063,0.00023318734811193152,3.7950417493543673,0.00010468994196952387,0.00013642220331869419,1.8418666798563708
2013-06-26,5.616484134519195e-05,0.9024019494359707,-6.929452190626765e-05,3.962957405185445,,0.00013495300030823157,
2013-06-27,5.600093181678947e-05,0.9053953139215246,-0.00020175397824781006,3.9711186521818895,,0.00013378415220205233,
2013-06-28,5.651835513949762e-05,0.9064979961071741,-0.00033162957122282415,3.970007912106596,,0.00013336643534291888,
2013-07-01,4.0959150997653995e-05,0.9095686892920241,-3.403581936063377e-05,3.848105212716236,,0.00013198371591510223,
2013-07-02,4.708768430286185e-05,0.9118008050084553,0.0003205901516609139,3.847400578958504,0.00011202855294647636,0.00013178562375505638,2.379147639240938
2013-07-03,4.5307854285029834e-05,0.9131994775637196,0.0008308057281363838,3.847794871276713,0.00017717487825450758,0.00013179755914405973,3.910467203763563
2013-07-05,5.048108536897671e-05,0.9043903880303966,0.0016270703150952786,3.916648215715072,0.00025919310286454274,0.0001321640664143704,5.134459787661986
2013-07-08,5.858594159480322e-05,0.897665436528221,0.0023969938594767927,3.9455712385966,0.00033639123509947863,0.00013491506548073823,5.7418422567320775
2013-07-09,6.185296409698371e-05,0.8899721475078334,0.0024130321731765177,3.942066350560152,0.0003438256159789802,0.0001314744031956095,5.5587573044983145
2013-07-10,6.043816195282401e-05,0.8844588772774848,0.0023909906130460054,3.961534867636787,0.00033621896342834627,0.00013303971271537226,5.563024297310489
2013-07-11,6.428746384905295e-05,0.8768119082644402,0.0023856202277832005,4.172656259757608,0.00034337623963414846,0.00012408330160749566,5.341262807324245
2013-07-12,6.999194674271863e-05,0.8738234023790837,0.0024231273628866207,4.100377580278821,0.00035986186724280286,0.00012471293843889018,5.141475326663061
2013-07-15,7.060701256657018e-05,0.8708974364837567,0.002468796814209374,4.1184217071810405,0.00036360814630551655,0.00012569213847043832,5.149745515187986
2013-07-16,3.5042919617133015e-05,0.8690483220974514,0.0023610785011453817,3.9840756791518346,0.0002499765557878189,0.00013079430457775025,7.133439750996134
2013-07-17,3.792838595062833e-05,0.867524453915994,0.002265557448687908,3.97381410804352,0.0002543029780233279,0.00013064685818565,6.704819402395768
2013-07-18,3.7451029819475974e-05,0.8640655752186707,0.0020370852110630747,3.6924246116040944,0.00023866194909512073,0.0001319982059196756,6.372640492011446
2013-07-19,4.0860668714576163e-05,0.8630821206611955,0.0018146849205633525,3.6419687281009967,0.00023502035078236684,0.00013189579277624156,5.751749987844139
2013-07-22,3.950888193740232e-05,0.8612123140790775,0.001435886842528294,3.617588337511778,0.0002051245818860547,0.00013119388362380218,5.191859952176148
2013-07-23,3.3171208880188284e-05,0.858651070807822,0.0012377966908834741,3.614994658175956,0.00017398909296290174,0.00013141619171694132,5.245183966352756
2013-07-24,3.471216593235655e-05,0.857489915459987,0.0010484077435503761,3.5839254411336574,0.00016358180190918168,0.00013030197632829388,4.712520740651933
2013-07-25,3.488954269695917e-05,0.8558967661514918,0.0008709419110472536,3.5523454434252915,0.00014919821215807097,0.0001304810638910648,4.276301740437386
2013-07-26,3.343176772700175e-05,0.8480329202866951,0.0007340277153921608,3.5018484790250404,0.00013284603944678893,0.00013072730630659678,3.9736468777716927
2013-07-29,3.360094972876798e-05,0.847032873984384,0.0005965974451905458,3.500544143148288,0.00011992693570549338,0.00013491092232906192,3.5691531541090957
2013-07-30,3.816574763863081e-05,0.8458118029008357,0.0006987667967900019,3.507786537989665,0.00013812642090125135,0.00013527440795215806,3.6191200080525032
2013-07-31,3.750748633018741e-05,0.8412633882188195,0.0007998941920148054,3.5205997355518823,0.00014571599976613824,0.00014254030756181182,3.884984413067975
2013-08-01,4.226173154810077e-05,0.8373403540403683,0.0009534786105188199,3.515279769356221,0.00016808584534972035,0.0001362071933979121,3.97725883896667
2013-08-02,4.130983358011611e-05,0.8344680272146986,0.0011478094760341122,3.54882382613156,0.00018170686138168453,0.00014277329549992356,4.3986345534237765
2013-08-05,3.7225611971094185e-05,0.8352890238559205,0.0012823165725954994,3.6108672497015393,0.00018249683003353107,0.00015538675375240774,4.902453455304925
2013-08-06,4.1983018398946586e-05,0.8406999937005698,0.00133515323460191,3.56759339729933,0.00019904140558951356,0.0001515785942595634,4.740997983949334
2013-08-07,4.81253999850549e-05,0.8418248945918962,0.0014704157604458969,3.4767312603685974,0.00022393862907000374,0.00018389753711262836,4.653231539676486
2013-08-08,4.5117615842124565e-05,0.844377539135858,0.0015606587265528985,3.5372307959055416,0.00022405968234751956,0.00018932486872491995,4.966124166036356
2013-08-09,4.7210405389653165e-05,0.8451140241425484,0.0016265241886768442,3.537812489837492,0.00023418789155517136,0.0001898109894701441,4.96051431082388
2013-08-12,4.729046229109182e-05,0.8521919286832237,0.0016951415276327333,3.555282070651876,0.00024128325221815997,0.00019506253654866433,5.102154652939625
2013-08-13,5.1414947954433665e-05,0.8624924628039088,0.0016008450633415575,3.485290820869239,0.0002474427076596174,0.00020542770852338465,4.812660860396332
2013-08-14,5.361675369996386e-05,0.869316649276445,0.001549126243781911,3.497771724033321,0.0002505368777361125,0.00020674153791358946,4.67273492793133
2013-08-15,5.120699157562921e-05,0.8785076456657098,0.0014897827716177522,3.468057435494338,0.0002426451696241321,0.00019024074109116548,4.738516404849947
2013-08-16,4.9139520575593413e-05,0.8815930479976679,0.001444876388209946,3.4666106780233177,0.00023490862418952535,0.00018872158765665515,4.780441922060583
2013-08-19,5.1240075352845624e-05,0.884923854743403,0.0012364110352521857,3.404474647804826,0.0002227369244477542,0.00018237011001156505,4.346928120498646
2013-08-20,5.687877447837599e-05,0.8936575810469812,0.0012393361635269465,3.3522496023610358,0.0002372689019280572,0.00018139268332938114,4.1714840747537805
2013-08-21,5.746511661394483e-05,0.8934626313046033,0.0012551412017309889,3.359608266342946,0.00023995225313184693,0.00017785867566890885,4.175615873954716
2013-08-22,5.43081375808944e-05,0.900578578004295,0.001262350600932991,3.3007655108468885,0.0002358001421415682,0.00017103000580055377,4.34189336340863
2013-08-23,4.6628310947370826e-05,0.9012047194062666,0.0013466456311510013,3.3055111016433347,0.00022582653065932002,0.000170952253758749,4.843120543530077
2013-08-26,5.7057237442025364e-05,0.9038352372885519,0.0013505048479257491,3.312437951759029,0.00025089540809273403,0.00017056024117726045,4.397258250500885
2013-08-27,6.26349019454684e-05,0.9063759861348413,0.0016100177617913514,3.2289681444470717,0.0002878272611888675,0.00014619424779908842,4.595317502683369
2013-08-28,6.352118414260544e-05,0.9064247799323907,0.0018610852986517233,3.250614467687449,0.000311655073882774,0.00014837587402062236,4.906317130094844
2013-08-29,6.345432123592429e-05,0.9131610008949622,0.002034027161230522,3.2415454899095884,0.00032806230415969673,0.00014801172412952504,5.170054580521873
2013-08-30,6.533098257867051e-05,0.9134745817170151,0.002177444628671826,3.176216464607739,0.00034453204519192484,0.00014360318596729017,5.273639421801821
2013-09-03,6.741624909395761e-05,0.9127107402785885,0.0023045306941116366,3.1679079823042198,0.00035975488709427184,0.00014429639450629444,5.336323096126034
2013-09-04,5.29054408502055e-05,0.8954323204261125,0.0021927290710073146,3.113702527856952,0.0003049828525619897,0.0001395340331890237,5.764678408512024
2013-09-05,5.526096611110341e-05,0.8884754651380459,0.002082735508412199,3.208974775932698,0.0003014197718478189,0.00015819803057941847,5.4544788674488185
2013-09-06,5.903493096893949e-05,0.8853540002395573,0.002082811062896931,3.285940307656478,0.0003104534008233755,0.00017285230018480212,5.2588085685526895
2013-09-09,5.950680039687122e-05,0.8852117260726857,0.0021797944117366505,3.2321299760766284,0.00031881461750514814,0.00016518316997806502,5.357616530864781
2013-09-10,6.058865375686932e-05,0.8845774188665524,0.002724849497668645,3.1986069283087115,0.00035942043046477586,0.00016140708453204312,5.932140890719594
2013-09-11,5.2548421709793746e-05,0.8800374094907625,0.002428330649143618,3.211093328012254,0.00031436550325789357,0.00016520660033735144,5.982396673948125
2013-09-12,5.463125330927889e-05,0.8781155634181198,0.0021722800741319614,3.16695017662188,0.0003025033341262906,0.00016285389928062097,5.53718459310747
2013-09-13,5.629719144726608e-05,0.8848001162597072,0.0020031489186722057,3.162750850354826,0.00029712907719779295,0.00016322620810179284,5.277866791563049
2013-09-16,5.4138744378514925e-05,0.8807295969988632,0.0018542761540597263,3.209056668950226,0.0002790511954166459,0.00016578948128295973,5.154371395569122
2013-09-17,5.7555509167455784e-05,0.8797309783258771,0.0017274468217603524,3.1998953992580903,0.00027739311579638937,0.00016526420318423906,4.819575394413133
2013-09-18,6.204530316157312e-05,0.8733777161646796,0.0015697011072405358,3.2161456998719364,0.0002725618351566168,0.00015894699194554982,4.392948720821532
2013-09-19,6.178297806302708e-05,0.8723483717559493,0.0014457519360336966,3.309410985674246,0.00026071814965431065,0.00016704094346183215,4.219902598226044
2013-09-20,6.675064824066973e-05,0.85945206527642,0.0013878108598264249,3.4925939681924425,0.00026158602842214117,0.00016414814190377364,3.918853753734221
2013-09-23,6.644616634370019e-05,0.8567218134872916,0.001339026947504824,3.54131906653792,0.00025554621214877765,0.00016401471444087243,3.845913559962759
2013-09-24,6.687102886618699e-05,0.8554930119007232,0.0013901520648180548,3.561497674608708,0.0002608354546430371,0.00016391494028611224,3.9005748687519786
2013-09-25,5.221698153901886e-05,0.8611540381854312,0.0013126682170585913,3.5804803684855533,0.0002254572519284919,0.00016330977658047402,4.317699822614606
2013-09-26,5.0374063840171386e-05,0.8615093981280143,0.0012543247505188931,3.5718810676971686,0.0002165551466139771,0.00016284178928856498,4.298941361988799
2013-09-27,5.122431082106018e-05,0.8615342540676092,0.001207035042759081,3.620459928890942,0.00021422519696882362,0.0001633792621273806,4.182100130486242
2013-09-30,5.1567877421329924e-05,0.8603790724395651,0.0011665654679308983,3.6981312020234487,0.0002110250560995999,0.0001658143668812157,4.092180377630086
2013-10-01,5.3629225784131454e-05,0.8600188927756337,0.0011275330023697479,3.676681071265699,0.0002114819891890598,0.00016154544060146585,3.9434093275990567
2013-10-02,4.9785428743887e-05,0.8643365823261758,0.0010974343869686106,3.604430033232166,0.00020203346040139082,0.00016061567985843967,4.058084172393472
2013-10-03,5.1677659876475144e-05,0.8693178265078655,0.0010656950878183222,3.5482244402604723,0.00020400766594015277,0.00015631258817603105,3.9476955115187353
2013-10-04,4.988490741732951e-05,0.8715854146690336,0.0010543863241028455,3.5556912424448184,0.00019989154348247585,0.0001538889841937569,4.0070545147095045
2013-10-07,5.300164613196136e-05,0.8755855512996082,0.0010506788647526213,3.58366276670647,0.00020662281000017699,0.00014864527682209786,3.898422503439532
2013-10-08,5.7418241986777646e-05,0.8781868379645673,0.0014205678636719803,3.604070285584772,0.00025080885310190356,0.00014858174880644676,4.368104010562709
2013-10-09,4.671951297786224e-05,0.8721597692522955,0.0013439331862447805,3.5904026835109697,0.00021854156176497082,0.00014996358240711266,4.677736299788172
2013-10-10,5.493659376391755e-05,0.8676994913722464,0.0011865241950221336,3.647049165579495,0.0002215330395704662,0.00011953773862182957,4.032522302392354
2013-10-11,5.397060840252837e-05,0.8707916165538379,0.002294160547505798,3.609733886612888,0.000306411315708801,0.00011811797914421626,5.677373755424378
2013-10-14,5.390763459317086e-05,0.8701969544139296,0.002840699405609538,3.5796384552513034,0.0003405299676406257,0.00011788746333482895,6.316915409302059
2013-10-15,5.553151341989191e-05,0.8694965075409975,0.0032710383008064613,3.403114571333717,0.0003705786641157023,0.00012546029241859233,6.673303882673538
2013-10-16,4.144281603770634e-05,0.8586381830488402,0.0028583264085075785,3.514877423457896,0.0002955226260347768,0.00011756554418670278,7.130852926738821
2013-10-17,4.1583055321708076e-05,0.8545672271007408,0.0025287408390174894,3.476419381912616,0.00027711280392951393,0.00011389066924532158,6.664079918746364
2013-10-18,4.3823960134694674e-05,0.8497588555468233,0.0022961419988073773,3.484517720492795,0.00026955716507718697,0.00011305485102891946,6.150908412856628
2013-10-21,4.4710412594374516e-05,0.8486623744292351,0.0020756229966114254,3.4851042192573205,0.00025853153441675726,0.0001131045508265402,5.7823562659156895
2013-10-22,4.4371990394003997e-05,0.8453061856299499,0.001908627586502807,3.477326016705979,0.0002459965976457921,0.00011234897604515692,5.54396130219648
2013-10-23,3.6244305626284386e-05,0.8305449054294365,0.0017639214942824159,3.512525938360139,0.00021000161600706732,0.00011081526060268662,5.794058194200141
2013-10-24,4.040389782719303e-05,0.8240540325195473,0.0016382407471571287,3.5005745888228867,0.0002120099203678973,0.00011017533744157193,5.247264045529991
2013-10-25,3.967999624918889e-05,0.816600316638421,0.0015667348292245033,3.519188200505865,0.0002036071872015129,0.0001108550180054625,5.13123000120432
2013-10-28,4.081308187982178e-05,0.813752514965693,0.0014959116506727795,3.508011956616693,0.00020106895062371215,0.0001193991787170244,4.926580923630807
2013-10-29,4.2024721372673885e-05,0.8128497266248886,0.001412775612073836,3.528766154198908,0.00019806114255101938,0.00011851666019420222,4.712967417311813
2013-10-30,3.243679795796633e-05,0.8124889713025158,0.0014151684404211048,3.465762531374006,0.0001740766538053188,0.00011485697677777748,5.366641122557733
2013-10-31,3.3498134377451295e-05,0.8155939759567016,0.0013823877051689381,3.459556492933741,0.0001755089430718,0.0001157640338088342,5.239364708917667
2013-11-01,3.528785039280735e-05,0.8157224650171802,0.0013629394583310629,3.4797730232105804,0.00017889298353417345,0.00011631197046093326,5.06953474192457
2013-11-04,3.477448195487655e-05,0.8116722314812227,0.0013612394432522422,3.4407036541938667,0.00017659495205720802,0.00011446442467256711,5.07829138292723
2013-11-05,3.766596277267884e-05,0.8134036544447681,0.0013447210742643704,3.458842027548609,0.00018306139234783878,0.00011401974994996553,4.86012778838679
2013-11-06,3.8333959556374354e-05,0.8098321112885812,0.0013388539315729775,3.4851278310111344,0.00018346508760610922,0.00012934448904165636,4.785967578859246
2013-11-07,4.0431492315281525e-05,0.8151624426450511,0.0012597842071387629,3.353193944029894,0.00018397216851685164,0.00011815535710582666,4.550219593238149
2013-11-08,4.3778322206368926e-05,0.8195628995423888,0.0012418909267936879,3.272258373177652,0.00019109687011631548,0.00010528375950947277,4.365102646362141
2013-11-11,4.088414418239951e-05,0.817293662834697,0.001260519422919034,3.261608799477973,0.00018553692650890484,0.00010525802722335266,4.53811447492101
2013-11-12,3.99781619662566e-05,0.8167032311144381,0.001270358598496742,3.2744006578170475,0.0001840512838002591,0.00010699934943831145,4.603795541065816
2013-11-13,4.4902541372157916e-05,0.8199181791378966,0.0012265805840450193,3.290030986351969,0.0001924216876746913,0.00010396715523110872,4.285318420618471
2013-11-14,4.545126757048379e-05,0.818013337940389,0.0011976763562245474,3.3471383317903056,0.00019085481578298252,0.00010435609468254367,4.199108759442482
2013-11-15,4.488960878325864e-05,0.8174513662445334,0.0011700347902935536,3.3284875901073216,0.00018734159869172848,0.00010837247134413233,4.173384526389471
2013-11-18,4.304897041106976e-05,0.8190129189923073,0.0011424163741077257,3.377839158372018,0.00018162864642651917,0.0001451178976871105,4.219117082061841
2013-11-19,4.253689180732228e-05,0.8192427691035447,0.0011266160223239357,3.4414536999107144,0.00017934259719491925,0.00014934105724434272,4.216166004965302
2013-11-20,3.986505410246521e-05,0.8482511491909178,0.001103306491542577,3.4815865769351384,0.00017789704013969427,0.00015313271270877757,4.4624808405488485
2013-11-21,3.485111027762049e-05,0.8715909256573122,0.0010622022185839545,3.4386768249058584,0.00016769673661113713,0.0001531412699521829,4.811804710819298
2013-11-22,3.677714977289896e-05,0.8912439107314848,0.0010439083832870107,3.4673911963494977,0.00017462917507935852,0.0001614449245525759,4.748306384744436
2013-11-25,4.464079349966786e-05,0.900755838614059,0.001028647471103039,3.4710854098273405,0.00019302178168775435,0.00016407022368700215,4.323887784145022
2013-11-26,4.5604254902161166e-05,0.9067054297709076,0.0010138741605666974,3.62411540128004,0.00019496691784311328,0.00021185026249096622,4.275191388641105
2013-11-27,5.098239319509307e-05,0.9008102165114605,0.001013436116186805,3.604330578050105,0.0002047583403635061,0.00021473445952741802,4.0162559568351845
2013-11-29,5.306536742177139e-05,0.8963877692854164,0.0010138300289995903,3.6081694361236822,0.00020791416829391154,0.00021498382616104788,3.9180764855801145
2013-12-02,5.1303727815654587e-05,0.8968096247690519,0.0010089201381689636,3.4900403377047238,0.00020403426944011713,0.00022240085204594076,3.9769872117920255
2013-12-03,5.129816798105141e-05,0.8988278754196334,0.001006491885305152,3.449934083411152,0.00020423614258995325,0.00023078071971011527,3.9813535381106453
2013-12-04,4.926678581923591e-05,0.8964684983147205,0.0010116100707680876,3.451448676394302,0.00020013300672234603,0.00023114121352057633,4.062229824706879
2013-12-05,6.186383108747796e-05,0.8947678765297428,0.0009882326931623926,3.447582039425668,0.0002212373247512256,0.00023815444104027434,3.576198254491984
2013-12-06,6.149224160789946e-05,0.8929779937998739,0.0009733184274902876,3.4998887780682035,0.0002184632507898421,0.00023239343118644227,3.552696162596514
2013-12-09,5.694825981469449e-05,0.8939755974951066,0.0009579913789720012,3.542920627298716,0.00020880778837354771,0.0002367965554690878,3.666622809072536
2013-12-10,5.3452041059883435e-05,0.8946253655598803,0.0009469228154356656,3.498235289028964,0.00020127074063048872,0.0002347636658131696,3.7654453719550376
2013-12-11,5.2671389427449466e-05,0.8946033401793317,0.0009345498367209245,3.455997270824801,0.00019848108975615447,0.00022096751471099052,3.7682903738384566
2013-12-12,5.926873458923956e-05,0.8954781099320512,0.0009479012683865331,3.4780053961159294,0.00021225080869641304,0.00022533650315354232,3.581159782934659
2013-12-13,5.102150798536989e-05,0.900107932802001,-0.0015770703654237874,3.4985803617232323,,0.00022878370358566836,
2013-12-16,5.265033739264804e-05,0.89897244778951,-0.003685050589288419,3.466870084469802,,0.00022454839897472994,
2013-12-17,5.547285481711756e-05,0.897685112727706,-0.005749950704826928,3.4855823084525346,,0.0002264703645764255,
2013-12-18,5.7755345996717895e-05,0.8937762080011095,-0.007406876822872882,3.615246348266387,,0.00021299067291793294,
2013-12-19,6.478693026373803e-05,0.8997508510545308,-0.0058530363773378925,3.60303133299405,,0.0002120836118801602,
2013-12-20,6.101338500649426e-05,0.8995415328126395,-0.004520159696634085,3.599273795115551,,0.0002137249535697699,
2013-12-23,6.0371580554275465e-05,0.8996132662738993,-0.003471081663582517,3.550694310857529,,0.00020928314853604,
2013-12-24,6.05937066863415e-05,0.8985579545094935,-0.0026147410163906873,3.5157320299481296,,0.00021133638717958997,
2013-12-26,6.0130930524985e-05,0.9011419663889271,-0.00196388546305065,3.648658019906228,,0.00023285971238610283,
2013-12-27,6.1029823506439453e-05,0.909847672425364,-0.0014250146201595475,3.647656867881043,,0.00023279093598683697,
2013-12-30,6.103786899254316e-05,0.9131083309268685,-0.0009833180829874222,3.6413171993708873,,0.00023261974424861406,
2013-12-31,6.15980310886923e-05,0.9170064541163547,-0.0006254745607373512,3.655357421703007,,0.0002320173426142317,
2014-01-02,6.274975633376732e-05,0.9148843225067161,-0.00032994392525484596,3.663046784297781,,0.00022401104140119983,
2014-01-03,6.287727487442676e-05,0.9149149128574329,-9.24166704529299e-05,3.69417394383286,,0.00022843245454803187,
2014-01-06,6.194585296328845e-05,0.910814023431289,9.059654482736494e-05,3.678019781148536,6.82325566975975e-05,0.00022645627096905854,1.1014870799831395
2014-01-07,5.985294868622432e-05,0.90918006963857,0.00024093574489865844,3.6551858208763854,0.00010918005291218992,0.00023365076858062304,1.824138247299396
2014-01-08,5.957982003469859e-05,0.9076534224257433,0.0003647553678475028,3.631825863452645,0.00013380442898151932,0.00023289197855358424,2.2458011605874804
2014-01-09,5.8876921963223624e-05,0.9049647390824023,0.0004686394076966582,3.577230603849009,0.00015032236822330966,0.00023563327467569033,2.553162821881309
2014-01-10,5.8643073362417135e-05,0.9062907669693452,0.0005512032710193919,3.607881755425903,0.00016294153750898068,0.0002409261294473592,2.7785299808895383
2014-01-13,6.549653155125348e-05,0.9083361760037418,0.0008826809435303774,3.6512226796681415,0.00021840251609271682,0.00023055566860683148,3.334566135335101
2014-01-14,6.384952094066409e-05,0.9028504534183052,0.0008990771596076531,3.640364586732555,0.00021631823188106658,0.00022334603922340146,3.3879382130696483
2014-01-15,6.070372053025981e-05,0.9005018892737199,0.0009153795459148869,3.579849482737872,0.00021227208474396147,0.00022359871867822602,3.4968546061051944
2014-01-16,6.085694586035492e-05,0.9011189860937032,0.0009153297536987583,3.615502617711329,0.00021267968413820522,0.00022716915554453333,3.494747906446531
2014-01-17,6.130074788390541e-05,0.9020620492031185,0.0009136367026344423,3.5952646982059178,0.0002134794461128064,0.00022591674803565113,3.4824933378807224
2014-01-21,6.022038567812545e-05,0.9025499290228924,0.0009314561382822576,3.6698855563467134,0.000213758900633894,0.00023457273916152385,3.5496102893864414
2014-01-22,6.0180607898710316e-05,0.9049363001308057,0.0009440569210865359,3.66752864192622,0.00021569763584174665,0.00023478772613910016,3.5841717685003496
2014-01-23,6.197862719476769e-05,0.9038304426959701,0.0009736363505426746,3.677071038946504,0.00022202727629105616,0.0002313687062905897,3.5823200083689493
2014-01-24,8.312838911315208e-05,0.9030613611723581,0.0009407573450329361,3.7995344620507288,0.00025254033485364806,0.00020129160740520625,3.037955354937735
2014-01-27,7.785643656399444e-05,0.906693881155007,0.0009345747696162879,3.774142536083796,0.00024457663884731314,0.00019940001933232458,3.1413798221587284
2014-01-28,5.7778264472590076e-05,0.9064463902401021,0.0009294345286087936,3.755018574278476,0.00021005536163302662,0.00019687203844396083,3.6355429424965955
2014-01-29,5.541992369045716e-05,0.9005150614960128,0.0009342940654464354,3.755373530887253,0.00020491121943401724,0.00018727353523341651,3.6974287546574374
2014-01-30,5.718939038351772e-05,0.9008294549976938,0.0008402820279030412,3.8765113389320103,0.00019747533041764587,0.00020041058061409338,3.453006389705446
2014-01-31,5.786696567157789e-05,0.9004517874663095,0.0008534976255809498,3.889281512464079,0.0002001137720241085,0.00020968884074822804,3.4581694357338137
2014-02-03,7.055814511505822e-05,0.9087071218621177,0.0008259257718873397,3.8229579944272607,0.00021936534442344355,0.00015764380315672072,3.109001009957496
2014-02-04,5.3287933521446234e-05,0.8971353045045644,0.0009078248350626601,3.834857630190604,0.00019732104950814406,0.00016297972961276926,3.702921777380058
2014-02-05,5.1744253938995175e-05,0.8919609694997659,0.0009820884154936428,3.850356622565528,0.00020107228337440912,0.0002073009755650509,3.8858862205544007
2014-02-06,5.460185755120456e-05,0.8830442546684395,0.001044387965377,4.000071800472576,0.00021087112131559026,0.00021015363968779368,3.8619770603562236
2014-02-07,6.356327391387762e-05,0.879593281292096,0.0010913204248853344,4.005422831347556,0.00023166539936430962,0.00020259121498934136,3.6446423398233843
2014-02-10,6.2547563500994e-05,0.8793279055049847,0.0011317277651532803,3.967067324346397,0.00023395214934259702,0.00020418174746375967,3.740387894388229
2014-02-11,5.609995653519849e-05,0.8809563375108445,0.001133454497877763,3.996681857864731,0.00022214558772976363,0.00020480749073133295,3.959817465997216
2014-02-12,5.280573476410588e-05,0.884256439178797,0.0011399815231214394,4.001297164301747,0.00021695401025627518,0.00020511960669185178,4.108531227251236
2014-02-13,5.31879934714369e-05,0.887823721751651,0.0011359937436536724,3.96505290766948,0.0002182335502722694,0.00020211516032212946,4.103060409478796
2014-02-14,5.362200748552388e-05,0.886076777531568,0.0011424231125904682,4.024886762411085,0.0002193089620768459,0.00020435890976415322,4.089905849497557
2014-02-18,5.088126402858046e-05,0.8744902094578728,0.0011546766892779707,4.0226484994772935,0.000211964971317381,0.00020489115480439382,4.165874715657975
2014-02-19,5.093399391722896e-05,0.8766612164731773,0.0011344588690815466,4.004761270331641,0.0002107317807962284,0.00019957810667766953,4.137350413530916
2014-02-20,5.128532994270177e-05,0.8784034291523284,0.0011183448407448174,4.052487050890451,0.00021036741421999976,0.00020610180847473858,4.101902326747854
2014-02-21,5.0142924359823583e-05,0.876909609260699,0.0011124128951977002,4.031623220390894,0.00020710599279031165,0.00020557889554586833,4.130313407812586
2014-02-24,5.289213529725008e-05,0.8780700435789757,0.0010830555731603706,4.00068682763421,0.0002101600106358394,0.00020325794953487454,3.9733697544021416
2014-02-25,4.99909412374215e-05,0.8850236688367448,0.0010859697901500415,4.017183047218135,0.00020620985385247825,0.00020466230716854335,4.124944414891646
2014-02-26,4.8822079787728685e-05,0.8872026067643236,0.001068530987839292,4.020576236681355,0.00020263968792333883,0.00020483355988893987,4.150574674499463
2014-02-27,4.902946505121921e-05,0.8884401957172948,0.00117311824021535,4.005974682054294,0.00021307263183672218,0.000202187550795629,4.345807803820281
2014-02-28,4.913560627678946e-05,0.887811724176028,0.0011446663574475407,4.019983593223474,0.00021055157519200797,0.0002026748332668479,4.285111981847423
2014-03-03,5.060228536900576e-05,0.8849112836428327,0.0011157225167331586,4.121289833021714,0.00021026301983232077,0.00021034996699569264,4.1552079772489545
2014-03-04,5.593664385448813e-05,0.8924215178899044,0.0010674270323233544,3.946913281284451,0.00021806568732684502,0.0001872489961069456,3.898440669663958
2014-03-05,4.9068183379191435e-05,0.890828584575596,0.0010616958656135451,3.956084779280688,0.00020332659928784245,0.00018772227196522045,4.143756407620912
2014-03-06,4.928243059442446e-05,0.8891364408966436,0.0010573671121511298,3.978561449208744,0.00020296790478315773,0.00018852138747354455,4.118463767615398
2014-03-07,4.8971813978785636e-05,0.8890722703359734,0.001054043962023263,4.121426330364295,0.0002019944900402231,0.00020388698611490723,4.124709166945014
2014-03-10,4.912023117884392e-05,0.8884338198699917,0.0010568637192682705,4.111979508477989,0.00020242529374235084,0.00020341958241905245,4.121016715196882
2014-03-11,5.148937537691702e-05,0.8888885683321279,0.0010484155014478154,4.1568723767143245,0.0002065251039561387,0.0002054434834984441,4.011023680988856
2014-03-12,4.8906113932888686e-05,0.8859452963192521,0.0009883282292017807,4.065156721541034,0.00019477763325197748,0.00020828315988825945,3.9826847317957155
2014-03-13,5.192240840939531e-05,0.8835927907046454,0.0009328259965974405,4.1638789451976566,0.0001944598286002791,0.00020194576568058348,3.7452004742732963
2014-03-14,5.053194068255615e-05,0.88279193430706,0.0008904659938257761,4.244544347214859,0.000187262154073045,0.00020587240602116372,3.7058175788148335
2014-03-17,5.312543808337814e-05,0.8817982323104819,0.0009079891466046795,4.358414737053845,0.00019366931422174361,0.00020828686849767915,3.645509970530272
2014-03-18,5.3640183376897774e-05,0.8856726464907605,0.0009172343449078549,4.243323730966401,0.0001964529311005458,0.00020465600744604774,3.662420945137109
2014-03-19,4.9711758607667365e-05,0.8869113412045634,0.0009388686147762774,4.302385389273533,0.00019160735800020223,0.00020489529965358105,3.8543669217658576
2014-03-20,4.924048797705463e-05,0.8835804595018266,0.0009557298764349735,4.382479314724477,0.00019167914262079998,0.00020706293820015978,3.8927141158739076
2014-03-21,5.1299807125194504e-05,0.8797773779534223,0.0009670328630893014,4.571187492678758,0.00019595270965117945,0.00021137340971009492,3.819755290170333
2014-03-24,5.150721281894852e-05,0.8824199611402831,0.0009693410172331079,4.552756307123961,0.00019717309048972601,0.0002083307678555446,3.8280675598348393
2014-03-25,5.187847468728203e-05,0.882937488110044,0.0009758147582121689,4.56778521454443,0.00019865854348873944,0.00020939277067595234,3.82930578985277
2014-03-26,4.894688218699071e-05,0.8859921073495437,0.0009747564674168908,4.478598076290009,0.0001935264956178443,0.0001988100801999236,3.9538063911511103
2014-03-27,4.819111839496585e-05,0.885142180314666,0.0009850219785879407,4.48547682678335,0.00019284993645637228,0.00019816763010098865,4.001773415503838
2014-03-28,4.77393720640184e-05,0.8839890605759033,0.0009943208630367436,4.5166735019416295,0.00019259655639893166,0.00019810890708018465,4.034333676208813
2014-03-31,4.471229395078723e-05,0.8887124553737619,0.001015013178180198,4.446624117949134,0.0001893261411558376,0.00018969948548231718,4.234319566878412
2014-04-01,4.637295349124256e-05,0.886974398538095,0.0010238829264432533,4.509867051036251,0.00019327185440295907,0.00019226851966129367,4.167771078878081
2014-04-02,4.141854620280984e-05,0.8843062839432836,0.0010270491728511897,4.534277014633167,0.00018238778758116297,0.00019426680473455803,4.403529440364321
2014-04-03,4.131197301210188e-05,0.8835598083703534,0.0010533492249210667,4.514541614960865,0.00018431475817354116,0.00019297539213373774,4.461533660460812
2014-04-04,4.5815215175484866e-05,0.8879928461178586,0.0016780798136488025,4.418173612672917,0.00024621847600592004,0.00017239765905713268,5.37416391176677
2014-04-07,4.72141155464609e-05,0.8881638866109366,0.0021893012838173865,4.464168470275461,0.0002855497640242356,0.0001611039056072771,6.047974439831267
2014-04-08,4.530353492960697e-05,0.8821966922434715,0.0027424671391541233,4.3646449360676645,0.0003109583237133041,0.0001633235841559355,6.863886542109217
2014-04-09,4.691297863661334e-05,0.8733449075379326,0.0024166970423584178,4.38303728871768,0.0002940650436224404,0.00015492414442958656,6.268308944956582
2014-04-10,5.810324280314903e-05,0.8692162966128513,0.0020870981538798137,4.580863804608573,0.0003026909823803232,0.0001100418354727633,5.209536813733884
2014-04-11,5.691804938589508e-05,0.8713272305628679,0.0018777661977470743,4.633253232036881,0.0002848571004289725,9.995597110325871e-05,5.0046883809683615
2014-04-14,5.793906540801691e-05,0.8682275677821676,0.003384351813924334,4.734190539063739,0.00038446522654419845,0.00010140973477899262,6.635682226434408
2014-04-15,5.375893588153699e-05,0.86600713600162,0.0046182069648370095,4.830904807893561,0.00043150268101772334,0.00010033407338098786,8.026622438520382
2014-04-16,3.1303883437837385e-05,0.8458880853904089,0.003960043890033201,4.885429279655083,0.0002978255938198556,9.40676307725019e-05,9.5140142727426
2014-04-17,3.0074876652121772e-05,0.8336242407742934,0.003548144062052751,4.885413417114808,0.00027231582788747556,9.428408278592825e-05,9.054595004241316
2014-04-21,3.398061258211898e-05,0.8233774067353379,0.0032289318350511805,4.875513381259704,0.0002727369542232977,9.89014903479892e-05,8.026251838874007
2014-04-22,3.465237531876505e-05,0.8202459417968839,0.0029410977077641656,4.851333791616617,0.0002618576834323205,9.839130859922322e-05,7.556702275774977
2014-04-23,3.661275306357103e-05,0.8212085873390291,0.0025941236792799286,4.837636726489592,0.00025308418908802523,9.723985266184538e-05,6.912459946636437
2014-04-24,2.8915216768426475e-05,0.8166011232823548,0.0023245010539749917,4.872925202413228,0.00021170839169207828,9.792980828774205e-05,7.32169478055755
2014-04-25,3.367547480592454e-05,0.8165649953875,0.0020786580660704674,4.692343823250218,0.00021604247796487206,8.543447781974155e-05,6.415424851763741
2014-04-28,3.364553762091845e-05,0.8146198584130586,0.0018931164915691927,4.766425166093661,0.00020559256194404576,8.966846183716042e-05,6.1105447105776864
2014-04-29,3.9441733334885286e-05,0.8143760368498713,0.001714231293944189,4.830962341392544,0.00021175695912260462,8.951132387440438e-05,5.36885530168398
2014-04-30,4.001418281063408e-05,0.8173241957223454,0.001567038388616727,4.791682318840174,0.00020466385476134732,8.997014653232137e-05,5.114782819129728
2014-05-01,2.1991126094734782e-05,0.8110905885796729,0.0014515437723602788,4.968506949800426,0.00014491327280635242,9.554730710222233e-05,6.589624932442556
2014-05-02,2.5114593555483047e-05,0.8063217563952795,0.001355827978989398,5.02721647295694,0.0001487900025332023,0.0001023590994141716,5.924443977343136
2014-05-05,2.3421323104644024e-05,0.8041224763101495,0.0012760640774562924,4.969164359110037,0.00013901579753002575,0.00010246095825166545,5.935437417814429
2014-05-06,2.3724080850696792e-05,0.8085107196797169,0.0012003857289339776,4.985797921152629,0.00013643974274872784,9.478190778738469e-05,5.751107644902522
2014-05-07,2.503936026433856e-05,0.8255858959880694,-0.00023845912544065946,5.135625247773898,,9.493827667883431e-05,
2014-05-08,2.245244272166245e-05,0.8250651338128316,-0.001335776087880688,5.03641652328597,,9.434763461813961e-05,
2014-05-09,2.6257615904936162e-05,0.8417609423312901,-0.0014554369467063592,5.09055447199293,,9.63709613842458e-05,
2014-05-12,2.5472098693136958e-05,0.8594718433410683,-0.0010654172336245116,4.790781276520236,,8.332019506256344e-05,
2014-05-13,2.7268227179962204e-05,0.8660723602772396,-0.0008202624238403291,4.6700216383362845,,9.70960535208762e-05,
2014-05-14,2.54765910501542e-05,0.8727511896614921,-0.0005699402199310491,4.516852864545617,,9.967020554334616e-05,
2014-05-15,2.174205444419079e-05,0.8491530760087116,-0.0015678705827497782,4.768276601990419,,9.555675001768146e-05,
2014-05-16,2.0552751262807784e-05,0.8398801782476484,-0.001458948361045824,4.782701612485473,,9.637495117219637e-05,
2014-05-19,2.1296152341554682e-05,0.8345673052993429,-0.0013971868880814449,4.728108085853835,,9.471962254627648e-05,
2014-05-20,2.0908636850371392e-05,0.8341481213923512,-0.0013451229284895203,4.602378261636987,,8.640695904180397e-05,
2014-05-21,2.119414789263069e-05,0.8292110674371592,-0.00131568575360833,4.833921566183507,,8.869638770849644e-05,
2014-05-22,2.007249814887391e-05,0.8323285206345089,-0.000980011946629597,4.801686267752726,,8.790502182927797e-05,
2014-05-23,2.2049522594442057e-05,0.836018096704476,-0.000707323576756916,4.557446171956226,,8.515922448039887e-05,
2014-05-27,2.174082787467674e-05,0.8474018186901912,-0.0004843510580258598,4.418272974389292,,7.961977155675029e-05,
2014-05-28,2.1661197917021908e-05,0.8476562868774353,-0.0003063486088003782,4.0944235867386105,,0.00011222497785431338,
2014-05-29,2.1856321025887475e-05,0.852335187315145,-0.00015978292106508672,4.126291800423027,,0.00011164410261684401,
2014-05-30,2.8179051435749515e-05,0.8431077692646476,-6.977131567725448e-05,4.119314978616966,,0.00011597835950173228,
2014-06-02,2.8496658002674943e-05,0.8402721729589835,5.164052147358229e-06,3.890233808223934,1.019324014861693e-05,0.0001178478716551346,0.3576994940129507
2014-06-03,3.418588872187905e-05,0.8394235477893992,6.632709420190176e-05,3.8912246825212056,3.9971465460312655e-05,0.00011787833753540914,1.1692387401568654
2014-06-04,2.793146765100254e-05,0.8362756128623448,0.00011729993619862126,3.8591226216631385,4.7867990733412275e-05,0.00011891482451653538,1.713765682903317
2014-06-05,4.136471088316827e-05,0.8399186934598608,0.00024003844045749451,3.566186530499012,8.369367572671617e-05,0.00011734392595446914,2.023311028647175
2014-06-06,3.9833023701562004e-05,0.8400497819959479,0.0003433285106939365,3.5614886777212376,9.823847126917092e-05,0.00011598361566478766,2.4662569431132244
2014-06-09,5.1073182956276414e-05,0.8391620362982393,0.00042852028915358324,3.5532639673350173,0.00012414464332602336,0.0001156972355942165,2.4307207058605136
2014-06-10,4.95066057749403e-05,0.8352437072288879,0.0005074732991460422,3.5498977890631256,0.00013238884293239635,0.00011943046165575884,2.6741652120980213
2014-06-11,4.7157992518462575e-05,0.8360620784718626,0.0005699833988265219,3.515744739940001,0.00013707153725789502,0.00011907955876698384,2.90664487476287
2014-06-12,4.667919578081926e-05,0.8317786309958378,0.0006166952417999886,3.560404081742797,0.00014112525516926997,0.00011631837172281299,3.0233009118648764
2014-06-13,3.72024477228719e-05,0.8353840410301685,0.0006496244560718528,3.645991517827948,0.00012986828786541247,0.00012384611027733982,3.490853312470889
2014-06-16,2.938646502467408e-05,0.8408476763198554,0.0007017174427203295,3.619187980766109,0.00012074582904725551,0.00012480913099490034,4.108892612496003
2014-06-17,3.191330809025626e-05,0.8478504337058986,0.0007286208534392297,3.570572971078591,0.00012928732728001213,0.00012309319375270784,4.051204184610558
2014-06-18,3.560112133469648e-05,0.8626720665270956,0.0007435397344734998,3.5885768332763623,0.0001403555742336285,0.0001203687330680018,3.9424481300491907
2014-06-19,3.687128606172102e-05,0.8731458097357276,0.0007566504895230127,3.576106874186243,0.00014584064481219471,0.00012018712933634436,3.9553989130746197
2014-06-20,3.6786047916274955e-05,0.8733189805215483,0.0009372908559256383,3.6165999689801462,0.00016216295710682124,0.00012252583003884257,4.408273415940308
2014-06-23,3.78482539714106e-05,0.8743622211020922,0.0010838972145327157,3.6183735422981473,0.00017709583986925948,0.0001225360819872324,4.679101973978303
2014-06-24,3.933090292313687e-05,0.8760563559488971,0.0019316741024522897,3.588318099927256,0.00024147152888227952,0.00011803665387165427,6.139486025891133
2014-06-25,4.004889359785303e-05,0.8779298018608235,0.0023254640705042797,3.568346041495009,0.0002679229213122134,0.00011622130025027951,6.689895706047081
2014-06-26,4.4267929857314866e-05,0.8782844611103776,0.002576326999507042,3.5818723760648474,0.00029660625002375597,0.00011695874346552272,6.700251197193594
2014-06-27,3.536085878696092e-05,0.8697187491664979,0.0024672808471407214,3.5513961061072963,0.00025689137793607255,0.00011590139550435796,7.264851215400898
2014-06-30,3.524942345217237e-05,0.8708022687225409,0.0024336603511822233,3.573792479093697,0.000255050127036338,0.00011663883669304466,7.235582941729494
2014-07-01,3.707778978776346e-05,0.8801758904094087,0.0023566408849218182,3.535803562777714,0.00026017950984684083,0.00011257302835538604,7.017125652206652
2014-07-02,3.729144432547138e-05,0.8860395821705864,0.0022923575998685824,3.5328487242673914,0.00025905913390621545,0.00011379142644101922,6.946878529166242
2014-07-03,3.7850371933542936e-05,0.8875744832888706,0.002244881873252979,3.488314748879486,0.0002587239485029411,0.00011139571228153513,6.835440057424122
2014-07-07,3.637233936281704e-05,0.8773233795353129,0.002093326744465235,3.4409459521935544,0.00024208274275101723,0.00011219178839960202,6.655682504669887
2014-07-08,3.904012916123487e-05,0.8706374975181785,0.001988385898048772,3.399647869296364,0.00024257348517669263,0.00010822131121352238,6.213439616832964
2014-07-09,3.921043801203444e-05,0.8618143318256235,0.0019203680830027982,3.4426325061182528,0.00023648674220348728,0.00010833087934970347,6.031219088419898
2014-07-10,3.784415060760939e-05,0.8496287383095621,0.0018824772683314157,3.4333366603123303,0.0002267740964313796,0.00010958864674806314,5.992315662801049
2014-07-11,4.137743263306523e-05,0.8462593074865122,0.0018352940856630725,3.461334059859252,0.00023320510917284131,0.00011047465641899087,5.636045891027182
2014-07-14,3.5819786180035966e-05,0.8431030019909195,0.0017654328068963518,3.3844477187349744,0.00021201555573743523,0.00011030058551431299,5.918950902493141
2014-07-15,3.740515266448331e-05,0.846562934333549,0.0016921451935201848,3.3539656866208665,0.00021298242995560577,0.00010900205687846996,5.693932915232704
2014-07-16,4.331224214055195e-05,0.8370463383860167,0.0016822488149686816,3.39535080853592,0.00022594355083228773,0.00011137154594605896,5.216620975175598
2014-07-17,4.7474517764657056e-05,0.8390749358919655,0.0017642987609577463,3.3944272824788064,0.00024283824970563762,0.00010320243178462496,5.115128307557477
2014-07-18,4.82618636397603e-05,0.8372384969514907,0.0015481775543787033,3.404782436701832,0.00022885563844333168,0.00010116949487051778,4.741956095014742
2014-07-21,3.56854935741795e-05,0.8413016027085735,0.0014158815003273472,3.4251905159457974,0.00018910848871758493,0.00010413965213526002,5.299309881324319
2014-07-22,3.6878426197529086e-05,0.8409682764049207,0.0013024065348420674,3.397888720202137,0.00018430583554639266,0.00010648399159697999,4.997660002062166
2014-07-23,3.8554343811198455e-05,0.8379730843793605,0.0012274413859269663,3.3373633005351087,0.0001822917895921423,0.00012413552719812962,4.72817772453422
2014-07-24,3.79220014302475e-05,0.8397834335015748,0.0011794311154867173,3.338743836327362,0.00017760255884463242,0.00012914377905571227,4.6833645943321
2014-07-25,3.58816002468109e-05,0.8458255638481554,0.0011154465233722554,3.3007335799362747,0.0001692158679018629,0.00012629279073460495,4.715950981503467
2014-07-28,3.90148494586092e-05,0.843431968099895,0.0010670495025287615,3.3605270906224285,0.000172090663641505,0.00012907365972617273,4.4109016446180505
2014-07-29,3.5953585678647994e-05,0.8354169047651206,0.0010299934220209788,3.3704543973868413,0.00016076503125431798,0.0001420214658194221,4.471460306942142
2014-07-30,3.539196672747045e-05,0.8335814152295911,0.00100729967537951,3.374217223692251,0.0001573909362918984,0.00014218016092450866,4.447080816498821
2014-07-31,4.5379445989039353e-05,0.8406446875613045,0.0009443723487563516,3.2521971378783032,0.0001740258240002933,0.00011627505009003159,3.834904111485326
2014-08-01,4.584672797284814e-05,0.8596120652682159,0.0009221120694371521,3.2739410340407384,0.00017674556651169467,0.0001163417489858064,3.8551402537683583
2014-08-11,3.847004227028839e-05,0.8477881739576186,0.0009219428097396321,3.2259355865428847,0.00015966167338558431,0.00018952289492079106,4.150285883852433
2014-08-12,3.841634430365733e-05,0.8535821326995817,0.0009034668831439869,3.0959298040616763,0.0001590228206077104,0.00018440881404875289,4.139457397370604
2014-08-13,3.776559449586869e-05,0.8590007778533801,0.0008824984703415516,3.0926045097989934,0.00015681900737710846,0.00018008550935586754,4.152430524938868
2014-08-14,3.862814115860239e-05,0.8612030282567488,0.0008691040843425398,2.895514227895548,0.00015779504027964717,0.0001770736508492694,4.084976277573394
2014-08-15,3.923523389055349e-05,0.8660960779338666,0.0008597076474640938,2.9230746035046047,0.00015906681668355788,0.00018592128317774815,4.054182960327803
2014-08-18,5.8802594173761744e-05,0.8396271506833366,0.0008434338684994982,2.8151010868232094,0.0001869864924116218,0.00019993975191668004,3.179902095119757
2014-08-19,5.790352204668287e-05,0.81764514585825,0.0008397984202827836,2.86477335808372,0.0001803038000677821,0.00020419851782622678,3.1138658529686314
2014-08-20,5.609710643686182e-05,0.8031872914368278,0.0008389504035063527,2.956889498857543,0.00017424294467188736,0.00021991925357154753,3.1060950508739795
2014-08-21,5.441563613273725e-05,0.7969519214678078,0.0008382954238189909,2.9176798537514497,0.0001702129211514902,0.0002205880488390328,3.1280149098374244
2014-08-22,5.0059045313325706e-05,0.7900409141237544,0.0008363095544325362,2.918896054433394,0.00016164951035770478,0.0002206532449533125,3.2291768519739175
2014-08-25,6.652021183637015e-05,0.7891989195808343,0.000838239053863394,3.090589710431197,0.00018635765600055634,0.0002412128333198406,2.8015192804702505
2014-08-26,6.338834696697776e-05,0.7880065636975234,0.000835699593982148,3.0842098777191564,0.0001813675739645595,0.00024077807782132133,2.8612131825908502
2014-08-27,6.228211919321129e-05,0.7971935216067643,0.0008429618364023372,3.094880782289954,0.000182662504496751,0.000244636545218706,2.932824169487494
2014-08-28,6.139493236265438e-05,0.8055141918298219,0.000846757741156894,3.118950703553552,0.00018366188901693917,0.000255622180399574,2.991482878946177
2014-08-29,6.15753093611576e-05,0.812996171315553,0.0008464570952011137,3.1125567697899394,0.00018560696804002683,0.00025459340552926155,3.0143083317923174
2014-09-02,7.761239871585492e-05,0.8185611914157522,0.000856307558918742,3.1183327854583194,0.00021102387442765392,0.00025593966691815216,2.718945399435841
2014-09-03,7.595624179294328e-05,0.7142636074545017,0.0016247864061517635,3.091928636588408,0.0002509218006784837,0.00025641508517544197,3.303504685796548
2014-09-04,7.498131031863036e-05,0.6440962685406644,0.002269146365867013,3.089379201876442,0.0002656798093201054,0.0002569760110533452,3.543280428030781
2014-09-05,7.387822741090312e-05,0.6081001061877795,0.0027873069160122207,3.093878058960733,0.0002759470202474774,0.00025613947926758006,3.7351602754718023
2014-09-08,7.348698808482049e-05,0.5843594220323548,0.0032191394393816406,3.1090264974240323,0.0002842203495581599,0.00025736769522578454,3.867628228688673
2014-09-09,8.133593066383054e-05,0.6666143386671526,0.002936111112460984,3.081738160770376,0.00032576326904213044,0.00025188294100587005,4.005158192491118
2014-09-10,8.008754908927675e-05,0.7081482704097195,0.002696490765056614,3.0681510474336187,0.00032908354648609366,0.0002501890802017219,4.109047538953293
2014-09-11,7.945435898388616e-05,0.7385450237855056,0.0024779731037415354,3.0596588054853493,0.0003277058049295093,0.0002494944259813434,4.124453448752511
2014-09-12,7.986652544186676e-05,0.7590079633534996,0.0023057344293817175,3.0385540875906867,0.0003257117082154507,0.0002449900444354033,4.078200552902852
2014-09-15,7.976789477234261e-05,0.7731795044455685,0.002146088964838807,3.0265677690926465,0.00031990296037051976,0.0002439027274704021,4.010422504988029
2014-09-16,8.12776222335961e-05,0.7837717557815783,0.001969732314045772,3.053209858299702,0.0003136019170495129,0.0002445804925116935,3.858404176099108
2014-09-17,8.038458733415224e-05,0.7961384192151453,0.0018343713233486872,3.067421437388129,0.0003057163048463993,0.00024598759679383205,3.8031706697150947
2014-09-18,8.052555846541116e-05,0.8069970081131016,0.0017106895281802032,3.075588590340153,0.0002995190128912384,0.00024510607782119744,3.7195521347410887
2014-09-19,7.686942885417954e-05,0.8154281503999444,0.0016246963223448085,3.026774577281464,0.0002881699067740612,0.00024024763664333185,3.7488233107691786
2014-09-22,7.562338268336147e-05,0.8185464276039043,0.0015445523713710201,2.992081582601791,0.0002797516692507687,0.00023283546893886523,3.6992747391650225
2014-09-23,7.716105522203933e-05,0.8121574840047074,0.0014536168247300011,2.9703353731550943,0.00027199711668521797,0.00022831523924493946,3.525056985062175
2014-09-24,7.845740621167833e-05,0.8055559284822831,0.0013839905876289612,2.966248012457899,0.00026544786681213637,0.00022500713155565867,3.383337273423967
2014-09-25,8.684570042440597e-05,0.7962594997238344,0.001305199462455519,2.98650321682232,0.00026808173830810507,0.00020689249289050686,3.0868740421001535
2014-09-26,7.784867175631449e-05,0.793533530272936,0.0012540381593088524,3.0585934938132504,0.00024793980872273594,0.00021304774907002756,3.1848945284365104
2014-09-29,7.945972408695768e-05,0.7898409796807654,0.0012243399928253678,3.090029258869278,0.00024635660298456596,0.00021679052129067785,3.100395902645757
2014-09-30,7.034453028421699e-05,0.789035070758712,0.0011696973991784305,3.0584189909206225,0.0002263331856376299,0.0002141207518540337,3.2174951588014467
2014-10-01,6.051441443903661e-05,0.7786917249376583,0.00112725916475501,3.062043642123929,0.00020337935448688291,0.00019917788011341214,3.360841484994806
2014-10-02,5.727685640094654e-05,0.7777329428612764,0.0010965834557152508,3.07563437587689,0.00019491305417121922,0.00019993902187430545,3.4029984607883987
2014-10-03,5.732458945014978e-05,0.7796838333027072,0.0011086999356842604,3.1645085488797755,0.0001965603953301129,0.00020365133847952908,3.4289019287446347
2014-10-06,5.950629355094935e-05,0.78535166266005,0.0010875890834321272,3.114662745236291,0.00019979197386555802,0.00020030089506434858,3.3574931648951707
2014-10-07,5.823383972398379e-05,0.7774088834473128,0.0010653876023393712,3.182302386227628,0.0001936381977005097,0.0002061340210054679,3.3251834091365815
2014-10-08,6.403572465426801e-05,0.7748081959857439,0.0010361150388659885,3.1724556032161515,0.00019957648022291796,0.00018738962483047034,3.1166428005686058
2014-10-09,6.579132724406009e-05,0.7815338367990532,0.000992829737857882,2.9071247326397485,0.0001997420478006386,0.00016230880797199127,3.0359935901532085
2014-10-10,6.388921163395802e-05,0.785915442785901,0.0009855284017526464,2.9197572227922715,0.0001972078323087503,0.0001568305021539061,3.0867156952666406
2014-10-13,7.100010076144222e-05,0.7751643897167397,0.0009893389370366236,3.116128147008236,0.00020544512807431706,0.0001511925974790345,2.8935892466491744
2014-10-14,5.126108009219706e-05,0.7667225294222622,0.0009674556399607153,3.3054647245277726,0.00017074485713065873,0.00018473200761651954,3.3308868409241623
2014-10-15,4.732231652345586e-05,0.7600805027729324,0.0009457727515167668,3.172956076988487,0.00016079997953326889,0.00020823026118658313,3.3979735428540674
2014-10-16,5.30327919984953e-05,0.7595665311619257,0.0009272773842480963,3.1969812510231685,0.00016843909522540728,0.0002100018229728664,3.176131010228283
2014-10-17,4.626798859027275e-05,0.7524913617071859,0.0009153677565177393,3.3598141700976165,0.0001548601351437735,0.000214197111616287,3.347025445932846
2014-10-20,4.9165393824874467e-05,0.744979299003451,0.0008993810301671121,3.35391780885802,0.00015665556516930685,0.00020943080133464554,3.18629737264607
2014-10-21,6.127847379397686e-05,0.7571808048677372,0.0009045273464703202,3.4779159139657043,0.00017826431574551732,0.00019210314091526662,2.9090854374874975
2014-10-22,6.0122674099070425e-05,0.7761007393580387,0.0008878012561882454,3.415214539090382,0.00017930612252249232,0.0001828697358958546,2.9823377820326296
2014-10-23,6.055871725038731e-05,0.8005239420152712,0.0008676672939791854,3.3615160369194053,0.0001835013538157051,0.0001724746311740359,3.0301393779032115
2014-10-24,5.99990058104541e-05,0.8071382537948733,0.0008609070723258049,3.425847257028817,0.00018344171237224058,0.0001762455540918303,3.057412533663651
2014-10-27,5.8561423507449295e-05,0.813287133160033,0.0008551177756704254,3.3593294940285845,0.00018199635126134637,0.0001817599500208406,3.1077856438751965
2014-10-28,5.4522480778452264e-05,0.8213027388346863,0.0008292032049031264,3.168654783614701,0.00017463108853319235,0.00016365370896955162,3.2029189802054643
2014-10-29,5.3729820257279105e-05,0.819139915734077,0.0008272080616471462,3.035284839113623,0.00017269237491676122,0.00018087323118517746,3.214088081624757
2014-10-30,5.3551839514494966e-05,0.8189122881096148,0.0008217030135897216,3.122539364883498,0.00017178372844199935,0.0001900373344448828,3.2078025703580613
2014-10-31,5.56093263598845e-05,0.8165512742803716,0.0008148155915042877,3.078469472056655,0.00017381487614121112,0.00018903140121391988,3.1256425408993596
2014-11-03,5.4562010343014535e-05,0.8138313274223471,0.0008130325529460406,3.0503570929558474,0.00017140897288957986,0.0002081167721735726,3.141544305497259
2014-11-04,6.02491600622342e-05,0.8086345141086947,0.000815665384436838,3.051272798540322,0.00017926016353072934,0.00021208418580990427,2.9753139022280655
2014-11-05,6.0354415020847636e-05,0.8036904888451356,0.0008181438008185083,3.046079691074316,0.00017859042601082393,0.00021363562493167027,2.9590283651848037
2014-11-06,5.86925643313682e-05,0.8010930426734836,0.0008192833737792931,3.0372873218579843,0.0001756675616373679,0.00021242564876979673,2.9930122092737133
2014-11-07,5.828791566618652e-05,0.7988322886155251,0.0008197557625227937,3.024032127371278,0.00017461723720614672,0.00021377133664338648,2.995770825057039
2014-11-10,5.7340540123530906e-05,0.7975490628324698,0.0008192933344996652,3.0952030213907973,0.0001728653737902755,0.0002233542135206884,3.014714779767771
2014-11-11,6.57571982494724e-05,0.7959031327811699,0.0008195288743059521,3.1268950650428757,0.0001847625698981067,0.0002383495505057166,2.809769497738434
2014-11-12,6.673646336542344e-05,0.7975943589989427,0.0008171195987466041,3.118893478181023,0.00018625437435203256,0.0002380843270943402,2.7908936877906547
2014-11-13,7.11343776232816e-05,0.799549478892055,0.0008138478959003144,3.0890032350916203,0.00019237858901275678,0.0002376020000975453,2.704439055214185
2014-11-14,6.859476809423724e-05,0.8007096792283209,0.0008138285521566256,3.144978493905777,0.00018918514655112424,0.0002573948296171665,2.7580113149623435
2014-11-17,6.853595565786147e-05,0.8019725542375172,0.0008128062996188226,3.124717000913746,0.00018928328856225476,0.00025797052535411275,2.7618100126476146
2014-11-18,7.650833651469074e-05,0.8095007569641223,0.0008190047760088663,3.1410803002681447,0.00020263518445716436,0.0002573590703063401,2.6485373187829717
2014-11-19,7.466095393809579e-05,0.8151242505614427,0.0008216989199951492,3.0422030720669864,0.00020189563951964842,0.0002610429955782761,2.7041663529647333
2014-11-20,7.31046489834875e-05,0.8192163499118335,0.0008237964251574707,3.071746771510933,0.00020103934515057313,0.00027410770034996525,2.750021345372753
2014-11-21,7.04730363634149e-05,0.8183944235361831,0.0008304002037776235,3.117642795769995,0.00019797843043045768,0.0002824882687371435,2.809279132085693
2014-11-24,6.987047932397521e-05,0.8184790453522325,0.0008353491721428953,3.1795701295982277,0.00019773723165385684,0.00029758271804899874,2.830054030930423
2014-11-25,8.166110492431963e-05,0.8252242902148115,0.0008363119868890567,3.132337610428519,0.00021565711425865387,0.00030522418830467013,2.640879209980279
2014-11-26,7.228929035700332e-05,0.8296142607075943,0.0008357019759677124,3.1541765624527622,0.00020391017811935552,0.0003223937539580577,2.8207522457661103
2014-11-28,6.63644735069259e-05,0.8333208965729856,0.0008363100281610488,3.139587483872322,0.00019631964105004394,0.0003215425840974494,2.9582038502807637
2014-12-01,6.796408095783602e-05,0.8382669098661284,0.0008275805704065838,3.1043331032496764,0.00019880494844084365,0.0003219794344666498,2.9251473077989463
2014-12-02,6.956629167082881e-05,0.8414377521090424,0.0008234336985670863,3.0851500628917465,0.000201388996584579,0.0003175570090714868,2.8949221202921662
2014-12-03,9.973973303376368e-05,0.8460341368872528,0.000824806136304693,3.0814150654691,0.00024265985248099234,0.0003172250069238111,2.432930639576182
2014-12-04,7.195368455764464e-05,0.8513654835510616,0.0008269800218063378,3.042222367816732,0.00020767779630056856,0.00032122784212934883,2.886270488819659
2014-12-05,6.914099334132158e-05,0.8541170922792333,0.0008247972581887563,3.0355049256353035,0.00020396649104975636,0.00032034213642144715,2.9500081094128188
2014-12-08,6.652863915801598e-05,0.8582463153982003,0.0008170097307736365,3.014197138761071,0.00020009207232948148,0.00032114099025612334,3.00760807468542
2014-12-09,5.578278936298998e-05,0.8571498702585196,0.0008103720221564217,3.028395814753297,0.00018224226171389366,0.00032358581301897076,3.266998007718942
2014-12-10,7.622608908783083e-05,0.8626360748164548,0.000812146450767206,2.9678114244839606,0.00021463305662559453,0.0002983461645568672,2.815742735774959
2014-12-11,6.0199482263474304e-05,0.8608482234140231,0.0008111861958035031,2.9794279596771944,0.00019023185436046775,0.00029824836853390915,3.160024757819053
2014-12-12,5.635062229218622e-05,0.847762529097373,0.0008383151472156398,3.017401712149272,0.0001842583729132621,0.00028214746027413327,3.2698551571951677
2014-12-15,5.5088696774690915e-05,0.8520827339528421,0.0008449450562183493,2.981199819859727,0.0001838345976787589,0.00027599950192783824,3.337065649431318
2014-12-16,5.154869882225274e-05,0.8617616507625243,0.0008492167692516351,3.023996790208413,0.00018030397365890807,0.0002740313581961858,3.497740540078846
2014-12-17,8.951914955443635e-05,0.8750548512915526,0.0008237757826879092,2.8778621124306176,0.00023762808106265212,0.00023939626115729366,2.654494398633123
2014-12-18,9.913276275332198e-05,0.868402607929339,0.0008194862867703656,3.087755715228919,0.0002475144561981955,0.00021785574869168158,2.4967977217996093
2014-12-19,7.377698274922788e-05,0.8707195082679413,8.83124270462564e-05,3.0876598027995352,7.028289304980932e-05,0.00021783042402852415,0.952639840107108
2014-12-22,6.996587850894997e-05,0.8713404211004893,0.00022090698457623897,3.091271191196495,0.00010832675425741486,0.00021790446297878207,1.548279769595944
2014-12-23,6.063494070426503e-05,0.8673642404382362,0.000330579045892637,3.097771391811061,0.00012280064635539412,0.00022074894197314342,2.025245591553063
2014-12-24,5.292955813268682e-05,0.877486186042414,0.0004262513088022686,3.1064244340415352,0.0001318020864312374,0.000222797919662753,2.4901414461240816
2014-12-26,5.0003308753932844e-05,0.8744337966358604,0.0005071120331814265,3.093211756130413,0.00013924456861473956,0.00022266137257152008,2.784707094083804
2014-12-29,4.966432774890378e-05,0.8719015342671349,0.0005751828087835992,3.0905819015648843,0.00014736443086526643,0.00022243595692968834,2.967208810523347
2014-12-30,4.653062419950052e-05,0.8747178538135323,0.0006246766039662236,3.0673877388850626,0.00014913001122640506,0.0002328412114075055,3.204986259952341
2014-12-31,4.3755181092948726e-05,0.8719986498383492,0.0006647355274859608,3.1048429291702995,0.00014871507712377528,0.00022958300424419153,3.398799260089022
2015-01-02,6.483180836307134e-05,0.866683141304081,0.0007192456484129768,3.029509615472602,0.00018715138182827116,0.00024268655918365838,2.8867216040031662
2015-01-05,8.284505496642122e-05,0.863220872760379,0.0007396092828592213,3.098665355894399,0.00021367632465211906,0.0002249370750611142,2.5792284734282136
2015-01-06,7.372029621424698e-05,0.8709869803021475,0.0007515405088176965,3.036933298439347,0.00020501299780619847,0.00022361417446234574,2.7809573256513613
2015-01-07,7.097584833724285e-05,0.8727366427234132,0.0007723638112633653,3.0339771480534288,0.00020433815378169645,0.00021694868329058092,2.8789814925604063
2015-01-08,6.58935484829367e-05,0.8709686928563483,0.0007784833740055755,2.9619877516062347,0.0001972643760945931,0.00020305006674298538,2.9936826993871066
2015-01-09,5.142752848602693e-05,0.8774196895337768,0.000800086517700713,2.9324695579221878,0.00017798101478977643,0.00019707045978901208,3.460812137572091
2015-01-12,5.214866604959718e-05,0.880879148810951,0.0008190625829659393,2.914856229238464,0.0001820524278931779,0.00019962137272754865,3.4910275119987304
2015-01-13,5.1084978694142575e-05,0.8831899412455301,0.0008352924471726904,2.892501398995433,0.00018243997317512152,0.00019913235830496212,3.571303695112242
2015-01-14,5.779000718727771e-05,0.8812615985243888,0.000848067002529714,2.9161843876199947,0.00019509507354681927,0.00019831495645810738,3.375930944507113
2015-01-15,5.577655409897309e-05,0.886274820305656,0.0008484444914845173,2.8061883394871057,0.00019279952871705905,0.00018464582909713263,3.4566410892817903
2015-01-16,7.006830803083834e-05,0.8853196418588117,0.0008411095725160579,2.736428934112855,0.0002149251322969458,0.0001737613107796523,3.06736580826746
2015-01-20,6.698197984101967e-05,0.8800714794360485,0.0008426330271522086,2.9207572489623965,0.00020908177374478245,0.00020096155222327607,3.1214630299228787
2015-01-21,5.396910834789416e-05,0.8749627961054427,0.0008453123931336492,2.9651064377667984,0.00018688344296701387,0.00020299277489507057,3.462785446858433
2015-01-22,5.806897077464812e-05,0.8745717334253352,0.0008361995205720712,2.907168562333366,0.000192718079015834,0.00018513913972138327,3.3187789699894474
2015-01-23,5.910063936486745e-05,0.8702779037298488,0.0008391376403765784,2.937217864574903,0.0001938075304555194,0.0001944813879221933,3.2792797597165904
2015-01-26,6.288399592442454e-05,0.872295042832009,0.0008315324856280061,2.8791554335899963,0.00019946792971844968,0.0001956543665184623,3.1719983246321513
2015-01-27,6.964065036165525e-05,0.86841161929578,0.0008288558418972653,2.972254420736114,0.0002086395013964072,0.00019063710707976038,2.995944183647169
2015-01-28,7.988841611727443e-05,0.8719080544309672,0.0008205336755371811,2.890372327362057,0.0002232342357335223,0.0001741838702790494,2.7943254677351392
2015-01-29,8.021798542057233e-05,0.871170387351048,0.0008131521064741128,2.83444800623256,0.00022249736687767453,0.00016849076782227837,2.773659369668163
2015-01-30,7.830236811365751e-05,0.8733337435712721,0.0008043833818207519,2.674579963981389,0.0002191791477036551,0.00014877302487924734,2.799138174027023
2015-02-02,6.708254753246161e-05,0.8774680572242344,0.0008412334442716598,2.745053320412029,0.0002084463785566818,0.00014478665123071485,3.1073116067306996
2015-02-03,8.067150173734702e-05,0.8833044604899633,0.000868388925177916,2.6331496912903547,0.00023379091592580763,0.0001283752476921484,2.898060788393303
2015-02-04,7.910110058857453e-05,0.8842575943706121,0.0008969806550639631,2.6190255573440973,0.0002355383345512022,0.00012798927043419748,2.977687197758456
2015-02-05,8.520627788871464e-05,0.883189249380116,0.0009258074431594324,2.54609752063127,0.00024805609643316476,0.00012058596308351319,2.911242018541678
2015-02-06,8.507292515013707e-05,0.8831840686395648,0.0009487676254154245,2.542200063116922,0.0002509151231047148,0.00011996928588241814,2.949412197381231
2015-02-09,6.296753465448077e-05,0.875760082168293,0.000984270647320741,2.5227711009027844,0.000218022220089786,0.00011851188708059707,3.4624544423746393
2015-02-10,6.653518645016198e-05,0.8684397006396732,0.001011708887525533,2.581880322872929,0.0002253165748341712,0.00011534273798282589,3.386427345521066
2015-02-11,6.58212274519105e-05,0.8599778093401873,0.0010353340748582203,2.7070380809219534,0.00022449697179952263,0.00012951468741741727,3.4107077684557288
2015-02-12,6.625281595902424e-05,0.8558132747231995,0.0008033357359073026,2.689815003041492,0.00019743754078720586,0.00012815411382084414,2.9800626272144597
2015-02-13,6.59493776327874e-05,0.8519908841510269,0.000616193897314851,2.682389508739669,0.000171750889598982,0.00012688390852466682,2.604283706137574
2015-02-17,5.2818371217651516e-05,0.8427372583892463,0.0006356267928904495,2.6573270899895816,0.00015441368770929023,0.0001269932574111055,2.9234844647705893
2015-02-18,4.925751255554142e-05,0.8395516597473549,0.0006433108363854051,2.662198033725844,0.00014944937268006298,0.00012758368503948446,3.034042218667619
2015-02-19,5.2538640297651296e-05,0.8394010448946727,0.00051152231704706,2.646283115239364,0.00013760721744933188,0.00012706137685049757,2.6191621379947194
2015-02-20,5.811623348480445e-05,0.8347388370843667,0.0005447742480511745,2.7261171361972925,0.00014852776120539084,0.00012983543812698163,2.555701777270651
2015-02-23,5.7842904366347e-05,0.8348061998015278,0.0005698589854277416,2.735567076827376,0.00015156342530193013,0.0001309156768154777,2.620259597305244
2015-02-24,5.363774172174018e-05,0.8228668391571072,0.0006149717855076812,2.7840329761210265,0.00014944878852744215,0.0001337531002135062,2.786261757677026
2015-02-25,4.6420168910813084e-05,0.8286113849981757,0.0003599937743467871,2.954156632269238,0.00010711535944039042,0.0001483990223345704,2.3075176578135856
2015-02-26,6.082008377129165e-05,0.8181039751322737,0.0001474539124713719,2.889510358950196,7.747474582088762e-05,0.00015301378831850576,1.2738349080909572
2015-02-27,6.477291200020017e-05,0.8099081901056285,-4.210439866284871e-05,2.8855691720910563,,0.00015257178924507422,
2015-03-02,7.10002492943561e-05,0.8047017877672397,-0.00031956736178411686,2.8946432918194542,,0.00015887233480684664,
2015-03-03,6.22129036386534e-05,0.814294515778965,-0.00010791271200773388,2.8514999593774424,,0.0001565107505532507,
2015-03-04,6.357489191775788e-05,0.8192721020837105,6.494476572037148e-05,2.856989826250642,5.2643294341499976e-05,0.00015693379621459648,0.8280516529953476
2015-03-05,6.337223751236057e-05,0.8142761890443957,0.0002067966086190757,2.773794616629837,9.321653641930769e-05,0.0001630909802803589,1.4709364869928425
2015-03-06,6.737776824421294e-05,0.8101382283261049,0.0003207732891534718,2.7457500800805663,0.00011910130920337049,0.0001501007204305752,1.767664799636638
2015-03-09,6.459093954914395e-05,0.8099836159927185,0.00042191751292639353,2.7378249901752265,0.00013371367076380307,0.00014937478442315382,2.070161414234688
2015-03-10,6.248974140729342e-05,0.8041145153414166,0.0004884560070282857,2.815462990675148,0.0001404866294302736,0.00013574360729178396,2.2481550774008623
2015-03-11,5.4252554100076106e-05,0.8086065691180913,0.0005486897750692039,2.8557679700130625,0.00013951175215273952,0.00014319008164944457,2.5715241331383476
2015-03-12,5.508043688697334e-05,0.8037178571885437,0.0006004211672069244,2.7882857145648003,0.00014616059525914706,0.00013078221876363787,2.6535845305488928
2015-03-13,5.707193087433516e-05,0.8036504034428442,0.000641830512905965,2.8475843279208344,0.00015381143711712232,0.00013092465372883822,2.6950452658732496
2015-03-16,5.2149496476829495e-05,0.8006619487282713,0.0006922607251328772,2.984959538914379,0.00015212797890280387,0.0001264197167290761,2.917151443070898
2015-03-17,4.691748238540657e-05,0.8004802553065088,0.0007339397374603834,3.011999381015192,0.00014854162647390145,0.00012683842213851245,3.166018697544277
2015-03-18,5.051902620859181e-05,0.8025169847121782,0.0007639087114094533,3.0715309022469817,0.00015765307620639685,0.00012049643613852535,3.1206673611532256
2015-03-19,5.142834644805491e-05,0.8034394833580373,0.0007894558848908581,3.141511725874352,0.00016188938904827148,0.00012205105119210912,3.1478630022022487
2015-03-20,5.066833282542825e-05,0.8069133293416336,0.0008095081619335301,3.0723470481184685,0.000163420228302664,0.0001266322346415115,3.2252931799771085
2015-03-23,5.007282454924587e-05,0.7982502307323871,0.0008472305790357058,3.1229717503983503,0.00016441480017661183,0.00013452928060866357,3.2835135955814185
2015-03-24,4.2218867344400384e-05,0.7975517915189052,0.0008860822596061829,3.18102580177414,0.0001542585357325366,0.000134609117129223,3.6537819566349965
2015-03-25,4.692159710753298e-05,0.8130548947552025,0.00087511574204431,2.9564956183719904,0.0001647551541726113,0.0001125260081851878,3.511286152409353
2015-03-26,4.732340893496746e-05,0.8159440186106903,0.0008947297621052873,2.968151320373465,0.00016789753333737342,0.0001124941605682002,3.547874870301519
2015-03-27,4.354358066573599e-05,0.8111942316581848,0.0009083919178311136,2.94668480322259,0.00016133312794115436,0.00011167544669605153,3.705095572631807
2015-03-30,4.5502666776921666e-05,0.8121918797540213,0.0008981948490478137,2.9410591196915905,0.00016419591502831796,0.00010272716424563339,3.608489933860226
2015-03-31,3.983451498744685e-05,0.8116463163010127,0.0008972158002219412,3.069796709712699,0.00015344228078730007,0.00010685657997272883,3.851993198251685
2015-04-01,4.176214734580363e-05,0.8149111789490342,0.0008948189797449408,3.061648773605273,0.000157532178824513,0.00010579758386049892,3.7721283228110214
2015-04-02,4.894523588776545e-05,0.8071866119388468,0.0009099836323784181,3.040683585081813,0.00017035149662640188,0.00010726383755307357,3.4804510293305917
2015-04-06,4.8199312485919956e-05,0.8070864064895643,0.0009155595656708078,3.0698480085669746,0.0001695445198223677,0.00010526638819963757,3.51757133199556
2015-04-07,4.533264144371158e-05,0.7924424425083926,0.0009445812843029737,3.0563007801740527,0.00016398076521587334,0.00011372504784885387,3.61727796999176
2015-04-08,4.177649686660928e-05,0.79886016802334,0.0009453909037800781,3.0267965261803824,0.00015876051056307774,0.00011257582005677892,3.8002351195217217
2015-04-09,4.664355209638432e-05,0.7940195020134775,0.0009628654641161756,3.01048398742444,0.00016827119632770532,0.00011508053683496708,3.607598237372433
2015-04-10,4.853778747139849e-05,0.7932541967241644,0.0009648739198778428,3.009243691652981,0.0001716673290922264,0.00011428165253818267,3.536776973886244
2015-04-13,4.467938122611643e-05,0.7906825394008967,0.0009753459377821945,3.0646132361952705,0.00016505742406076816,0.00011699503756936452,3.694263875890188
2015-04-14,4.646938254229903e-05,0.7898772401530605,0.0009772683892452967,3.064021222064002,0.0001683255245970471,0.00011690480426845536,3.622288814443097
2015-04-15,4.691423215315267e-05,0.7891716369923337,0.0009539833080429613,3.088226966101203,0.00016695297505195145,0.0001237842235922021,3.5586850170952244
2015-04-16,4.176974619173272e-05,0.7890547466476716,0.0009339268916781298,2.954788066435631,0.00015584558203857816,0.0001244177896365754,3.731063658448179
2015-04-17,4.332386275975345e-05,0.7917202805803528,0.00089681982491297,2.8618245990455184,0.0001560586895188563,0.0001129917525394163,3.6021416276812253
2015-04-20,4.305137811564542e-05,0.7867789949963657,0.0008858739428165996,2.859145928053654,0.00015364988858759807,0.00010789610058047128,3.56898885268808
2015-04-21,4.4326391543702614e-05,0.784864521438595,0.0008769307122659268,2.8795574859732924,0.00015474211458957844,0.00011218074037426359,3.490970259490081
2015-04-22,3.760113128202133e-05,0.7921276833341472,0.0008694028496041408,2.897465097716758,0.00014322082685648533,0.00011191375542654926,3.8089499430823026
2015-04-23,3.981692672329287e-05,0.7975307889660965,0.0008626103850552044,2.890716737164427,0.00014780484395579896,0.00011120097565729102,3.712110806114356
2015-04-24,4.472325784062566e-05,0.7874432791841448,0.0008566395693776458,3.091781355248578,0.00015412924897624812,0.00014878903971357547,3.4462884954736097
2015-04-27,4.8016264703360416e-05,0.7866589384434769,0.000844277606718993,3.060758369710279,0.00015838837495821517,0.00014691040179314751,3.2986400740816135
2015-04-28,4.837591330570472e-05,0.781364782667012,0.0008400668485041748,2.9867201101312264,0.0001575162430840017,0.00014730732288790874,3.256088253850633
2015-04-29,4.7158652268819175e-05,0.7928637444811453,0.0008329151240944855,2.958193991364236,0.00015713742269998272,0.000144978748830618,3.3321016428597217
2015-04-30,4.7296624411946914e-05,0.8087226317622968,0.000807347751486081,2.7750638206073983,0.00015803198305668127,0.0001303619249818316,3.3412951774368724
2015-05-01,5.0018555724514286e-05,0.8097133687794303,0.0008115325269007238,2.8059425249044416,0.00016313601491607665,0.00012676763407262827,3.261509904735675
2015-05-04,4.992916004912971e-05,0.8127832592508595,0.0008117311506146387,2.798009158790642,0.00016362813719984163,0.00014282720616377097,3.277205886076062
2015-05-05,5.102770643270727e-05,0.8139366623927655,0.0008069116021572957,2.755883088240239,0.00016516066207176723,0.00013353662462649383,3.236685981361374
2015-05-06,5.61480236098465e-05,0.8199786376482758,0.000791585872065381,2.8147640106937226,0.00017286966576711193,0.00014583831816927293,3.078820137433944
2015-05-07,5.2055366505413186e-05,0.8254570398952278,0.0007772933548387806,2.814668215462541,0.00016604266968358588,0.00015251088266498132,3.1897320263093194
2015-05-08,4.9463315458690945e-05,0.8227882028774047,0.0007640015477606886,2.922659064971152,0.00015994725344623624,0.00014824041842641497,3.233654112406101
2015-05-11,4.237087867236375e-05,0.8173884507314322,0.0007629537229221815,2.954617011117843,0.00014696412406430524,0.00014834612471672327,3.468517261601234
2015-05-12,4.7490306282055044e-05,0.8134842983927175,0.0007559133223394799,2.9339094817529863,0.00015413017082409246,0.00015079782144623835,3.2455080392339553
2015-05-13,4.663897325113825e-05,0.8406158670082318,0.0007578010861781493,2.9287797734568604,0.0001580336917012248,0.0001505575614065903,3.3884470580056756
2015-05-14,4.9144732522979803e-05,0.8329869246241595,0.0007511015575068175,2.9341288742729827,0.00016003906428122816,0.0001438705824156182,3.256484592858345
2015-05-15,5.102390807027307e-05,0.8234975756673257,0.0007588202179045441,2.9429682344983514,0.00016203865568695073,0.00014526294288141794,3.1757398015021066
2015-05-18,5.1224895533544154e-05,0.8244796842752888,0.0007500639726390026,2.8969499970707884,0.00016161052920099877,0.000142488685184378,3.1549215965734785
2015-05-19,5.107054978153525e-05,0.8317191720595998,0.0007247399854516327,2.937865960626717,0.00016001219788243625,0.00014645170777525103,3.133159885039837
2015-05-20,4.960583034370502e-05,0.8433369104647749,0.0007200553477495896,3.0165501436960365,0.00015938608767568387,0.00015724977817814742,3.213051501634827
2015-05-21,4.7917991249736124e-05,0.8518679692511495,0.0007188808833984168,3.051599954054465,0.00015810662138137464,0.00016010833346672445,3.2995252358840337
2015-05-22,4.8649795894238564e-05,0.860685539452583,0.000715218608748437,2.977722633980364,0.00016054782278500357,0.00016701315714472546,3.3000718673933167
2015-05-26,5.2044924254716454e-05,0.8579882394340548,0.0007216863063043735,2.963550119737481,0.0001662818155722447,0.00016196277210612527,3.1949670011706433
2015-05-27,5.41376103742017e-05,0.8617775247111573,0.0007200639538549111,2.92640404514701,0.00017014932867955742,0.0001538839205445708,3.142904304484023
2015-05-28,5.2639353679274204e-05,0.8661288342961757,0.0007234130868480146,2.915973847562616,0.00016901721901039593,0.00015339347832961942,3.2108528543150294
2015-05-29,4.7121939363217764e-05,0.8574750301160468,0.0007579729714204963,2.9189704648376478,0.00016205406142949467,0.00015179759915956515,3.4390363304102487
2015-06-01,4.566975475334599e-05,0.8618174516592108,0.0007638018009820668,2.915396852126489,0.00016096074110773695,0.00015149223550147187,3.524449429979568
2015-06-02,4.848176142599366e-05,0.8640578851111272,0.0007702618648636342,2.9145138677498688,0.00016697491506493294,0.00015220221447465664,3.4440769096192283
2015-06-03,4.583723039523311e-05,0.8699713980488731,0.0007784294700066295,2.9369572052147763,0.00016433262533723845,0.0001570460849429029,3.585134265754599
2015-06-04,5.208668778062701e-05,0.8791066799866379,0.0007703999477183145,2.9366171995047883,0.00017610150723770766,0.00015273479635814034,3.3809311887788422
2015-06-05,5.356843740955158e-05,0.8812511363911353,0.0007682051690002618,2.942699034498512,0.00017876923910441333,0.00016347952047609838,3.3372121299274204
2015-06-08,5.4875341169450945e-05,0.8813049521576232,0.0007773827058426305,2.949353063441284,0.00018202551336243253,0.00016682600020337862,3.3170730146415193
2015-06-10,5.7400521339002106e-05,0.8823759097009665,0.0007805433307324996,2.9271156042636246,0.00018677126907336246,0.00015613501114719274,3.2538253088383784
2015-06-11,5.7399555912391706e-05,0.8794996902413438,0.0007903579693522613,2.942896810860867,0.00018732764585913347,0.00015718139730158586,3.263573086611498
2015-06-12,5.544172754801711e-05,0.8810458411777278,0.0007761359884375994,3.034225758393077,0.0001827619543348596,0.0001602850270699011,3.2964693276661095
2015-06-15,5.424960916028536e-05,0.8819574238834518,0.0007664107932774643,3.061563529526767,0.0001798360409960255,0.00016101638604384586,3.31497394690317
2015-06-16,5.423174022350414e-05,0.8824750983083263,0.0007557772286300552,3.063091757548281,0.00017865950685714115,0.00016331948459964425,3.294371637731621
2015-06-17,5.412494915971205e-05,0.8808222982466709,0.0007519558438362464,3.142399824954178,0.00017769827850651186,0.0001976809150532455,3.283112155582064
2015-06-18,5.572982074389677e-05,0.880456797311264,0.0007431150683360759,2.558772491725059,0.00017917602911804952,0.00020699318747086228,3.2150835356432026
2015-06-19,6.241618085312648e-05,0.8757773646177225,0.0007510813313498517,2.687290956556416,0.00018962072188227479,0.00031059805844961796,3.038005839038396
2015-06-22,6.257165974145031e-05,0.8715440757008501,0.0007863220730423669,2.652739884429423,0.00019332072987641137,0.0003085598941393917,3.08958929130574
2015-06-23,5.295413252336654e-05,0.8709203883586646,0.0008105552466431515,2.5098262013527326,0.00018043454848801842,0.00038271676910815294,3.4073742669356326
2015-06-24,5.124155217210486e-05,0.8712796309627086,0.0008458565612833284,2.494151819018593,0.00018139155364840865,0.0004168070017823464,3.539930895129198
2015-06-25,5.1531038942745836e-05,0.8721964770967954,0.0008529718410349982,2.502114946520271,0.00018285890910308932,0.00041802739955842374,3.5485197437268217
2015-06-26,9.885673436567757e-05,0.8832782457964939,0.0008842432753829387,2.490133274120712,0.0002611479055980388,0.00041863802264339057,2.6416804810892853
2015-06-29,0.00010219846828200267,0.896435472571339,0.0008551601838930909,2.450945421894084,0.0002650116480710493,0.00043673051232095695,2.5931078276025232
2015-06-30,8.697755639475864e-05,0.8975977344313328,0.0008845696804333255,2.456357557352921,0.00024897249616191453,0.00045969338606547815,2.8624912734030072
2015-07-01,9.667073925185136e-05,0.8947989866385592,0.0009051396621941162,2.4636261573743425,0.0002646858966403395,0.00045650660941000214,2.738014612164771
2015-07-02,9.521395937942913e-05,0.891034622595259,0.0009308613998614032,2.435020100961269,0.00026526955147474125,0.0004616897408766536,2.786036345969375
2015-07-06,0.000172264093177785,0.880699265541678,0.0010234596851947167,2.456732047921244,0.0003697944470742075,0.0005038577079583292,2.146671661241449
2015-07-07,0.00016730584927433944,0.8794448780755072,0.0010726405117722103,2.461434802948153,0.00037255576150024416,0.0005100221039780164,2.226794598731253
2015-07-08,0.00018325021701855255,0.8809543728085306,0.0010889186498166253,2.46214581913796,0.0003935259558225717,0.0004988294405463055,2.147478798252831
2015-07-09,0.00017483634785152047,0.8785833836543945,0.0011282340964226434,2.4622565977340614,0.00039021005711724344,0.0005001043021449576,2.2318588892547035
2015-07-10,0.0001852458943863911,0.8816220448386911,0.0011268123708687637,2.442603894705276,0.00040279358013891334,0.0004862355559819851,2.1743725088921817
2015-07-13,0.00021177015433928543,0.8961901392823255,0.0011466052345801292,2.439243169491502,0.00044161060862370893,0.00048764105952086407,2.085329776528315
2015-07-14,0.0001959846645507268,0.9159655788060902,0.001160973236362923,2.44082062401032,0.0004369193738637548,0.0004916127440324551,2.2293549082799116
2015-07-15,0.00017788056160659394,0.9252482252936951,0.0011463666873134674,2.4393742154230327,0.00041781524801150276,0.0004913499235877285,2.348852759614936
2015-07-16,0.00018174519139179188,0.9228594313068669,0.0011398457726610643,2.4127735282414338,0.0004200394352942412,0.0005033151252690068,2.311144697021191
2015-07-17,0.00017984339911716185,0.9228149179578166,0.001134519675505718,2.4059077495639403,0.00041683854738498683,0.0005041392438804396,2.31778619305027
2015-07-20,0.0001933298802508964,0.9269429159871485,0.0011614505793894018,2.425098409140026,0.00043924097634482625,0.0005147192484859319,2.2719766637976266
2015-07-21,0.00019419877324157122,0.9289864569603338,0.001177957737801418,2.424348319864299,0.0004443216533972269,0.0005143619638731158,2.2879735334090827
2015-07-22,0.00018582236281108658,0.9256022695012451,0.001201110746849057,2.422880596535582,0.0004372853484103364,0.0005141908460332634,2.3532439357414465
2015-07-23,0.00018795658724473803,0.9289638930998158,0.0011986403113334592,2.4093914325506938,0.00044093243761547744,0.0005107497505728256,2.345927025379216
2015-07-24,0.00019329917782205091,0.92068828100595,0.001183891261874248,2.446930914813256,0.00044043672659299567,0.000545124100614994,2.278523538255589
