Date,Predicted_Index_Var,Predicted_Corr,Predicted_Var,Future_Beta_45d_GE,Predicted_Covariance,Future_Cov_45_GE,Beta_Predicted
2013-02-28,5.497886498863307e-05,0.5695578496982271,0.0001392327711904907,0.8358178379248147,4.9831786845425815e-05,4.57766766696229e-05,0.9063807857024437
2013-03-01,5.488021190183326e-05,0.5630981021308634,0.00014015199251220874,0.8376687139092464,4.938460581393146e-05,4.5834409373312466e-05,0.8998617917559786
2013-03-04,5.501029900576039e-05,0.5653969340018408,0.00014205958886545172,0.8394155949849609,4.9981666064245264e-05,4.589274962015209e-05,0.9085874275835412
2013-03-05,5.845535101370509e-05,0.5702205273602551,0.00014119752414321274,0.8309710928745808,5.1804623836313954e-05,4.453570792780954e-05,0.8862255197846328
2013-03-06,5.9250468430820016e-05,0.5769420353362241,0.0001382832082454717,0.8409164702044327,5.22231182248366e-05,4.537941368590095e-05,0.8813958709172326
2013-03-07,5.369174155549812e-05,0.5771685367436997,0.00013178412309073064,0.844469634286915,4.854985524657171e-05,4.564521520133184e-05,0.9042331993717967
2013-03-08,4.524810700565277e-05,0.5823936816634628,0.0001317901056573096,0.8420403831944838,4.497366340631283e-05,4.533106894033485e-05,0.9939346943441048
2013-03-11,4.8373919939468494e-05,0.5907736417863709,0.00013353226002611756,0.8505039745855231,4.748099932302979e-05,4.725089685951683e-05,0.9815412805586969
2013-03-12,5.1431479865635213e-05,0.5985255182836378,0.00013866126210120157,0.8536956652435118,5.054459909060968e-05,4.748435716475713e-05,0.982756071236089
2013-03-13,5.5261000285198275e-05,0.6021898059179636,0.00014071429146304514,0.8374213314654556,5.310212178430975e-05,4.727569797898078e-05,0.9609330542381299
2013-03-14,6.195858588029715e-05,0.5847356859510415,0.0001390143172397965,0.8336743225734234,5.426753728614583e-05,4.8070337810965316e-05,0.8758679126568466
2013-03-15,6.386120353979619e-05,0.5740248685884395,0.00014177204989915945,0.8168110775644546,5.46191034157013e-05,4.6172240650827144e-05,0.8552783284402788
2013-03-18,6.402550064969363e-05,0.5703528188937124,0.00014221510880984466,0.8090444521622208,5.44243126519987e-05,4.479618941729718e-05,0.8500411882723657
2013-03-19,6.71640875084588e-05,0.5688874683609793,0.00014207539442365487,0.7626441763406444,5.557178690278045e-05,4.338283968912689e-05,0.8274032889344565
2013-03-20,6.839791392936718e-05,0.5697788271400843,0.00014395779263542833,0.7689800211174768,5.653863568950317e-05,4.3546386102972144e-05,0.8266134512214687
2013-03-21,6.814178529168062e-05,0.5664575258334963,0.0001446572132073284,0.7737129520759757,5.623984979608584e-05,4.214060660263272e-05,0.8253357254341283
2013-03-22,6.79733209422515e-05,0.565375710118451,0.00014377736284839393,0.7773637387368072,5.589225699590303e-05,4.194635738679786e-05,0.8222675635252211
2013-03-25,7.243408887933498e-05,0.5665874239523303,0.00014545277351215964,0.7487324723326215,5.815665709764161e-05,4.09407138561857e-05,0.8028907106779852
2013-03-26,7.339742545776695e-05,0.5662817023302654,0.0001324961343377233,0.7743115617889693,5.584374638065416e-05,4.1668255573328134e-05,0.760840670260114
2013-03-27,7.311742529462491e-05,0.566721467847194,0.00013681738909088867,0.7750551565898223,5.668272995995478e-05,4.6002056000632914e-05,0.7752287465204509
2013-03-28,6.422356192814954e-05,0.5491848959848419,0.00013895986716965138,0.7926062315187623,5.18812550989546e-05,4.7331810160727775e-05,0.807822760702638
2013-04-01,6.678777769649997e-05,0.5384865972148032,0.0001422138251471534,0.7848026712965497,5.2480057680965506e-05,4.703155478219098e-05,0.7857733778693423
2013-04-02,6.451960799026473e-05,0.5402928084685207,0.00014736472791716186,0.7895966502424581,5.268316044356191e-05,5.101401345623022e-05,0.8165449556282363
2013-04-03,6.836168011312682e-05,0.5476851403138534,0.0001516934442758438,0.753448726850276,5.5772579078547104e-05,4.773827275965072e-05,0.8158456460732545
2013-04-04,6.901245142532413e-05,0.5571227513401074,0.00015270030378937741,0.796583892331976,5.719190622476241e-05,5.2711099413638865e-05,0.8287186593660956
2013-04-05,6.697476452894188e-05,0.546914368862826,0.00014996834986097808,0.7925912251684846,5.481188497685783e-05,5.187008844727631e-05,0.8183960833960365
2013-04-08,7.273438811092278e-05,0.5405657221582922,0.00015009515856450426,0.7863318476404176,5.6480917108784174e-05,5.3274506589698215e-05,0.7765366365995762
2013-04-09,7.022991067372413e-05,0.5341654500546044,0.00014538742207257193,0.780696703560751,5.3975946951939243e-05,5.424893207529271e-05,0.7685606664474065
2013-04-10,6.636144982931065e-05,0.5326622320071259,0.0001468719851807587,0.715204722870724,5.2587111904242135e-05,5.092288482890722e-05,0.7924346445037336
2013-04-11,6.716170407401359e-05,0.5315917299042724,0.00014327777477526936,0.7203705226794629,5.214689849348686e-05,5.197606638339836e-05,0.7764379896617856
2013-04-12,6.98842565011876e-05,0.5306493718896728,0.00014275978908699454,0.7288836876745589,5.300297879599001e-05,5.3255215841632434e-05,0.7584394747776889
2013-04-15,9.593981606210937e-05,0.5397430492466819,0.00015301650020703623,0.6710177867757742,6.539666949827802e-05,4.050014056276081e-05,0.6816426399644296
2013-04-16,8.836558039441448e-05,0.5627759909580536,0.0001508572913231046,0.6896540668048988,6.497709355391933e-05,4.23065870790087e-05,0.7353213011661097
2013-04-17,8.959564094882932e-05,0.5836688002287451,0.00015043657285079533,0.7794281680492391,6.776206537797366e-05,5.5392509578326524e-05,0.7563098456617388
2013-04-18,9.719405369416862e-05,0.5930488151925436,0.00014602206268170904,0.7758323462021938,7.065119792468602e-05,5.4422052617747976e-05,0.7269086455329613
2013-04-19,7.72897485213767e-05,0.5692622546742547,0.00014642947679236026,0.939098818431089,6.0560240471897064e-05,6.814854230165784e-05,0.7835481629901718
2013-04-22,7.797978274745508e-05,0.5657869911924649,0.00014785926421367115,0.9626495076190448,6.075307136865528e-05,7.138095237046103e-05,0.7790874663681722
2013-04-23,8.499754389235151e-05,0.5752533444375977,0.0001462302265738686,0.9616451961811924,6.413290566877686e-05,7.112165775751225e-05,0.754526574909041
2013-04-24,7.773768893068322e-05,0.5877837055022469,0.00014494832221935498,0.9538938223226464,6.23935866507172e-05,7.119450174861712e-05,0.8026169482135239
2013-04-25,6.90805921567358e-05,0.5912636112735348,0.0001403397514024878,0.9633290874726176,5.8216960720500624e-05,7.203628961568508e-05,0.8427397464748584
2013-04-26,7.034557142953508e-05,0.6701684867501884,0.00013774698690572506,0.9713976860973436,6.596953715021937e-05,7.320686524021871e-05,0.9377923273578185
2013-04-29,6.776168711759701e-05,0.7206393978338481,0.0001342814079590347,0.9869969811015814,6.874134889494657e-05,7.352122697757517e-05,1.014457458469849
2013-04-30,5.8041023931509805e-05,0.7557027833400211,0.00012467962785672932,0.9881709147520122,6.428598508042268e-05,7.35066999739196e-05,1.1075956405642002
2013-05-01,6.311211636341748e-05,0.7674791519833419,0.00012384696239825296,1.0040630702612992,6.785246636886418e-05,7.515584094410411e-05,1.075109983289903
2013-05-02,6.214021471172626e-05,0.7797956305155924,0.00012258373581404967,1.0053713488708589,6.805869202379942e-05,7.413349515546238e-05,1.0952439147423207
2013-05-03,7.476459886581012e-05,0.7795548402166956,0.0001242570551998312,1.0143076426088746,7.513723419778672e-05,7.37192180459797e-05,1.0049841146428862
2013-05-06,7.535412832838797e-05,0.7841484769536377,0.00012487172043346506,1.0161465538540269,7.606482599701801e-05,7.375497283174811e-05,1.0094314363976566
2013-05-07,7.392273390092128e-05,0.7908835107948262,0.0001244183881623741,1.0279351957860412,7.584794461323406e-05,7.806133161117513e-05,1.0260435540018467
2013-05-08,6.958015556766957e-05,0.7964510604023411,0.00012394024899833086,1.0172317895395886,7.396188561153328e-05,7.68912970216023e-05,1.0629738466106518
2013-05-09,7.111722928104653e-05,0.7959476987362338,0.00012352939179633888,1.000473981702479,7.460313829647813e-05,7.558837706828015e-05,1.0490163783188982
2013-05-10,7.562958883543677e-05,0.8070514031698698,0.0001228504026245816,1.005198246545134,7.779207550261777e-05,7.622850486746941e-05,1.0285931300233084
2013-05-13,7.357910230951406e-05,0.8151016699869159,0.00012170341023443129,1.006647589819884,7.71330312924099e-05,7.642537263447174e-05,1.0483007929064705
2013-05-14,7.590263764609063e-05,0.8147014817659064,0.00012245747301335241,1.01428390042891,7.854518860113517e-05,7.537589964268107e-05,1.034815008239449
2013-05-15,7.650099964197039e-05,0.8133108657479843,0.00012173046364327976,1.025773858937474,7.848556113273284e-05,7.571190528065031e-05,1.0259416412863926
2013-05-16,7.639729836462006e-05,0.8123705342912395,0.00012091130386055181,1.0352625625339078,7.807762877385894e-05,7.58378811127444e-05,1.0219946312920543
2013-05-17,7.425705624970095e-05,0.7749813603457817,0.00012520646790978892,1.0470351098228563,7.472630419714942e-05,7.483670498959215e-05,1.0063192371358023
2013-05-20,7.217439206379002e-05,0.7657587701448705,0.00012802446259305202,1.0481704014098687,7.36088490912976e-05,7.528219584210912e-05,1.0198748750975244
2013-05-21,7.13709588975209e-05,0.7657933338548997,0.00013114710031820174,1.0472612351194377,7.40886521095434e-05,7.529782991163592e-05,1.038078418084935
2013-05-22,7.35750525384875e-05,0.7743697283104377,0.0001360160584571638,1.085865870911455,7.746557527178277e-05,7.659601939277319e-05,1.0528782868521924
2013-05-23,7.454058968752127e-05,0.7766981085001257,0.00013891480447710816,1.0838218360516942,7.90356311146341e-05,7.648250720907867e-05,1.0603032716263223
2013-05-24,7.630250921850573e-05,0.7747641701088666,0.00014162990555440994,1.0818824298517196,8.054088934210687e-05,7.630973485859366e-05,1.0555470608635398
2013-05-28,7.438631671877e-05,0.7737939633765042,0.00014360425855140368,1.088341198781284,7.997523488586767e-05,7.599122204599071e-05,1.0751336860544864
2013-05-29,7.273626036607267e-05,0.776074185050696,0.0001444690057284522,1.0985830832528307,7.955474056013766e-05,7.847640501777774e-05,1.0937425179648832
2013-05-30,7.309916508279677e-05,0.7774986660326227,0.0001451395647140813,1.1046153588461605,8.008455542359335e-05,7.870836698327024e-05,1.0955604668382255
2013-05-31,7.696255068093324e-05,0.7706308177249541,0.0001475228237942248,1.129808293604515,8.21137161873517e-05,7.462102345885251e-05,1.066930805448144
2013-06-03,7.835861755638394e-05,0.762628795761919,0.0001510693654073861,1.1225081058179858,8.297452687010367e-05,7.467067855952789e-05,1.058907487876471
2013-06-04,7.696792659140356e-05,0.7590735836391067,0.00015001920991060787,1.1278753741597294,8.15665716179342e-05,7.464349873882442e-05,1.059747549793608
2013-06-05,8.390672708275947e-05,0.7500160769274846,0.00015129042840462622,1.1330726314220962,8.450349854894638e-05,6.935507219651545e-05,1.0071123196784721
2013-06-06,8.864935953499249e-05,0.7528471457044451,0.0001471899763460995,1.1549207464385205,8.59970843380851e-05,6.941777602625223e-05,0.9700812819086362
2013-06-07,8.584609796353898e-05,0.7440656293911414,0.0001518000696205006,1.1247075436184597,8.493907141368557e-05,6.406677724989095e-05,0.9894342716632427
2013-06-10,7.344670994631798e-05,0.7423516827716676,0.00015069053950484722,1.1184682006226287,7.809781156201966e-05,6.384117751110898e-05,1.0633262077920327
2013-06-11,7.540176794643908e-05,0.739152566999868,0.0001506371489692639,1.132832984379379,7.877545089368119e-05,6.237910107310326e-05,1.0447427565576257
2013-06-12,7.564969572692771e-05,0.7413036050435237,0.000150637299866132,1.077914051561773,7.913451885768437e-05,6.27235352720754e-05,1.0460652630162033
2013-06-13,7.668406692361186e-05,0.7476273639938156,0.00014345183795711104,1.1285526217155968,7.841349581248709e-05,6.0506755793900344e-05,1.0225526495692774
2013-06-14,7.978958283363962e-05,0.7500720473661929,0.0001457586797279729,1.120965032691329,8.088971238574889e-05,6.01300651383314e-05,1.0137878844961883
2013-06-17,6.406673037804978e-05,0.7368582741664625,0.00014705289784734115,1.0924170438240073,7.152156985909589e-05,5.774099082231109e-05,1.1163605421574665
2013-06-18,5.269216623890948e-05,0.7501773931737785,0.0001422514440089515,1.034459221317307,6.494793403285189e-05,5.4127050697700526e-05,1.23259183800442
2013-06-19,5.313666894497608e-05,0.7622442408151796,0.00014680735709158126,1.030091463899804,6.732327348978913e-05,5.1209654394743916e-05,1.2669833248204458
2013-06-20,6.610900161714408e-05,0.765039675231745,0.0001577947434827234,0.9485626341529376,7.813768200439206e-05,3.300951251817105e-05,1.1819522318142008
2013-06-21,6.524441916700448e-05,0.786557779730967,0.00015565400126465198,0.9721938723206917,7.926518182214002e-05,3.411472394094686e-05,1.2148959686382823
2013-06-24,5.5679700730278476e-05,0.7130793020534406,0.00012893115988703071,0.9466715777991644,6.041784375631281e-05,3.5533742336913104e-05,1.085096416896827
2013-06-25,5.683904438603972e-05,0.6789851152606073,0.0001218239105227389,0.9471220302705872,5.650018966249009e-05,3.40466542174851e-05,0.9940383458728089
2013-06-26,5.616484134519195e-05,0.6432824655622038,0.00012120412255105038,0.9602316836780684,5.307532690886032e-05,3.269935390519688e-05,0.9449920205891207
2013-06-27,5.600093181678947e-05,0.6285529929380854,0.00011849728273012055,0.9555581481456216,5.12028012260743e-05,3.219207178792935e-05,0.9143205222653695
2013-06-28,5.651835513949762e-05,0.6079582240441249,0.00012239864205992586,0.932406382142742,5.056578974260607e-05,3.132278782068725e-05,0.8946790758117512
2013-07-01,4.0959150997653995e-05,0.5995583931252614,0.0001195396029381861,0.915129552227378,4.1952984774773745e-05,3.138744711229892e-05,1.0242640228840845
2013-07-02,4.708768430286185e-05,0.5826660495202213,0.00012209365574266583,0.8965032453729244,4.417941174947255e-05,3.070806820481509e-05,0.9382370869061287
2013-07-03,4.5307854285029834e-05,0.580678747804487,0.00011953766736534978,0.8965674542293325,4.2734149755887325e-05,3.0709901652377185e-05,0.9431951795167469
2013-07-05,5.048108536897671e-05,0.5813396725614122,0.00011999870651114188,0.8723445676276043,4.524624949876913e-05,2.9436548554335854e-05,0.896301043609798
2013-07-08,5.858594159480322e-05,0.5842492131627105,0.00012020510456099373,0.9395912415144504,4.902936839360314e-05,3.212843114680119e-05,0.8368794126875008
2013-07-09,6.185296409698371e-05,0.5826015654054849,0.00011630686493883967,0.9230119365753504,4.9414519900171164e-05,3.07839677752821e-05,0.7989030214088136
2013-07-10,6.043816195282401e-05,0.5806988333614077,0.00011557905149106274,0.9386816787345752,4.8534006124904674e-05,3.152362532265883e-05,0.8030357733709487
2013-07-11,6.428746384905295e-05,0.5824645895463699,0.00011978420805118102,0.8872393537873575,5.1113127751484396e-05,2.638405406066957e-05,0.795071460144984
2013-07-12,6.999194674271863e-05,0.5913557589661067,0.00012040272798035192,0.929000577103236,5.428639852121978e-05,2.8255542206454735e-05,0.7756092100248273
2013-07-15,7.060701256657018e-05,0.5962202382636554,0.00012070983660853321,0.978479987406802,5.5042983133410374e-05,2.986271217763903e-05,0.7795682203876616
2013-07-16,3.5042919617133015e-05,0.5832546908089464,0.00011684018379828547,0.9995416685388716,3.7321105294557996e-05,3.2814225421756424e-05,1.0650112976405979
2013-07-17,3.792838595062833e-05,0.5885976955358727,0.00011388167066177024,1.0216643715317373,3.868366851209561e-05,3.3589200861374584e-05,1.0199133852532096
2013-07-18,3.7451029819475974e-05,0.6122461181852668,0.00011006510233080218,1.0794156849311094,3.930816254616104e-05,3.8587364358013624e-05,1.0495882953188989
2013-07-19,4.0860668714576163e-05,0.6163313186736009,0.0001270634081547225,0.9862590633789948,4.4409636843394115e-05,3.5717885231528194e-05,1.086855360924427
2013-07-22,3.950888193740232e-05,0.636148657183301,0.00012083428388393021,0.97450275387202,4.3954269933955586e-05,3.534089259323979e-05,1.1125161679744953
2013-07-23,3.3171208880188284e-05,0.6672345503720433,0.00011260795584738326,0.9706061398842748,4.077967061598798e-05,3.528452311048029e-05,1.229369443944019
2013-07-24,3.471216593235655e-05,0.6890079140122135,0.00010540344175508829,0.9657120891615016,4.1676617389320886e-05,3.511071752153018e-05,1.2006343098997607
2013-07-25,3.488954269695917e-05,0.697597515428228,9.904879172735591e-05,0.973773408723979,4.1008808836345825e-05,3.57676336332367e-05,1.1753896917634288
2013-07-26,3.343176772700175e-05,0.6838526463248221,9.794213253709318e-05,0.978140324013811,3.913154365353017e-05,3.6514900777142685e-05,1.170489815946074
2013-07-29,3.360094972876798e-05,0.6858365764237454,9.68944649367016e-05,0.9932529022664528,3.913324876385368e-05,3.827995296476064e-05,1.1646471031248602
2013-07-30,3.816574763863081e-05,0.691132452739502,9.300935775558428e-05,0.9884724702262404,4.11776441355923e-05,3.8119488383547686e-05,1.0789162189479262
2013-07-31,3.750748633018741e-05,0.6912859652864515,9.042710627879121e-05,0.9915637881915496,4.025928302543323e-05,4.0145946132051e-05,1.073366598631033
2013-08-01,4.226173154810077e-05,0.6867538763836594,8.895867486738265e-05,0.9558658537381456,4.210841703649539e-05,3.7037110484783924e-05,0.996372261476535
2013-08-02,4.130983358011611e-05,0.6790032110077223,8.631958554466501e-05,0.9348838199462796,4.0546486220060966e-05,3.761145957723838e-05,0.9815214128477495
2013-08-05,3.7225611971094185e-05,0.6711220712190116,8.386648930046455e-05,0.9333068792572348,3.749874011667628e-05,4.016307335434701e-05,1.0073371029009321
2013-08-06,4.1983018398946586e-05,0.6750589979443976,8.22655387926409e-05,0.9214002463231727,3.9672314054180755e-05,3.9148114298509525e-05,0.9449609762974115
2013-08-07,4.81253999850549e-05,0.6767165658098245,8.159396534175312e-05,1.00977261495896,4.2405579635778744e-05,5.341071340528174e-05,0.8811475779722887
2013-08-08,4.5117615842124565e-05,0.679058422759944,8.067717992059391e-05,1.0152774089962793,4.0969019094710995e-05,5.434117061292555e-05,0.9080492913914084
2013-08-09,4.7210405389653165e-05,0.6815068934372798,8.22800869532735e-05,1.007018239580006,4.2475303322023906e-05,5.402862051570847e-05,0.8997021519186738
2013-08-12,4.729046229109182e-05,0.6785109948101414,7.996975596596236e-05,1.009319671137527,4.172598087104128e-05,5.5376887495301004e-05,0.8823339601588389
2013-08-13,5.1414947954433665e-05,0.7023965216653978,8.375050583105035e-05,0.9793470508337504,4.609149255487226e-05,5.7724026728919023e-05,0.8964609396419247
2013-08-14,5.361675369996386e-05,0.7174875497127347,8.645778746414496e-05,0.9945909523173928,4.8850238200183585e-05,5.878693045180569e-05,0.9111002593246617
2013-08-15,5.120699157562921e-05,0.7261366637634741,8.884146609848717e-05,1.1300913323932915,4.897685058715114e-05,6.199130682636969e-05,0.9564485059587164
2013-08-16,4.9139520575593413e-05,0.7250806360316133,9.053693445962183e-05,1.1228767159577302,4.836315863697321e-05,6.112918243795029e-05,0.9842008646090494
2013-08-19,5.1240075352845624e-05,0.7239070384216582,9.205887729153456e-05,1.1086916190416822,4.9718786041932756e-05,5.939013605635265e-05,0.9703105567187972
2013-08-20,5.687877447837599e-05,0.7225944825387522,9.809509412729728e-05,1.145070355137494,5.397509314517283e-05,6.1960596303159e-05,0.9489496502019911
2013-08-21,5.746511661394483e-05,0.7241569789375774,9.790714285459646e-05,1.1557324217959783,5.431778543215948e-05,6.118482325083977e-05,0.9452305787016952
2013-08-22,5.43081375808944e-05,0.7232401219270383,0.00010260003318651865,1.1571378073107916,5.398694048909871e-05,5.995739026176005e-05,0.9940856544506382
2013-08-23,4.6628310947370826e-05,0.7492445098480115,9.774649673407725e-05,1.1620183554895254,5.058235110752553e-05,6.009650268039059e-05,1.0847991291088714
2013-08-26,5.7057237442025364e-05,0.75601824614543,0.00010556430550852407,1.1503580672594786,5.867406731915605e-05,5.923291311397742e-05,1.0283369814175374
2013-08-27,6.26349019454684e-05,0.7468598512710667,0.00011552958414261381,1.1095130142711662,6.353220371615259e-05,5.0234134648748064e-05,1.0143259068476775
2013-08-28,6.352118414260544e-05,0.7466750763398148,0.00012280814868040045,1.127953877776141,6.594844199933992e-05,5.1486001841691555e-05,1.0382117853987936
2013-08-29,6.345432123592429e-05,0.7481536375553974,0.00012955653269711162,1.1326903006280131,6.783456612064121e-05,5.171960252373879e-05,1.069029891099632
2013-08-30,6.533098257867051e-05,0.7462433500206602,0.00013398464135257134,1.1330526487803594,6.98180280042733e-05,5.122760745263972e-05,1.068681737951814
2013-09-03,6.741624909395761e-05,0.7479427728056787,0.00014345735008949753,1.1419937791628665,7.35549771716169e-05,5.20171626834817e-05,1.091057099143914
2013-09-04,5.29054408502055e-05,0.7234699469413145,0.00014663090321270384,1.182259266502925,6.372112267541148e-05,5.2980463693745785e-05,1.2044342066032319
2013-09-05,5.526096611110341e-05,0.7031024886096335,0.0001441874121895656,1.167931125856965,6.2761244321947e-05,5.75773936737387e-05,1.1357247029623787
2013-09-06,5.903493096893949e-05,0.6846112168842992,0.00014751874111823234,1.163945144319264,6.388841871219329e-05,6.122770855445158e-05,1.0822138293988588
2013-09-09,5.950680039687122e-05,0.672661300755626,0.0001505979401217688,1.1766481536435451,6.36779770812966e-05,6.0134485124762096e-05,1.0700957984063397
2013-09-10,6.058865375686932e-05,0.6586421736296527,0.00016164888387830615,1.1454488367825229,6.518257938476944e-05,5.780127454530504e-05,1.0758215497960173
2013-09-11,5.2548421709793746e-05,0.6657295943133789,0.00015791199101170447,1.1206179329659662,6.06436393640208e-05,5.765434388572542e-05,1.1540525365144945
2013-09-12,5.463125330927889e-05,0.6674200125213989,0.00015839573482418355,1.0850492047001377,6.208569516818601e-05,5.579642370163233e-05,1.1364501344442157
2013-09-13,5.629719144726608e-05,0.6764326482276746,0.00015338694703359232,1.0899079873814284,6.285822702629245e-05,5.624899221516873e-05,1.1165428578292778
2013-09-16,5.4138744378514925e-05,0.6708176149671955,0.00015926701431034533,1.0689544351744085,6.229044982225722e-05,5.522538851913085e-05,1.1505706409950895
2013-09-17,5.7555509167455784e-05,0.6660354324472305,0.00016275945355320232,1.067570946863678,6.446350207669598e-05,5.5136571625739834e-05,1.120023139559788
2013-09-18,6.204530316157312e-05,0.6614548161783267,0.00016002947467635547,1.0523959544586037,6.591050334087017e-05,5.2011067565602304e-05,1.0622964186222383
2013-09-19,6.178297806302708e-05,0.6621997805693571,0.0001602544811351072,0.9977171831908428,6.589137082739353e-05,5.0359299678920104e-05,1.066497163024018
2013-09-20,6.675064824066973e-05,0.6524540358481855,0.00016011545900246647,0.9473865444484209,6.745191716978779e-05,4.4526143706400655e-05,1.0105057995330566
2013-09-23,6.644616634370019e-05,0.6283320288048443,0.0001273814480649535,1.0045250259417715,5.780657699856112e-05,4.652415729363227e-05,0.8699761051608331
2013-09-24,6.687102886618699e-05,0.61742509040012,0.00012886244232932455,1.010101066965145,5.7314757039402405e-05,4.6489053539174445e-05,0.8570939913918886
2013-09-25,5.221698153901886e-05,0.6147843646641382,0.00013023448475857672,1.0062184508701535,5.0698101163088955e-05,4.589476648136469e-05,0.9709121375620893
2013-09-26,5.0374063840171386e-05,0.5994766834915044,0.00013265432380060252,1.0174234882501367,4.9004560118007335e-05,4.6384260324121094e-05,0.9728133166601516
2013-09-27,5.122431082106018e-05,0.587489288672237,0.00013736762612592758,1.0003255971185026,4.928107938139349e-05,4.5141352522693545e-05,0.9620642736130722
2013-09-30,5.1567877421329924e-05,0.5814391544767115,0.00013605835036334634,0.9935845770771436,4.870308846801297e-05,4.454968971918644e-05,0.9444462503292409
2013-10-01,5.3629225784131454e-05,0.5785962337450605,0.0001363684596407643,0.981882394209447,4.948041500358576e-05,4.314179579812791e-05,0.9226389954379445
2013-10-02,4.9785428743887e-05,0.582663570726531,0.00013309106091483535,0.9999821645335056,4.7428941818010334e-05,4.455983712321859e-05,0.9526671360409644
2013-10-03,5.1677659876475144e-05,0.5922805551507472,0.0001300473973655854,1.0274138541247977,4.855452691136907e-05,4.526143184289901e-05,0.9395651240290044
2013-10-04,4.988490741732951e-05,0.5992333578467243,0.00012544695264131192,1.063416177360921,4.740352358049484e-05,4.602425355604238e-05,0.9502578241535903
2013-10-07,5.300164613196136e-05,0.6012701451830444,0.00012417835140959428,1.0812355788139565,4.877949101703488e-05,4.484812673107908e-05,0.9203391701379552
2013-10-08,5.7418241986777646e-05,0.6048769137246867,0.00012444732856370098,1.152744292840814,5.113105384785248e-05,4.7523147271016216e-05,0.890501904597271
2013-10-09,4.671951297786224e-05,0.6274725667991592,0.00012208056396753275,1.1454177132592689,4.738786690686264e-05,4.784169319552528e-05,1.0143056698668305
2013-10-10,5.493659376391755e-05,0.648648401220544,0.00013125058377554282,1.09097515245452,5.507960765562504e-05,3.575841637887459e-05,1.0026032537132186
2013-10-11,5.397060840252837e-05,0.6568008740748487,0.00012882955439713268,1.0887793268589587,5.476714871604453e-05,3.562711763865039e-05,1.0147587795856465
2013-10-14,5.390763459317086e-05,0.6603056888873653,0.00012594547685689615,1.0892395040245375,5.440783746505856e-05,3.5871690311396264e-05,1.0092788874092253
2013-10-15,5.553151341989191e-05,0.6657679634193406,0.00012335875625955978,1.028986287780221,5.510330387786985e-05,3.7934932208007754e-05,0.9922888911961714
2013-10-16,4.144281603770634e-05,0.646129142758571,0.00011944675852226321,1.1073710072308045,4.5460179169754555e-05,3.7039321545838786e-05,1.0969375036771887
2013-10-17,4.1583055321708076e-05,0.6364054603821838,0.00011918196691734534,1.090173248770051,4.4801996679583544e-05,3.571506980479959e-05,1.07740992894755
2013-10-18,4.3823960134694674e-05,0.6311943799506693,0.0001303368922609658,0.9689631062586376,4.770376028841533e-05,3.1437917214866827e-05,1.0885314823625234
2013-10-21,4.4710412594374516e-05,0.628132399881999,0.00013116481520058655,0.9882892910680976,4.810211919172787e-05,3.207365097872369e-05,1.0758594340903063
2013-10-22,4.4371990394003997e-05,0.6296331939386237,0.00012653427625870895,1.0309738778549984,4.71787210490566e-05,3.330974977607545e-05,1.0632545583402966
2013-10-23,3.6244305626284386e-05,0.6440413228230668,0.00011740500313444066,0.9976673807707788,4.201234541919857e-05,3.1475004807089886e-05,1.1591433383326069
2013-10-24,4.040389782719303e-05,0.6612301153396402,0.00010844241696867262,0.987521178612404,4.376872054569325e-05,3.108074869528939e-05,1.0832796561582134
2013-10-25,3.967999624918889e-05,0.6736324944373762,0.00010339775625657745,1.0054738816095308,4.3148370266277106e-05,3.16725957520045e-05,1.0874086276446944
2013-10-28,4.081308187982178e-05,0.6796597029866143,0.00010039425928840722,1.073034683401615,4.350564948661115e-05,3.6521956457810886e-05,1.0659731508323216
2013-10-29,4.2024721372673885e-05,0.6853706613910467,9.792059020116669e-05,1.0778954389605573,4.3965796182670415e-05,3.620204963487293e-05,1.046188879940051
2013-10-30,3.243679795796633e-05,0.6922376810596299,9.256836817223044e-05,1.1347802434927283,3.793198128857576e-05,3.760714327506226e-05,1.169412015875625
2013-10-31,3.3498134377451295e-05,0.7015565170477988,9.356959324829334e-05,1.1006850028154396,3.9277184097241686e-05,3.683123433280021e-05,1.1725185544565868
2013-11-01,3.528785039280735e-05,0.7090117577413534,9.445057226086777e-05,1.0893658410465163,4.093250615764375e-05,3.64122276596212e-05,1.15996031784319
2013-11-04,3.477448195487655e-05,0.7149720825563916,9.478733481471824e-05,1.10313921706497,4.104824320695911e-05,3.6698945479125256e-05,1.1804127883263196
2013-11-05,3.766596277267884e-05,0.7190318834146026,9.401138043012867e-05,1.097971475695726,4.278710468348341e-05,3.61943194034067e-05,1.1359620605402183
2013-11-06,3.8333959556374354e-05,0.719978548384911,9.359790499953596e-05,1.0037051184889685,4.312652456491138e-05,3.725077873593667e-05,1.1250213926241828
2013-11-07,4.0431492315281525e-05,0.7188118832520372,9.219493485451373e-05,1.0158279450614602,4.388626939734182e-05,3.579438458085943e-05,1.0854476766556185
2013-11-08,4.3778322206368926e-05,0.7143774626751895,9.18036402396788e-05,1.0091961603702797,4.528842868056777e-05,3.24705306638509e-05,1.034494388959912
2013-11-11,4.088414418239951e-05,0.7083667674559541,9.099054100679624e-05,1.0135263931187215,4.3204974942116366e-05,3.270833359768695e-05,1.0567660350027814
2013-11-12,3.99781619662566e-05,0.7028812435553222,8.75791447075981e-05,1.0857259901928915,4.159045922067939e-05,3.547885147822883e-05,1.0403294492574133
2013-11-13,4.4902541372157916e-05,0.7024404456626371,8.738113860694525e-05,1.0842210648449084,4.400011588592692e-05,3.4262102764739526e-05,0.979902574360957
2013-11-14,4.545126757048379e-05,0.703313976761499,8.69491606498273e-05,1.1151637717780007,4.4213505017070194e-05,3.476824816259141e-05,0.9727672599780824
2013-11-15,4.488960878325864e-05,0.7030716031987709,8.800700784907322e-05,1.0780415425617211,4.419072181059458e-05,3.510003357870031e-05,0.9844309854416753
2013-11-18,4.304897041106976e-05,0.7017013763572478,8.78516626138273e-05,1.1971504624713258,4.315277266930149e-05,5.143168463140223e-05,1.0024112599497859
2013-11-19,4.253689180732228e-05,0.7004596307655857,8.651228958636239e-05,1.16282237029036,4.2491776662723314e-05,5.0460397642728784e-05,0.9989393878423624
2013-11-20,3.986505410246521e-05,0.7110554953169199,8.745182382331721e-05,1.1975587559716672,4.198402883950237e-05,5.267294576127577e-05,1.0531536902368364
2013-11-21,3.485111027762049e-05,0.7150019423919739,8.721717819821156e-05,1.2110741316207452,3.9419993335756474e-05,5.393511515224036e-05,1.1310972024059123
2013-11-22,3.677714977289896e-05,0.7211969980764009,8.492013711684985e-05,1.189530303108873,4.030401278404306e-05,5.5385625435226286e-05,1.0958982148677285
2013-11-25,4.464079349966786e-05,0.7153490133969942,8.809136912632627e-05,1.203436895060988,4.485910610836484e-05,5.688369407644996e-05,1.0048904284978402
2013-11-26,4.5604254902161166e-05,0.7124749504936067,8.898716838511417e-05,1.2290729791722472,4.538747010134342e-05,7.184634163863211e-05,0.9952463909062251
2013-11-27,5.098239319509307e-05,0.731079006455092,9.573451277872108e-05,1.233655702773092,5.1075036737516114e-05,7.349725138730437e-05,1.001817167390878
2013-11-29,5.306536742177139e-05,0.7398944357803985,0.00010095117439445656,1.2336614607615457,5.415406188391702e-05,7.350465817006406e-05,1.0205161014620427
2013-12-02,5.1303727815654587e-05,0.7412203332892034,0.00010377079066415504,1.2474663496242364,5.408282250850927e-05,7.949408952606265e-05,1.054169449495767
2013-12-03,5.129816798105141e-05,0.7427316305286885,0.00010731926638590927,1.231268061478753,5.510889396320444e-05,8.236474161940686e-05,1.0742858104320732
2013-12-04,4.926678581923591e-05,0.740970694871251,0.00010956670453816713,1.2274085167972597,5.443991603587682e-05,8.219872889849624e-05,1.1050023891475604
2013-12-05,6.186383108747796e-05,0.7636840301097114,0.00011564694220980624,1.2376134483401828,6.459504299943802e-05,8.549271217994958e-05,1.04414876776865
2013-12-06,6.149224160789946e-05,0.7816768269036176,0.00012103126337141218,1.2152035052477224,6.743512752061743e-05,8.068979618551934e-05,1.096644483227857
2013-12-09,5.694825981469449e-05,0.7906025205959198,0.0001239447274626797,1.2043948153979582,6.642207702851125e-05,8.049758199875646e-05,1.1663583267450819
2013-12-10,5.3452041059883435e-05,0.7963227647120741,0.00012503783215928033,1.221837891067388,6.51016499609978e-05,8.199652643034008e-05,1.2179450713222169
2013-12-11,5.2671389427449466e-05,0.7933289903499217,0.00013124455132402274,1.1983128694060798,6.596010731107035e-05,7.661702132526949e-05,1.2522948042205153
2013-12-12,5.926873458923956e-05,0.7974262760263082,0.0001313158537557183,1.2044650885860066,7.03496514924051e-05,7.803609262239493e-05,1.1869605784561041
2013-12-13,5.102150798536989e-05,0.8086206466627838,0.00012446692362157432,1.1788430586263976,6.44389490814347e-05,7.708843388292584e-05,1.2629761766334342
2013-12-16,5.265033739264804e-05,0.8131272762630529,0.00012638581774005356,1.1804724714641586,6.632973776684498e-05,7.645893761304801e-05,1.2598160059674584
2013-12-17,5.547285481711756e-05,0.8156727822202737,0.00012781700040573226,1.207863456608435,6.868320296723007e-05,7.847907556602702e-05,1.2381407662119475
2013-12-18,5.7755345996717895e-05,0.8255597048026988,0.00013108819595275867,1.2333248683593765,7.183339215509249e-05,7.266080049129986e-05,1.2437531264928205
2013-12-19,6.478693026373803e-05,0.8270096862771094,0.00013436631790348942,1.2331109667133024,7.716129461542108e-05,7.258405589614247e-05,1.1910009364745149
2013-12-20,6.101338500649426e-05,0.8269944349719085,0.00013387741820600766,1.239825096015125,7.474270503078379e-05,7.362084024840368e-05,1.2250214444392518
2013-12-23,6.0371580554275465e-05,0.8212097607671082,0.00012099947587687019,1.2436721583514398,7.018787924954288e-05,7.330386742967498e-05,1.1625980072932218
2013-12-24,6.05937066863415e-05,0.8090822991249474,0.00011942171386844142,1.246397993022241,6.882529948878482e-05,7.49230164840231e-05,1.1358489726507988
2013-12-26,6.0130930524985e-05,0.7904917477823606,0.00012414118404523213,1.2680995901546506,6.829741157027615e-05,8.093093521763799e-05,1.1358116525720137
2013-12-27,6.1029823506439453e-05,0.7886464523714415,0.00012899795273414548,1.2704426274499134,6.997530820425015e-05,8.10787689395367e-05,1.1465756278463892
2013-12-30,6.103786899254316e-05,0.7857270673102558,0.00013536270871671252,1.2780166709794274,7.142017563322537e-05,8.16440575954389e-05,1.170096151979857
2013-12-31,6.15980310886923e-05,0.7820900703446536,0.00013874196248041024,1.276462316880512,7.230096667668084e-05,8.102118631448124e-05,1.1737545080390288
2014-01-02,6.274975633376732e-05,0.7828302712581957,0.0001439633595561483,1.2588553370898754,7.440457140409598e-05,7.698440987534935e-05,1.18573482593839
2014-01-03,6.287727487442676e-05,0.7819495337479602,0.00014290476836608182,1.2535179331148805,7.412230917158716e-05,7.751237019021178e-05,1.178840993341681
2014-01-06,6.194585296328845e-05,0.7949253910271014,0.0001427855163533793,1.2508180018493549,7.476090776600755e-05,7.701306605570267e-05,1.2068751044612107
2014-01-07,5.985294868622432e-05,0.7966482901903085,0.00013887702447822414,1.2617870703777785,7.26314317567395e-05,8.065732721303157e-05,1.2134979704593276
2014-01-08,5.957982003469859e-05,0.8010194443545997,0.00013433747164461228,1.2656543615172713,7.166238158209315e-05,8.116048497394417e-05,1.2027962075138496
2014-01-09,5.8876921963223624e-05,0.805728052825787,0.0001341444180758714,1.2751498969624135,7.160565739008409e-05,8.399451396852259e-05,1.2161922702890486
2014-01-10,5.8643073362417135e-05,0.7987859939571266,0.00013591903723987275,1.287208026599626,7.131468158254781e-05,8.595682138856887e-05,1.216080220451945
2014-01-13,6.549653155125348e-05,0.8048057678174929,0.00013479529598697034,1.3523252249049584,7.562016132582286e-05,8.539228465522788e-05,1.1545674180723182
2014-01-14,6.384952094066409e-05,0.7998513280562244,0.0001348504561704516,1.3543597487168348,7.421886383590816e-05,8.309356888646407e-05,1.1624028300052618
2014-01-15,6.070372053025981e-05,0.791615390963216,0.00013449290098394855,1.2816249709978462,7.152725606789113e-05,8.005076825799048e-05,1.178301024106685
2014-01-16,6.085694586035492e-05,0.7922336990613166,0.00013610523477957997,1.269115206591482,7.210174956416153e-05,7.974100982745617e-05,1.1847743679022185
2014-01-17,6.130074788390541e-05,0.7952453142205278,0.00014535603118731797,1.2537907877806829,7.50672547143826e-05,7.878483540692155e-05,1.2245732279897943
2014-01-21,6.022038567812545e-05,0.8110125902693895,0.00014693842307444743,1.2491743410315403,7.628990076442175e-05,7.984506393102797e-05,1.2668451041178472
2014-01-22,6.0180607898710316e-05,0.8223437361907306,0.00014778806095739258,1.2435577901312815,7.755349054815512e-05,7.96100410859071e-05,1.2886790821170337
2014-01-23,6.197862719476769e-05,0.8309456900070779,0.00014593437963416293,1.2501704052026583,7.90264410483663e-05,7.866323664429188e-05,1.2750595588383378
2014-01-24,8.312838911315208e-05,0.8508690248481081,0.0001558445919407928,1.1537355602859918,9.684635152214544e-05,6.1122563242963e-05,1.1650213910715972
2014-01-27,7.785643656399444e-05,0.8411933188963353,0.00014912114778517952,1.16377697582492,9.063849690077212e-05,6.148605921990295e-05,1.1641747413686396
2014-01-28,5.7778264472590076e-05,0.828121844747625,0.00014400152539276054,1.147857096631614,7.553705233044367e-05,6.0181051567675394e-05,1.307361046925844
2014-01-29,5.541992369045716e-05,0.81739956633749,0.000136046535003695,1.1623222312824173,7.097593252382029e-05,5.796286082924571e-05,1.2806934365382705
2014-01-30,5.718939038351772e-05,0.8061548184982547,0.00012859069391660613,1.1391067887755144,6.913229232815352e-05,5.889033539699389e-05,1.2088307265481502
2014-01-31,5.786696567157789e-05,0.7997633482987554,0.0001248548271699401,1.0852197044110876,6.797974346006563e-05,5.850912592617247e-05,1.1747590818202303
2014-02-03,7.055814511505822e-05,0.7997891078222312,0.0001303261153134234,0.9846120012299354,7.669460022373913e-05,4.060153962818797e-05,1.086970187476928
2014-02-04,5.3287933521446234e-05,0.774098795928803,0.00012503805647051357,0.9646274344363176,6.318761140936925e-05,4.099623339437403e-05,1.1857771025018036
2014-02-05,5.1744253938995175e-05,0.7565019516713203,0.00011990944470301602,0.9046829010673992,5.9589235468933226e-05,4.870760460711069e-05,1.1516106800802854
2014-02-06,5.460185755120456e-05,0.7504953501343657,0.00011945993863076598,0.8655524417728295,6.0612592274695917e-05,4.5473932732339203e-05,1.110082971405407
2014-02-07,6.356327391387762e-05,0.7438753109191684,0.00011526473345009341,0.88528839182913,6.367244089913226e-05,4.477720791746808e-05,1.001717453783179
2014-02-10,6.2547563500994e-05,0.7418833259274813,0.00011220967232354583,0.8842049002544893,6.215212125162835e-05,4.5509311259224864e-05,0.9936777353548013
2014-02-11,5.609995653519849e-05,0.7379071710919357,0.00010795199029432751,0.8695928952640839,5.74246451473065e-05,4.456175026450133e-05,1.0236130060328454
2014-02-12,5.280573476410588e-05,0.7284271708368327,9.856964100574006e-05,0.8756865793827853,5.2553091536179925e-05,4.48905640777806e-05,0.9952156100269305
2014-02-13,5.31879934714369e-05,0.7272485503666705,9.438564858500113e-05,0.8788145231612763,5.152792450687677e-05,4.479681416068579e-05,0.9687886521710651
2014-02-14,5.362200748552388e-05,0.72421886553065,9.37628713944172e-05,0.8555682507121095,5.1351935549685115e-05,4.344047553765494e-05,0.9576652937424693
2014-02-18,5.088126402858046e-05,0.7195341235119522,8.831169874069978e-05,0.8626161602665317,4.8232465270466355e-05,4.393682949253639e-05,0.9479415692851841
2014-02-19,5.093399391722896e-05,0.7132822554956711,8.877299571122499e-05,0.8477922175221417,4.796293201277191e-05,4.224990060771332e-05,0.9416683893023348
2014-02-20,5.128532994270177e-05,0.701797829031713,8.758673893133573e-05,0.8442813974588635,4.70357177664218e-05,4.293855123845888e-05,0.9171378602608616
2014-02-21,5.0142924359823583e-05,0.6991683562202674,8.68218623032748e-05,0.8431900059204636,4.61318787750296e-05,4.2995602683237806e-05,0.9200077451404532
2014-02-24,5.289213529725008e-05,0.7000876713247409,8.882652936429873e-05,0.813062411124482,4.7986527817831486e-05,4.1308256719201776e-05,0.9072526103956774
2014-02-25,4.99909412374215e-05,0.6994606084968408,8.684941229691646e-05,0.814198326055232,4.608847733973154e-05,4.1480735616123634e-05,0.9219365788862421
2014-02-26,4.8822079787728685e-05,0.6983618656001775,8.61143044057978e-05,0.8150463091115073,4.528207331058624e-05,4.1523609339006846e-05,0.9274916903881628
2014-02-27,4.902946505121921e-05,0.6985287931895332,8.691646767573666e-05,0.8113936625379852,4.559990351815828e-05,4.095225516390983e-05,0.9300510105611351
2014-02-28,4.913560627678946e-05,0.7018532451317854,8.706335266411327e-05,0.8109483113476509,4.5905229756967956e-05,4.0885443927551815e-05,0.9342558937479222
2014-03-03,5.060228536900576e-05,0.7132174390521154,8.808323343596066e-05,0.8159109087095027,4.7616080502084626e-05,4.164396091323504e-05,0.9409867588954747
2014-03-04,5.593664385448813e-05,0.7168929872827198,9.085658001598405e-05,0.7781898121936839,5.110703989902943e-05,3.691878962856237e-05,0.9136593899336849
2014-03-05,4.9068183379191435e-05,0.7005728174742525,9.112299719264625e-05,0.7757544652409846,4.6845434377414e-05,3.681073556989856e-05,0.9547008091862629
2014-03-06,4.928243059442446e-05,0.6906945249212543,9.121540815335359e-05,0.764112550254485,4.630908241032694e-05,3.620694565081375e-05,0.939667176552897
2014-03-07,4.8971813978785636e-05,0.6841934521505301,8.9478243692331e-05,0.8019071766593893,4.529087745490159e-05,3.967035300095863e-05,0.9248356100209274
2014-03-10,4.912023117884392e-05,0.6770831173996206,8.567100737210652e-05,0.801176068626832,4.392270949766189e-05,3.963417156826534e-05,0.8941877601866702
2014-03-11,5.148937537691702e-05,0.6753327257069995,8.604350508888511e-05,0.8026665965063423,4.495061666181323e-05,3.9669878391706874e-05,0.8730076124008459
2014-03-12,4.8906113932888686e-05,0.6736903299147683,8.367455051311408e-05,0.8012862179037923,4.309616102519255e-05,4.105485639841381e-05,0.8812019103446078
2014-03-13,5.192240840939531e-05,0.676121112097148,8.462765927702165e-05,0.7559206951637386,4.481857829478283e-05,3.666172470136338e-05,0.8631837325687873
2014-03-14,5.053194068255615e-05,0.6744551754129595,8.40439471291502e-05,0.7349770072825407,4.3953078714287534e-05,3.5648463646934635e-05,0.8698078506503972
2014-03-17,5.312543808337814e-05,0.6751723290153133,8.391730240972713e-05,0.7380549884507163,4.5080804167488095e-05,3.527134786337592e-05,0.8485728455873751
2014-03-18,5.3640183376897774e-05,0.6793518105463132,8.358675434949775e-05,0.7305654132844539,4.548923100364593e-05,3.523525663853052e-05,0.8480439129750931
2014-03-19,4.9711758607667365e-05,0.6812996556676998,8.04883301154654e-05,0.6985139642979962,4.3095725032394256e-05,3.3265785158129486e-05,0.8669120996606088
2014-03-20,4.924048797705463e-05,0.6777297786108344,7.640755777982031e-05,0.7060330306576732,4.157056256641456e-05,3.335857702811135e-05,0.8442353899048656
2014-03-21,5.1299807125194504e-05,0.6630578929251941,7.256757186663507e-05,0.7424406693728772,4.045578300445639e-05,3.433073266938484e-05,0.7886147194613453
2014-03-24,5.150721281894852e-05,0.6631386307569531,7.163221988963876e-05,0.7470908228095757,4.0280287179829187e-05,3.418632456347535e-05,0.7820319713554922
2014-03-25,5.187847468728203e-05,0.6703502939798438,6.872502894347712e-05,0.729502948470959,4.0026984146269936e-05,3.344129297284508e-05,0.7715528335701536
2014-03-26,4.894688218699071e-05,0.6806591188928913,6.727596483993299e-05,0.7370497592171845,3.905909274233582e-05,3.2718480034423575e-05,0.7979893917066917
2014-03-27,4.819111839496585e-05,0.6842031285136234,6.635672379422615e-05,0.7507769768804274,3.869109546541534e-05,3.316920362945502e-05,0.8028677638960355
2014-03-28,4.77393720640184e-05,0.6847198665253172,6.759380075436428e-05,0.7539858185107345,3.889597957518846e-05,3.3071087913462855e-05,0.8147568326418083
2014-03-31,4.471229395078723e-05,0.667088967206715,6.32278837716027e-05,0.7699553269630505,3.5469213386529125e-05,3.284741986166022e-05,0.7932765298414003
2014-04-01,4.637295349124256e-05,0.67215034605413,6.793154425797138e-05,0.7983606565476628,3.772546041057129e-05,3.403639616271331e-05,0.8135229173551706
2014-04-02,4.141854620280984e-05,0.683405668887321,7.067033572352828e-05,0.8170674238232406,3.6973841888808226e-05,3.500648001138482e-05,0.892688065577249
2014-04-03,4.131197301210188e-05,0.6907260436024132,7.605695612983965e-05,0.8272198071342025,3.8718031601684395e-05,3.53597508401528e-05,0.9372109047017043
2014-04-04,4.5815215175484866e-05,0.6973030445254111,8.12312424211259e-05,0.8391158992827924,4.253906839106475e-05,3.274240204120364e-05,0.9284921663715521
2014-04-07,4.72141155464609e-05,0.705553678751507,8.2595227300083e-05,0.8790823893496557,4.405989585030126e-05,3.172452097581061e-05,0.9331932906154784
2014-04-08,4.530353492960697e-05,0.7018639168955949,8.177044807253085e-05,0.8971180131721859,4.271861361083325e-05,3.356986226103899e-05,0.9429421716696018
2014-04-09,4.691297863661334e-05,0.7032003294789264,8.29862367136371e-05,0.9098815646521866,4.3876159341343774e-05,3.216094540168374e-05,0.9352669691090671
2014-04-10,5.810324280314903e-05,0.7074251037523412,8.7031139674617e-05,1.0168429586885597,5.030579170406306e-05,2.4426673731070536e-05,0.8658000703075497
2014-04-11,5.691804938589508e-05,0.7093672732667051,8.74431082418898e-05,1.055884105600262,5.004479859193163e-05,2.2779225710780148e-05,0.8792430368201143
2014-04-14,5.793906540801691e-05,0.7099039623721084,9.02912978163959e-05,0.9956268522759206,5.134619794239108e-05,2.1327036627493205e-05,0.8862103242570843
2014-04-15,5.375893588153699e-05,0.7100551152391248,9.028853379164019e-05,1.0072641147200407,4.946906391906078e-05,2.0920079285193583e-05,0.9202016949902179
2014-04-16,3.1303883437837385e-05,0.7006516033605347,8.360370786481262e-05,0.9679989634366186,3.5843796136082944e-05,1.8638560476132614e-05,1.1450271403949233
2014-04-17,3.0074876652121772e-05,0.6994425861250801,8.128916229889261e-05,0.978892539125598,3.4583609808260485e-05,1.889174514363853e-05,1.1499169292792635
2014-04-21,3.398061258211898e-05,0.696034593466752,7.706700682167594e-05,0.9582678473451453,3.561891390448918e-05,1.9438797690368955e-05,1.0482128248397822
2014-04-22,3.465237531876505e-05,0.6958168271447058,7.292240152217623e-05,0.9355144540364232,3.497775354192418e-05,1.8973440150663922e-05,1.0093897812246921
2014-04-23,3.661275306357103e-05,0.7141401523535963,7.101161965512487e-05,0.9309959074105144,3.641366179724847e-05,1.8713663299615264e-05,0.9945622426705559
2014-04-24,2.8915216768426475e-05,0.7088123307147012,6.609718304680726e-05,0.935395381042836,3.09874590429953e-05,1.8798378085795228e-05,1.0716661504274656
2014-04-25,3.367547480592454e-05,0.7040960221846847,6.304149860908097e-05,1.105595251201421,3.2441581602505485e-05,2.0129802189335927e-05,0.9633592930603022
2014-04-28,3.364553762091845e-05,0.7007022482386259,6.357715953439244e-05,1.085449697787713,3.240766997255604e-05,2.0420042570814577e-05,0.9632085638722924
2014-04-29,3.9441733334885286e-05,0.6973580187050556,6.328160234118909e-05,1.1031527694332974,3.4839549368433716e-05,2.0439957476304007e-05,0.8833168936218874
2014-04-30,4.001418281063408e-05,0.6983386584486458,6.4186255606681e-05,1.1207523821048342,3.5391101597308387e-05,2.1043602086881808e-05,0.8844639353200267
2014-05-01,2.1991126094734782e-05,0.6950474550128812,6.228568849174092e-05,1.1110463098551178,2.572363428414736e-05,2.1366073157406272e-05,1.1697279244970649
2014-05-02,2.5114593555483047e-05,0.6932615615144071,6.023894433491209e-05,1.1585514338686278,2.696490374123269e-05,2.3589253025747948e-05,1.0736747015898125
2014-05-05,2.3421323104644024e-05,0.6921407809912701,5.888049203726637e-05,1.1412703704651128,2.570312134893276e-05,2.3532257605387614e-05,1.09742396849631
2014-05-06,2.3724080850696792e-05,0.6999021164977677,5.766327707916171e-05,1.0927448904276036,2.5886996480648355e-05,2.0773494449149328e-05,1.0911696281749956
2014-05-07,2.503936026433856e-05,0.7094639915692251,5.6597570385734765e-05,1.0526182703704112,2.670796918680395e-05,1.9458928517601442e-05,1.066639439061143
2014-05-08,2.245244272166245e-05,0.6997500080154233,5.6089123197491255e-05,1.0488503609256297,2.4832133603201502e-05,1.9648206252240444e-05,1.1059880615681559
2014-05-09,2.6257615904936162e-05,0.6970966552469868,5.556475020407678e-05,1.0456584303280338,2.6626882859844688e-05,1.9795703742032997e-05,1.014063232406378
2014-05-12,2.5472098693136958e-05,0.6945000274138977,5.7253704321065814e-05,1.010471555598122,2.652200954429645e-05,1.7573894999180534e-05,1.0412180740899206
2014-05-13,2.7268227179962204e-05,0.693011467174599,5.751962965567138e-05,1.0485404826443945,2.7445864395801534e-05,2.180057196863754e-05,1.0065144394854486
2014-05-14,2.54765910501542e-05,0.6925164046925217,5.759831419195013e-05,0.9032438619132112,2.652806725056511e-05,1.9931245066516257e-05,1.0412722486435069
2014-05-15,2.174205444419079e-05,0.6674206732885463,5.6397972535285135e-05,0.9914763552335432,2.3371236493965182e-05,1.986928740374342e-05,1.0749322955637106
2014-05-16,2.0552751262807784e-05,0.6509995681191879,5.386708957103998e-05,0.9852742417592758,2.1660946976431477e-05,1.9853999817359598e-05,1.0539195798875396
2014-05-19,2.1296152341554682e-05,0.6411520970572465,5.32325811766118e-05,0.9914086756256112,2.158740314376751e-05,1.9861190531011854e-05,1.0136762170715936
2014-05-20,2.0908636850371392e-05,0.6394557724048247,5.353275797282838e-05,0.9528917964788528,2.139356599870032e-05,1.7889985948337206e-05,1.0231927672664283
2014-05-21,2.119414789263069e-05,0.6361964703378713,5.333529227929898e-05,0.9448356555495884,2.1389792681296275e-05,1.73365472480352e-05,1.009231075939298
2014-05-22,2.007249814887391e-05,0.62119290787443,5.322952095931826e-05,0.949289977758608,2.030502277305791e-05,1.73787606194936e-05,1.0115842394135204
2014-05-23,2.2049522594442057e-05,0.6133976755120482,5.416966151734622e-05,0.9559136985319384,2.1199215134715308e-05,1.7861948592631813e-05,0.9614364684729689
2014-05-27,2.174082787467674e-05,0.6074501758594385,5.451914417955999e-05,0.9642428242529588,2.0913331226056526e-05,1.7376199668348273e-05,0.961938126119656
2014-05-28,2.1661197917021908e-05,0.6019770871029265,5.50099382384349e-05,0.9462341216415366,2.0779819702829063e-05,2.5935544062943973e-05,0.9593107353725698
2014-05-29,2.1856321025887475e-05,0.5978221052530208,5.454222994902783e-05,0.9162053523350034,2.0640819930628437e-05,2.4789551811072448e-05,0.9443867477138833
2014-05-30,2.8179051435749515e-05,0.5955504086980357,5.579134570978507e-05,0.9513904500222062,2.3613759206653286e-05,2.586175898403897e-05,0.8379898542892595
2014-06-02,2.8496658002674943e-05,0.5919346376684779,5.669576238261904e-05,0.955606659889716,2.3792825468777305e-05,2.5991680842378758e-05,0.8349338882666137
2014-06-03,3.418588872187905e-05,0.5937252320051977,5.771198887217738e-05,0.9722441640150252,2.637193300532657e-05,2.7422653672639433e-05,0.7714274512468201
2014-06-04,2.793146765100254e-05,0.5983800879546455,5.948383338941398e-05,0.980610689309942,2.4390656255722763e-05,2.8040780293102022e-05,0.8732321752826803
2014-06-05,4.136471088316827e-05,0.605049053690373,6.0540286052977624e-05,0.9684025595498412,3.027804408361204e-05,2.6801984509591424e-05,0.7319776552803731
2014-06-06,3.9833023701562004e-05,0.6006574199414442,6.275297280036412e-05,0.9881558613971124,3.0030712474486322e-05,2.8390558286639467e-05,0.7539149600965066
2014-06-09,5.1073182956276414e-05,0.6077358025695935,6.355416723747732e-05,0.9633952580250792,3.4624483248277094e-05,2.8214570623259945e-05,0.6779386214859372
2014-06-10,4.95066057749403e-05,0.612545314689669,6.433988313755071e-05,0.9829758257340558,3.457083999239816e-05,2.8916967738521787e-05,0.6983076187763521
2014-06-11,4.7157992518462575e-05,0.6257975509708472,6.628123267127068e-05,0.9697133805828564,3.498700782651427e-05,2.834494081263295e-05,0.7419104579741533
2014-06-12,4.667919578081926e-05,0.6331867743497315,6.793436964241652e-05,0.989102884360878,3.565646563549722e-05,2.7708374269878395e-05,0.763862038303339
2014-06-13,3.72024477228719e-05,0.6268777982853224,7.509138749708329e-05,0.980116314259236,3.313322510404706e-05,2.7768336452655672e-05,0.8906194923211168
2014-06-16,2.938646502467408e-05,0.6371903982910158,8.327721771928898e-05,0.9812399999445716,3.152143641077062e-05,2.7799085291759786e-05,1.0726515211783358
2014-06-17,3.191330809025626e-05,0.6449519340077743,9.003286837486971e-05,0.9758522982843968,3.457114830487505e-05,2.7557970796988612e-05,1.0832831308838924
2014-06-18,3.560112133469648e-05,0.6532833034880746,9.522593827133363e-05,1.008407862382586,3.803741786377886e-05,2.7424261872765453e-05,1.0684331402423548
2014-06-19,3.687128606172102e-05,0.6643608262394992,9.952646327817924e-05,1.0015262101360167,4.024551092848867e-05,2.7362785911756585e-05,1.09151362014114
2014-06-20,3.6786047916274955e-05,0.6600918832601299,9.672394959523806e-05,1.018655397848402,3.937431121772798e-05,2.7618055710839776e-05,1.0703599176335525
2014-06-23,3.78482539714106e-05,0.647975656203283,9.326550051625776e-05,1.0082373092420276,3.8498350969774e-05,2.7345175698836827e-05,1.0171764065749098
2014-06-24,3.933090292313687e-05,0.6501415057880302,9.197667516755811e-05,1.0225759700755328,3.9103326511167246e-05,2.6830879016943698e-05,0.9942138014879961
2014-06-25,4.004889359785303e-05,0.6571282160309724,9.394519807580551e-05,1.0619391472650617,4.030720368943414e-05,2.7858950979516996e-05,1.0064498683577856
2014-06-26,4.4267929857314866e-05,0.666163205183276,9.522853873760285e-05,1.050993129484192,4.3252260291178516e-05,2.7765600311112654e-05,0.9770563121110458
2014-06-27,3.536085878696092e-05,0.65534490635736,9.227539640486079e-05,1.0431566203758054,3.743469421701874e-05,2.8583058122548096e-05,1.0586477676504433
2014-06-30,3.524942345217237e-05,0.6523140865227267,8.962479367206756e-05,1.0365054666542692,3.666459148729269e-05,2.8655423646142848e-05,1.0401472675727723
2014-07-01,3.707778978776346e-05,0.6483316814996103,9.145813144887795e-05,1.0471418835433932,3.775420463808091e-05,2.8011678037634675e-05,1.0182431276025166
2014-07-02,3.729144432547138e-05,0.659188894959202,8.993153343966086e-05,1.0368951073705166,3.8174247410271257e-05,2.8588234581841485e-05,1.0236730730270185
2014-07-03,3.7850371933542936e-05,0.6647735276928565,8.889261362502826e-05,1.0140146027116146,3.856040887734768e-05,2.7432540369638007e-05,1.0187590479969766
2014-07-07,3.637233936281704e-05,0.6522179825541917,8.647690527222146e-05,1.04009669562127,3.657871591314639e-05,2.9117569236538744e-05,1.0056739971622592
2014-07-08,3.904012916123487e-05,0.6469660914125961,8.591268280169818e-05,1.0014637797285737,3.746845474983678e-05,2.701193010082366e-05,0.9597420796199955
2014-07-09,3.921043801203444e-05,0.6418848078626155,8.395659883325857e-05,0.9922952077110784,3.682861290194214e-05,2.6934157097111304e-05,0.9392553301913824
2014-07-10,3.784415060760939e-05,0.6393816654968655,8.327640297128913e-05,0.9470708012139162,3.589389091974194e-05,2.6063811067161862e-05,0.9484660203345849
2014-07-11,4.137743263306523e-05,0.6495603697177647,8.60112184927025e-05,0.9380845912516432,3.8750636513801864e-05,2.71750569173206e-05,0.9365162130150081
2014-07-14,3.5819786180035966e-05,0.6381811467915578,8.707690631831454e-05,0.9217752333041638,3.5641580978584706e-05,2.6900767204350068e-05,0.995024950719818
2014-07-15,3.740515266448331e-05,0.6201572915165516,8.51327295796875e-05,0.8645963064008912,3.4995793821990414e-05,2.633181346824348e-05,0.9355875147976441
2014-07-16,4.331224214055195e-05,0.6179356590410016,8.645175907538992e-05,0.832338492938784,3.781251010811429e-05,3.006212456188332e-05,0.8730213038939301
2014-07-17,4.7474517764657056e-05,0.6070330615948417,8.972959007605401e-05,0.7837216089147445,3.961963480281489e-05,2.7130805061267494e-05,0.8345452817281732
2014-07-18,4.82618636397603e-05,0.6137659569803682,8.713048346363111e-05,0.8820878216897042,3.9800625947462494e-05,2.8544160074226413e-05,0.8246806680435139
2014-07-21,3.56854935741795e-05,0.6229224553459767,8.865069465730348e-05,0.8433155945751324,3.50365158774556e-05,2.7352145463473164e-05,0.9818139632740439
2014-07-22,3.6878426197529086e-05,0.6279104551579935,8.474180250870381e-05,0.9023177329493132,3.510207200074089e-05,3.245889902951097e-05,0.9518321582576857
2014-07-23,3.8554343811198455e-05,0.6312186326436638,8.153474759089789e-05,0.912186133216233,3.53905925059372e-05,3.2665897172993354e-05,0.9179404707092352
2014-07-24,3.79220014302475e-05,0.6412017583793759,8.068504742344374e-05,0.9202871676544236,3.54680130095995e-05,3.566671725858009e-05,0.9352885309821586
2014-07-25,3.58816002468109e-05,0.6436172884375727,8.107959258216343e-05,0.9200430452894436,3.471517684137186e-05,3.526755712313115e-05,0.9674924363067472
2014-07-28,3.90148494586092e-05,0.6599435911549925,7.90423379529583e-05,0.9383050858544058,3.664811758685084e-05,4.083644428273793e-05,0.9393376648993808
2014-07-29,3.5953585678647994e-05,0.6689127506709865,7.750171213732666e-05,0.9471241928598492,3.530987885960602e-05,4.762809292925769e-05,0.982096171859035
2014-07-30,3.539196672747045e-05,0.6791107366046871,7.65309805596891e-05,0.9432470158635222,3.5343665153286735e-05,5.57373260233664e-05,0.998635239048577
2014-07-31,4.5379445989039353e-05,0.6650800463701604,7.713479521500384e-05,0.9872601082628908,3.934854505434766e-05,5.2549019501700643e-05,0.8671006046184796
2014-08-01,4.584672797284814e-05,0.668447212733414,7.604288191349177e-05,0.9762674675272608,3.946849565581943e-05,5.752565640265394e-05,0.8608792252130599
2014-08-11,3.847004227028839e-05,0.695204734595491,7.911970040008923e-05,0.960151023798454,3.835450392135168e-05,5.6408628352823216e-05,0.9969966669616597
2014-08-12,3.841634430365733e-05,0.7100781023116083,7.95665063280635e-05,0.9255412619474626,3.925810045662056e-05,5.5129792104781696e-05,1.0219114069342379
2014-08-13,3.776559449586869e-05,0.7137510632500702,7.994946434003936e-05,0.9172981819347504,3.921955937977945e-05,5.3415207085650795e-05,1.038499721858471
2014-08-14,3.862814115860239e-05,0.7176474589906562,7.918928389968373e-05,0.9817830049466334,3.969138597459734e-05,6.0040423684610556e-05,1.027525135409167
2014-08-15,3.923523389055349e-05,0.7234283734244628,7.893034220964497e-05,0.9796055022166824,4.025832058711843e-05,6.23075140681476e-05,1.0260757129527718
2014-08-18,5.8802594173761744e-05,0.7336122685002893,8.147809118930933e-05,0.9392556866902676,5.077912952017362e-05,6.670970000409678e-05,0.863552539367927
2014-08-19,5.790352204668287e-05,0.7417607216339497,8.229704593639216e-05,0.9564655476483404,5.120453731062548e-05,6.81760204975816e-05,0.884307819295404
2014-08-20,5.609710643686182e-05,0.749075177111099,8.545185279810833e-05,0.9436418931690248,5.1862849873928806e-05,7.018355635702839e-05,0.9245191627183349
2014-08-21,5.441563613273725e-05,0.7536491973461412,8.604764226866882e-05,0.9456945276282354,5.1570409946569864e-05,7.149821814036285e-05,0.947713076821762
2014-08-22,5.0059045313325706e-05,0.7582416049575877,8.741959645115977e-05,0.9434163832355412,5.015951062605883e-05,7.131733450626377e-05,1.002006936251067
2014-08-25,6.652021183637015e-05,0.7780705712632277,8.852426746714517e-05,0.9591815419832246,5.9707236689363946e-05,7.486173160706826e-05,0.8975803750630694
2014-08-26,6.338834696697776e-05,0.7844543540017681,8.914605866786008e-05,0.9638033931250702,5.896895946268899e-05,7.524219738441964e-05,0.9302807579665857
2014-08-27,6.228211919321129e-05,0.7892019095250594,9.020845226108774e-05,0.9535990624100203,5.915526903059898e-05,7.537775977889942e-05,0.9497953794264417
2014-08-28,6.139493236265438e-05,0.7905424195153642,9.088367000032102e-05,0.936999768425106,5.90519671193808e-05,7.679439228258028e-05,0.9618378072406059
2014-08-29,6.15753093611576e-05,0.7925625443570274,9.128307914975617e-05,0.9391140326976736,5.941990950404559e-05,7.681538280214394e-05,0.9649957120885915
2014-09-02,7.761239871585492e-05,0.8001733896518605,9.280154589433354e-05,0.9349463301637572,6.790898869084243e-05,7.673647066930695e-05,0.8749760323664595
2014-09-03,7.595624179294328e-05,0.8055481838347576,9.349190394806277e-05,0.9341277374219652,6.788287995099148e-05,7.746764932456004e-05,0.8937103567609389
2014-09-04,7.498131031863036e-05,0.803109925470708,9.474050974594397e-05,0.9524347267587604,6.768919739797806e-05,7.922396730142079e-05,0.9027475928379387
2014-09-05,7.387822741090312e-05,0.7935977883372056,9.591415681613285e-05,0.9513669917286623,6.680362643553263e-05,7.876284753627268e-05,0.9042397033158052
2014-09-08,7.348698808482049e-05,0.7900392230090784,9.667097367328881e-05,0.9521524539269935,6.658891270247865e-05,7.881994018828812e-05,0.9061320165363165
2014-09-09,8.133593066383054e-05,0.7999582802858802,9.644908640730957e-05,0.9500162350408372,7.085289784966164e-05,7.764867448232233e-05,0.871114368169016
2014-09-10,8.008754908927675e-05,0.7928038003482336,9.590561782625025e-05,0.948803877440849,6.948167006156774e-05,7.736919262410888e-05,0.8675714371545291
2014-09-11,7.945435898388616e-05,0.7857092416625683,9.500292395716571e-05,0.9475366965745252,6.826360373017052e-05,7.726519172147324e-05,0.8591549236966949
2014-09-12,7.986652544186676e-05,0.7871601554791551,9.400184484622921e-05,0.9471181836014986,6.820460323484051e-05,7.636346735894142e-05,0.8539823518989226
2014-09-15,7.976789477234261e-05,0.7775444260216168,9.269114303677567e-05,0.9481906094191884,6.685877212868498e-05,7.641205928406991e-05,0.8381664367537812
2014-09-16,8.12776222335961e-05,0.7821280930426059,9.65579337525363e-05,0.954258240366086,6.928789417274471e-05,7.644183048133245e-05,0.8524842665009037
2014-09-17,8.038458733415224e-05,0.792392998568216,9.701601298370795e-05,0.955202789608116,6.997593887886934e-05,7.66011594632842e-05,0.8705143759460381
2014-09-18,8.052555846541116e-05,0.7965735179655026,9.9057773736231e-05,0.9639446245154556,7.114379347230398e-05,7.682064073650342e-05,0.8834933259464819
2014-09-19,7.686942885417954e-05,0.8032101049530537,0.00010067898047838282,0.9785565430446038,7.066028669632524e-05,7.767208650189236e-05,0.9192248173245442
2014-09-22,7.562338268336147e-05,0.8044035948994436,9.990442503989267e-05,0.9763046851712832,6.991887229359386e-05,7.597331587509717e-05,0.9245668444421131
2014-09-23,7.716105522203933e-05,0.8043802805682702,0.00010105949192075239,0.9853128856999184,7.103118331110575e-05,7.573621122477604e-05,0.9205574380327717
2014-09-24,7.845740621167833e-05,0.8094593761643256,0.00010246646316027332,1.006897881685271,7.257765034475828e-05,7.637904961956957e-05,0.9250579881387303
2014-09-25,8.684570042440597e-05,0.8009088668709764,0.00010247659608124633,1.029783299299332,7.555611317506831e-05,7.133909407127383e-05,0.8700040739591411
2014-09-26,7.784867175631449e-05,0.8058237316803755,0.00010137258265799556,1.0666726842718215,7.158564005811049e-05,7.429958078386955e-05,0.9195486376722157
2014-09-29,7.945972408695768e-05,0.7984500529997612,0.00010256644794944022,1.052492404243415,7.208152032785885e-05,7.384084675428022e-05,0.9071453639705014
2014-09-30,7.034453028421699e-05,0.8004290561541554,0.00010212198106840758,1.0742836487641263,6.78418415196008e-05,7.52108927065706e-05,0.9644224113160693
2014-10-01,6.051441443903661e-05,0.7930504261111196,0.00010786961285723837,1.0676702244614271,6.407369660289603e-05,6.944913816477563e-05,1.0588170966678545
2014-10-02,5.727685640094654e-05,0.7710857829118053,0.00010904814039650252,1.067016767176766,6.093985475135983e-05,6.936399541703689e-05,1.0639525033422181
2014-10-03,5.732458945014978e-05,0.7463265598552087,0.00011137557009888632,1.0783317265632075,5.963405532468094e-05,6.939583067875648e-05,1.0402875257665736
2014-10-06,5.950629355094935e-05,0.7331062354686317,0.00011191117791032428,1.076020102801652,5.982532919641121e-05,6.919779357429336e-05,1.0053613765271516
2014-10-07,5.823383972398379e-05,0.7517848912463342,0.00011213885026189212,1.0463811451539635,6.0751828850671794e-05,6.777946492086235e-05,1.0432392770015295
2014-10-08,6.403572465426801e-05,0.7601965922101757,0.00011361901048943804,1.046774936646076,6.484292303280869e-05,6.18305776954579e-05,1.0126054383377214
2014-10-09,6.579132724406009e-05,0.7663511060217892,0.00011392698467649027,1.0918651780946138,6.634762997317057e-05,6.0960348048685974e-05,1.0084555632545125
2014-10-10,6.388921163395802e-05,0.7592462332857631,0.00010909537424745318,1.0653285187942805,6.338690965198646e-05,5.7222568115304666e-05,0.9921379217378763
2014-10-13,7.100010076144222e-05,0.7485651957516841,0.00010488505585410252,1.0853847058412167,6.459753119442283e-05,5.266219012774028e-05,0.9098230918216329
2014-10-14,5.126108009219706e-05,0.7319748887365433,9.772264115627126e-05,0.9889496872154144,5.180690606424863e-05,5.526928174286642e-05,1.0106479608129573
2014-10-15,4.732231652345586e-05,0.7071871109165663,9.58407354631095e-05,1.0078008341271718,4.7625813131634425e-05,6.613852376851484e-05,1.0064133928868029
2014-10-16,5.30327919984953e-05,0.6897869130438508,9.334808769346915e-05,0.982384148343064,4.8533309743801196e-05,6.453039471084301e-05,0.9151566024503902
2014-10-17,4.626798859027275e-05,0.683976681990459,9.748358439144831e-05,0.9388111452043316,4.5935383944765703e-05,5.985171365894424e-05,0.992811344178965
2014-10-20,4.9165393824874467e-05,0.6652842994511722,9.559256151180002e-05,0.9357665397636562,4.560884613106483e-05,5.8432659192557635e-05,0.9276615640163904
2014-10-21,6.127847379397686e-05,0.6816084187289752,9.390623678051149e-05,0.9410396944054112,5.170542764220221e-05,5.197845074267203e-05,0.8437779931667359
2014-10-22,6.0122674099070425e-05,0.691549160940782,9.324614787955919e-05,0.9293596817404688,5.177947620256584e-05,4.976312837945456e-05,0.8612304256002216
2014-10-23,6.055871725038731e-05,0.7009180567638794,9.110749344587905e-05,0.928535733464762,5.206341257326632e-05,4.76418545686941e-05,0.8597178893007901
2014-10-24,5.99990058104541e-05,0.7096866656743752,9.119479932089843e-05,0.9199012788551724,5.249569724782916e-05,4.7325084406192754e-05,0.874942785113323
2014-10-27,5.8561423507449295e-05,0.7181513041951918,8.996968880379123e-05,0.9242811588285336,5.2127857468340334e-05,5.0009175203713694e-05,0.8901398624934282
2014-10-28,5.4522480778452264e-05,0.7263512112088147,9.141768662557962e-05,0.906389816275776,5.128018491974756e-05,4.681294282128959e-05,0.9405328625474781
2014-10-29,5.3729820257279105e-05,0.720115904571802,9.117874293019641e-05,0.9063966838595452,5.040305923626742e-05,5.401235983937527e-05,0.9380835259622706
2014-10-30,5.3551839514494966e-05,0.7137804057659626,9.04707830729695e-05,0.958385380830573,4.968279195070972e-05,5.8327208038506424e-05,0.9277513601985977
2014-10-31,5.56093263598845e-05,0.7090653257470656,8.993832763499172e-05,0.9295705139690495,5.01455581088946e-05,5.707966844489106e-05,0.9017472677940699
2014-11-03,5.4562010343014535e-05,0.7066215494357609,8.919333150800643e-05,0.9138498309382744,4.929447577158259e-05,6.23492500289346e-05,0.9034578356201215
2014-11-04,6.02491600622342e-05,0.714294936553928,8.97578301709131e-05,0.9338237878353636,5.2527803719729706e-05,6.490709641816582e-05,0.8718429213863108
2014-11-05,6.0354415020847636e-05,0.7185211147450586,9.004586652186145e-05,0.9144909078628742,5.296950912791666e-05,6.413746730529926e-05,0.877640999579234
2014-11-06,5.86925643313682e-05,0.7101102262955235,9.375749120146399e-05,0.8901479550517981,5.2676910806384654e-05,6.225629544237989e-05,0.8975056961045321
2014-11-07,5.828791566618652e-05,0.7127730421535596,9.280904067974274e-05,0.8812161546708561,5.242466578188689e-05,6.229390010465496e-05,0.899408825701054
2014-11-10,5.7340540123530906e-05,0.7129586375270975,9.234465361688908e-05,0.8745832294863456,5.1880135647269375e-05,6.311115879323842e-05,0.9047723571403762
2014-11-11,6.57571982494724e-05,0.7176512192554265,9.206582490910014e-05,0.8401366502050144,5.58385718144188e-05,6.403994658419962e-05,0.8491628795158837
2014-11-12,6.673646336542344e-05,0.7204645332704308,9.216423649423065e-05,0.8501405217419694,5.6503508458014595e-05,6.48964562177393e-05,0.8466662092748745
2014-11-13,7.11343776232816e-05,0.7196070612280518,9.296152911994338e-05,0.8599834212421719,5.851764146442362e-05,6.614877531256731e-05,0.8226351789331092
2014-11-14,6.859476809423724e-05,0.71932817839627,9.301038483348553e-05,0.8568420317288978,5.7456383966725046e-05,7.012661905098965e-05,0.8376205002659971
2014-11-17,6.853595565786147e-05,0.7172827876733141,9.354299028833639e-05,0.8327435668880488,5.7432175876089607e-05,6.874968049028032e-05,0.8379860662160593
2014-11-18,7.650833651469074e-05,0.7188513104886785,9.568998675184778e-05,0.8163858796176295,6.150730461965878e-05,6.688918808337378e-05,0.8039294464054706
2014-11-19,7.466095393809579e-05,0.7208610425187095,9.654381355322339e-05,0.8014488605601436,6.120128597975924e-05,6.877010061700731e-05,0.8197227968785871
2014-11-20,7.31046489834875e-05,0.7234607004252442,9.712436772691069e-05,0.8342273649468134,6.0960924531844215e-05,7.444238134971788e-05,0.8338857429657279
2014-11-21,7.04730363634149e-05,0.7227116895664324,9.78758339941707e-05,0.8409099321758675,6.002253160852708e-05,7.619448617607255e-05,0.8517091742578434
2014-11-24,6.987047932397521e-05,0.7152044568779299,9.762577695806442e-05,0.826969742149998,5.90689600780975e-05,7.739785366658096e-05,0.8454065386356767
2014-11-25,8.166110492431963e-05,0.7135591609025532,9.889963103103492e-05,0.8423078369071731,6.41261176905454e-05,8.207695267799765e-05,0.785271246941552
2014-11-26,7.228929035700332e-05,0.7163574932696245,9.921142642407375e-05,0.8436492935011521,6.0666317780230405e-05,8.623082993946136e-05,0.8392158434621168
2014-11-28,6.63644735069259e-05,0.693704014741739,9.883153411960036e-05,0.8453902006215422,5.6181043697295493e-05,8.658110375164358e-05,0.8465529933185162
2014-12-01,6.796408095783602e-05,0.6893361850853404,9.95524912011032e-05,0.8455224235849708,5.670180273831931e-05,8.769704239850171e-05,0.8342907303270434
2014-12-02,6.956629167082881e-05,0.6832270524934086,9.60780915072304e-05,0.8471418566600233,5.5856878820505675e-05,8.719700136986876e-05,0.8029302335793199
2014-12-03,9.973973303376368e-05,0.7101764930240354,0.00010013102315932923,0.8283032320536635,7.097162034052233e-05,8.527202371006669e-05,0.7115681803208473
2014-12-04,7.195368455764464e-05,0.7166537781475494,9.554041975952566e-05,0.8164379091935933,5.941956748595774e-05,8.620756673716417e-05,0.8258029849514464
2014-12-05,6.914099334132158e-05,0.7250972800316016,9.391261694405994e-05,0.8180750286658632,5.842867726926466e-05,8.633288657273744e-05,0.8450656324942502
2014-12-08,6.652863915801598e-05,0.7293350263251519,9.359198643453889e-05,0.8053341058535072,5.755071499992595e-05,8.580254719076784e-05,0.8650517390448037
2014-12-09,5.578278936298998e-05,0.7296491961394053,9.25474442579053e-05,0.8110876323267193,5.24259654322825e-05,8.666517423431762e-05,0.939823304480815
2014-12-10,7.622608908783083e-05,0.7367676058855337,9.517384399874041e-05,0.8171551868617934,6.275396149379208e-05,8.214643081318968e-05,0.8232609365736236
2014-12-11,6.0199482263474304e-05,0.7385839653914701,9.540781480331387e-05,0.8145893801416948,5.5974242825358775e-05,8.154248296663985e-05,0.9298126947400813
2014-12-12,5.635062229218622e-05,0.7464490669648502,9.890191049977553e-05,0.7896949186507922,5.572523109928213e-05,7.384181389954952e-05,0.988901787283531
2014-12-15,5.5088696774690915e-05,0.7469106869426335,9.54210164329743e-05,0.7821699264586479,5.4152927796387473e-05,7.241329772241755e-05,0.9830134123134067
2014-12-16,5.154869882225274e-05,0.7433563356616782,9.415528456147499e-05,0.7889249426239983,5.178789408568282e-05,7.14915353885682e-05,1.0046401804292842
2014-12-17,8.951914955443635e-05,0.7323015663550696,9.500420630665378e-05,0.8317160414224448,6.753351490391889e-05,6.918667499775071e-05,0.7544029991354191
2014-12-18,9.913276275332198e-05,0.7351393210381804,9.750732742876376e-05,0.8284795851092553,7.227646183270572e-05,5.84531475076126e-05,0.7290875370088856
2014-12-19,7.377698274922788e-05,0.7119254548487806,9.501628150477491e-05,0.8397715215990708,5.9606549402478554e-05,5.9244799725392636e-05,0.8079288035549593
2014-12-22,6.996587850894997e-05,0.7119209407009707,8.794038040288118e-05,0.8316010851948599,5.5843043969551775e-05,5.8619764062763914e-05,0.7981468275626439
2014-12-23,6.063494070426503e-05,0.7115905119281025,8.59966031097734e-05,0.8289276392023633,5.138451665862132e-05,5.906985254300431e-05,0.8474407010512169
2014-12-24,5.292955813268682e-05,0.7143500564940475,8.377598656344234e-05,0.8373231443086326,4.756855873478452e-05,6.00542065640163e-05,0.8987144501667096
2014-12-26,5.0003308753932844e-05,0.7218826261171595,8.361186655685905e-05,0.8470072449343738,4.667667594077122e-05,6.097086478522917e-05,0.9334717462491924
2014-12-29,4.966432774890378e-05,0.7258074851793154,8.459916707584062e-05,0.8500562478155403,4.704644010641304e-05,6.118041228131473e-05,0.9472883705236799
2014-12-30,4.653062419950052e-05,0.728804606041493,8.520749326754313e-05,0.8642559513526905,4.5890146320916086e-05,6.560448818650192e-05,0.9862353473738418
2014-12-31,4.3755181092948726e-05,0.7300813516379887,8.72172586279215e-05,0.8606711871499617,4.510110830632062e-05,6.364105409516008e-05,1.0307604077906283
2015-01-02,6.483180836307134e-05,0.728905501453912,8.855645885240885e-05,0.8803319880117131,5.523004751483107e-05,7.052122892058987e-05,0.8518973773727173
2015-01-05,8.284505496642122e-05,0.7315058098211185,9.297106279512357e-05,0.8628624019683636,6.419851358434416e-05,6.263656206365285e-05,0.7749226988909008
2015-01-06,7.372029621424698e-05,0.731885529424345,9.798148910626166e-05,0.8084524396737498,6.22026252040908e-05,5.9527624456755884e-05,0.8437652640911348
2015-01-07,7.097584833724285e-05,0.7277452754066228,9.76708723461911e-05,0.8676491671963833,6.059227014125673e-05,6.204243974025776e-05,0.8537026546460087
2015-01-08,6.58935484829367e-05,0.7280620166395738,9.898494561527663e-05,0.9076018106626824,5.8799603364545884e-05,6.221788328840153e-05,0.8923423418268663
2015-01-09,5.142752848602693e-05,0.7301306582070018,9.900335076422592e-05,0.8903385396150553,5.2098276739644216e-05,5.983333224919764e-05,1.013042591650103
2015-01-12,5.214866604959718e-05,0.7295417179948571,9.734865199702106e-05,0.907840814109648,5.198005138849758e-05,6.217268203928173e-05,0.9967666543773289
2015-01-13,5.1084978694142575e-05,0.7332260821837251,9.230257621139877e-05,0.919537686434114,5.0349066718905576e-05,6.330496784323336e-05,0.9855943568139066
2015-01-14,5.779000718727771e-05,0.7314731035623163,9.234325533127332e-05,0.9213646011450344,5.3435186082127496e-05,6.265734825747534e-05,0.9246440463134444
2015-01-15,5.577655409897309e-05,0.7308157995102217,9.299892073292746e-05,0.9152589936519956,5.2634769086223124e-05,6.022359702070743e-05,0.9436719413111286
2015-01-16,7.006830803083834e-05,0.7330539089015505,9.451072930841286e-05,0.9760965122705334,5.965368634696794e-05,6.198144132493652e-05,0.8513647328363241
2015-01-20,6.698197984101967e-05,0.7344556640192721,9.660083838211203e-05,0.9750691470314792,5.9079256652644464e-05,6.708924864676223e-05,0.8820171752591943
2015-01-21,5.396910834789416e-05,0.7369571483638055,0.00010031455150262462,0.97350972455329,5.422465844901565e-05,6.66469971726357e-05,1.0047351180878175
2015-01-22,5.806897077464812e-05,0.734153111611848,0.00010278077370626758,0.9991472893921692,5.671718261290385e-05,6.362935813551424e-05,0.9767209898210485
2015-01-23,5.910063936486745e-05,0.7251388629075465,0.00010381851456612747,1.0163286197784849,5.680082925552096e-05,6.729395287406534e-05,0.9610865443409463
2015-01-26,6.288399592442454e-05,0.7470535911958777,9.977898797016227e-05,1.0259425166902274,5.917542293804889e-05,6.971840799060095e-05,0.9410251697294698
2015-01-27,6.964065036165525e-05,0.763064173036739,9.939692449052895e-05,1.0433201087516313,6.348614341051802e-05,6.691739640555156e-05,0.9116247921411434
2015-01-28,7.988841611727443e-05,0.7782259512968032,0.0001021025844664519,0.9973527653573058,7.028553939023514e-05,6.010393991766398e-05,0.8797963810805501
2015-01-29,8.021798542057233e-05,0.7863050531766449,0.000102217997673603,1.0015739310655498,7.12017432748569e-05,5.953750441177287e-05,0.8876032338827203
2015-01-30,7.830236811365751e-05,0.7891737581437074,0.00010152657443320725,1.0316817370506248,7.036390772707888e-05,5.7387109303405145e-05,0.8986178760895738
2015-02-02,6.708254753246161e-05,0.7987153532199829,0.00010133292033509043,1.0247191920433396,6.585247250015622e-05,5.404837099686251e-05,0.9816632629863953
2015-02-03,8.067150173734702e-05,0.8036972719080265,9.981523126389107e-05,1.0955664571445036,7.211921213267848e-05,5.341269270195326e-05,0.8939862352815325
2015-02-04,7.910110058857453e-05,0.8074650346745174,9.762530186691246e-05,1.2907960820387048,7.095715320411349e-05,6.307996817984018e-05,0.8970438170409305
2015-02-05,8.520627788871464e-05,0.8102959470662154,9.602470318505957e-05,1.3653902802490987,7.32944264099255e-05,6.466637691390668e-05,0.8601998376886401
2015-02-06,8.507292515013707e-05,0.8098580538507951,9.477057924618833e-05,1.368130829857139,7.271790459603587e-05,6.456363566069644e-05,0.8547714148502945
2015-02-09,6.296753465448077e-05,0.7115637513059535,0.00012730885255249106,1.3563252251904634,6.370909895562466e-05,6.371591218672802e-05,1.0117769308456022
2015-02-10,6.653518645016198e-05,0.6501545234774626,0.00015484964872263863,1.4249480807231734,6.599292680609476e-05,6.365802925020861e-05,0.9918500319455271
2015-02-11,6.58212274519105e-05,0.6091672045354724,0.00017756493848726594,1.3488336567580828,6.58564187809027e-05,6.453317766908462e-05,1.000534650147901
2015-02-12,6.625281595902424e-05,0.6118299032162378,0.00018528877719089633,1.2967489005279438,6.778871911710698e-05,6.178257835851192e-05,1.0231824585242182
2015-02-13,6.59493776327874e-05,0.6115108822586948,0.00019559335745681549,1.2985607283483915,6.94522934485238e-05,6.142525540479672e-05,1.0531152217272008
2015-02-17,5.2818371217651516e-05,0.5958168675933223,0.0002136790804874328,1.3077241299128195,6.329746237439332e-05,6.249593724398569e-05,1.1983986047877175
2015-02-18,4.925751255554142e-05,0.587438483956663,0.0002315696083132827,1.2998300263332565,6.273926308028935e-05,6.229330146881345e-05,1.2736993775222871
2015-02-19,5.2538640297651296e-05,0.5815317427452013,0.0002362668394720335,1.289498542430129,6.479093181685678e-05,6.191531786766553e-05,1.233205340865154
2015-02-20,5.811623348480445e-05,0.5830297762956648,0.0002539728180877683,1.2786896222420434,7.083258384689821e-05,6.0899520834164474e-05,1.2188089213561764
2015-02-23,5.7842904366347e-05,0.5868653498925994,0.00027140447077149605,1.2834597876707334,7.353126081185731e-05,6.142236766617067e-05,1.271223525467331
2015-02-24,5.363774172174018e-05,0.5521405544298026,0.0002896738785737838,1.2738078153784027,6.882394400298252e-05,6.119745916962438e-05,1.2831253105327352
2015-02-25,4.6420168910813084e-05,0.528663344057145,0.0003060154367111803,1.2306047418601904,6.300923753350454e-05,6.181816447290335e-05,1.3573676919307203
2015-02-26,6.082008377129165e-05,0.5188654774354605,0.0003063666702127473,1.2013572112955395,7.08270316881016e-05,6.361777435913803e-05,1.1645336095629226
2015-02-27,6.477291200020017e-05,0.5145237219063085,0.00031664447558430847,1.2040251724021858,7.368652419755578e-05,6.366171243657611e-05,1.137613269530449
2015-03-02,7.10002492943561e-05,0.5163719105309941,0.0003246257043200416,1.215028890793243,7.839421196428763e-05,6.668679256046134e-05,1.1041399536398429
2015-03-03,6.22129036386534e-05,0.5100080472024628,0.0003348646328238667,1.2063418705965734,7.361255725602774e-05,6.621268605316853e-05,1.1832361608386919
2015-03-04,6.357489191775788e-05,0.5282258508641667,0.00034280008593866475,1.204160953758242,7.797994556112231e-05,6.614428514597405e-05,1.2265840052390364
2015-03-05,6.337223751236057e-05,0.5455424336456046,0.00034628822787062226,1.1761598359200076,8.081592000721328e-05,6.915474543664742e-05,1.2752574815028483
2015-03-06,6.737776824421294e-05,0.5586206300466523,0.0003551765994231591,1.200568047970624,8.641665537419711e-05,6.563092913431932e-05,1.282569275090518
2015-03-09,6.459093954914395e-05,0.5647685727815688,0.0003522375104852614,1.187123137203382,8.518715696131253e-05,6.476902772815411e-05,1.31887161815471
2015-03-10,6.248974140729342e-05,0.5396176136847628,0.0003599776964117287,1.1857939898838177,8.093349170938747e-05,5.7171397466370755e-05,1.2951484497572494
2015-03-11,5.4252554100076106e-05,0.5168116990439025,0.00034467341580059186,1.1630818477017983,7.067182795002096e-05,5.831768774150261e-05,1.3026451772142802
2015-03-12,5.508043688697334e-05,0.5094171464159051,0.00032862787991636135,1.2040108025431673,6.853689881967672e-05,5.6473123736733e-05,1.2443056499409477
2015-03-13,5.707193087433516e-05,0.5101841098120905,0.00034099149091798846,1.1737915397943712,7.11721330285737e-05,5.3967936749260524e-05,1.2470601912047679
2015-03-16,5.2149496476829495e-05,0.5113189915189185,0.00034689920723332616,1.1760241845669808,6.87731057284229e-05,4.9807256125679835e-05,1.3187683558743357
2015-03-17,4.691748238540657e-05,0.4897630209000236,0.0003445944860843482,1.1634207736488855,6.227410617761345e-05,4.899285708453705e-05,1.3273113349531191
2015-03-18,5.051902620859181e-05,0.4772950988559178,0.0003500650566556568,1.1761573864767234,6.34729730572677e-05,4.6140761046802186e-05,1.2564171921127174
2015-03-19,5.142834644805491e-05,0.4672780556963514,0.00035129742766629277,1.1526064670436735,6.280788244172742e-05,4.4779979573162093e-05,1.2212697234037337
2015-03-20,5.066833282542825e-05,0.4608466679019945,0.000347074160845511,1.1310177240443005,6.111332318692146e-05,4.661690218316856e-05,1.2061443465582375
2015-03-23,5.007282454924587e-05,0.45874522561376935,0.0003407035830922507,1.0746997469092183,5.99185027889454e-05,4.62951942500176e-05,1.1966271790802705
2015-03-24,4.2218867344400384e-05,0.44486956651992254,0.00034039299731411033,1.061139620087883,5.333057843298636e-05,4.49034608053802e-05,1.2631930174237551
2015-03-25,4.692159710753298e-05,0.43538697771511475,0.00034260543941788766,1.091584652131926,5.520252654533824e-05,4.154637089171794e-05,1.1764843898818569
2015-03-26,4.732340893496746e-05,0.4287333755053344,0.00033953379253018616,1.0830576473132143,5.434590261210795e-05,4.104833201904914e-05,1.1483936562302792
2015-03-27,4.354358066573599e-05,0.42997272570067235,0.00033481255135931967,1.0830790554459238,5.19163130681043e-05,4.104726002312222e-05,1.1922839664161273
2015-03-30,4.5502666776921666e-05,0.4364387001924026,0.0003330942637601439,1.1194084801868318,5.37310411016e-05,3.9099404031757615e-05,1.180832793054047
2015-03-31,3.983451498744685e-05,0.42584019099452575,0.0003349767098893402,1.1056494065188742,4.919078136685148e-05,3.8486559665555426e-05,1.2348783807799113
2015-04-01,4.176214734580363e-05,0.41809314262377867,0.00032997234252495967,1.1128404751218648,4.907984981610344e-05,3.845504242846944e-05,1.1752233286690683
2015-04-02,4.894523588776545e-05,0.40890154057332,0.00031130696220848527,1.1021045670415754,5.047407590879142e-05,3.887808840934251e-05,1.031235726895498
2015-04-06,4.8199312485919956e-05,0.40511473514701524,0.00031173039225588947,1.0999367293790483,4.9657864000344775e-05,3.7717296239660994e-05,1.030260836497427
2015-04-07,4.533264144371158e-05,0.4038405281305421,0.000313308422614019,1.0624863041699792,4.812840275047032e-05,3.953514868834371e-05,1.0616721465531667
2015-04-08,4.177649686660928e-05,0.3941067869509678,0.00031441288327715104,1.0563380566861469,4.5167919881993e-05,3.9288443065148264e-05,1.0811801675524015
2015-04-09,4.664355209638432e-05,0.38548228640131305,0.0003418185501911382,0.9904181329457786,4.8674113255565186e-05,3.786030781316225e-05,1.0435335875575023
2015-04-10,4.853778747139849e-05,0.4101678329803415,0.0006747218641823161,0.6813739485890227,7.4227353737138e-05,2.5876448975272766e-05,1.5292694126380897
2015-04-13,4.467938122611643e-05,0.41701936424815805,0.0006496387621061779,0.5982281362130321,7.104700286771897e-05,2.2838028122004322e-05,1.5901518982136191
2015-04-14,4.646938254229903e-05,0.4241567539153474,0.0005729756523516472,0.596292419801699,6.921144579337758e-05,2.275096795077772e-05,1.4893988688224435
2015-04-15,4.691423215315267e-05,0.4665114362646253,0.0004200754839202063,0.6132674080523379,6.54904944256052e-05,2.4581363608775864e-05,1.3959621935580202
2015-04-16,4.176974619173272e-05,0.5334998453487285,0.00030425033798499106,0.6062707208367488,6.014239943976594e-05,2.5528349685963654e-05,1.4398555156092767
2015-04-17,4.332386275975345e-05,0.5724220123980439,0.00025435341533289565,0.6570876312147774,6.0089514983822866e-05,2.5943407939009814e-05,1.3869842427726504
2015-04-20,4.305137811564542e-05,0.5968047278847172,0.00021843111031663497,0.7347849118501002,5.787393747183783e-05,2.772870946393438e-05,1.3442993001612114
2015-04-21,4.4326391543702614e-05,0.6121046193976594,0.0001902236893323456,0.7476887384342475,5.620683700584539e-05,2.9128182595980524e-05,1.2680219401669435
2015-04-22,3.760113128202133e-05,0.6361096313650434,0.0001663382087887531,0.7389603495242784,5.0307002065101845e-05,2.8542130806595646e-05,1.3379119284412522
2015-04-23,3.981692672329287e-05,0.655083750771057,0.00014557297830803718,0.745583019312873,4.987364143627727e-05,2.8681315645761944e-05,1.2525738559099096
2015-04-24,4.472325784062566e-05,0.6777062248225869,0.00012717936153320227,0.7632115900581825,5.111125100144311e-05,3.672883251923794e-05,1.1428338065974866
2015-04-27,4.8016264703360416e-05,0.6888923615535364,0.00011441070307176587,0.767489314691781,5.1059773347582357e-05,3.683798260886215e-05,1.0633849522245102
2015-04-28,4.837591330570472e-05,0.6938873463299718,0.00010503085423257866,0.7458569551027906,4.946089894037985e-05,3.678623615946776e-05,1.0224282201726862
2015-04-29,4.7158652268819175e-05,0.7043916418999321,9.553389694296683e-05,0.7480397702282849,4.727958255634436e-05,3.666083775433042e-05,1.0025643287436596
2015-04-30,4.7296624411946914e-05,0.705027189955055,8.514657655614496e-05,0.8023598498696445,4.474088133224581e-05,3.7691808664150266e-05,0.9459635204102318
2015-05-01,5.0018555724514286e-05,0.6972481694490248,8.057737170631189e-05,0.8057325597624491,4.426490180377552e-05,3.640160459090172e-05,0.884969611029395
2015-05-04,4.992916004912971e-05,0.6799233329142367,7.615739673045485e-05,0.8690729841790406,4.1926935489906356e-05,4.436270906859847e-05,0.8397284362214534
2015-05-05,5.102770643270727e-05,0.6576016799921237,7.39876347121751e-05,0.8608278417157053,4.0405967488329065e-05,4.171150977258144e-05,0.7918436926342043
2015-05-06,5.61480236098465e-05,0.656702369418636,7.179077973124233e-05,0.8560051135428396,4.169367294118548e-05,4.435126555160746e-05,0.7425670622157713
2015-05-07,5.2055366505413186e-05,0.654087838674089,7.089998297183385e-05,0.840544062945661,3.973670883901282e-05,4.554430829694998e-05,0.7633547030137736
2015-05-08,4.9463315458690945e-05,0.6474020564881747,7.088835914538633e-05,0.8407944227803692,3.833567796324183e-05,4.2645999506886676e-05,0.7750325187008076
2015-05-11,4.237087867236375e-05,0.6429302955242032,7.037625376870583e-05,0.8146410608664644,3.5108372558475765e-05,4.090169519769277e-05,0.8285967546237145
2015-05-12,4.7490306282055044e-05,0.6427132476513505,6.96342554809795e-05,0.8365630425987484,3.6959935550396386e-05,4.29978788067289e-05,0.7782627328382229
2015-05-13,4.663897325113825e-05,0.6785749669212822,6.675243217321171e-05,0.8385491275287494,3.786220231098535e-05,4.3106659266271285e-05,0.8118146621090399
2015-05-14,4.9144732522979803e-05,0.6905545443947865,6.735762333583064e-05,0.843346930243173,3.9731032650592336e-05,4.135224430541502e-05,0.8084494636737382
2015-05-15,5.102390807027307e-05,0.6995563590597491,6.80707447870961e-05,0.8592194850227406,4.122776763656585e-05,4.241049886722089e-05,0.8080088177445088
2015-05-18,5.1224895533544154e-05,0.7059603703652434,6.687566182681908e-05,0.8653871949075039,4.131948591040375e-05,4.2564726247414726e-05,0.8066289931884012
2015-05-19,5.107054978153525e-05,0.7111034830459774,6.60679812736783e-05,0.8866279391148498,4.130604282100643e-05,4.4198128023826186e-05,0.8088035667855838
2015-05-20,4.960583034370502e-05,0.7293616780546938,6.67690509318594e-05,0.9296427225782352,4.197559919643583e-05,4.846135649886503e-05,0.846182775403588
2015-05-21,4.7917991249736124e-05,0.7386950619142973,6.686456878127508e-05,0.8959887180410233,4.181311489763861e-05,4.70098514256218e-05,0.8725974066759083
2015-05-22,4.8649795894238564e-05,0.7460081298971002,6.901302690941385e-05,0.8750637253261853,4.3226453917970074e-05,4.908017751612874e-05,0.8885228215950078
2015-05-26,5.2044924254716454e-05,0.7518909226885228,7.274286467665916e-05,0.8989774184581234,4.626357952531915e-05,4.913055925208486e-05,0.8889162620142851
2015-05-27,5.41376103742017e-05,0.7549141571439281,7.384374668254844e-05,0.9291641908713992,4.773137803394901e-05,4.885976998221776e-05,0.8816676189441588
2015-05-28,5.2639353679274204e-05,0.7657668021773145,7.453639097150465e-05,0.9306425358585478,4.7966274567595617e-05,4.89560274267084e-05,0.9112246107702776
2015-05-29,4.7121939363217764e-05,0.7735346763233598,7.747390969971669e-05,0.9205855878657444,4.673788996466848e-05,4.787396232414057e-05,0.9918498813134787
2015-06-01,4.566975475334599e-05,0.7840331762455408,7.96457059424586e-05,0.9180299050133266,4.728571528136094e-05,4.7703420707966945e-05,1.0353836042418545
2015-06-02,4.848176142599366e-05,0.7926630039335493,8.183617570437808e-05,0.9277736760367506,4.992872166792908e-05,4.8450346929762694e-05,1.0298454552676304
2015-06-03,4.583723039523311e-05,0.7986665213896029,8.399811371565433e-05,0.9009384870273136,4.95575047243388e-05,4.817532305571152e-05,1.0811627207191075
2015-06-04,5.208668778062701e-05,0.798608530600668,8.434839130010926e-05,0.9011236458364276,5.293412244625477e-05,4.686785072413959e-05,1.0162696977238577
2015-06-05,5.356843740955158e-05,0.7991781493624409,8.519248094100124e-05,0.9396253062800652,5.398818447182783e-05,5.220020555858488e-05,1.0078357160031963
2015-06-08,5.4875341169450945e-05,0.7988569463778828,8.603255149717795e-05,0.9917639834950795,5.4889469593198754e-05,5.609773226648051e-05,1.0002574639801178
2015-06-10,5.7400521339002106e-05,0.8003095714008244,8.618163426336777e-05,0.99321525687149,5.628896873284962e-05,5.297900601442213e-05,0.9806351479007
2015-06-11,5.7399555912391706e-05,0.7999047592883485,8.682001043355976e-05,1.0169961490501362,5.646800751018903e-05,5.431820618653325e-05,0.9837708081988564
2015-06-12,5.544172754801711e-05,0.7944568463054898,8.066032823952835e-05,1.0322382996914392,5.312741457039292e-05,5.452868605803869e-05,0.9582568386668723
2015-06-15,5.424960916028536e-05,0.7660595976660136,1.2830808788627189e-06,1.0318248550103497,6.391280545804252e-06,5.426662147679225e-05,0.1178124717345085
2015-06-16,5.423174022350414e-05,0.7493087345873894,1.1986132611521143e-05,1.054742512715518,1.9104122954470385e-05,5.623729786662008e-05,0.3522683003668509
2015-06-17,5.412494915971205e-05,0.7396472496977301,3.113031740820048e-05,1.038424476453319,3.0360937083511032e-05,6.532481929538423e-05,0.5609416277495596
2015-06-18,5.572982074389677e-05,0.7207910258479723,4.9967048418596665e-05,0.9771728602607817,3.803601780449014e-05,7.904888993043458e-05,0.682507449275362
2015-06-19,6.241618085312648e-05,0.7287098246414053,7.897764026461888e-05,0.8923759171180548,5.116291698884569e-05,0.0001031411305083389,0.8197059847227564
2015-06-22,6.257165974145031e-05,0.7354889423507989,9.405705342713436e-05,0.9132846682233396,5.642358412868438e-05,0.00010623092833194812,0.9017434468228887
2015-06-23,5.295413252336654e-05,0.7306530857408944,0.00010028281655813072,0.8996535064278297,5.324445834378924e-05,0.00013718578725144528,1.005482590434176
2015-06-24,5.124155217210486e-05,0.7150332280905753,0.00010354406279693891,0.9677197330390516,5.208347628812325e-05,0.00016171924957332043,1.0164304959613757
2015-06-25,5.1531038942745836e-05,0.7063279382723403,0.0001078101308361806,0.9676677489991162,5.264663534974942e-05,0.0001616678855274869,1.0216490183371438
2015-06-26,9.885673436567757e-05,0.739137043440861,0.00012313867167198427,0.9721130312734344,8.155025635261453e-05,0.00016343040006237602,0.8249337475680186
2015-06-29,0.00010219846828200267,0.7662139566743681,0.00013180929120323352,1.0145969050919552,8.892937992900255e-05,0.00018078959335521868,0.8701635300796693
2015-06-30,8.697755639475864e-05,0.7747840881999971,0.000135367400007785,1.0410606966348903,8.40700562187951e-05,0.0001948286051854373,0.9665718342009118
2015-07-01,9.667073925185136e-05,0.7557121662818402,0.0001365607458479728,1.0454121344094085,8.682941477504877e-05,0.0001937134607403003,0.8981974840270592
2015-07-02,9.521395937942913e-05,0.7409430164128703,0.00021113576836940585,1.0523930915390471,0.00010505483094033836,0.00019953802169486503,1.103355344374381
2015-07-06,0.000172264093177785,0.7547118821463279,0.000221254343667134,1.0891141554243868,0.00014734129122349153,0.00022336931800170576,0.8553221307206957
2015-07-07,0.00016730584927433944,0.7695086019045464,0.00021988001461777264,1.0921401440937375,0.00014759169484844704,0.00022629712290668142,0.8821669743682055
2015-07-08,0.00018325021701855255,0.7809432215013113,0.00023128084889090865,1.085293148278587,0.00016077241846056893,0.00021987981774941763,0.8773382158903095
2015-07-09,0.00017483634785152047,0.8081889801594739,0.00022713575753676365,1.088000368200735,0.00016105400989723371,0.0002209817065261256,0.9211700648998262
2015-07-10,0.0001852458943863911,0.8324414207267375,0.00022784485440997183,1.0953604329537645,0.00017102027089120365,0.00021804730200931919,0.9232068082139773
2015-07-13,0.00021177015433928543,0.8491284600279048,0.00023523158540981814,1.1132506175409742,0.0001895193645945577,0.00022255538826131268,0.8949295295451367
2015-07-14,0.0001959846645507268,0.8565896386950066,0.00023641015850222707,1.1281512776259477,0.00018438132386872948,0.00022722421296415035,0.9407946498844861
2015-07-15,0.00017788056160659394,0.8661907376940623,0.0002347221409326274,1.1302948340676675,0.0001769924782526655,0.00022766916073778385,0.995007417640762
2015-07-16,0.00018174519139179188,0.8714516977638409,0.00024168875712523045,1.1241073790499925,0.00018264299034679982,0.00023449372254789845,1.0049398773531926
2015-07-17,0.00017984339911716185,0.8717196772243825,0.00024364870492223675,1.1265999406029612,0.0001824761688412813,0.00023607024929125602,1.0146392346732964
2015-07-20,0.0001933298802508964,0.8804279408159486,0.0002484723387423552,1.1096555312743424,0.00019296668296048893,0.0002355207767994569,0.9981213597715153
2015-07-21,0.00019419877324157122,0.8886583233959704,0.00025664009218432217,1.1083051074395998,0.00019839024114851351,0.0002351436000191364,1.021583390239692
2015-07-22,0.00018582236281108658,0.8905299848789335,0.00025731020707149424,1.1094897793304574,0.00019472694178930287,0.00023545918404518766,1.0479198458329204
2015-07-23,0.00018795658724473803,0.8942902203587462,0.0002611596969514291,1.106073568323049,0.00019813460567769592,0.00023446866769096701,1.054150900386934
2015-07-24,0.00019329917782205091,0.9112229194404978,0.0002641032424737333,1.09291101026397,0.000205885852393154,0.00024347729963101079,1.065114992794694
