Date,Predicted_Index_Var,Predicted_Corr,Predicted_Var,Future_Beta_45d_XLV,Predicted_Covariance,Future_Cov_45_XLV,Beta_Predicted
2013-02-28,5.497886498863307e-05,0.8039514897474459,5.791093195959197e-05,0.8657630975119187,4.5363651591594604e-05,4.74167403338662e-05,0.825110733023928
2013-03-01,5.488021190183326e-05,0.8052477738738889,5.847810580112355e-05,0.8579810965848597,4.561777208030113e-05,4.6945834507667455e-05,0.8312244158586654
2013-03-04,5.501029900576039e-05,0.806856036262322,5.8707435814232574e-05,0.8547452716410707,4.585266804125524e-05,4.6730857723861366e-05,0.8335287913351243
2013-03-05,5.845535101370509e-05,0.8069925906359896,5.9405202812064124e-05,0.8512703631583461,4.755475243269668e-05,4.562364273114692e-05,0.8135226563184486
2013-03-06,5.9250468430820016e-05,0.8070780462963199,5.72819460418026e-05,0.8459296373105093,4.7018666732582436e-05,4.564994541175482e-05,0.7935577216149902
2013-03-07,5.369174155549812e-05,0.8047731338219476,5.764810303514388e-05,0.8521624609967465,4.477336398120872e-05,4.606102734710954e-05,0.8338966605307265
2013-03-08,4.524810700565277e-05,0.8166664865817124,5.3496724818935324e-05,0.8546705415654496,4.017987103870147e-05,4.601101088999489e-05,0.88799009942409
2013-03-11,4.8373919939468494e-05,0.8169370438088784,5.559746360826367e-05,0.8547435661214301,4.236641537307818e-05,4.748643309259251e-05,0.8758110863476093
2013-03-12,5.1431479865635213e-05,0.8216469690524757,5.84776192893951e-05,0.8625519153010826,4.50603550761108e-05,4.7976960510416927e-05,0.8761240235324944
2013-03-13,5.5261000285198275e-05,0.8204424162314076,6.045985412137069e-05,0.8799253508716252,4.742321830467095e-05,4.9675215532256554e-05,0.8581679314511669
2013-03-14,6.195858588029715e-05,0.812624488767386,6.253033475076656e-05,0.8755736565110945,5.058083926989177e-05,5.048628739931432e-05,0.8163652954832284
2013-03-15,6.386120353979619e-05,0.7966181179804736,6.340070169338474e-05,0.8742147100794301,5.068923785794435e-05,4.941712114708127e-05,0.7937407228217441
2013-03-18,6.402550064969363e-05,0.7994224510518837,6.440051217614418e-05,0.8666471500439193,5.133310012251968e-05,4.7985607944746176e-05,0.8017602299337165
2013-03-19,6.71640875084588e-05,0.8029943791125519,6.47860932535151e-05,0.8493166286858223,5.296902275733161e-05,4.831318233410233e-05,0.788650969919908
2013-03-20,6.839791392936718e-05,0.8031071453494429,6.591452625404557e-05,0.8442406252490473,5.392442036945846e-05,4.780830089380613e-05,0.7883927633399005
2013-03-21,6.814178529168062e-05,0.7889696094031549,6.711733425938519e-05,0.8504691422144363,5.335613689886598e-05,4.6321165302423285e-05,0.7830164218691257
2013-03-22,6.79733209422515e-05,0.78016459817176,6.774028885588778e-05,0.8585989064840113,5.2939398884184074e-05,4.632978718793307e-05,0.7788261357593534
2013-03-25,7.243408887933498e-05,0.7758310228491212,6.746632478096661e-05,0.89496579471266,5.423531523061381e-05,4.8936756273244076e-05,0.7487540199609913
2013-03-26,7.339742545776695e-05,0.7752211310434622,6.943577377359098e-05,0.8875915356982839,5.5342357474080495e-05,4.7764224091850435e-05,0.7540095191203214
2013-03-27,7.311742529462491e-05,0.7742738364372066,6.992667296822643e-05,0.9485267759881784,5.5363872777906524e-05,5.629816342245224e-05,0.7571912243192253
2013-03-28,6.422356192814954e-05,0.7742825503977843,7.202041938979692e-05,0.9431141561278572,5.265922814884757e-05,5.6319643251104286e-05,0.8199362752218627
2013-04-01,6.678777769649997e-05,0.767843554978926,7.148605850197654e-05,0.956500949996156,5.305568375490151e-05,5.732106741512803e-05,0.7943921116225717
2013-04-02,6.451960799026473e-05,0.77016367615006,7.417878628256509e-05,0.9475969856461428,5.3280556633397495e-05,6.122204971613274e-05,0.8258040972821304
2013-04-03,6.836168011312682e-05,0.7669570604548885,7.490079016753327e-05,0.9812358352515216,5.4880822732934883e-05,6.217079182096675e-05,0.8028009645479246
2013-04-04,6.901245142532413e-05,0.7628738762320705,7.321426291010659e-05,0.9686537426894094,5.422684255450884e-05,6.409720836661885e-05,0.7857544752367729
2013-04-05,6.697476452894188e-05,0.7774503084600678,7.58987802938507e-05,0.9660571129349904,5.543009670545672e-05,6.322233492101366e-05,0.8276266007848919
2013-04-08,7.273438811092278e-05,0.7926123091652497,7.665291670834503e-05,0.9529949932240174,5.9182737525359635e-05,6.4566045746222e-05,0.8136830330531365
2013-04-09,7.022991067372413e-05,0.8009647476601961,7.720083617624132e-05,0.9596881758394304,5.8977378195794846e-05,6.668666388255561e-05,0.8397757825692449
2013-04-10,6.636144982931065e-05,0.807052047558083,7.94562523099571e-05,0.9453541609058967,5.86034946944881e-05,6.730962411029952e-05,0.8830954544426484
2013-04-11,6.716170407401359e-05,0.8155551204628528,7.937740188312373e-05,0.9299861322624492,5.954737372210369e-05,6.710022054528348e-05,0.8866269035770928
2013-04-12,6.98842565011876e-05,0.8143933353557805,8.08836681952857e-05,0.9241321818796984,6.122859655723372e-05,6.752086738176018e-05,0.8761429200608755
2013-04-15,9.593981606210937e-05,0.8019360901214598,9.044667192546932e-05,0.9629734808484957,7.47025617411363e-05,5.812150154762981e-05,0.7786398265843607
2013-04-16,8.836558039441448e-05,0.798873561023491,8.96507487830941e-05,0.9711292605453052,7.110441636881124e-05,5.95735842124111e-05,0.80466190626985
2013-04-17,8.959564094882932e-05,0.7986424563976755,8.70978482344326e-05,1.0302676701315376,7.055041083575677e-05,7.321920624043474e-05,0.7874312867079121
2013-04-18,9.719405369416862e-05,0.8111138020196746,8.845113832615906e-05,1.0116991502653958,7.520614930563743e-05,7.096732259049852e-05,0.7737731522370859
2013-04-19,7.72897485213767e-05,0.8241385817180804,8.98790744905458e-05,0.9761621889262168,6.86895211644446e-05,7.08381577313195e-05,0.8887274506456253
2013-04-22,7.797978274745508e-05,0.8307806745948019,8.91495451904484e-05,0.9627375233143828,6.926868801267677e-05,7.13874787791976e-05,0.8882903436267575
2013-04-23,8.499754389235151e-05,0.8312800056569981,8.881005922832182e-05,0.9879218598530768,7.222401088177496e-05,7.306503551066118e-05,0.8497187986190037
2013-04-24,7.773768893068322e-05,0.8542186290232213,9.650349370338976e-05,0.9860724045752142,7.398716204361206e-05,7.359617170059376e-05,0.9517540727199209
2013-04-25,6.90805921567358e-05,0.859243464366278,9.306839223708858e-05,0.9905876478462168,6.889621589358518e-05,7.407464346081903e-05,0.9973309976450072
2013-04-26,7.034557142953508e-05,0.8643448946466116,9.122882566811004e-05,0.9870862808137302,6.92423014395175e-05,7.438919545949807e-05,0.9843164257877594
2013-04-29,6.776168711759701e-05,0.8614251815548392,9.031938434546401e-05,0.9932672876379368,6.739072872550168e-05,7.398830097973052e-05,0.9945255437419741
2013-04-30,5.8041023931509805e-05,0.8671666630252907,8.73857932929208e-05,0.9995388782106326,6.175761602747613e-05,7.435232441680963e-05,1.0640338823166182
2013-05-01,6.311211636341748e-05,0.862923911247432,9.153752287961072e-05,1.0036673907158495,6.558861390906018e-05,7.512622365225916e-05,1.039239652991231
2013-05-02,6.214021471172626e-05,0.8602583993039717,9.098147310200172e-05,0.9987952362497696,6.468324191459441e-05,7.364858953955756e-05,1.040924016993914
2013-05-03,7.476459886581012e-05,0.8678420210623962,9.133143597665977e-05,0.9994808643526236,7.171315369407443e-05,7.264161747069405e-05,0.959185962099355
2013-05-06,7.535412832838797e-05,0.8761070575274172,9.203002859407318e-05,1.0051849110968205,7.295843045921163e-05,7.295934383445169e-05,0.9682074768520172
2013-05-07,7.392273390092128e-05,0.8797995752903216,9.094165411541501e-05,1.0039617840650403,7.21363531266904e-05,7.624079229130757e-05,0.9758344871737946
2013-05-08,6.958015556766957e-05,0.8838365720304758,8.992369118205964e-05,1.006020833299857,6.991200036346051e-05,7.604387465927565e-05,1.004769244809581
2013-05-09,7.111722928104653e-05,0.8876207631685238,8.960696234534117e-05,1.006745610071946,7.085748676396917e-05,7.606221468794183e-05,0.9963476850869585
2013-05-10,7.562958883543677e-05,0.8863925708778262,9.145959454461701e-05,1.0047396767013506,7.372021836965406e-05,7.619372954460239e-05,0.9747536579904285
2013-05-13,7.357910230951406e-05,0.885074236203523,9.273535984077211e-05,1.0042676715075014,7.311047780788613e-05,7.624468761053397e-05,0.99363101088599
2013-05-14,7.590263764609063e-05,0.8836432812580254,9.443696220529202e-05,1.0009753903441594,7.481288762375306e-05,7.438688569883589e-05,0.9856427911317297
2013-05-15,7.650099964197039e-05,0.8813193326324762,9.432676672894877e-05,1.005744598752518,7.486594762629962e-05,7.423355463176976e-05,0.9786270503219185
2013-05-16,7.639729836462006e-05,0.8796001722049924,9.712616627671537e-05,0.9975066589045656,7.576915249848685e-05,7.30720825275642e-05,0.9917779047220325
2013-05-17,7.425705624970095e-05,0.8807660896293824,9.646042064555045e-05,1.011424940098943,7.454251228396013e-05,7.229147251242269e-05,1.0038441603892738
2013-05-20,7.217439206379002e-05,0.8832535400840251,9.578348922254006e-05,1.008662119173405,7.343824348843944e-05,7.244461310106804e-05,1.0175110782163899
2013-05-21,7.13709588975209e-05,0.8842634824354428,9.53786586568489e-05,1.0066365608205492,7.295718376782867e-05,7.237692563962354e-05,1.022225074383341
2013-05-22,7.35750525384875e-05,0.8851759162742247,9.485241729616628e-05,1.0255445408927166,7.39467482996826e-05,7.234100605485981e-05,1.0050519265480735
2013-05-23,7.454058968752127e-05,0.8851952259685549,9.307942040304272e-05,1.0280569107876154,7.373306887641813e-05,7.25473204868209e-05,0.9891666967689909
2013-05-24,7.630250921850573e-05,0.8882313369935739,9.111814889579522e-05,1.0270318174160464,7.406242796150241e-05,7.244088961598131e-05,0.9706421023378347
2013-05-28,7.438631671877e-05,0.890297376650194,9.10387007652001e-05,1.0203048079191317,7.32646782546257e-05,7.12407187194575e-05,0.9849214410173737
2013-05-29,7.273626036607267e-05,0.8916321658703525,9.743331218293125e-05,0.9787043046368376,7.50611035074394e-05,6.991296022500909e-05,1.031962643249269
2013-05-30,7.309916508279677e-05,0.8907049530041141,9.390114038896913e-05,0.9751538545643852,7.379475733234676e-05,6.948370474440733e-05,1.009515734533522
2013-05-31,7.696255068093324e-05,0.8957366958072254,0.00010581792717756966,0.930827320341702,8.083505119990722e-05,6.147882583314874e-05,1.0503166862936801
2013-06-03,7.835861755638394e-05,0.8983770556794041,0.00010075319974357543,0.931079482576824,7.982362714631657e-05,6.193660107799605e-05,1.0186962153700383
2013-06-04,7.696792659140356e-05,0.8985436767954822,9.85510528033e-05,0.9222512108804848,7.825727479625974e-05,6.103516281444022e-05,1.0167517596219122
2013-06-05,8.390672708275947e-05,0.8976964585717255,9.524378723387459e-05,0.9052593216357736,8.025021978656463e-05,5.5410680540238935e-05,0.9564217623148579
2013-06-06,8.864935953499249e-05,0.8935726745812228,9.665870746758931e-05,0.8900707568082438,8.27157424806763e-05,5.349867740636397e-05,0.9330664419298594
2013-06-07,8.584609796353898e-05,0.8939244113512055,9.704270947180538e-05,0.9052496840122124,8.159105219867618e-05,5.156578720416138e-05,0.9504340224447939
2013-06-10,7.344670994631798e-05,0.8920975611407258,9.054844266783724e-05,0.9060556655241188,7.275100847427304e-05,5.171685752484588e-05,0.9905278061801076
2013-06-11,7.540176794643908e-05,0.8907340053296913,8.705572540941987e-05,0.9372032753093924,7.216680299613852e-05,5.1606811103400414e-05,0.9570969615381103
2013-06-12,7.564969572692771e-05,0.8874999845504109,8.606678076459303e-05,0.9510852581755328,7.161264694884953e-05,5.534340112877284e-05,0.9466349634418797
2013-06-13,7.668406692361186e-05,0.8889839928895847,8.214646804059171e-05,0.948739056843212,7.055713820628048e-05,5.086614599971572e-05,0.9201016721839406
2013-06-14,7.978958283363962e-05,0.888844378730903,7.852802699428493e-05,0.9386040609964436,7.035762491270595e-05,5.0347978465764905e-05,0.8817896072899742
2013-06-17,6.406673037804978e-05,0.8896256074182116,7.596631582363311e-05,0.9514759887457216,6.206318910663575e-05,5.0291385185186607e-05,0.9687272745215593
2013-06-18,5.269216623890948e-05,0.8904473269836148,6.831592459767899e-05,0.950562871136256,5.342471775714724e-05,4.973725755165546e-05,1.0139024748938261
2013-06-19,5.313666894497608e-05,0.896989516446125,6.940413932606883e-05,0.92062619705358,5.4472488589043894e-05,4.576773134239555e-05,1.0251393184892919
2013-06-20,6.610900161714408e-05,0.8856169952647567,7.885896693964124e-05,0.8645262465756994,6.394429200059177e-05,3.0085087616920423e-05,0.9672554483716339
2013-06-21,6.524441916700448e-05,0.8925934838624907,7.182443035164665e-05,0.8646186387468333,6.110285343590606e-05,3.0339860201583058e-05,0.9365222990107804
2013-06-24,5.5679700730278476e-05,0.880879717005054,6.460857239385181e-05,0.9112222116367036,5.283359085938069e-05,3.4203134475893085e-05,0.9488842462590665
2013-06-25,5.683904438603972e-05,0.8718021949140278,6.005930367855692e-05,0.934282507158781,5.093678011709883e-05,3.358510566330334e-05,0.8961582775942913
2013-06-26,5.616484134519195e-05,0.8624851854042617,5.8858778212349364e-05,0.9051256234453976,4.958947765204995e-05,3.082279369946912e-05,0.8829274055502181
2013-06-27,5.600093181678947e-05,0.8511711610175736,5.24436228609128e-05,0.9153556051606668,4.612760117960562e-05,3.08376768174709e-05,0.8236934580037871
2013-06-28,5.651835513949762e-05,0.8477378051315373,5.219181932738908e-05,0.9077097918409298,4.604235468460504e-05,3.0493143072717557e-05,0.8146442792074203
2013-07-01,4.0959150997653995e-05,0.8471468953393827,5.058236374984568e-05,0.9361090294123438,3.8559709799523134e-05,3.210700887159739e-05,0.9414186783737707
2013-07-02,4.708768430286185e-05,0.8464101679263204,4.944540041333296e-05,0.9341588047773752,4.084110534351411e-05,3.1997890068205336e-05,0.867341555401821
2013-07-03,4.5307854285029834e-05,0.8448753978227838,4.873807943279777e-05,0.9338827581301784,3.970211264297159e-05,3.198805346071884e-05,0.8762743958962886
2013-07-05,5.048108536897671e-05,0.844794392826709,4.985019651499207e-05,0.8935310273648608,4.237881433343556e-05,3.0151468178867067e-05,0.8394988741561326
2013-07-08,5.858594159480322e-05,0.8445921168148316,4.79387753557029e-05,0.8901358586182546,4.4759703228732776e-05,3.04373512452281e-05,0.7640007484782513
2013-07-09,6.185296409698371e-05,0.8444130477454216,4.6422698842932156e-05,0.914611388457954,4.524810402174419e-05,3.0503795664507227e-05,0.7315430179028516
2013-07-10,6.043816195282401e-05,0.8427469657327563,4.543379696413484e-05,0.9147592800350784,4.4161349680525176e-05,3.072024250342784e-05,0.7306865108670253
2013-07-11,6.428746384905295e-05,0.8410309006748515,4.6212066186269184e-05,0.91528955889191,4.5840863793963306e-05,2.721818988290527e-05,0.7130606972083658
2013-07-12,6.999194674271863e-05,0.8392912524730602,4.628905408218694e-05,0.9278954431254908,4.777227088724715e-05,2.8221929568829263e-05,0.6825395364819878
2013-07-15,7.060701256657018e-05,0.838735681854224,4.6018383786333184e-05,0.9235397277540094,4.780955688214299e-05,2.8185963361013438e-05,0.6771219337040618
2013-07-16,3.5042919617133015e-05,0.8449137672139674,4.415046683896047e-05,0.8784369877363132,3.3233813465310945e-05,2.8838446901893175e-05,0.9483745597801854
2013-07-17,3.792838595062833e-05,0.8492195304745216,4.223812910126824e-05,0.8819778439639235,3.3990260344501957e-05,2.8996734917721414e-05,0.8961694386032493
2013-07-18,3.7451029819475974e-05,0.8517539795136366,4.103991794581107e-05,0.8580520130230043,3.339252773704019e-05,3.0673971229868417e-05,0.8916317628113606
2013-07-19,4.0860668714576163e-05,0.8569692269627123,4.353201136381818e-05,0.856886992451121,3.614284447486945e-05,3.1032608357381585e-05,0.8845387413343108
2013-07-22,3.950888193740232e-05,0.8610389896216114,4.213135747190164e-05,0.8579474178099199,3.5129576454481556e-05,3.111394752143469e-05,0.8891564309549606
2013-07-23,3.3171208880188284e-05,0.8645692549157827,4.1781766676780735e-05,0.8652441086935101,3.218650616745715e-05,3.145428871183829e-05,0.9703145364316447
2013-07-24,3.471216593235655e-05,0.8677556840256151,4.080997513560866e-05,0.8695615490296202,3.2660399203786e-05,3.161494016510874e-05,0.9408919992901388
2013-07-25,3.488954269695917e-05,0.869653071662335,4.0558679845278184e-05,0.8535595379956206,3.271414536288199e-05,3.1352062569861965e-05,0.9376490155525375
2013-07-26,3.343176772700175e-05,0.8661755101115688,4.211266962988101e-05,0.8417494961789324,3.2500643324199424e-05,3.142330254421594e-05,0.9721485142393387
2013-07-29,3.360094972876798e-05,0.8637201380217758,4.282571007824381e-05,0.869114763080857,3.276431617491649e-05,3.349567081636286e-05,0.975100895641197
2013-07-30,3.816574763863081e-05,0.8640673297074237,4.1806274320239775e-05,0.8700546377619749,3.45147875847333e-05,3.35528187746374e-05,0.9043393545315469
2013-07-31,3.750748633018741e-05,0.8654923991905513,4.049477232485503e-05,0.874575282108758,3.3730417663918645e-05,3.5409373135738866e-05,0.8992982725363592
2013-08-01,4.226173154810077e-05,0.8635168289566574,4.025066437490706e-05,0.9211083790291654,3.5614838226686346e-05,3.5690356203380924e-05,0.842720752843523
2013-08-02,4.130983358011611e-05,0.8596792911101234,4.037427841234454e-05,0.938317444698746,3.5108766756972256e-05,3.774959828049244e-05,0.8498888452039506
2013-08-05,3.7225611971094185e-05,0.856090757494711,3.697821252651316e-05,0.9595205835493876,3.176242762603065e-05,4.129112989370583e-05,0.8532412482753616
2013-08-06,4.1983018398946586e-05,0.8641696979916453,4.103628979237242e-05,0.9597540299141982,3.5869052725321876e-05,4.077767572937866e-05,0.8543705072482802
2013-08-07,4.81253999850549e-05,0.8694180813117148,4.360713838162211e-05,0.9886127944138544,3.9828563049126256e-05,5.229149003350516e-05,0.8275996264237765
2013-08-08,4.5117615842124565e-05,0.87249544439476,4.2825317369418266e-05,0.9897197592976178,3.835186907746406e-05,5.297323649912152e-05,0.8500420148898118
2013-08-09,4.7210405389653165e-05,0.8747784924275972,4.379831987049776e-05,0.9940329930375936,3.9778251305095316e-05,5.3331935063381706e-05,0.8425738134799683
2013-08-12,4.729046229109182e-05,0.8736413482648538,4.372642842619614e-05,0.990212638690432,3.972756647205262e-05,5.4328569488182833e-05,0.8400756631963856
2013-08-13,5.1414947954433665e-05,0.8863119497445494,4.76839455192202e-05,1.0228202034196088,4.388513074348766e-05,6.0286392562072745e-05,0.8535480923248375
2013-08-14,5.361675369996386e-05,0.895353789105407,4.943231719954019e-05,1.0193684965225212,4.6094639006994355e-05,6.025144786427498e-05,0.8597058909037498
2013-08-15,5.120699157562921e-05,0.8994147029658455,5.452269066558183e-05,0.9741460847927106,4.7524029150006865e-05,5.343691001346002e-05,0.9280769615183726
2013-08-16,4.9139520575593413e-05,0.9003614301446368,5.04153512734324e-05,0.9734610440258908,4.48140029701408e-05,5.2995023327864715e-05,0.9119747699044298
2013-08-19,5.1240075352845624e-05,0.9012850402945956,4.993019869184308e-05,1.0061972631970286,4.5587805808849804e-05,5.389974212347168e-05,0.8896904521495416
2013-08-20,5.687877447837599e-05,0.9003558801773379,5.21910265235991e-05,1.0021841361500776,4.9055447283848506e-05,5.4228918251899665e-05,0.8624561224064042
2013-08-21,5.746511661394483e-05,0.9001000691813461,5.493791351618327e-05,0.9992686913209932,5.0574200029752616e-05,5.290158613320083e-05,0.8800852240414662
2013-08-22,5.43081375808944e-05,0.9030243995869002,5.521076888891322e-05,1.0036625053390582,4.9447442884770445e-05,5.200502839291191e-05,0.9104978569945668
2013-08-23,4.6628310947370826e-05,0.9228763794805194,4.522936451380718e-05,1.0046854081772385,4.2381723664537006e-05,5.195966056838833e-05,0.9089268473047002
2013-08-26,5.7057237442025364e-05,0.9235805475515646,4.995007527011419e-05,1.0181711071102455,4.93058239805089e-05,5.242649435779513e-05,0.8641467093566788
2013-08-27,6.26349019454684e-05,0.9105682442071533,6.0847903819699586e-05,1.02067017863357,5.6213873507005564e-05,4.62117005622696e-05,0.8974848169467377
2013-08-28,6.352118414260544e-05,0.906199395565627,6.64456586110782e-05,1.0223086368063643,5.887302702870265e-05,4.6663773576596156e-05,0.9268250871478144
2013-08-29,6.345432123592429e-05,0.9074537232825157,6.67983862875386e-05,1.0239749760057872,5.9079671765307885e-05,4.675556833488465e-05,0.9310582890903304
2013-08-30,6.533098257867051e-05,0.9048229822852005,6.931615146951461e-05,1.0200251395259712,6.08892239775864e-05,4.611740460225483e-05,0.9320114526712434
2013-09-03,6.741624909395761e-05,0.9049344503361486,7.005526949626496e-05,1.0174475427846217,6.218989430519859e-05,4.634415293727123e-05,0.9224763338364452
2013-09-04,5.29054408502055e-05,0.8971401482125647,7.228974677734359e-05,0.9931846065896188,5.5481579045692166e-05,4.450748028074617e-05,1.0486932563851163
2013-09-05,5.526096611110341e-05,0.8947623573276121,7.114199026793592e-05,0.9676143218043768,5.610220710699682e-05,4.770205151438117e-05,1.0152230598756105
2013-09-06,5.903493096893949e-05,0.8935385901076858,6.990865027950325e-05,0.9769359390487063,5.740282975180953e-05,5.139035051984925e-05,0.972353635545222
2013-09-09,5.950680039687122e-05,0.8968403400148317,6.594467980184179e-05,0.9869539834732164,5.6180851376833434e-05,5.0439861273920126e-05,0.944108085162437
2013-09-10,6.058865375686932e-05,0.8960999424524463,6.565661806926254e-05,0.9874384022837808,5.651859474907468e-05,4.9827802302634365e-05,0.9328247327605758
2013-09-11,5.2548421709793746e-05,0.8918178466949748,6.616724243288714e-05,0.9774024635059748,5.258689335822273e-05,5.0286093134866816e-05,1.0007321180575404
2013-09-12,5.463125330927889e-05,0.8878220444491606,6.548664968502993e-05,0.9849275730800274,5.310346899702965e-05,5.064787471843813e-05,0.9720346098669906
2013-09-13,5.629719144726608e-05,0.8915362921438161,6.263630692099973e-05,0.986914263230708,5.2941405064959405e-05,5.0933595635789594e-05,0.9403915844460898
2013-09-16,5.4138744378514925e-05,0.8820269086099202,6.344288670362103e-05,0.9821648610439389,5.169248280630237e-05,5.074157911336957e-05,0.9548149555314889
2013-09-17,5.7555509167455784e-05,0.8791699326546877,6.348536417884487e-05,0.9829946473097276,5.314385869498539e-05,5.0768480482105484e-05,0.9233496404378103
2013-09-18,6.204530316157312e-05,0.8849578264356319,6.425645740398893e-05,0.9982481023628212,5.587730080837406e-05,4.933499533066589e-05,0.9005887305097555
2013-09-19,6.178297806302708e-05,0.8853991037750938,6.565017435370728e-05,0.9824923180557305,5.6388616481087556e-05,4.9590831861759426e-05,0.9126885470552012
2013-09-20,6.675064824066973e-05,0.8894402392127309,6.545903747241428e-05,1.0317515524524483,5.879350137576426e-05,4.849120790558235e-05,0.8807929649429629
2013-09-23,6.644616634370019e-05,0.8810347419882467,6.257680458091419e-05,1.019026147785111,5.681129515196877e-05,4.71957706991232e-05,0.8549973351074316
2013-09-24,6.687102886618699e-05,0.879825348640309,6.243152801089506e-05,1.015267503838463,5.684829647713152e-05,4.6726834458594786e-05,0.8501184659636153
2013-09-25,5.221698153901886e-05,0.8797789216999631,6.3268065731941e-05,1.0022374467621489,5.056752675407162e-05,4.571318836208029e-05,0.9684115255931695
2013-09-26,5.0374063840171386e-05,0.8786094175906518,6.331102656156704e-05,1.0036206955372502,4.9617973851812976e-05,4.575499204224218e-05,0.9849904905278765
2013-09-27,5.122431082106018e-05,0.8740565327014832,6.285187771295772e-05,1.011240083610341,4.9594865126222884e-05,4.5633886837272165e-05,0.9681899928233418
2013-09-30,5.1567877421329924e-05,0.8700722388509472,6.194434913626175e-05,1.0350326161743864,4.9175160597024106e-05,4.640810954961773e-05,0.9536006338838348
2013-10-01,5.3629225784131454e-05,0.8689321996329152,6.49980201502253e-05,1.0234774579834738,5.130228615086652e-05,4.496939323559284e-05,0.9566106055188762
2013-10-02,4.9785428743887e-05,0.8721684675582186,6.47799855559785e-05,1.0143402987906338,4.953041083571983e-05,4.519964465837532e-05,0.9948776596967948
2013-10-03,5.1677659876475144e-05,0.8739670069701764,6.594226957852901e-05,1.0232509559428224,5.1018584237247805e-05,4.50780405721117e-05,0.9872464109094196
2013-10-04,4.988490741732951e-05,0.8749483850193144,6.706499218243436e-05,1.0128744400440894,5.060750868156646e-05,4.3836826109522266e-05,1.0144853684540653
2013-10-07,5.300164613196136e-05,0.8768652477674806,6.862573037099541e-05,0.9999493968165812,5.288360189185337e-05,4.147649055563731e-05,0.9977728193608536
2013-10-08,5.7418241986777646e-05,0.8802079073729571,7.155169107036529e-05,1.0228574982525296,5.641832166517782e-05,4.216842176414118e-05,0.9825853198042864
2013-10-09,4.671951297786224e-05,0.8777055046636248,6.796161884950176e-05,1.0320608168583494,4.94572350585689e-05,4.3107013614066586e-05,1.0585991142930773
2013-10-10,5.493659376391755e-05,0.8815405723347178,7.552543486797517e-05,1.0175927412320096,5.678318996676802e-05,3.33531931164779e-05,1.0336132271102567
2013-10-11,5.397060840252837e-05,0.8806507579231861,7.264490921717986e-05,1.0087625471274662,5.514231093466777e-05,3.300880265577486e-05,1.02171001155667
2013-10-14,5.390763459317086e-05,0.8782491339087425,7.037166322319397e-05,1.0067965203903528,5.409308816445515e-05,3.315661326328503e-05,1.0034402097714705
2013-10-15,5.553151341989191e-05,0.8788311323296477,6.794849348103741e-05,1.0842871229442372,5.398400538007436e-05,3.9973670195001416e-05,0.97213279551529
2013-10-16,4.144281603770634e-05,0.8703887283899888,7.208052561900432e-05,1.0396922093826284,4.757150154694215e-05,3.4775602576346207e-05,1.147882940764925
2013-10-17,4.1583055321708076e-05,0.8642046592020892,6.98337555616592e-05,1.0330381318160111,4.657013540022384e-05,3.384327126945561e-05,1.1199305832612136
2013-10-18,4.3823960134694674e-05,0.8506226882170057,7.073834561930039e-05,1.0714424555307365,4.7360929964716807e-05,3.476285010223903e-05,1.0807085854211056
2013-10-21,4.4710412594374516e-05,0.8486179410079,7.378301708301466e-05,1.064562445051569,4.874103566892312e-05,3.4548997561978086e-05,1.090149538791233
2013-10-22,4.4371990394003997e-05,0.84971278086712,7.739226312341243e-05,1.0597601142099804,4.9793812444480855e-05,3.42398046984896e-05,1.122190192559167
2013-10-23,3.6244305626284386e-05,0.8527592991978539,7.456429151206163e-05,1.074300656991947,4.433143645377652e-05,3.389267705330569e-05,1.2231283145793623
2013-10-24,4.040389782719303e-05,0.8541649280169846,7.146268084125539e-05,1.0782552083582162,4.58979215761259e-05,3.393646626137043e-05,1.135977567620598
2013-10-25,3.967999624918889e-05,0.8547970524926498,6.831749378634591e-05,1.0724486916080282,4.4505613304651193e-05,3.3782313489529504e-05,1.1216133445466479
2013-10-28,4.081308187982178e-05,0.8543569828458842,6.635885251204618e-05,1.0382774186536818,4.446194963360095e-05,3.533895340175633e-05,1.089404367073372
2013-10-29,4.2024721372673885e-05,0.8551264451059102,6.532578683138214e-05,1.033575418098881,4.480485574687301e-05,3.4713523441088994e-05,1.0661547366262105
2013-10-30,3.243679795796633e-05,0.8546200617728675,5.829576229314099e-05,1.0352076868414628,3.716298277926964e-05,3.430726259268202e-05,1.1457044196356188
2013-10-31,3.3498134377451295e-05,0.8561616317648328,5.710257484991196e-05,1.0467193159163604,3.7445007114017456e-05,3.502542898883132e-05,1.1178236582399923
2013-11-01,3.528785039280735e-05,0.8556867018913857,5.665503905902509e-05,1.0389345206086358,3.826014892384483e-05,3.472655269922831e-05,1.0842300819673425
2013-11-04,3.477448195487655e-05,0.8562489808153988,5.553805711470371e-05,1.0437292672521146,3.762926568741223e-05,3.4722510886490174e-05,1.0820942131140892
2013-11-05,3.766596277267884e-05,0.855659337526016,5.476626641377746e-05,1.0427877069503084,3.886261299684929e-05,3.437520206195682e-05,1.0317700686795785
2013-11-06,3.8333959556374354e-05,0.8537798714998777,5.2828832116187495e-05,1.0194887105411756,3.8421406300620817e-05,3.783655944419902e-05,1.0022811821491557
2013-11-07,4.0431492315281525e-05,0.8537378346172936,5.343813656422322e-05,1.0521529343885383,3.9683508919993786e-05,3.707435590296196e-05,0.9814999805237209
2013-11-08,4.3778322206368926e-05,0.8525088253970153,5.512949845023512e-05,1.0313291005765723,4.188132962798276e-05,3.31826502119335e-05,0.9566682211016715
2013-11-11,4.088414418239951e-05,0.850448515316931,5.346553110442906e-05,1.0272555872348137,3.9761469401259345e-05,3.315139957428644e-05,0.9725400933884909
2013-11-12,3.99781619662566e-05,0.848849212304015,5.3856935483815026e-05,1.019476595281147,3.938789581889444e-05,3.331398440879567e-05,0.9852352855076136
2013-11-13,4.4902541372157916e-05,0.8456212014020517,5.17649662459512e-05,1.0396344570594702,4.076892794862692e-05,3.285313646865086e-05,0.9079425507507228
2013-11-14,4.545126757048379e-05,0.8433392965857577,5.108293253685415e-05,1.0322425522041074,4.06362148327765e-05,3.2182954761700864e-05,0.8940612001581624
2013-11-15,4.488960878325864e-05,0.8425051199936523,5.0484013731562545e-05,1.0258686325409436,4.010720493812996e-05,3.340133197831838e-05,0.8934630090402513
2013-11-18,4.304897041106976e-05,0.8421917981428094,4.9339423106661655e-05,1.0502255119251285,3.8814091540882735e-05,4.5119530931543135e-05,0.9016264772479192
2013-11-19,4.253689180732228e-05,0.8417314695336474,4.8721594856323226e-05,1.062285331498162,3.8319266618408365e-05,4.609761697657254e-05,0.9008478285621261
2013-11-20,3.986505410246521e-05,0.8466330308121984,4.937092330201687e-05,1.0912489838684616,3.7560123508090934e-05,4.79970592279738e-05,0.9421816765016822
2013-11-21,3.485111027762049e-05,0.8510478231523897,5.078603118293974e-05,1.110040784712561,3.580423606293541e-05,4.943560099581413e-05,1.0273485056206937
2013-11-22,3.677714977289896e-05,0.8499414087921159,5.517565858713597e-05,1.121760024542012,3.8287039421507834e-05,5.223017890768913e-05,1.0410551023647163
2013-11-25,4.464079349966786e-05,0.851861467756329,5.6178430718986834e-05,1.130787906913928,4.265988976132975e-05,5.3449743502322354e-05,0.9556257050324868
2013-11-26,4.5604254902161166e-05,0.8529555239548791,5.721033597946273e-05,1.0867405147306863,4.35678689345908e-05,6.352619544729371e-05,0.9553465795694019
2013-11-27,5.098239319509307e-05,0.8675845983365141,5.926772185792449e-05,1.0956859195682005,4.7690410397349736e-05,6.527745406681403e-05,0.9354290257590305
2013-11-29,5.306536742177139e-05,0.8751503150826626,6.236003868906494e-05,1.0966717534825623,5.034327092130778e-05,6.534246625061887e-05,0.948702955755908
2013-12-02,5.1303727815654587e-05,0.8804356811884912,6.50579643462231e-05,1.0530378919329568,5.08653844434052e-05,6.710424572243573e-05,0.9914559157606548
2013-12-03,5.129816798105141e-05,0.8811928632079019,6.867479110144421e-05,1.0612786071123377,5.2302274095105135e-05,7.099342620487526e-05,1.0195739176187466
2013-12-04,4.926678581923591e-05,0.8851737603589189,6.830216258989085e-05,1.0645821169325689,5.134792208930969e-05,7.129435360955838e-05,1.0422421766605527
2013-12-05,6.186383108747796e-05,0.8926827452334904,7.164514680704457e-05,1.0713024181686996,5.943043847525195e-05,7.400416456124807e-05,0.960665342423021
2013-12-06,6.149224160789946e-05,0.8937432698828801,7.477689376269773e-05,1.0703368789264964,6.060474904215637e-05,7.107061840873974e-05,0.9855674058623181
2013-12-09,5.694825981469449e-05,0.897781093084533,7.486958086824045e-05,1.0728840282422438,5.862237171219204e-05,7.170785604058699e-05,1.0293970685486262
2013-12-10,5.3452041059883435e-05,0.9009649722820406,7.36822751847003e-05,1.0661679704321363,5.654205221457303e-05,7.154964730251526e-05,1.0578090395318636
2013-12-11,5.2671389427449466e-05,0.8960719277166456,7.778382615700619e-05,1.0413724435781484,5.7355478904352266e-05,6.65826569623004e-05,1.088930433159633
2013-12-12,5.926873458923956e-05,0.8892353367265466,8.150627941657458e-05,1.0355146052116035,6.180520830618127e-05,6.70899591942512e-05,1.0427961510317485
2013-12-13,5.102150798536989e-05,0.9008168728519165,7.201861160803885e-05,1.0385161056589456,5.4605392072900564e-05,6.791199181401404e-05,1.0702426139297632
2013-12-16,5.265033739264804e-05,0.9041335128099627,7.403754033444714e-05,1.0511634432158472,5.6449374969443314e-05,6.808362081181942e-05,1.072155996807074
2013-12-17,5.547285481711756e-05,0.9061922302752872,7.570656708794504e-05,1.0477717093167431,5.8725587379043697e-05,6.80773598220305e-05,1.0586364731479876
2013-12-18,5.7755345996717895e-05,0.8915060685971062,8.911080111380849e-05,1.014679838174465,6.395663014051351e-05,5.9779423228702645e-05,1.107371604078833
2013-12-19,6.478693026373803e-05,0.9024788274004649,8.09205702060811e-05,1.013506457045278,6.53446732197283e-05,5.965757447227322e-05,1.0086088807375158
2013-12-20,6.101338500649426e-05,0.9045743480847716,7.927944880158435e-05,1.0120092797290623,6.291252832997041e-05,6.0093132291239245e-05,1.0311266670956547
2013-12-23,6.0371580554275465e-05,0.8929602494732193,7.86964172483126e-05,1.0142668162498625,6.154969143279203e-05,5.978237893115913e-05,1.0195143288895248
2013-12-24,6.05937066863415e-05,0.8940297864250853,7.78825816837196e-05,1.0222366067691269,6.141662090674922e-05,6.144830990446591e-05,1.0135808529533845
2013-12-26,6.0130930524985e-05,0.8934637372692624,7.896809066656076e-05,1.036230726478324,6.156752730845974e-05,6.613291451731768e-05,1.0238911450551695
2013-12-27,6.1029823506439453e-05,0.8943678771019242,7.924496751927877e-05,1.035077278822739,6.219752383414348e-05,6.60579153367095e-05,1.0191332738752032
2013-12-30,6.103786899254316e-05,0.8956046885953262,7.99459833140307e-05,1.0290025987421283,6.256253879970822e-05,6.573619057189192e-05,1.024979079911052
2013-12-31,6.15980310886923e-05,0.8976438704684546,8.041493259413711e-05,1.0389399588727837,6.317653985059196e-05,6.594487503799203e-05,1.0256259613172833
2014-01-02,6.274975633376732e-05,0.9020732773903232,8.142262572459156e-05,1.049905556074466,6.44793114641819e-05,6.42062334549825e-05,1.027562738590012
2014-01-03,6.287727487442676e-05,0.9041956255775002,8.07000774732319e-05,1.0460990280393951,6.440895201892205e-05,6.468644203240056e-05,1.0243597889309648
2014-01-06,6.194585296328845e-05,0.9031523873182173,8.091129645705484e-05,1.0433570070096698,6.393986764014902e-05,6.423965915242182e-05,1.0321896395234447
2014-01-07,5.985294868622432e-05,0.9009788099367315,8.273242934779543e-05,1.0496771669916367,6.340087344634258e-05,6.709860697870676e-05,1.0592773595619833
2014-01-08,5.957982003469859e-05,0.9039852217716013,8.340534588546292e-05,1.0531406374667518,6.372471005842008e-05,6.753297541684634e-05,1.0695686898904284
2014-01-09,5.8876921963223624e-05,0.905856164395097,8.345470649386228e-05,1.050843588485457,6.34975852464938e-05,6.921938878090641e-05,1.0784800415714053
2014-01-10,5.8643073362417135e-05,0.9058811568466633,8.187589171258448e-05,1.0562786515031553,6.277079207664005e-05,7.05358834839334e-05,1.0703871485164735
2014-01-13,6.549653155125348e-05,0.8959469234694002,8.316458420181528e-05,1.0792120076681024,6.612423242864211e-05,6.814660945824722e-05,1.0095837269931986
2014-01-14,6.384952094066409e-05,0.888633273045688,8.291932365044225e-05,1.0648281750809367,6.4659042269004e-05,6.53300376079286e-05,1.0126785810827337
2014-01-15,6.070372053025981e-05,0.8949345387888977,7.876898302787651e-05,1.1192634730693942,6.188373867667436e-05,6.990960923034492e-05,1.019438975669149
2014-01-16,6.085694586035492e-05,0.8948431322429035,7.93517169283164e-05,1.131733028020835,6.218421409523751e-05,7.110901677070151e-05,1.0218096425332976
2014-01-17,6.130074788390541e-05,0.8963206022336904,7.713853729585853e-05,1.143411535207146,6.163564785319277e-05,7.18489005355717e-05,1.0054632281146325
2014-01-21,6.022038567812545e-05,0.897726426642383,8.098682801591222e-05,1.1187195129942944,6.269356566838547e-05,7.150661689236736e-05,1.0410688168534659
2014-01-22,6.0180607898710316e-05,0.9010667599362229,8.276670676497349e-05,1.1187608595162073,6.359355327870074e-05,7.162079534879307e-05,1.0567117132770532
2014-01-23,6.197862719476769e-05,0.8994944731528075,8.606773951196202e-05,1.1093630870668114,6.569611287551368e-05,6.980335694975312e-05,1.0599801229714851
2014-01-24,8.312838911315208e-05,0.885755271087685,9.870254198052148e-05,1.1252358815617602,8.02329197066827e-05,5.961270823355839e-05,0.9651687054523799
2014-01-27,7.785643656399444e-05,0.8814720291224607,9.640800641399907e-05,1.11564719256517,7.6368163746217e-05,5.894320885834417e-05,0.9808843959027825
2014-01-28,5.7778264472590076e-05,0.8750879635372218,9.716349213587507e-05,1.1026186861387746,6.556703036846555e-05,5.780924490054023e-05,1.1348044280487248
2014-01-29,5.541992369045716e-05,0.8708250964438977,9.537343298898947e-05,1.1112997573390668,6.33107715244387e-05,5.5418464381558927e-05,1.142382870789486
2014-01-30,5.718939038351772e-05,0.8665964309256085,9.448335808289725e-05,1.1027862978376275,6.370188589634206e-05,5.701261338340201e-05,1.11387593868637
2014-01-31,5.786696567157789e-05,0.8643803706375098,9.350060288583592e-05,1.0847040732494695,6.358101498137707e-05,5.848132590702058e-05,1.0987445815325636
2014-02-03,7.055814511505822e-05,0.8692396519672405,0.00010006220095516403,1.1333023468672694,7.303787556986115e-05,4.67329466729751e-05,1.0351444960855938
2014-02-04,5.3287933521446234e-05,0.8648470362338448,9.687163765441869e-05,1.1739655056737257,6.21372547095897e-05,4.9893007548212806e-05,1.166066135489791
2014-02-05,5.1744253938995175e-05,0.8596672223507977,9.269353238556608e-05,1.2491419696695902,5.9536890601598126e-05,6.725308180913774e-05,1.1505990727355007
2014-02-06,5.460185755120456e-05,0.8568655940702671,8.853958173687052e-05,1.2928989483703817,5.957789389898668e-05,6.792563566395384e-05,1.0911330963990682
2014-02-07,6.356327391387762e-05,0.8569333918235628,8.855818249412833e-05,1.270708111064579,6.429312606738132e-05,6.427144173210154e-05,1.011482293289244
2014-02-10,6.2547563500994e-05,0.8562501058645987,8.622840916900897e-05,1.2740530659983496,6.288267722495812e-05,6.557448112377645e-05,1.00535774225576
2014-02-11,5.609995653519849e-05,0.864301133799772,9.084596226002825e-05,1.2392856238610497,6.170198840508258e-05,6.350642556723262e-05,1.0998580429624618
2014-02-12,5.280573476410588e-05,0.8650753066278809,8.828734651419482e-05,1.2388688030415569,5.906683390568692e-05,6.35084751739587e-05,1.118568545055772
2014-02-13,5.31879934714369e-05,0.8691480459122896,8.945098678672135e-05,1.2468152864165327,5.995054415441465e-05,6.355533642911106e-05,1.1271443091119686
2014-02-14,5.362200748552388e-05,0.8712717761130825,8.965219306402336e-05,1.2633433729464467,6.040955535245391e-05,6.414477961572387e-05,1.1265813830032834
2014-02-18,5.088126402858046e-05,0.872007993734553,8.331043853446108e-05,1.262094796778185,5.6773951487637764e-05,6.428403088614386e-05,1.1158125210047323
2014-02-19,5.093399391722896e-05,0.8729656077047568,8.593032241743483e-05,1.269930412299064,5.775295639276668e-05,6.328724490437615e-05,1.133878416968812
2014-02-20,5.128532994270177e-05,0.8731349536266,8.944483213703139e-05,1.2486557307777686,5.913649466492532e-05,6.35042631953868e-05,1.1530879245779488
2014-02-21,5.0142924359823583e-05,0.8737651261588367,9.173912082124199e-05,1.2525652325565195,5.9262070839801076e-05,6.387029814833642e-05,1.1818630763243656
2014-02-24,5.289213529725008e-05,0.8744835577858265,9.287839287264349e-05,1.2510547535823755,6.129210603929564e-05,6.356079216512491e-05,1.1588132279938843
2014-02-25,4.99909412374215e-05,0.8744726956693254,8.12365927120506e-05,1.24835205638154,5.57272690131041e-05,6.359944493805587e-05,1.1147473448927299
2014-02-26,4.8822079787728685e-05,0.8778019712464397,8.515538290431311e-05,1.248033035825841,5.6599258671955564e-05,6.358268928093149e-05,1.159296345383911
2014-02-27,4.902946505121921e-05,0.8759736518289214,8.94249437550492e-05,1.2524795073421606,5.8002799942570116e-05,6.321451933924004e-05,1.1830192289876467
2014-02-28,4.913560627678946e-05,0.8734624813984562,9.268292053065995e-05,1.258567534498421,5.894436179336861e-05,6.345298663395685e-05,1.1996262234218646
2014-03-03,5.060228536900576e-05,0.8707268715382759,9.773176644578773e-05,1.2539217034720336,6.123290835238326e-05,6.399996108672973e-05,1.2100818748769167
2014-03-04,5.593664385448813e-05,0.8695364547210888,0.0001046208326949875,1.2293133807263272,6.651890372723868e-05,5.8320940957418066e-05,1.189182960284119
2014-03-05,4.9068183379191435e-05,0.866327770968511,0.00010313400855690347,1.232103946307008,6.162872389565291e-05,5.846521624344964e-05,1.2559813641233777
2014-03-06,4.928243059442446e-05,0.8619194082957387,0.00010232783646649069,1.244864869861127,6.12082010487406e-05,5.898706240416787e-05,1.2419882767646073
2014-03-07,4.8971813978785636e-05,0.8610434188370375,9.951497382091651e-05,1.2397563697062188,6.0109395963578484e-05,6.133075529553788e-05,1.2274284140182676
2014-03-10,4.912023117884392e-05,0.8595488279577396,9.59290803206383e-05,1.24195308836539,5.900324456199571e-05,6.143940603265579e-05,1.2012004655916277
2014-03-11,5.148937537691702e-05,0.8594937281205876,9.533585293668658e-05,1.236841146733333,6.0218460962182994e-05,6.112791798528875e-05,1.169531782457382
2014-03-12,4.8906113932888686e-05,0.8596216135008987,9.478516047592777e-05,1.2311936887782564,5.852737942447224e-05,6.308167913290334e-05,1.1967292986064342
2014-03-13,5.192240840939531e-05,0.8598477323088456,9.829559420957475e-05,1.2354004714216675,6.142794558399535e-05,5.991622172665227e-05,1.1830719619099954
2014-03-14,5.053194068255615e-05,0.8610608135709402,9.725819077961415e-05,1.2367668674842522,6.036426364201183e-05,5.9986691118756115e-05,1.194576397158834
2014-03-17,5.312543808337814e-05,0.8632581120564573,9.693779520671039e-05,1.2340494417401815,6.194959894655759e-05,5.897472115403123e-05,1.166100481831892
2014-03-18,5.3640183376897774e-05,0.8622940873960524,9.802892651807062e-05,1.220743285455514,6.252844933515487e-05,5.88765936227537e-05,1.1657016325951854
2014-03-19,4.9711758607667365e-05,0.8616252779675492,9.610337861883204e-05,1.2354070924824163,5.955487578339167e-05,5.8834596045122024e-05,1.1980038013422067
2014-03-20,4.924048797705463e-05,0.8581344621090115,9.28947288449114e-05,1.2459792936547136,5.803794853894964e-05,5.8869903301967766e-05,1.1786631474081757
2014-03-21,5.1299807125194504e-05,0.8525518637591886,0.00010627699785386576,1.1937515996393355,6.295037378498837e-05,5.519951792981035e-05,1.2271074164345543
2014-03-24,5.150721281894852e-05,0.8508440377873067,0.0001085274032301487,1.180567730846914,6.361414443920981e-05,5.402190789082315e-05,1.2350531305745083
2014-03-25,5.187847468728203e-05,0.850253443029489,0.0001088416072073497,1.1781739095301806,6.389096852108722e-05,5.4008909716050986e-05,1.2315506364868134
2014-03-26,4.894688218699071e-05,0.8506906740206879,0.0001022252464187602,1.2163423393364277,6.0174608232972875e-05,5.399482470067005e-05,1.2293859290789784
2014-03-27,4.819111839496585e-05,0.850892276703489,9.692668023564212e-05,1.2176077324830985,5.8154021610875455e-05,5.3793709800937486e-05,1.2067373314363743
2014-03-28,4.77393720640184e-05,0.8502872006721568,9.309055132356496e-05,1.2352089757480442,5.668351768908927e-05,5.417834609826995e-05,1.1873536504224813
2014-03-31,4.471229395078723e-05,0.8506484063146743,8.100948187819183e-05,1.2215197990287738,5.119546545578276e-05,5.211182039130745e-05,1.1449975148251454
2014-04-01,4.637295349124256e-05,0.8528691157943779,8.011404673493917e-05,1.2064303811304011,5.198392904065969e-05,5.143357461082005e-05,1.1209967260437002
2014-04-02,4.141854620280984e-05,0.8600377885762112,7.88266520945071e-05,1.19181996655505,4.914184979919572e-05,5.1062397814313555e-05,1.1864696930348062
2014-04-03,4.131197301210188e-05,0.8639424293693884,7.876794173904359e-05,1.1909213394190528,4.928304353219614e-05,5.0906278438817674e-05,1.192948192470963
2014-04-04,4.5815215175484866e-05,0.8678194143666111,8.171929688546125e-05,1.1739997420859638,5.3100246560582704e-05,4.580960935730454e-05,1.1590089964042332
2014-04-07,4.72141155464609e-05,0.8714188473209733,8.331422417138163e-05,1.1909819230526206,5.465406327689e-05,4.2980420785867615e-05,1.1575788859818383
2014-04-08,4.530353492960697e-05,0.8751555110458163,7.587809422807458e-05,1.1954284829523052,5.131088252518646e-05,4.473254234828232e-05,1.1326021822560595
2014-04-09,4.691297863661334e-05,0.8682145323598552,8.415579231743108e-05,1.134921536399581,5.4552613514580084e-05,4.0115275421911194e-05,1.162846937030862
2014-04-10,5.810324280314903e-05,0.8512436847644027,0.00011093520796352026,0.9334565844681312,6.834217397404978e-05,2.2423560330623374e-05,1.1762196166157155
2014-04-11,5.691804938589508e-05,0.8452895580524646,0.00010882788249923293,0.916349761252217,6.652740718166803e-05,1.9768967002033932e-05,1.1688279535130073
2014-04-14,5.793906540801691e-05,0.8470033390640553,9.864027319315914e-05,0.9354315360710128,6.40321373260709e-05,2.0037610061133512e-05,1.1051634484461481
2014-04-15,5.375893588153699e-05,0.8468296043479142,9.550120007159188e-05,0.910441066241798,6.0677234470227836e-05,1.8909141119921987e-05,1.1286911371150647
2014-04-16,3.1303883437837385e-05,0.8294246989616564,8.241297604437241e-05,0.9291959851342008,4.212829388638591e-05,1.7891419533774486e-05,1.3457849078068356
2014-04-17,3.0074876652121772e-05,0.8157469461443121,7.773105188387204e-05,0.9363411659276708,3.944161199424861e-05,1.807054193099048e-05,1.3114471740141291
2014-04-21,3.398061258211898e-05,0.805602314129744,7.681601583439862e-05,0.8656005239976499,4.115875183663115e-05,1.7559008698125742e-05,1.2112421969193514
2014-04-22,3.465237531876505e-05,0.7986140609052472,7.316374717488313e-05,0.8653744942624785,4.0211606808035235e-05,1.7550911270218484e-05,1.1604285835568602
2014-04-23,3.661275306357103e-05,0.7973385708171784,6.723704348651999e-05,0.8502156940785481,3.956063654280855e-05,1.708992499793982e-05,1.0805152093894466
2014-04-24,2.8915216768426475e-05,0.7840367465294587,6.102729077285316e-05,0.8494250884239395,3.2935304974125986e-05,1.7070657276446378e-05,1.1390301943054837
2014-04-25,3.367547480592454e-05,0.7786273347608319,5.6042348840563345e-05,0.8468320009669872,3.3825535019104665e-05,1.5418445989652087e-05,1.0044560682230892
2014-04-28,3.364553762091845e-05,0.7741412090265836,5.3697356789085775e-05,0.8835804411696137,3.29048849570364e-05,1.6622373436738775e-05,0.977986600415576
2014-04-29,3.9441733334885286e-05,0.7750930627238392,5.292043149654354e-05,0.8770745435863823,3.541143566260695e-05,1.6251027846001676e-05,0.8978164159759776
2014-04-30,4.001418281063408e-05,0.7725779721980507,5.234552283708532e-05,0.8784705647062038,3.535811209458473e-05,1.649444186234754e-05,0.8836394900757047
2014-05-01,2.1991126094734782e-05,0.7643220535510891,4.866988508389208e-05,0.907508243727786,2.5005197296214575e-05,1.7451916589296473e-05,1.1370585202638366
2014-05-02,2.5114593555483047e-05,0.7582757575540211,4.77264390775399e-05,0.919763761309418,2.6252445456908382e-05,1.8727299846319773e-05,1.0453064031839336
2014-05-05,2.3421323104644024e-05,0.7539638769495126,4.7409651246925236e-05,0.9141539892371616,2.5124049010218446e-05,1.8849264576065868e-05,1.0726998170840656
2014-05-06,2.3724080850696792e-05,0.7536178096411752,4.9310454982189274e-05,0.8844708724001528,2.577599007295863e-05,1.6814126443592052e-05,1.0864905677558239
2014-05-07,2.503936026433856e-05,0.7724295941199112,4.579698614747423e-05,0.9019071624085856,2.6157062386096147e-05,1.6672850449998038e-05,1.0446378066355568
2014-05-08,2.245244272166245e-05,0.7649762377620148,4.368842446081232e-05,0.8800591185155625,2.395868265233279e-05,1.648622503166096e-05,1.0670857932628015
2014-05-09,2.6257615904936162e-05,0.7580297922399095,4.338888415774404e-05,0.9046142734430096,2.5586045096033162e-05,1.712555040776992e-05,0.974423770561106
2014-05-12,2.5472098693136958e-05,0.747411013724719,4.345577228989434e-05,0.8672560792355859,2.4866553362901232e-05,1.5083123507485276e-05,0.976227112750671
2014-05-13,2.7268227179962204e-05,0.7437766754549818,4.212016597893397e-05,0.8842648444220266,2.520670296323385e-05,1.8385059708463682e-05,0.924398304183
2014-05-14,2.54765910501542e-05,0.7433429492880513,4.186191261052769e-05,0.9797217748884368,2.4275568973156805e-05,2.1618829217330582e-05,0.9528578185898962
2014-05-15,2.174205444419079e-05,0.7423972437214721,4.078551288366277e-05,0.9698637233057444,2.2107498502955014e-05,1.9436168052930985e-05,1.0168081659303299
2014-05-16,2.0552751262807784e-05,0.7463520023172657,3.7251130872668774e-05,0.9853761833787053,2.0651348527683824e-05,1.9856054015884116e-05,1.0047972781655983
2014-05-19,2.1296152341554682e-05,0.7490099055633538,3.661824465420741e-05,0.9855192928613796,2.0916397883890577e-05,1.9743206740808972e-05,0.9821679310152615
2014-05-20,2.0908636850371392e-05,0.7480316891599729,3.532691284776715e-05,0.9858655927035452,2.0329921408413623e-05,1.8509049679710526e-05,0.9723217038920694
2014-05-21,2.119414789263069e-05,0.7525438926231687,3.427778863928871e-05,0.9814043089127108,2.0283654949742425e-05,1.800753609472322e-05,0.9570403609760199
2014-05-22,2.007249814887391e-05,0.7485393922587582,3.4804897810509206e-05,0.974968364481536,1.9784977239946123e-05,1.7848857793600883e-05,0.9856758781694586
2014-05-23,2.2049522594442057e-05,0.7454987288957322,3.449521239538542e-05,0.9590467136554444,2.0560132746776617e-05,1.792049127819233e-05,0.9324525126888296
2014-05-27,2.174082787467674e-05,0.7536973409659881,3.0053956923144594e-05,0.962627697001226,1.926574695306347e-05,1.734709416410198e-05,0.8861551668648189
2014-05-28,2.1661197917021908e-05,0.7579401744917235,2.9252856576369456e-05,0.9947130043136893,1.907920628167722e-05,2.7264312672011717e-05,0.8808010690251025
2014-05-29,2.1856321025887475e-05,0.7628057955365136,2.9668568989909887e-05,0.9758282455643604,1.9424543188839722e-05,2.6402754350294136e-05,0.8887380069972681
2014-05-30,2.8179051435749515e-05,0.7673530579431707,3.212771960589061e-05,0.9566205946357114,2.308864059657517e-05,2.6933431361121882e-05,0.8193547837910411
2014-06-02,2.8496658002674943e-05,0.7733246209002735,3.7383516384822405e-05,0.9621959761977038,2.5240553678544394e-05,2.914805471854214e-05,0.8857373266779247
2014-06-03,3.418588872187905e-05,0.7763267387230047,4.220637592678124e-05,0.9624380095968136,2.9488794119763034e-05,2.9155497769574546e-05,0.8626013604522773
2014-06-04,2.793146765100254e-05,0.7759504349118266,4.45609199295921e-05,0.9921849090620952,2.7375239849497778e-05,3.05731395231557e-05,0.9800859801405818
2014-06-05,4.136471088316827e-05,0.7780289602086348,4.795318424262468e-05,1.0191046810341746,3.465129620225773e-05,3.353322749900955e-05,0.8377018831372446
2014-06-06,3.9833023701562004e-05,0.783589212980782,4.8839073816936516e-05,1.032220875326897,3.4561596520495424e-05,3.361535585778886e-05,0.8676618872681797
2014-06-09,5.1073182956276414e-05,0.7843528212916633,5.044311007753096e-05,1.037878098616642,3.9811528589865864e-05,3.3794175720580585e-05,0.7794996568737136
2014-06-10,4.95066057749403e-05,0.7900732207336024,4.7037525561322676e-05,1.0584686730270698,3.812599190096659e-05,3.561043437849057e-05,0.7701192861875727
2014-06-11,4.7157992518462575e-05,0.7989179022668681,4.650299377283321e-05,1.0825284466254437,3.741280445435695e-05,3.666563397292201e-05,0.7933502351634172
2014-06-12,4.667919578081926e-05,0.8020437065445236,4.719234076351623e-05,1.0929843779550183,3.764397509984314e-05,3.5707790532575635e-05,0.8064400954249357
2014-06-13,3.72024477228719e-05,0.8207914552419522,4.341710590862067e-05,1.090964797969806,3.2987470863287394e-05,3.705761409959482e-05,0.8867016253612485
2014-06-16,2.938646502467408e-05,0.8638792429052021,2.7293515505455974e-05,1.091607676890422,2.4465632698128136e-05,3.764452309858063e-05,0.8325476602097526
2014-06-17,3.191330809025626e-05,0.8736820850427106,3.101769390116638e-05,1.0925716788483164,2.7488060366296046e-05,3.766570195947315e-05,0.8613353491451008
2014-06-18,3.560112133469648e-05,0.8763764460066621,3.675737130009705e-05,1.0912083745802998,3.170259100965977e-05,3.6601520787700146e-05,0.8904941704395911
2014-06-19,3.687128606172102e-05,0.8811855409188198,3.9890818030753656e-05,1.087774186371831,3.379465183232523e-05,3.655831926330707e-05,0.9165574473251182
2014-06-20,3.6786047916274955e-05,0.8696215698836246,4.651297523323532e-05,1.107549967139812,3.5971531597202874e-05,3.752239125068766e-05,0.9778580096202256
2014-06-23,3.78482539714106e-05,0.8640931173690208,5.0673188114910206e-05,1.1056710825710194,3.7841869615061824e-05,3.744350903549428e-05,0.9998313170178577
2014-06-24,3.933090292313687e-05,0.8658130534958753,5.100487653688423e-05,1.137349315460973,3.877902966136452e-05,3.741276657801074e-05,0.9859684568429344
2014-06-25,4.004889359785303e-05,0.86270867549317,5.3785301008948135e-05,1.1226429519661123,4.003973813182951e-05,3.656456578960292e-05,0.9997713927851428
2014-06-26,4.4267929857314866e-05,0.8600484136435522,5.4896787667824774e-05,1.1244510809169497,4.23975705715011e-05,3.6716658692619456e-05,0.9577491133684737
2014-06-27,3.536085878696092e-05,0.8633338233988325,5.525856472841226e-05,1.129542817009065,3.81627759879999e-05,3.686313350069279e-05,1.0792378154026105
2014-06-30,3.524942345217237e-05,0.8491626785034505,5.5379977469403784e-05,1.1232105450954393,3.751831234214978e-05,3.665852791052828e-05,1.064366695048386
2014-07-01,3.707778978776346e-05,0.856629048589968,5.8503408060815585e-05,1.1079231179657212,3.989700539353558e-05,3.527409211510641e-05,1.0760351580261271
2014-07-02,3.729144432547138e-05,0.8434025522096195,5.922259791065384e-05,1.1066477468769855,3.963539953211984e-05,3.564461303419819e-05,1.0628550395149874
2014-07-03,3.7850371933542936e-05,0.8509113203900662,5.9648847137771616e-05,1.10655207553158,4.043155124591985e-05,3.53365924534322e-05,1.0681942919057414
2014-07-07,3.637233936281704e-05,0.8675163406501781,6.0480898034653175e-05,1.077730474041642,4.068856718046015e-05,3.513932243498402e-05,1.1186678639113197
2014-07-08,3.904012916123487e-05,0.8853116354592102,5.96161437541007e-05,1.0686571252255217,4.27104094846436e-05,3.401866304274501e-05,1.0940130169203732
2014-07-09,3.921043801203444e-05,0.8925427334364022,5.865104110761778e-05,1.0695848144711924,4.2802361263735914e-05,3.365711073860797e-05,1.091606302653366
2014-07-10,3.784415060760939e-05,0.8837336015525136,5.6486760404891215e-05,1.0860332752468416,4.0859597416270536e-05,3.466508785271321e-05,1.0796806576510882
2014-07-11,4.137743263306523e-05,0.8899053748026745,5.651110318165244e-05,1.0876143344786522,4.3032095260242623e-05,3.471315332181029e-05,1.039989494801452
2014-07-14,3.5819786180035966e-05,0.8891966662056504,5.500396351837748e-05,1.1212891808647327,3.94690172560212e-05,3.6543289617270974e-05,1.1018775225972488
2014-07-15,3.740515266448331e-05,0.8854701102995294,5.656533233716285e-05,1.1091604019013743,4.0730035927962114e-05,3.604710856097279e-05,1.088888375708618
2014-07-16,4.331224214055195e-05,0.8385790850143585,5.53226551687149e-05,1.1301354488731956,4.10488379735652e-05,3.70697872376033e-05,0.947742161219874
2014-07-17,4.7474517764657056e-05,0.8815050844155591,5.770441325416141e-05,1.1255859612992545,4.613809057685249e-05,3.4221740141061026e-05,0.971849588985199
2014-07-18,4.82618636397603e-05,0.8880192585499493,6.151556513276935e-05,1.081775478838526,4.838568988991945e-05,3.21438097123826e-05,1.002565716298969
2014-07-21,3.56854935741795e-05,0.889685010171168,5.874456499425186e-05,1.0801455443182224,4.073483612578873e-05,3.2840795487748194e-05,1.141495662407279
2014-07-22,3.6878426197529086e-05,0.8911824259709039,5.8077219177653816e-05,1.1150012554179425,4.124351868595189e-05,3.494222268276139e-05,1.1183643918274166
2014-07-23,3.8554343811198455e-05,0.8926189431710516,5.887548119105991e-05,1.1030393254501654,4.252751358516266e-05,4.1028307635273254e-05,1.1030537516971086
2014-07-24,3.79220014302475e-05,0.8887577346917647,5.8366579877447604e-05,1.072217886855486,4.181298197920212e-05,4.147376278857185e-05,1.1026048310269583
2014-07-25,3.58816002468109e-05,0.8852549188972734,5.894153505488983e-05,1.0745600007671974,4.071130008382987e-05,4.1114854629160484e-05,1.1346010156681412
2014-07-28,3.90148494586092e-05,0.8911499056310933,5.823025822930132e-05,1.0799483660638904,4.2475655639830454e-05,4.147947157222548e-05,1.0887048451870311
2014-07-29,3.5953585678647994e-05,0.8936307728995818,5.7166338581523666e-05,1.0656137611941074,4.0513466885816605e-05,4.490196588313746e-05,1.1268268830798875
2014-07-30,3.539196672747045e-05,0.8889195536085632,5.583148083492375e-05,1.06414076804851,3.9514308069920575e-05,4.483994230872515e-05,1.1164767523148256
2014-07-31,4.5379445989039353e-05,0.9142666347085564,6.301868898653786e-05,1.1157435350837168,4.8891926216502234e-05,3.9890919870289416e-05,1.0774024484192968
2014-08-01,4.584672797284814e-05,0.9186612176278177,6.050127865350163e-05,1.1276827654431536,4.8382892911585943e-05,4.0072983559781104e-05,1.0553183411527165
2014-08-11,3.847004227028839e-05,0.9060757966158328,6.443740989341525e-05,1.169532131145758,4.51122926544526e-05,6.870971513574562e-05,1.172660334956123
2014-08-12,3.841634430365733e-05,0.9007273910258021,6.425826726093106e-05,1.172456100168034,4.475235484396559e-05,6.98372549250168e-05,1.1649300748198745
2014-08-13,3.776559449586869e-05,0.89634610073861,6.484418076969985e-05,1.162818459111783,4.4356717543642566e-05,6.771210280332956e-05,1.1745271889866555
2014-08-14,3.862814115860239e-05,0.8940878612113374,6.724395239190763e-05,1.157992321606021,4.556786904348875e-05,7.081641183688081e-05,1.1796547200237437
2014-08-15,3.923523389055349e-05,0.8934979945966034,6.656438339720519e-05,1.158367945961053,4.566176154340952e-05,7.367764567036364e-05,1.1637948092977553
2014-08-18,5.8802594173761744e-05,0.9001346681442313,7.263701387956425e-05,1.183148041176594,5.882808654365004e-05,8.403191165703596e-05,1.0004335245790852
2014-08-19,5.790352204668287e-05,0.9045308040079159,7.404548967022521e-05,1.1786836052240095,5.922773937968377e-05,8.401552761360956e-05,1.022869374542248
2014-08-20,5.609710643686182e-05,0.9075985619967942,7.476207789106179e-05,1.1915509720580788,5.877663394061185e-05,8.862184416046346e-05,1.047765877314294
2014-08-21,5.441563613273725e-05,0.9107329420653532,7.681324145589167e-05,1.2035155398291228,5.888042650125484e-05,9.099049861039922e-05,1.0820497688867685
2014-08-22,5.0059045313325706e-05,0.9124585385340099,7.913737068281762e-05,1.203632913744252,5.7430848059163114e-05,9.09883405224013e-05,1.1472621521184911
2014-08-25,6.652021183637015e-05,0.914012977971266,8.679039368816508e-05,1.1774748678715308,6.944884113731018e-05,9.189898228275979e-05,1.0440261571647431
2014-08-26,6.338834696697776e-05,0.9189192303642654,9.203488421511654e-05,1.176549364072615,7.01872599941175e-05,9.185084853978845e-05,1.1072580900505522
2014-08-27,6.228211919321129e-05,0.9171919376662503,9.677119800853821e-05,1.1945214918788305,7.120573570427275e-05,9.442160506955293e-05,1.143277342303955
2014-08-28,6.139493236265438e-05,0.9201169174662747,9.773000543532165e-05,1.1607398237445616,7.127270468558039e-05,9.513162368489707e-05,1.1608890496788706
2014-08-29,6.15753093611576e-05,0.9206372824095856,0.0001010881464258875,1.1612382011509297,7.263433690550586e-05,9.498415936736174e-05,1.1796016562334062
2014-09-02,7.761239871585492e-05,0.9182366144098564,0.00010517478277883292,1.158031892983584,8.296138065877648e-05,9.50463973418583e-05,1.0689191679605807
2014-09-03,7.595624179294328e-05,0.9172511596968064,0.00010837719106441499,1.1430509345830908,8.322215338494455e-05,9.479374759256699e-05,1.0956591771853081
2014-09-04,7.498131031863036e-05,0.9172318959843788,0.0001083576066757237,1.1416934478998522,8.267712447496985e-05,9.496659649577637e-05,1.1026364319806683
2014-09-05,7.387822741090312e-05,0.9160561420246596,0.00011008302583402362,1.139761484756827,8.26114991763561e-05,9.435986410302226e-05,1.1182117123205924
2014-09-08,7.348698808482049e-05,0.9149363503415587,0.00011160128682204176,1.146154510182004,8.28572867002526e-05,9.487958526650918e-05,1.1275096293865887
2014-09-09,8.133593066383054e-05,0.9141408057953577,0.00011290825805794786,1.1537679925655284,8.760263496731785e-05,9.430213082515596e-05,1.0770471826207808
2014-09-10,8.008754908927675e-05,0.9118243358498227,0.0001133140270486609,1.152352086731982,8.68631386228229e-05,9.396731262274871e-05,1.0846022835084281
2014-09-11,7.945435898388616e-05,0.9097996971649002,0.00011596570537075289,1.1527876509791148,8.733120226936191e-05,9.400201510827975e-05,1.099136704218748
2014-09-12,7.986652544186676e-05,0.9055039742026217,0.00011955479966414641,1.151301478973808,8.848227171786614e-05,9.282619047139805e-05,1.107876813575302
2014-09-15,7.976789477234261e-05,0.9040813284410822,0.00012071060833907315,1.1504651187472856,8.871443368445938e-05,9.271280266298008e-05,1.112157139631805
2014-09-16,8.12776222335961e-05,0.8986191920327881,0.00012664488636474126,1.1548799131976897,9.117064220227001e-05,9.251283438441778e-05,1.1217188654983146
2014-09-17,8.038458733415224e-05,0.8986129791251538,0.0001225756470311634,1.157888965588804,8.919924481487509e-05,9.285529550246979e-05,1.1096560643408049
2014-09-18,8.052555846541116e-05,0.89818801973596,0.00012304424896452691,1.154423354266017,8.940561411634587e-05,9.200066010065385e-05,1.110276238006459
2014-09-19,7.686942885417954e-05,0.8952748611238233,0.00011803588368587074,1.1579006420159323,8.527863590773401e-05,9.190737057200257e-05,1.1093959871811543
2014-09-22,7.562338268336147e-05,0.8980730911082416,0.00011159505565348908,1.1667369966583363,8.250156944005299e-05,9.079222883656936e-05,1.090953174965616
2014-09-23,7.716105522203933e-05,0.8953120875408771,0.0001165098602720665,1.1667029817752024,8.488967438420021e-05,8.967878604524176e-05,1.1001621755939046
2014-09-24,7.845740621167833e-05,0.8911490904493118,0.00012748423772308343,1.1518409247763368,8.912418820703764e-05,8.737382086860099e-05,1.1359563425609596
2014-09-25,8.684570042440597e-05,0.8951946852956325,0.00013802747296194314,1.1538009351530176,9.801091071944427e-05,7.993051888529328e-05,1.1285637658568595
2014-09-26,7.784867175631449e-05,0.8933620439831426,0.00013684950997243733,1.1553473622787769,9.220929968722451e-05,8.047625662755552e-05,1.1844685028906121
2014-09-29,7.945972408695768e-05,0.890411137540111,0.0001339763079979757,1.1597625976973165,9.18709300292606e-05,8.136671761491174e-05,1.1561949287505777
2014-09-30,7.034453028421699e-05,0.8855618403576982,0.0001305177906184339,1.1526248852070584,8.485333535332429e-05,8.069558414294113e-05,1.206253492780271
2014-10-01,6.051441443903661e-05,0.8861382480331689,0.00013131313276890157,1.1767533021877576,7.899234035444511e-05,7.654470528174416e-05,1.3053475124348022
2014-10-02,5.727685640094654e-05,0.8829039698528208,0.00012600052578117375,1.1756619403768305,7.500483072566763e-05,7.642673662950371e-05,1.309513744969218
2014-10-03,5.732458945014978e-05,0.8767351712955332,0.00011899891335375899,1.1229312592841698,7.24119767828065e-05,7.226602502138225e-05,1.2631922439806902
2014-10-06,5.950629355094935e-05,0.87744056711694,0.00011649192037950276,1.1222596265531732,7.305451502146818e-05,7.217141182845088e-05,1.2276771188734654
2014-10-07,5.823383972398379e-05,0.8726223714413844,0.00012284043874625876,1.114958765766989,7.380482175090777e-05,7.222158856980571e-05,1.2673871772963483
2014-10-08,6.403572465426801e-05,0.867497599905487,0.0001313499559131667,1.0777464611535683,7.955993357439718e-05,6.365999411093216e-05,1.2424304402572959
2014-10-09,6.579132724406009e-05,0.8717943555513691,0.00013751720504983676,1.0672945326780243,8.292336078547764e-05,5.958853481897029e-05,1.2603995733033992
2014-10-10,6.388921163395802e-05,0.8723086880331643,0.00011986122844570546,1.103992992037825,7.633493230302373e-05,5.929937392195411e-05,1.1948016003135438
2014-10-13,7.100010076144222e-05,0.8663644483347301,0.0001224821408982775,1.0663829731236592,8.079165217937645e-05,5.17402378874488e-05,1.1379089791834733
2014-10-14,5.126108009219706e-05,0.8453279676287339,0.00011159339218630946,1.045067388053462,6.393495352978546e-05,5.8405523210431056e-05,1.247241638584155
2014-10-15,4.732231652345586e-05,0.8370598259755434,0.00010400238609494106,1.0429668416962807,5.872339402826942e-05,6.844634863697488e-05,1.240923909529291
2014-10-16,5.30327919984953e-05,0.8290179432583888,9.553116493141708e-05,1.038437213570979,5.900770356467884e-05,6.821238248518864e-05,1.112664473074566
2014-10-17,4.626798859027275e-05,0.8330823255245167,9.371291977220961e-05,1.0162758957175455,5.4856483611939826e-05,6.479029804842704e-05,1.1856249922105475
2014-10-20,4.9165393824874467e-05,0.8334179331492239,9.411822126707802e-05,1.017716166939193,5.669300245495142e-05,6.354989135701924e-05,1.1531078680441378
2014-10-21,6.127847379397686e-05,0.8370352904885192,0.00010707013255858525,0.9686467893194322,6.780034582759335e-05,5.3503332245193054e-05,1.1064300663809536
2014-10-22,6.0122674099070425e-05,0.8351705369311426,0.00010443074870152747,0.9771020764573892,6.617721784685167e-05,5.231952388930878e-05,1.100703167956311
2014-10-23,6.055871725038731e-05,0.8371966418251655,0.00010784545157861147,0.9530912115304024,6.765762178804104e-05,4.8901761401253866e-05,1.1172234958065979
2014-10-24,5.99990058104541e-05,0.8375407159694068,0.00010817369639053323,0.933385899074382,6.747436266097017e-05,4.801881187970367e-05,1.1245913452988179
2014-10-27,5.8561423507449295e-05,0.837039271210111,0.00010441474234877275,0.9396324654632328,6.545345217672846e-05,5.083977331313935e-05,1.1176888855579554
2014-10-28,5.4522480778452264e-05,0.7963693671880626,9.981628736991487e-05,0.9533975607827202,5.874934872307739e-05,4.924078437052871e-05,1.0775252315058932
2014-10-29,5.3729820257279105e-05,0.7790695698680176,9.532750368005097e-05,0.8690279304037797,5.5756184353269324e-05,5.1785548340234404e-05,1.037713956352119
2014-10-30,5.3551839514494966e-05,0.7659700829739073,9.848766737252685e-05,0.8246154538588497,5.562754963939281e-05,5.0185987903226876e-05,1.0387607623513289
2014-10-31,5.56093263598845e-05,0.7588120722207863,9.581884421763133e-05,0.9062647217753697,5.539027390142894e-05,5.564859154295634e-05,0.9960608683328057
2014-11-03,5.4562010343014535e-05,0.757001940370209,9.31432704352827e-05,0.9079357042896946,5.3965712563752777e-05,6.194574679609335e-05,0.989071191191215
2014-11-04,6.02491600622342e-05,0.7478935285350201,9.15860974543669e-05,0.9176020208974958,5.555588248795052e-05,6.37795734267567e-05,0.9221021908116931
2014-11-05,6.0354415020847636e-05,0.7402048369936334,8.98003259948843e-05,0.9146302145459512,5.449358723467322e-05,6.414723752581708e-05,0.9028931390661319
2014-11-06,5.86925643313682e-05,0.7426273215465866,8.880732142895529e-05,0.9150573619166256,5.3615066746977134e-05,6.399844109835797e-05,0.913489934504746
2014-11-07,5.828791566618652e-05,0.7396497772960552,8.990843082579357e-05,0.9137353766868208,5.354459063290583e-05,6.459271085274016e-05,0.9186224969778367
2014-11-10,5.7340540123530906e-05,0.7562958540974757,9.039803968350077e-05,0.9163531137209552,5.445053055377582e-05,6.61253325251701e-05,0.9495991917144654
2014-11-11,6.57571982494724e-05,0.7622614480610457,9.062409386037216e-05,0.9385363390239642,5.884335745080405e-05,7.154052498930757e-05,0.8948580386220482
2014-11-12,6.673646336542344e-05,0.7663977587985784,9.024368268881368e-05,0.9360786615762832,5.947633855530008e-05,7.145664313573725e-05,0.8912120234725402
2014-11-13,7.11343776232816e-05,0.7693531793048412,8.821664148426284e-05,0.9313662113461544,6.0945378796530174e-05,7.163944411749874e-05,0.8567640686938875
2014-11-14,6.859476809423724e-05,0.768987225017851,8.729532957876243e-05,0.9198117533185468,5.9505913362526975e-05,7.528025707777298e-05,0.8674993008326267
2014-11-17,6.853595565786147e-05,0.7699201731808704,8.62900294317682e-05,0.9221230203750108,5.920866159613771e-05,7.612867339272648e-05,0.8639065586494982
2014-11-18,7.650833651469074e-05,0.774555481315859,8.958362070148892e-05,0.9079672126307432,6.412409030357344e-05,7.439274879134376e-05,0.8381320680166751
2014-11-19,7.466095393809579e-05,0.7768425943792843,8.950200783634698e-05,0.8923320685873488,6.350328420692184e-05,7.656853626024865e-05,0.8505554892799093
2014-11-20,7.31046489834875e-05,0.7810466713001298,8.814255445268007e-05,0.9090962108170604,6.269635606706404e-05,8.112331200444602e-05,0.8576247467001117
2014-11-21,7.04730363634149e-05,0.7863785046909507,8.689519550600589e-05,0.9083752967600398,6.153766424439231e-05,8.230749375569689e-05,0.8732086400684551
2014-11-24,6.987047932397521e-05,0.7891083121563492,8.31680777638409e-05,0.9225103188036364,6.0153626005978674e-05,8.633969904998542e-05,0.8609304900723314
2014-11-25,8.166110492431963e-05,0.7972795855201587,8.41045328646907e-05,0.9023706861349362,6.607360024940712e-05,8.792965333892734e-05,0.8091195962954651
2014-11-26,7.228929035700332e-05,0.8053746031203098,7.759802605091071e-05,0.8775610632226054,6.031984931190439e-05,8.96970096308604e-05,0.8344230385166682
2014-11-28,6.63644735069259e-05,0.8065767802617543,7.011565038793753e-05,0.8881184015977931,5.5020055670381626e-05,9.095713602541011e-05,0.829058873866296
2014-12-01,6.796408095783602e-05,0.8086961163079424,7.027474181479668e-05,0.9103593149366076,5.5888790501614394e-05,9.442188310200809e-05,0.822328349239167
2014-12-02,6.956629167082881e-05,0.809791603820994,7.141193233001049e-05,0.9071822996359516,5.707659919725593e-05,9.337701307305704e-05,0.8204634432338129
2014-12-03,9.973973303376368e-05,0.8124501873775558,8.0125778384992e-05,0.9161076859599792,7.263015561292984e-05,9.431130206321907e-05,0.7281968118798076
2014-12-04,7.195368455764464e-05,0.8100110470171371,8.354700508445097e-05,0.932374684352795,6.280336357730347e-05,9.844931490843703e-05,0.8728304042163326
2014-12-05,6.914099334132158e-05,0.8107673656588804,8.884563879456646e-05,0.9300352904519988,6.354510826931253e-05,9.81482485416754e-05,0.919065596231972
2014-12-08,6.652863915801598e-05,0.8184854799063481,8.487015741559803e-05,0.9341659112990738,6.150250475233148e-05,9.95286479309069e-05,0.9244515674858967
2014-12-09,5.578278936298998e-05,0.8190600590248902,8.884367266549202e-05,0.933906864818121,5.766059419171695e-05,9.978847899074477e-05,1.0336627990491423
2014-12-10,7.622608908783083e-05,0.8193578127240282,9.05796288303248e-05,0.9346549520134088,6.808331390650775e-05,9.395836872141187e-05,0.8931760073386339
2014-12-11,6.0199482263474304e-05,0.8264320294252446,7.717995808868562e-05,0.936167336951288,5.633208005070354e-05,9.37127477821972e-05,0.9357568858176495
2014-12-12,5.635062229218622e-05,0.8297892574562226,7.439052525861975e-05,0.9349446260315012,5.372494491958145e-05,8.742364355054321e-05,0.9534046428273631
2014-12-15,5.5088696774690915e-05,0.8238809640777127,7.82192989721752e-05,0.9352834571536992,5.408199173037681e-05,8.6588549555163e-05,0.9817257422437953
2014-12-16,5.154869882225274e-05,0.8317322832197104,6.807324239451734e-05,0.9234026817112728,4.926978088888806e-05,8.367776442444575e-05,0.9557909707629535
2014-12-17,8.951914955443635e-05,0.8230790521392359,8.134374622682686e-05,0.9198799776583192,7.023629713191697e-05,7.652063190020715e-05,0.7845952232735016
2014-12-18,9.913276275332198e-05,0.815945607690224,9.887920814626845e-05,0.8862954027651959,8.078343273307618e-05,6.25323264982093e-05,0.8149014562833728
2014-12-19,7.377698274922788e-05,0.8151889494076069,0.00010005199442064992,0.884116012123778,7.003765617274561e-05,6.2373246442731e-05,0.9493158104717774
2014-12-22,6.996587850894997e-05,0.8257173211112914,0.00010203371373176486,0.9055456297798726,6.976641190154386e-05,6.383213311142415e-05,0.9971490873600538
2014-12-23,6.063494070426503e-05,0.8346048769494966,0.00011889227213864322,0.917879689409706,7.086294711124838e-05,6.54086259662209e-05,1.1686817252261932
2014-12-24,5.292955813268682e-05,0.8243758652940368,9.795618819906077e-05,0.9274541878444156,5.935951466687896e-05,6.65185546990454e-05,1.121481394537116
2014-12-26,5.0003308753932844e-05,0.8225146195433187,9.715046090589506e-05,0.9131975454059964,5.7327820372032535e-05,6.573549918981642e-05,1.1464805390008037
2014-12-29,4.966432774890378e-05,0.8120899714085327,9.071170283283869e-05,0.9131896408214168,5.450772896918001e-05,6.572426102396395e-05,1.0975227379451067
2014-12-30,4.653062419950052e-05,0.8123268804558278,8.860765411492149e-05,0.9457392100110056,5.215979588737753e-05,7.178977099731776e-05,1.1209777815088375
2014-12-31,4.3755181092948726e-05,0.8263178039065776,9.649988078300767e-05,0.943190834174242,5.3693936075133675e-05,6.974284697331605e-05,1.2271446428497723
2015-01-02,6.483180836307134e-05,0.8348838671034796,9.610157926122904e-05,0.927854826627164,6.589999765498235e-05,7.432816656070182e-05,1.0164763149275267
2015-01-05,8.284505496642122e-05,0.8313508286051956,0.00010065293170259342,0.9909003667231824,7.591556764133603e-05,7.193104274513118e-05,0.9163560537452253
2015-01-06,7.372029621424698e-05,0.83901650854531,9.35852678306719e-05,1.0083327007108775,6.968957013973566e-05,7.424512239657038e-05,0.9453240656711801
2015-01-07,7.097584833724285e-05,0.8670409735195909,0.00011184953171646565,0.961008647338432,7.725240389734086e-05,6.871823698629345e-05,1.0884322724861963
2015-01-08,6.58935484829367e-05,0.8816358298020277,0.00011783958582737323,1.000592191418718,7.768841896274294e-05,6.859255617782493e-05,1.1789988663740056
2015-01-09,5.142752848602693e-05,0.8871937005918274,0.00011452896965712926,0.9970826377215726,6.80885292129079e-05,6.700684524843228e-05,1.3239704729619242
2015-01-12,5.214866604959718e-05,0.8910198168690217,0.00010946189313152662,1.0211356552129252,6.731943191978031e-05,6.993157988032352e-05,1.2909137859011508
2015-01-13,5.1084978694142575e-05,0.8932141971976205,0.0001041385629620633,1.000947158945198,6.514903929241932e-05,6.890954948842293e-05,1.2753071638236648
2015-01-14,5.779000718727771e-05,0.8979413509126789,0.00010066594876733507,1.0094888161085465,6.848818251556921e-05,6.865023057574902e-05,1.1851215434810791
2015-01-15,5.577655409897309e-05,0.8998785628312026,0.0001029401177221333,1.0036798701506868,6.818707738843223e-05,6.604164772701882e-05,1.2225043029269467
2015-01-16,7.006830803083834e-05,0.8921519495809777,0.00011176162506508269,0.9899536470302804,7.894888451015853e-05,6.286135962629898e-05,1.1267417000480686
2015-01-20,6.698197984101967e-05,0.8891364863757991,0.00011041034057837562,1.0121004039799368,7.646316966364421e-05,6.963716969695717e-05,1.141548366368506
2015-01-21,5.396910834789416e-05,0.8875886473108529,0.00010849857370463445,1.0178256065926643,6.791979630464548e-05,6.968088619345283e-05,1.258493949294526
2015-01-22,5.806897077464812e-05,0.8856329552813269,0.00010708883047543074,1.0403308412775534,6.983898529808827e-05,6.625207752836944e-05,1.2026902555086911
2015-01-23,5.910063936486745e-05,0.8847102690350225,0.00010622350485318193,1.0266096049862767,7.009829767219879e-05,6.797468558256942e-05,1.18608357583808
2015-01-26,6.288399592442454e-05,0.8829671758968142,9.692734990162944e-05,1.0516376639680447,6.893468476620857e-05,7.146453385257676e-05,1.0962198529663396
2015-01-27,6.964065036165525e-05,0.8828122465947521,9.416777601809167e-05,1.092214697716179,7.149092481061449e-05,7.005344119600614e-05,1.0265688852609856
2015-01-28,7.988841611727443e-05,0.8785189015951869,9.653478783679199e-05,1.0894920441826788,7.714982380239777e-05,6.565657271814862e-05,0.9657197820663203
2015-01-29,8.021798542057233e-05,0.878358900631448,9.457424784188756e-05,1.0811444556231034,7.650579456636774e-05,6.426749019709808e-05,0.9537237087824874
2015-01-30,7.830236811365751e-05,0.8764321005077981,9.928072603095387e-05,1.0628190095272714,7.727485456707955e-05,5.91191144313969e-05,0.9868776185020802
2015-02-02,6.708254753246161e-05,0.8754698232485845,9.829897790950229e-05,1.1060529225439435,7.109195470225767e-05,5.833828346731169e-05,1.0597682604086538
2015-02-03,8.067150173734702e-05,0.8789543084288007,9.70258883494337e-05,1.1716260107509358,7.776249455982264e-05,5.712086169283006e-05,0.9639400889424914
2015-02-04,7.910110058857453e-05,0.8811646601000622,9.922838588024947e-05,1.1573548224057544,7.806678558662961e-05,5.65588216341909e-05,0.9869241389279189
2015-02-05,8.520627788871464e-05,0.8804490870410189,0.00010466585918813783,1.1390506169384316,8.314623070602165e-05,5.3946682926086506e-05,0.9758228239310776
2015-02-06,8.507292515013707e-05,0.8845453240369213,0.00010386663888722256,1.12803610809604,8.31483839921708e-05,5.32332951687286e-05,0.9773777479195662
2015-02-09,6.296753465448077e-05,0.8810172147336562,0.0001031830290709378,1.103401766835012,7.101447420708222e-05,5.183436006100056e-05,1.1277950549716944
2015-02-10,6.653518645016198e-05,0.8758934991428663,0.00010479782298913033,1.082380592061328,7.313969123968843e-05,4.835419361688575e-05,1.0992633393230744
2015-02-11,6.58212274519105e-05,0.8747739405243519,9.787629200981885e-05,1.0654718590967982,7.021300804878858e-05,5.0976104014014525e-05,1.066722860798771
2015-02-12,6.625281595902424e-05,0.8706020716315769,9.389166346473011e-05,1.0803554353008673,6.866499360302584e-05,5.1472682420895364e-05,1.0364086810361914
2015-02-13,6.59493776327874e-05,0.876688423772597,9.037359854672275e-05,1.07915024438574,6.768172367068031e-05,5.104657636293364e-05,1.0262678148009035
2015-02-17,5.2818371217651516e-05,0.8853410834493967,8.514776643544928e-05,1.064981849419857,5.93731034338513e-05,5.089532058398609e-05,1.1240994764717251
2015-02-18,4.925751255554142e-05,0.888914752108371,8.550869215930946e-05,1.0651974113222875,5.7690125539007756e-05,5.104872338922767e-05,1.171194454327306
2015-02-19,5.2538640297651296e-05,0.8954099353894674,8.027754461230002e-05,1.0591746760314646,5.815115749822701e-05,5.085630932182551e-05,1.1068264646511345
2015-02-20,5.811623348480445e-05,0.8983790625928488,8.100164720150412e-05,1.0781180135041548,6.163895638370389e-05,5.1346995614121e-05,1.0606151274380249
2015-02-23,5.7842904366347e-05,0.9026393092199251,7.813694094212722e-05,1.0802281320949885,6.068306256613489e-05,5.169633683131878e-05,1.049101237755971
2015-02-24,5.363774172174018e-05,0.8980692423453653,6.996426990823057e-05,1.0960039496129288,5.501526614589994e-05,5.2655240568028195e-05,1.0256819989049135
2015-02-25,4.6420168910813084e-05,0.8955481556203468,5.70937587627628e-05,1.110770909891346,4.610378909235726e-05,5.5798435081262545e-05,0.9931844319855087
2015-02-26,6.082008377129165e-05,0.8921801431808648,5.8291878496155834e-05,1.1187390516243985,5.3122693317040935e-05,5.9242736368349346e-05,0.8734399892772913
2015-02-27,6.477291200020017e-05,0.8925671792541855,5.8815548346828026e-05,1.1206651167719086,5.5091386118882816e-05,5.9254126937641813e-05,0.8505312547737944
2015-03-02,7.10002492943561e-05,0.8730424495358778,5.023795294313059e-05,1.1157438371832755,5.214122916624039e-05,6.123753795868838e-05,0.7343809308340719
2015-03-03,6.22129036386534e-05,0.865610357825357,6.090893803022101e-05,1.107548873337456,5.32847820839524e-05,6.0790218449905625e-05,0.8564908398013772
2015-03-04,6.357489191775788e-05,0.8643736412470587,6.687253663767804e-05,1.1232022020934118,5.6359642378867906e-05,6.169723947615095e-05,0.8865078756528
2015-03-05,6.337223751236057e-05,0.8608762242832411,7.199251413673569e-05,1.1288376381301115,5.814788252988111e-05,6.63723391329131e-05,0.9175608249359908
2015-03-06,6.737776824421294e-05,0.8539404523885153,8.581308496919242e-05,1.0927684803486937,6.493257945319449e-05,5.973789725223289e-05,0.9637092641276602
2015-03-09,6.459093954914395e-05,0.8531640127890402,8.469691216897556e-05,1.0950592764042728,6.310330675840322e-05,5.974605532875688e-05,0.9769683983369082
2015-03-10,6.248974140729342e-05,0.855941442536806,8.870453781955477e-05,1.147044703780286,6.372668636390455e-05,5.530315487426575e-05,1.019794368303575
2015-03-11,5.4252554100076106e-05,0.8497209408978481,8.76298796951069e-05,1.157914750335512,5.858851945300403e-05,5.8058606085871594e-05,1.0799218658891092
2015-03-12,5.508043688697334e-05,0.8432166508222636,8.91671731682003e-05,1.1667354340687826,5.909358818962159e-05,5.472475362930557e-05,1.0728598306306711
2015-03-13,5.707193087433516e-05,0.8442353335865704,7.630618658453616e-05,1.1871621681336604,5.571276113238704e-05,5.458268408730928e-05,0.9761849700697733
2015-03-16,5.2149496476829495e-05,0.8440651758806882,8.190908271781825e-05,1.1425613791426408,5.516543836971263e-05,4.8390031427135467e-05,1.057832617697913
2015-03-17,4.691748238540657e-05,0.8513186515779656,7.99178520432994e-05,1.1422134026136517,5.212924076371627e-05,4.8099792664680375e-05,1.1110835047690195
2015-03-18,5.051902620859181e-05,0.8508435999880781,8.345600682831987e-05,1.1424702065586263,5.524665934417355e-05,4.48192099203856e-05,1.0935812403838003
2015-03-19,5.142834644805491e-05,0.8542627162734552,8.338116679515312e-05,1.1738073123307675,5.5940548043117604e-05,4.560365482229112e-05,1.0877376370562533
2015-03-20,5.066833282542825e-05,0.8529023858104537,8.09608594423698e-05,1.1578710305303608,5.462672841438478e-05,4.7723708853959814e-05,1.0781236596553259
2015-03-23,5.007282454924587e-05,0.8535169432973394,7.633555192827405e-05,1.1614675953831557,5.2768726943308866e-05,5.0032921379208415e-05,1.0538396309441584
2015-03-24,4.2218867344400384e-05,0.8600296501605087,6.931405917752838e-05,1.153280107202029,4.652403560481271e-05,4.880250167935691e-05,1.1019726139333137
2015-03-25,4.692159710753298e-05,0.8585794384159815,7.593138749073004e-05,1.1223545708586389,5.1248073546171684e-05,4.2717492575438376e-05,1.0922065041546531
2015-03-26,4.732340893496746e-05,0.8598178660443935,7.361024840394583e-05,1.12427725688211,5.0747379076596746e-05,4.261057224095892e-05,1.0723525675492769
2015-03-27,4.354358066573599e-05,0.8597085965552217,6.99188556978486e-05,1.1249427269724412,4.743626591156411e-05,4.263383766215164e-05,1.0893974539142859
2015-03-30,4.5502666776921666e-05,0.8612770220080527,6.905761325495734e-05,1.1495298523765602,4.827997850455936e-05,4.015150228014738e-05,1.0610362408263576
2015-03-31,3.983451498744685e-05,0.8586408107505433,7.32522927742409e-05,1.0890066110339065,4.6382259838905706e-05,3.79072404549112e-05,1.1643736556983877
2015-04-01,4.176214734580363e-05,0.8543505696869901,7.330518331024992e-05,1.0703985318681568,4.727100830905257e-05,3.698842905031276e-05,1.1319103856809336
2015-04-02,4.894523588776545e-05,0.854589428487655,6.795968959114569e-05,1.067373245241618,4.928768524876355e-05,3.765289849552459e-05,1.0069965820939828
2015-04-06,4.8199312485919956e-05,0.8558348143954553,6.617050798925634e-05,1.0940968732986645,4.8332872334636625e-05,3.751704510166589e-05,1.0027709907429838
2015-04-07,4.533264144371158e-05,0.8603689552694392,6.198230669945089e-05,1.0937583873188634,4.5606223506350204e-05,4.069878388272987e-05,1.0060349905482195
2015-04-08,4.177649686660928e-05,0.8553713514821424,6.422335729176452e-05,1.090861656800044,4.4306476389265214e-05,4.057248134143075e-05,1.0605598772614673
2015-04-09,4.664355209638432e-05,0.8466497495458775,6.614721272818575e-05,1.1050313383287615,4.7027876261733545e-05,4.2241579814258134e-05,1.0082395990029889
2015-04-10,4.853778747139849e-05,0.8481127865342407,6.48538720990058e-05,1.082703964438172,4.758406653632175e-05,4.111770628907385e-05,0.9803509598446626
2015-04-13,4.467938122611643e-05,0.8500690588194538,6.245085195408994e-05,1.0768730947472291,4.490316645959476e-05,4.111083470154461e-05,1.0050086914217944
2015-04-14,4.646938254229903e-05,0.8506526142270009,6.121929738603158e-05,1.0766554017120715,4.53711578506082e-05,4.107875888566392e-05,0.9763667035882999
2015-04-15,4.691423215315267e-05,0.8568901808560733,5.871877424115765e-05,1.097895129383936,4.497446057404051e-05,4.4006511719578276e-05,0.9586528119488403
2015-04-16,4.176974619173272e-05,0.8612642765807361,5.5751651991354835e-05,1.0692616733511422,4.156197936939896e-05,4.502359253871471e-05,0.9950259017284888
2015-04-17,4.332386275975345e-05,0.8638386352992818,5.970268083416587e-05,1.0962444634929616,4.393322919491293e-05,4.328238117144345e-05,1.014065376361721
2015-04-20,4.305137811564542e-05,0.8623539411240259,6.120067258112335e-05,1.1193454544147388,4.426466472656928e-05,4.224093934794052e-05,1.0281822943661574
2015-04-21,4.4326391543702614e-05,0.86184023646055,6.266964806250383e-05,1.1357153421604227,4.5424126336779855e-05,4.424478016451293e-05,1.0247648128992173
2015-04-22,3.760113128202133e-05,0.866498375599935,6.303495549503146e-05,1.1331271969590146,4.218508552279145e-05,4.376671183634689e-05,1.1219100086747098
2015-04-23,3.981692672329287e-05,0.8682396904752294,6.424301743807591e-05,1.1327069475687246,4.39123287071104e-05,4.357331733132352e-05,1.102855803318987
2015-04-24,4.472325784062566e-05,0.8692512344233868,6.622416843938472e-05,1.1546923958749449,4.7306442401628295e-05,5.556847428914876e-05,1.0577593110548429
2015-04-27,4.8016264703360416e-05,0.87076122041165,7.272370643951922e-05,1.1307158040754288,5.145543665741205e-05,5.427214207252377e-05,1.0716251456730024
2015-04-28,4.837591330570472e-05,0.8686764355032024,7.321187869339302e-05,1.132763919835746,5.169676948139774e-05,5.586878393090721e-05,1.0686468936453426
2015-04-29,4.7158652268819175e-05,0.882588536498192,7.347672358322325e-05,1.1243416852946764,5.1953387024938745e-05,5.51030971153303e-05,1.1016724296697045
2015-04-30,4.7296624411946914e-05,0.8847718581361749,7.475350588956595e-05,1.1036869812623933,5.26092555586096e-05,5.1847009206173855e-05,1.1123257994141489
2015-05-01,5.0018555724514286e-05,0.8892517899594786,7.57641966624928e-05,1.0906790626774303,5.474221085161864e-05,4.927499515082827e-05,1.0944380552113637
2015-05-04,4.992916004912971e-05,0.8825169888909036,7.392051828650665e-05,1.0866719072325963,5.361455505723694e-05,5.5470266077960665e-05,1.073812477607892
2015-05-05,5.102770643270727e-05,0.8785444180435675,7.426067745985092e-05,1.0832096917204672,5.4081185280151864e-05,5.2487047296124707e-05,1.0598396255859817
2015-05-06,5.61480236098465e-05,0.8930279324694617,7.063714630884955e-05,1.0752931106177364,5.624045854082278e-05,5.571299696731832e-05,1.001646272211086
2015-05-07,5.2055366505413186e-05,0.8996659213171482,6.924943475927212e-05,1.0562057155892297,5.401596519185983e-05,5.722978824836022e-05,1.0376637188068354
2015-05-08,4.9463315458690945e-05,0.9008311017446161,7.304917797992196e-05,1.0575422190221189,5.4149275494028346e-05,5.363968138821733e-05,1.0947360683747707
2015-05-11,4.237087867236375e-05,0.904650105647768,6.439964403850153e-05,1.0673953219321897,4.7255907401157665e-05,5.359204220160217e-05,1.1152921270896408
2015-05-12,4.7490306282055044e-05,0.9035451429737646,6.536330079689357e-05,1.0448656032911234,5.0340709101839695e-05,5.370426649504797e-05,1.060020729343279
2015-05-13,4.663897325113825e-05,0.9047889355965549,6.309570304035097e-05,1.043807749479546,4.908193358762038e-05,5.365823363135701e-05,1.0523802340872181
2015-05-14,4.9144732522979803e-05,0.9078408534806884,6.597584015573824e-05,1.0345473281139144,5.169406385344339e-05,5.072746733701316e-05,1.0518739486326747
2015-05-15,5.102390807027307e-05,0.9063347640014184,6.378251541543843e-05,1.0366602657007002,5.170425912555998e-05,5.116885707384625e-05,1.013333965997859
2015-05-18,5.1224895533544154e-05,0.9025617591780827,6.328606869211411e-05,1.0314521029272026,5.138916116882369e-05,5.0732754837109805e-05,1.003206753934168
2015-05-19,5.107054978153525e-05,0.9076934876268141,5.508553891010786e-05,1.0283197982119026,4.814412382520009e-05,5.126142329349421e-05,0.9426983659104211
2015-05-20,4.960583034370502e-05,0.911127360014026,5.596249237696511e-05,1.0950414143943163,4.800582902948956e-05,5.7083426864042786e-05,0.9677457003918795
2015-05-21,4.7917991249736124e-05,0.9152325164598837,5.4937369412090496e-05,1.0895188376754747,4.695854947960956e-05,5.716379866537016e-05,0.9799774208996741
2015-05-22,4.8649795894238564e-05,0.9103599730913261,5.6136695404275335e-05,1.109207549201867,4.757481271806452e-05,6.221273016061184e-05,0.9779036446830941
2015-05-26,5.2044924254716454e-05,0.9106140320127818,5.965249490097081e-05,1.0948963435302363,5.073852464042552e-05,5.983784306058086e-05,0.9748986162820182
2015-05-27,5.41376103742017e-05,0.9090281206285897,6.26481033712889e-05,1.0920381598267177,5.293962042686752e-05,5.742443996996712e-05,0.97787139219752
2015-05-28,5.2639353679274204e-05,0.9051667052291849,6.396753122865588e-05,1.0886750595107193,5.252470718128665e-05,5.7269256474519265e-05,0.9978220382665395
2015-05-29,4.7121939363217764e-05,0.906152569684255,5.930380713818821e-05,1.0950868996803071,4.790206015321443e-05,5.6948696208136366e-05,1.0165553625453203
2015-06-01,4.566975475334599e-05,0.8998563793684802,6.181848869516766e-05,1.0932005532163926,4.781308116063663e-05,5.680578118803956e-05,1.0469309813215848
2015-06-02,4.848176142599366e-05,0.8923646568471992,6.441666973786681e-05,1.097075808870683,4.9869003554304284e-05,5.729167028654641e-05,1.0286136907469465
2015-06-03,4.583723039523311e-05,0.8850322157401129,6.49967313251908e-05,1.1456572558164386,4.830743989102469e-05,6.126101748875962e-05,1.053890897737322
2015-06-04,5.208668778062701e-05,0.8881078929719094,6.411607741345281e-05,1.1535253069473932,5.132306362280414e-05,5.999537593128629e-05,0.9853393603939836
2015-06-05,5.356843740955158e-05,0.8865472737611708,6.485283821482486e-05,1.11903980804419,5.225416128001712e-05,6.216744868165054e-05,0.9754654756963264
2015-06-08,5.4875341169450945e-05,0.8831077913868015,6.915227788909645e-05,1.1181078508475606,5.440083657370243e-05,6.3244195096552e-05,0.9913530451813816
2015-06-10,5.7400521339002106e-05,0.8752917002837661,7.735970197831668e-05,1.1256338269744772,5.8326796318454994e-05,6.0042333096212104e-05,1.0161370481982628
2015-06-11,5.7399555912391706e-05,0.8737581194312549,7.848077512422798e-05,1.1187730166021972,5.8644479024917534e-05,5.975415290263027e-05,1.0216887237668866
2015-06-12,5.544172754801711e-05,0.8718490776555806,8.336762919625811e-05,1.113546957222704,5.92732055887486e-05,5.8823870863377026e-05,1.06910820081162
2015-06-15,5.424960916028536e-05,0.873708056323745,8.259036729799098e-05,1.1223347120272005,5.8482960056582986e-05,5.902679383240273e-05,1.0780346800986125
2015-06-16,5.423174022350414e-05,0.8745509403448594,8.309978035172338e-05,1.1111407682012873,5.8709964708045744e-05,5.9244368743800547e-05,1.0825757105725464
2015-06-17,5.412494915971205e-05,0.87355944673078,8.401481472796655e-05,1.1162360905626725,5.8907304728065444e-05,7.021976326679037e-05,1.088357691648663
2015-06-18,5.572982074389677e-05,0.8705328261090599,8.928138798593193e-05,1.0781943026636134,6.140580680242704e-05,8.722107031516631e-05,1.101848274097524
2015-06-19,6.241618085312648e-05,0.8778176200719093,9.186435680203563e-05,1.0771885921474145,6.64701117631639e-05,0.0001245018461766405,1.0649499994172482
2015-06-22,6.257165974145031e-05,0.8759349207129257,9.20160100369079e-05,1.0696015562973873,6.646490325243044e-05,0.00012441330750882778,1.0622205568314351
2015-06-23,5.295413252336654e-05,0.8749488111798879,9.201898361946584e-05,1.0734168772334791,6.107609900093223e-05,0.0001636825047644897,1.153377387005288
2015-06-24,5.124155217210486e-05,0.8773903248512606,9.472462147176745e-05,1.0457481056852151,6.112732888365828e-05,0.00017475886160038648,1.1929250050496145
2015-06-25,5.1531038942745836e-05,0.8784196191893877,9.490949230543516e-05,1.046961043238298,6.143152569215181e-05,0.0001749153862625448,1.1921266668115507
2015-06-26,9.885673436567757e-05,0.896268062273517,0.00011058911653643811,1.0561585272846092,9.371243988152078e-05,0.00017756002140749283,0.947962124005354
2015-06-29,0.00010219846828200267,0.9111797581286597,0.00014291073299827641,1.0299811779387185,0.00011011809257238166,0.00018353089526346777,1.0774925928295314
2015-06-30,8.697755639475864e-05,0.9390121725458225,0.00013199165017578878,1.032069639847448,0.00010061159928577675,0.00019314597989884027,1.156753574785871
2015-07-01,9.667073925185136e-05,0.9434648590987915,0.00013573050820675983,1.0271679572192325,0.00010807170078047132,0.00019033283927481035,1.1179360126637452
2015-07-02,9.521395937942913e-05,0.9476559305481616,0.00013376524093226792,1.0218135249002362,0.00010694799214889218,0.00019374001116015984,1.1232385760023145
2015-07-06,0.000172264093177785,0.949466891688872,0.00013683848977343437,1.0293763305464554,0.00014577442688736388,0.00021111752865948628,0.8462264201334024
2015-07-07,0.00016730584927433944,0.9469451752023746,0.00014445599249353938,1.0325085806113226,0.00014721368341456635,0.0002139411525456658,0.8799075707937324
2015-07-08,0.00018325021701855255,0.9540110069532128,0.00016189012491331638,1.0362352593490776,0.0001643182546598329,0.0002099407154026454,0.8966879130254839
2015-07-09,0.00017483634785152047,0.9458374039595329,0.00015765242311493302,1.0362395133943794,0.0001570300151776138,0.00021046865675089887,0.8981542860353691
2015-07-10,0.0001852458943863911,0.9503825826101701,0.00016709083813319273,1.0350543652332025,0.00016720493177759058,0.00020604250891504943,0.9026107290066566
2015-07-13,0.00021177015433928543,0.9500607179021731,0.00017765652029051282,1.04125310741988,0.00018427834958248813,0.00020816201307123964,0.8701809287405459
2015-07-14,0.0001959846645507268,0.9395859278912739,0.00017123088933496586,1.0311070488890226,0.0001721228802723745,0.00020767825407124049,0.8782466764271949
2015-07-15,0.00017788056160659394,0.9413493928074024,0.00017374043136966875,1.0295018160217908,0.00016548763159047485,0.0002073669695438718,0.9303300489711311
2015-07-16,0.00018174519139179188,0.9403834473032403,0.00017279779789281338,1.0257438990544898,0.00016665008611112904,0.00021397466981611744,0.916943578176316
2015-07-17,0.00017984339911716185,0.9370634538734254,0.0001757064625355806,1.0126651433759497,0.00016657511402097628,0.0002121960992802647,0.9262231187726733
2015-07-20,0.0001933298802508964,0.9329309780100412,0.000177653177839359,1.0030650849130744,0.00017289621873780068,0.00021289730129839179,0.8943067595832694
2015-07-21,0.00019419877324157122,0.9281211867653993,0.00018700518731921135,1.0030673036018647,0.00017687023568241448,0.00021281581691464407,0.9107690678478122
2015-07-22,0.00018582236281108658,0.9202644560373577,0.00018965850580909604,1.0040469670322687,0.0001727618315801402,0.00021308180030566026,0.9297149652314767
2015-07-23,0.00018795658724473803,0.9171206279569286,0.00019304747008104886,1.00027448453561,0.00017469774310454683,0.00021204107252098596,0.9294579438020607
2015-07-24,0.00019329917782205091,0.9007788163311645,0.00023188091804952538,1.0193425191871497,0.00019070657797404597,0.0002270878064544476,0.9865876312707772
