Date,Predicted_Index_Var,Predicted_Corr,Predicted_Var,Future_Beta_45d_EWZ,Predicted_Covariance,Future_Cov_45_EWZ,Beta_Predicted
2013-02-28,5.497886498863307e-05,0.6530187985032109,0.0001430640628733206,1.016095927763368,5.791470461439829e-05,5.565027765622822e-05,1.0533994222392953
2013-03-01,5.488021190183326e-05,0.6465009401889366,0.00014141072865069768,1.0153834264336832,5.695321312066499e-05,5.555835960596752e-05,1.0377731999748798
2013-03-04,5.501029900576039e-05,0.6439267210567458,0.0001415534326464747,1.0518112024101771,5.682227961069169e-05,5.7504897988875564e-05,1.0329389339392894
2013-03-05,5.845535101370509e-05,0.6530302475353041,0.0001377422375145958,1.057143589573582,5.859748827609178e-05,5.665737177467764e-05,1.002431552628148
2013-03-06,5.9250468430820016e-05,0.5892486643091845,0.00016213694490324607,1.0617506893384696,5.775445547936924e-05,5.729656329726509e-05,0.9747510358808809
2013-03-07,5.369174155549812e-05,0.5715658528122082,0.00016072293007438006,1.0501514899781397,5.309564988596051e-05,5.676271686728939e-05,0.9888978890930282
2013-03-08,4.524810700565277e-05,0.5356633613783223,0.0001488558788499113,1.0448101462296873,4.3961767517179527e-05,5.624713697057956e-05,0.9715714187045981
2013-03-11,4.8373919939468494e-05,0.556529795508293,0.00015004068313520958,1.000200708749811,4.74131246840264e-05,5.5567501081913875e-05,0.9801381559186363
2013-03-12,5.1431479865635213e-05,0.5747119021806485,0.00015016869064244368,0.9976268071751554,5.0507328606807254e-05,5.5490111473775596e-05,0.9820314083661932
2013-03-13,5.5261000285198275e-05,0.5625799255568303,0.00015783346756922993,0.9815438474124004,5.2540372942375314e-05,5.5411975716204584e-05,0.9507676783123362
2013-03-14,6.195858588029715e-05,0.5779170723202226,0.00015148852619003645,0.9720141251120996,5.5989442471906386e-05,5.6047123062319606e-05,0.9036591406407655
2013-03-15,6.386120353979619e-05,0.5869408450449116,0.0001515032048626442,0.972242899211675,5.7732955732367754e-05,5.495840390327848e-05,0.9040380157632089
2013-03-18,6.402550064969363e-05,0.585828697489459,0.0001508929212888679,0.9709951805258166,5.7581313458599676e-05,5.3763280761482436e-05,0.8993496790231692
2013-03-19,6.71640875084588e-05,0.5898440337155768,0.00015045975382149983,0.9612900932797894,5.929470650237571e-05,5.4682767278977634e-05,0.8828335007887661
2013-03-20,6.839791392936718e-05,0.5799223942176059,0.00015240759927679875,0.9866114648796518,5.920993972612668e-05,5.587058519522297e-05,0.8656687949177998
2013-03-21,6.814178529168062e-05,0.6177737404386064,0.0001581936085620552,0.9580457707630567,6.414025234372334e-05,5.218037235219718e-05,0.9412763705730818
2013-03-22,6.79733209422515e-05,0.6177358148848917,0.0001538627225775651,0.9655405495048666,6.317405180533297e-05,5.210033211323849e-05,0.9293948115173618
2013-03-25,7.243408887933498e-05,0.6247415688762467,0.00014661559352462645,1.057736154254378,6.438163270512902e-05,5.78370443741527e-05,0.8888305727484165
2013-03-26,7.339742545776695e-05,0.6386690231967339,0.00014582987468968317,1.0566927658106051,6.607535681356362e-05,5.686411827114558e-05,0.9002407972958607
2013-03-27,7.311742529462491e-05,0.6331107020536827,0.00014759605958722776,1.1287685028841672,6.576994542266202e-05,6.699609884527035e-05,0.8995112335759035
2013-03-28,6.422356192814954e-05,0.651838155619807,0.00014919984979151426,1.1392669814776628,6.380741721326825e-05,6.803323812678076e-05,0.9935203731716585
2013-04-01,6.678777769649997e-05,0.6686882831742322,0.00015042485464516952,1.1321439738641397,6.702425730036802e-05,6.784698023536524e-05,1.0035407616786214
2013-04-02,6.451960799026473e-05,0.6634456349491394,0.00015124900425878015,1.1529336635363974,6.553864575118693e-05,7.448837758838822e-05,1.0157942336084245
2013-04-03,6.836168011312682e-05,0.6669501894237211,0.00015267779402491937,1.182445180880662,6.813773648013266e-05,7.491935224868057e-05,0.9967241350326151
2013-04-04,6.901245142532413e-05,0.6730282224039165,0.00014826950150529806,1.0849109105854768,6.808052827513905e-05,7.179011201871009e-05,0.9864963042039814
2013-04-05,6.697476452894188e-05,0.632930036470218,0.00015996290531008087,1.1377589106341717,6.551201318514999e-05,7.445913284458345e-05,0.9781596642544403
2013-04-08,7.273438811092278e-05,0.6551970945272917,0.0001609536797678303,1.163252395117359,7.089119752969063e-05,7.881112481342769e-05,0.9746586088217142
2013-04-09,7.022991067372413e-05,0.651314369056775,0.00017602740201703223,1.1646830475344208,7.241722139458808e-05,8.09313158961266e-05,1.0311450021775739
2013-04-10,6.636144982931065e-05,0.645856145352729,0.0001722039366468723,1.1962199067512718,6.90423025805623e-05,8.51713734454071e-05,1.0403977423360566
2013-04-11,6.716170407401359e-05,0.6539154388159073,0.00017118535590784453,1.2075986434955093,7.011577675028272e-05,8.713047700142102e-05,1.0439844806947376
2013-04-12,6.98842565011876e-05,0.6940919736965329,0.00017052898913967807,1.1875135861252,7.57714862060984e-05,8.6764587290648e-05,1.084242574789513
2013-04-15,9.593981606210937e-05,0.8148102719880413,0.00022388846649179134,1.1015036734415415,0.00011941855091421423,6.648266928829878e-05,1.2447235758395163
2013-04-16,8.836558039441448e-05,0.842147790658242,0.00023080035555388698,1.179983781321964,0.0001202674540730441,7.238569160854144e-05,1.3610214920361245
2013-04-17,8.959564094882932e-05,0.86758634709777,0.00024377165424037964,1.1621934343017226,0.0001282176319450071,8.259492481847231e-05,1.431069978261955
2013-04-18,9.719405369416862e-05,0.849990761217677,0.0002382103475792687,1.1798359107905747,0.00012933449287462186,8.276155580734132e-05,1.3306831844012446
2013-04-19,7.72897485213767e-05,0.8204650618695095,0.00022935755839483297,1.1572234336032512,0.00010923896269911884,8.397741384568462e-05,1.4133693638413853
2013-04-22,7.797978274745508e-05,0.7945625282989981,0.00021922123365634744,1.1876111877098594,0.00010388680716252261,8.80619757799657e-05,1.332227450529965
2013-04-23,8.499754389235151e-05,0.7881704695293532,0.00021320976767204056,1.2070747572292222,0.00010610281243139288,8.927321439581485e-05,1.2483044517824065
2013-04-24,7.773768893068322e-05,0.7724228656550206,0.00020573235583303,1.1914232623508705,9.768372982282585e-05,8.892266995528531e-05,1.2565813464036477
2013-04-25,6.90805921567358e-05,0.7495844337335581,0.0001855899362117097,1.1851988219525342,8.487422003078339e-05,8.862737220396503e-05,1.2286261217653387
2013-04-26,7.034557142953508e-05,0.7268962809653852,0.00018387723622710663,1.1742417188171643,8.267130848752449e-05,8.849367926153044e-05,1.1752169583317131
2013-04-29,6.776168711759701e-05,0.7138118653334615,0.00018064069746433607,1.1738618324673962,7.897391512657119e-05,8.74407560282756e-05,1.1654655969458954
2013-04-30,5.8041023931509805e-05,0.6834834876077691,0.00018734352979162634,1.1598235170374056,7.127133748341871e-05,8.627535785240173e-05,1.2279476248992622
2013-05-01,6.311211636341748e-05,0.6865724150487289,0.00018956244720573403,1.110994071208828,7.509635808015196e-05,8.315980955646933e-05,1.1898881293684689
2013-05-02,6.214021471172626e-05,0.6786313383054137,0.00018700457733405754,1.1104262137238812,7.315540250402252e-05,8.187997044878197e-05,1.1772634330826928
2013-05-03,7.476459886581012e-05,0.6820946878286352,0.00018600416687267077,1.1395355149174562,8.043665607068023e-05,8.282069814565244e-05,1.075865547209723
2013-05-06,7.535412832838797e-05,0.6847987012570228,0.00018506073616566035,1.1381425254806516,8.086742156100795e-05,8.260980734235866e-05,1.0731651119178693
2013-05-07,7.392273390092128e-05,0.6899120762096349,0.00018854262059218198,1.213030183704334,8.14493319427076e-05,9.211743290110895e-05,1.101817095291338
2013-05-08,6.958015556766957e-05,0.6823720502427968,0.00018637051589473572,1.2100621993923482,7.770563814197385e-05,9.146710999879696e-05,1.1167787353737937
2013-05-09,7.111722928104653e-05,0.7153907971781279,0.00016887173989822875,1.2406375520492865,7.839877055632303e-05,9.373335119599078e-05,1.1023878650629195
2013-05-10,7.562958883543677e-05,0.7125832958058113,0.00016904924706969565,1.2368377738633969,8.057273904159095e-05,9.379472615403414e-05,1.0653600037005362
2013-05-13,7.357910230951406e-05,0.7024258074763546,0.00017224350768727174,1.2476479058367238,7.907680838744889e-05,9.472228124765202e-05,1.074718308668791
2013-05-14,7.590263764609063e-05,0.6769191328943855,0.00017656282357968384,1.2928318458843195,7.836368608007217e-05,9.607602312235343e-05,1.032423753775944
2013-05-15,7.650099964197039e-05,0.6740059491902335,0.00017972326967410037,1.291162644766851,7.903135726843342e-05,9.530013171105854e-05,1.033076138067545
2013-05-16,7.639729836462006e-05,0.6796588795459869,0.00017617567222591893,1.3186060319553763,7.885022996932465e-05,9.659413090454963e-05,1.0321075699954405
2013-05-17,7.425705624970095e-05,0.6867603929766001,0.0001872428917122649,1.3218002098385575,8.097981393687386e-05,9.447550653349648e-05,1.0905335873343347
2013-05-20,7.217439206379002e-05,0.6776410401934042,0.00019902364162819724,1.3352842086420178,8.121637510061294e-05,9.590342101308456e-05,1.1252796563749554
2013-05-21,7.13709588975209e-05,0.670296187443299,0.00020548779699941622,1.3403344642213586,8.117467025690234e-05,9.63697243125147e-05,1.1373627524531125
2013-05-22,7.35750525384875e-05,0.6741261942204347,0.00020952811995333625,1.3620125350570158,8.370042268841491e-05,9.607516116227092e-05,1.1376196115474164
2013-05-23,7.454058968752127e-05,0.6920487841588026,0.00021189193565363928,1.3677913974934712,8.697417866302936e-05,9.652150560133294e-05,1.166802932840087
2013-05-24,7.630250921850573e-05,0.6790037964399579,0.0002065649835473677,1.37093018842258,8.524520586262881e-05,9.669749346285951e-05,1.1172005578284994
2013-05-28,7.438631671877e-05,0.6822442020973023,0.00021445484738981117,1.3850400480677745,8.616964716062947e-05,9.670761885442487e-05,1.1584072308138114
2013-05-29,7.273626036607267e-05,0.661609541314086,0.0002737857324961328,1.33023222260676,9.336468800275628e-05,9.502407624909889e-05,1.2836058319861823
2013-05-30,7.309916508279677e-05,0.659386245863727,0.00027337025819656633,1.3321674251964466,9.3211977944088e-05,9.492238338515012e-05,1.2751442213944602
2013-05-31,7.696255068093324e-05,0.70150078235977,0.0002978744847202792,1.3150255224974687,0.00010621467829791361,8.685416005418634e-05,1.3800826162616686
2013-06-03,7.835861755638394e-05,0.6997221781256318,0.0002934914874014042,1.298925631756649,0.00010611255621114938,8.640619860019068e-05,1.354191274939157
2013-06-04,7.696792659140356e-05,0.6947531545663729,0.00028107242208615893,1.3050909128768686,0.00010218673878298307,8.637173409513588e-05,1.327653521517574
2013-06-05,8.390672708275947e-05,0.718539128826177,0.0002843743386398609,1.3582444629823962,0.00011099259763741866,8.313777967828222e-05,1.3228092847423742
2013-06-06,8.864935953499249e-05,0.7232325589358346,0.00027941670290503224,1.3283525353946422,0.00011382612523658349,7.984208359775838e-05,1.2840039209945222
2013-06-07,8.584609796353898e-05,0.6730005089789707,0.000281642880601611,1.4506501335598652,0.00010464658523099188,8.263346280696123e-05,1.2190022343873794
2013-06-10,7.344670994631798e-05,0.71250758465022,0.00026627562374193165,1.441928948877198,9.964175547176542e-05,8.230403147128492e-05,1.3566537635871414
2013-06-11,7.540176794643908e-05,0.720563036643888,0.00027132808756174593,1.4249287639460673,0.00010306474220252635,7.846326564798958e-05,1.3668743453832197
2013-06-12,7.564969572692771e-05,0.7648362378654238,0.00025659835170608,1.298806802974483,0.00010656117006995032,7.557722640311369e-05,1.408613333417805
2013-06-13,7.668406692361186e-05,0.7806521500558552,0.000264943104341653,1.2954288563237724,0.00011127213967320651,6.94537374241351e-05,1.4510464055597005
2013-06-14,7.978958283363962e-05,0.7899517249854462,0.00026137996850964364,1.300344838043737,0.00011408007542739261,6.975223805700424e-05,1.4297615224439546
2013-06-17,6.406673037804978e-05,0.7340158418943176,0.00025850557517261285,1.3158483210683911,9.446189862845049e-05,6.955071440884996e-05,1.4744298338785609
2013-06-18,5.269216623890948e-05,0.6494880851440152,0.00021323388827025776,1.388594746420242,6.88449879301413e-05,7.265684010466638e-05,1.3065507236501523
2013-06-19,5.313666894497608e-05,0.6537570453934272,0.0002462657344613492,1.3201278275148625,7.478517927461673e-05,6.562843414698573e-05,1.4074118825938835
2013-06-20,6.610900161714408e-05,0.6803764676109989,0.0002620542702027202,1.431527950214619,8.955198232436725e-05,4.9816467665226076e-05,1.35461102321569
2013-06-21,6.524441916700448e-05,0.683452847742301,0.00026155819511286955,1.471195511117445,8.928210230618978e-05,5.1624917780161106e-05,1.3684251227320556
2013-06-24,5.5679700730278476e-05,0.6540965259856194,0.0002570941862938536,1.3404873283518717,7.825938247980802e-05,5.031579319439316e-05,1.405528073128647
2013-06-25,5.683904438603972e-05,0.6404868785864845,0.00026882254790910453,1.3048686550956887,7.917106139871352e-05,4.690674536055883e-05,1.3928992342130013
2013-06-26,5.616484134519195e-05,0.6250499651518018,0.0002742218811557261,1.259196421872359,7.757076177285913e-05,4.288018207985575e-05,1.3811266962565658
2013-06-27,5.600093181678947e-05,0.6201110877604331,0.0002651093039449981,1.2884468451435582,7.55578528875598e-05,4.340685432308376e-05,1.349224922448648
2013-06-28,5.651835513949762e-05,0.6114201870135815,0.00026322614573170885,1.300475479405777,7.457599267270879e-05,4.3687514679836006e-05,1.31950040811771
2013-07-01,4.0959150997653995e-05,0.5654458249144524,0.0002585156417030894,1.3153401912380145,5.818484577274924e-05,4.511401755814625e-05,1.420557905999611
2013-07-02,4.708768430286185e-05,0.5011882754730969,0.0002806086349653032,1.291860990158901,5.761095638283024e-05,4.425031989754548e-05,1.2234824718133106
2013-07-03,4.5307854285029834e-05,0.5002456321873117,0.0002584505405572773,1.288369156016059,5.413258609979635e-05,4.413018773609082e-05,1.1947726714059441
2013-07-05,5.048108536897671e-05,0.4714911016627167,0.0002590570648395867,1.61609845197218,5.3918222065425016e-05,5.4533910470082066e-05,1.068087614822969
2013-07-08,5.858594159480322e-05,0.4656350223085638,0.00026162624500046945,1.602016409419677,5.764783464913205e-05,5.4779431344129074e-05,0.9839875075805833
2013-07-09,6.185296409698371e-05,0.4941963200223152,0.00027246784264795817,1.5867713033900095,6.415601673294148e-05,5.2921435503356424e-05,1.037234313174493
2013-07-10,6.043816195282401e-05,0.5119361952613848,0.00027444069817955696,1.6047324427672849,6.593191927479562e-05,5.389152192371189e-05,1.0908988153256522
2013-07-11,6.428746384905295e-05,0.5304479673603995,0.0003141282346331044,1.505144304429242,7.53805710125142e-05,4.475884498095391e-05,1.1725547486133203
2013-07-12,6.999194674271863e-05,0.5358685450628146,0.0003099417694143181,1.4699526775545624,7.89264111824753e-05,4.470859431717939e-05,1.1276498919596936
2013-07-15,7.060701256657018e-05,0.516800622456241,0.0003460196430690814,1.4304189479183054,8.077878623363827e-05,4.3655659681230026e-05,1.1440618048735298
2013-07-16,3.5042919617133015e-05,0.5189031469005657,0.0003234990979682376,1.6656173755610355,5.524881693506072e-05,5.468100605345463e-05,1.576604276661033
2013-07-17,3.792838595062833e-05,0.5134272168322643,0.0003169915581396343,1.6563555224078783,5.629695639497598e-05,5.445590537388825e-05,1.4842961276616982
2013-07-18,3.7451029819475974e-05,0.5257710404595323,0.00031208789344035085,1.698533900883853,5.684169297377581e-05,6.071983891175945e-05,1.517760479425213
2013-07-19,4.0860668714576163e-05,0.5206325810769932,0.00029933420661317416,1.66717549861868,5.757875261707626e-05,6.037762828405552e-05,1.4091485633600578
2013-07-22,3.950888193740232e-05,0.5097442780001532,0.0003115818183346295,1.6511492161685022,5.655692424183455e-05,5.9879858596773574e-05,1.4314989812023295
2013-07-23,3.3171208880188284e-05,0.5227021541996018,0.0003153206179244988,1.6923191071835777,5.345780518501445e-05,6.15210126888809e-05,1.6115724144422865
2013-07-24,3.471216593235655e-05,0.5414946586421633,0.0003091096529657971,1.6363029018347317,5.6090759083234305e-05,5.9491612055786624e-05,1.6158818551552827
2013-07-25,3.488954269695917e-05,0.5527972928454891,0.00030456050528810535,1.6273913149460897,5.698365976371848e-05,5.9775647814390316e-05,1.6332590042426938
2013-07-26,3.343176772700175e-05,0.5649981754624678,0.00030416288821254666,1.610806345573425,5.697440881359438e-05,6.013292002771457e-05,1.7041997084580727
2013-07-29,3.360094972876798e-05,0.5652795888523111,0.00030525461099984103,1.5746509227373366,5.7249302142587554e-05,6.068702454405904e-05,1.7038001188868976
2013-07-30,3.816574763863081e-05,0.5787003442943971,0.0003027491067899612,1.5676848728114483,6.220596950846149e-05,6.045625659612119e-05,1.6298899761496488
2013-07-31,3.750748633018741e-05,0.5892185316128439,0.00029891868901881294,1.5607400984228923,6.238955840978276e-05,6.31904761585678e-05,1.663389486049598
2013-08-01,4.226173154810077e-05,0.6060079931418637,0.00026994038521496695,1.587190597158702,6.472706692517328e-05,6.14991667266741e-05,1.5315763115740604
2013-08-02,4.130983358011611e-05,0.6085888686281221,0.0002670015808219455,1.5407528378181023,6.391571383975232e-05,6.198627234926442e-05,1.5472275799851498
2013-08-05,3.7225611971094185e-05,0.5936157291701752,0.0002532738463272519,1.4833555665853595,5.763967135971525e-05,6.383336473289457e-05,1.548387475925786
2013-08-06,4.1983018398946586e-05,0.5970295497603879,0.00024806902289569983,1.4650441742107456,6.092828089282452e-05,6.2246257273358e-05,1.4512601336533082
2013-08-07,4.81253999850549e-05,0.5989906596682282,0.0002499826362358636,1.3029634089359905,6.569951267108843e-05,6.891868939729304e-05,1.3651733324084803
2013-08-08,4.5117615842124565e-05,0.5631113963042108,0.00027655755857956815,1.2587169849969793,6.290137717682158e-05,6.737090161666212e-05,1.3941644744023245
2013-08-09,4.7210405389653165e-05,0.5445452021752285,0.0002855071716858419,1.2923159437210507,6.322099281996094e-05,6.93354350153823e-05,1.3391325979551263
2013-08-12,4.729046229109182e-05,0.5797127153310949,0.0002783041548696764,1.2941211734813614,6.650578913472489e-05,7.100268099243191e-05,1.4063256291586876
2013-08-13,5.1414947954433665e-05,0.5935783885260288,0.00026945729459681,1.2450543522309003,6.986630142290279e-05,7.338517091152556e-05,1.3588713827897205
2013-08-14,5.361675369996386e-05,0.591898990263522,0.000255661094711993,1.2326561293860718,6.929951240999905e-05,7.285816342926693e-05,1.2924973562889497
2013-08-15,5.120699157562921e-05,0.5762522513749164,0.00024537830088721616,1.265975871459464,6.459447063190954e-05,6.944527086693199e-05,1.2614384997897785
2013-08-16,4.9139520575593413e-05,0.5537425674833419,0.00023849479978511236,1.2339839261362997,5.9946360975400977e-05,6.71778365997603e-05,1.2199215676755115
2013-08-19,5.1240075352845624e-05,0.5544459770897783,0.00024018116927720587,1.2059186873159276,6.150828159324442e-05,6.459837314770785e-05,1.200394050353959
2013-08-20,5.687877447837599e-05,0.5670415296618043,0.0002400678431664457,1.2861628981316748,6.626084622080647e-05,6.959521723158103e-05,1.1649485564425677
2013-08-21,5.746511661394483e-05,0.5821823348981698,0.000247049002093327,1.22510121336021,6.936696953701298e-05,6.485722801420717e-05,1.2071143960783328
2013-08-22,5.43081375808944e-05,0.5717909333392815,0.00022336309198557283,1.2098669040991297,6.29760512504695e-05,6.268956184436154e-05,1.159606166878101
2013-08-23,4.6628310947370826e-05,0.49694004213388027,0.00025711058439406613,1.1777916388866434,5.441126366178728e-05,6.091225499916865e-05,1.166914746776932
2013-08-26,5.7057237442025364e-05,0.5120132160847867,0.00027397931194834784,1.131773335012696,6.40170160026798e-05,5.827596947899001e-05,1.1219788912445354
2013-08-27,6.26349019454684e-05,0.5419362999473266,0.00025725890313765804,1.1550448706252738,6.87925882480995e-05,5.2295627730379057e-05,1.0983107837862052
2013-08-28,6.352118414260544e-05,0.555867266054599,0.00024253943054455875,1.193898542476544,6.899562761743904e-05,5.449607804703114e-05,1.0861829568942456
2013-08-29,6.345432123592429e-05,0.5630625792875119,0.00022480414763699654,1.1876369128877309,6.724955682876767e-05,5.4228511573743745e-05,1.0598105143814025
2013-08-30,6.533098257867051e-05,0.579711120583605,0.00022006682108519698,1.196682517971641,6.951019574863935e-05,5.410444284480121e-05,1.0639698502151915
2013-09-03,6.741624909395761e-05,0.596189546816841,0.00022527537234422198,1.2519062356753805,7.347227845861443e-05,5.7023612136773385e-05,1.0898304110069454
2013-09-04,5.29054408502055e-05,0.6090895004963847,0.0002216738537229135,1.253007388573505,6.596119540495283e-05,5.615089205828563e-05,1.2467752719746332
2013-09-05,5.526096611110341e-05,0.6237944794650069,0.00020325495122706686,1.3243602333370772,6.611063527659724e-05,6.528913292275075e-05,1.1963351336218104
2013-09-06,5.903493096893949e-05,0.619564393943454,0.0002110233514286706,1.2097242676310982,6.915223786384217e-05,6.363585539341162e-05,1.1713783132943067
2013-09-09,5.950680039687122e-05,0.6659387195630025,0.0002267604371604275,1.117962330169688,7.735728327039886e-05,5.713525228884997e-05,1.2999738307970965
2013-09-10,6.058865375686932e-05,0.6636143069518422,0.0002232601235102945,1.1443396987072971,7.718216777730998e-05,5.774530557284982e-05,1.2738716408360427
2013-09-11,5.2548421709793746e-05,0.6416393580747546,0.00021857181219880268,1.1648123485275428,6.876507333111434e-05,5.9928089430624825e-05,1.3086039712263748
2013-09-12,5.463125330927889e-05,0.6366980750611,0.0002151540265623083,1.1802796127914856,6.902856702802568e-05,6.06934515747716e-05,1.2635362150167158
2013-09-13,5.629719144726608e-05,0.6040678461489778,0.00019204286349935488,1.1893264713651166,6.280990991169509e-05,6.137987445145539e-05,1.1156846069404638
2013-09-16,5.4138744378514925e-05,0.6112643680201821,0.00018550086796910036,1.1606458434346545,6.125705913388525e-05,5.996244136106245e-05,1.1314828195054194
2013-09-17,5.7555509167455784e-05,0.6186235624310441,0.00017360087300839246,1.1710093284460843,6.183663668824306e-05,6.0478828036635975e-05,1.0743825844426373
2013-09-18,6.204530316157312e-05,0.6316598186902074,0.0002265416954336721,1.0096209695294631,7.488792201845722e-05,4.989706035962468e-05,1.2069877686541468
2013-09-19,6.178297806302708e-05,0.6309493005693261,0.00022354146472973452,0.9779944888651204,7.414944906782833e-05,4.9363806075363625e-05,1.2001598400158984
2013-09-20,6.675064824066973e-05,0.6426118028884751,0.00023075436890848206,0.9505159176932458,7.975380424331136e-05,4.4673220866854846e-05,1.1948019434322001
2013-09-23,6.644616634370019e-05,0.6368689486487145,0.0002230821814318834,1.010028482604606,7.753851525787646e-05,4.677904759186081e-05,1.1669373799054088
2013-09-24,6.687102886618699e-05,0.6315977094314269,0.00021119643454189184,1.0196823936074346,7.5059011389184e-05,4.693002605352689e-05,1.1224443927635936
2013-09-25,5.221698153901886e-05,0.6088332892001459,0.00020232193388822022,0.994427782562753,6.257858744185422e-05,4.5356980707152854e-05,1.1984336435665608
2013-09-26,5.0374063840171386e-05,0.5870210112540638,0.00019050445371493604,0.9842248346562118,5.750554277995716e-05,4.4870736203148203e-05,1.1415704510641187
2013-09-27,5.122431082106018e-05,0.577104441001145,0.00018830558052160943,1.050456230901669,5.6679247242207065e-05,4.740358055955526e-05,1.1064911627645397
2013-09-30,5.1567877421329924e-05,0.5682736904569482,0.00018879198955244647,1.0957428558745412,5.607108492374229e-05,4.9130195221856705e-05,1.0873258262235497
2013-10-01,5.3629225784131454e-05,0.5610945718849626,0.00018768574507911195,1.0829016297731364,5.629275131137499e-05,4.758036324579105e-05,1.0496655599311608
2013-10-02,4.9785428743887e-05,0.5449095904743037,0.0001847191922005481,1.069343664796181,5.225544948160934e-05,4.765062940326756e-05,1.049613326630749
2013-10-03,5.1677659876475144e-05,0.5399486855615625,0.000187970122465959,1.1109115795070064,5.321674655103024e-05,4.8939819662229325e-05,1.0297824374833142
2013-10-04,4.988490741732951e-05,0.5235326073310179,0.00018643555061671524,1.1217167321899926,5.048852536179608e-05,4.854747971625564e-05,1.012100211781828
2013-10-07,5.300164613196136e-05,0.5227128927420724,0.00018663797585817516,1.1636834626884518,5.1988573259345203e-05,4.826794866180824e-05,0.980886011160977
2013-10-08,5.7418241986777646e-05,0.5235302925231121,0.0001837265530494727,1.3485186520581702,5.37715710048015e-05,5.55941598648387e-05,0.9364893306413681
2013-10-09,4.671951297786224e-05,0.5383754849549591,0.0001817848405035616,1.317291535025362,4.961503032692836e-05,5.5020501899188644e-05,1.06197661671769
2013-10-10,5.493659376391755e-05,0.5615699203244368,0.0001926267873341331,1.3992519447250475,5.776875956493412e-05,4.586267024125844e-05,1.0515533564601296
2013-10-11,5.397060840252837e-05,0.5768920138595965,0.00018212349736009258,1.3807887739982572,5.7194751129319335e-05,4.518227235934314e-05,1.0597388619884434
2013-10-14,5.390763459317086e-05,0.5969938609957276,0.00018555604890824754,1.3280430027080286,5.970800511683448e-05,4.373615457146145e-05,1.1075983126961098
2013-10-15,5.553151341989191e-05,0.6002039210425472,0.00019246861468363646,1.2196046312847126,6.205096548375552e-05,4.496232802884506e-05,1.1174009433988932
2013-10-16,4.144281603770634e-05,0.5901892288927647,0.00019217722421786143,1.2673340492326703,5.2670430294116624e-05,4.2389761921710684e-05,1.2709182273278665
2013-10-17,4.1583055321708076e-05,0.5784323647853254,0.0001925267973851907,1.2567746402716051,5.175548421888192e-05,4.117308332124558e-05,1.244629184134611
2013-10-18,4.3823960134694674e-05,0.5518168968073927,0.00019534130911392047,1.3289622359319493,5.105612515544035e-05,4.311805525417092e-05,1.1650276469428442
2013-10-21,4.4710412594374516e-05,0.5441318645909403,0.00018469136931561505,1.3420409024727364,4.9446072183794194e-05,4.3554202088501685e-05,1.1059184944765086
2013-10-22,4.4371990394003997e-05,0.5363183245843984,0.00018144073649750228,1.284631289976939,4.8122091119252495e-05,4.150517073495365e-05,1.0845150441066365
2013-10-23,3.6244305626284386e-05,0.5482366803167978,0.00019893877145131137,1.209596539572161,4.655300252065513e-05,3.8161072148374144e-05,1.284422524207358
2013-10-24,4.040389782719303e-05,0.5352779446074462,0.0001883814420914864,1.2244298010288317,4.6699264427201857e-05,3.8537092434082544e-05,1.1558108731720398
2013-10-25,3.967999624918889e-05,0.5304266581281981,0.00018618461657222713,1.229440375688606,4.559141288341952e-05,3.8727577844234576e-05,1.1489772478078666
2013-10-28,4.081308187982178e-05,0.5677290803526247,0.00015142029568676846,1.3481643742004643,4.463061594200934e-05,4.588630855475586e-05,1.0935370201502712
2013-10-29,4.2024721372673885e-05,0.5639886586851848,0.00014459839492064356,1.347061430828268,4.396474193283548e-05,4.524222203509335e-05,1.0461637935194752
2013-10-30,3.243679795796633e-05,0.5426687197715057,0.0001497693149015616,1.3965965389762711,3.782380347462521e-05,4.6283856667331315e-05,1.1660769821867036
2013-10-31,3.3498134377451295e-05,0.5460029589560347,0.0001706895811488932,1.366831545555228,4.128657082880846e-05,4.5737057213497245e-05,1.2325035885162554
2013-11-01,3.528785039280735e-05,0.5383882967286566,0.0001856717576170964,1.3786269220163765,4.357938898744134e-05,4.6080825605766044e-05,1.2349686507490987
2013-11-04,3.477448195487655e-05,0.5404095884084933,0.00019141722543235083,1.3651945468360267,4.409038477813536e-05,4.5416933300616905e-05,1.2678947981266018
2013-11-05,3.766596277267884e-05,0.526209793392646,0.00022377396049271068,1.330934717550518,4.831013344910632e-05,4.387388683442996e-05,1.2825938829883905
2013-11-06,3.8333959556374354e-05,0.5268687597109917,0.00021932020717023605,1.2382476668013802,4.8309618963580003e-05,4.595541958154817e-05,1.2602303420426824
2013-11-07,4.0431492315281525e-05,0.5686146549104717,0.00022628065853949714,1.1765423361208485,5.438781995916725e-05,4.1457423040497685e-05,1.3451845787698213
2013-11-08,4.3778322206368926e-05,0.5645894921202778,0.00021287858987396042,1.3315899506446491,5.450399549456097e-05,4.284343720473399e-05,1.2449996424630374
2013-11-11,4.088414418239951e-05,0.5670217263071646,0.00017514757946465528,1.3346819401108756,4.7982097108870616e-05,4.3072605153994105e-05,1.1736113857441768
2013-11-12,3.99781619662566e-05,0.5636273624859471,0.00018414928679629124,1.30283172597403,4.8360245942896804e-05,4.257333224448748e-05,1.2096665670551605
2013-11-13,4.4902541372157916e-05,0.5682561385249424,0.00019118294570318758,1.257226268231572,5.265070260915256e-05,3.9729181619287e-05,1.1725550714997823
2013-11-14,4.545126757048379e-05,0.564202244552911,0.00020441849357618366,1.196717411253385,5.43835935089541e-05,3.7310903553307526e-05,1.1965253427666998
2013-11-15,4.488960878325864e-05,0.5684507389961697,0.00020863998383790892,1.23603036552317,5.501289702583559e-05,4.024400324227077e-05,1.2255151808396332
2013-11-18,4.304897041106976e-05,0.5562071574986941,0.00021246565215824457,1.2688812597732495,5.3193960088859756e-05,5.4513365556935774e-05,1.2356616100435536
2013-11-19,4.253689180732228e-05,0.5543161265607769,0.00021876010297362136,1.228688032963751,5.3471756367541675e-05,5.3318622264492165e-05,1.2570677850593934
2013-11-20,3.986505410246521e-05,0.5752860689526453,0.00014642976598034326,1.2093565997706237,4.3953627208477074e-05,5.319185740834416e-05,1.1025603300450315
2013-11-21,3.485111027762049e-05,0.5766037649778002,0.00014949058660856547,1.275056817866832,4.161910206194377e-05,5.6784580317361294e-05,1.1941973076441503
2013-11-22,3.677714977289896e-05,0.561403538847591,0.00014779921792131698,1.251686585039392,4.139045953132883e-05,5.827967911376887e-05,1.1254395674193711
2013-11-25,4.464079349966786e-05,0.5830412323710638,0.0001560312019506917,1.2453569085423926,4.865987049598563e-05,5.886515669600516e-05,1.090031486477669
2013-11-26,4.5604254902161166e-05,0.5868613853697097,0.00016433715763420682,1.2399103626263253,5.080495866119624e-05,7.247984865351654e-05,1.1140398800548896
2013-11-27,5.098239319509307e-05,0.5997917953584372,0.00016843781089327734,1.3250137817230674,5.5581520590246884e-05,7.894007281613099e-05,1.090210111901857
2013-11-29,5.306536742177139e-05,0.6085417506714599,0.0001769703550886701,1.3242166016088972,5.8972050463841084e-05,7.890016162481062e-05,1.111309566465874
2013-12-02,5.1303727815654587e-05,0.5976132232172464,0.000220458681960662,1.3880955217876243,6.355624977487362e-05,8.84556042036328e-05,1.2388232294394863
2013-12-03,5.129816798105141e-05,0.6149995546784456,0.00022620742258976065,1.3459847833877885,6.624897368965095e-05,9.00386295850504e-05,1.2914491159630126
2013-12-04,4.926678581923591e-05,0.6142759277790858,0.00022202817472780623,1.335795746386231,6.424578732385538e-05,8.945734930003174e-05,1.3040385374353165
2013-12-05,6.186383108747796e-05,0.6508504674303084,0.00021645056414625023,1.3759574471897993,7.531456773382944e-05,9.50493339921445e-05,1.217424889631093
2013-12-06,6.149224160789946e-05,0.6681478616111632,0.0002223352664396167,1.3717449839825695,7.812444099497572e-05,9.108418688563485e-05,1.2704763877877505
2013-12-09,5.694825981469449e-05,0.663965031260064,0.00022532570315800382,1.380845455443254,7.521263492098898e-05,9.229093222260815e-05,1.3207187570915326
2013-12-10,5.3452041059883435e-05,0.6610276944681892,0.00022356017720787712,1.392754579189741,7.226017755602468e-05,9.346660346549219e-05,1.3518693790396161
2013-12-11,5.2671389427449466e-05,0.674584878920205,0.0002436746354543016,1.3348103870861263,7.64238921768604e-05,8.534431908693153e-05,1.4509564491767977
2013-12-12,5.926873458923956e-05,0.6632317381444426,0.0002380098543963006,1.3044831401841368,7.877267568784604e-05,8.451616249937737e-05,1.3290763879772034
2013-12-13,5.102150798536989e-05,0.6287074640685318,0.0002243677643558582,1.31646664571634,6.726753166691156e-05,8.608809394494975e-05,1.318415200236734
2013-12-16,5.265033739264804e-05,0.6267684024489444,0.0002224226156162747,1.3093309693931146,6.782614674314419e-05,8.4805073666387e-05,1.2882376467470702
2013-12-17,5.547285481711756e-05,0.6241436944938202,0.00021780108060857886,1.3125723760751922,6.860485657967418e-05,8.528237701397595e-05,1.236728428811715
2013-12-18,5.7755345996717895e-05,0.6299659650253479,0.00022510387047465862,1.415430528763009,7.182980091976248e-05,8.338947660769612e-05,1.2436909463557608
2013-12-19,6.478693026373803e-05,0.6150190888068346,0.00023019047007483845,1.409257158424889,7.510623067057714e-05,8.2952469907709e-05,1.159280588921728
2013-12-20,6.101338500649426e-05,0.6137407784624205,0.00023403749100576077,1.4553483297584535,7.333989042500535e-05,8.641861439593028e-05,1.2020295287206086
2013-12-23,6.0371580554275465e-05,0.6252433015306892,0.0002459601323919429,1.4233371292174093,7.618994845265551e-05,8.389358524049523e-05,1.262016792556209
2013-12-24,6.05937066863415e-05,0.6305552407926718,0.00024363696636228399,1.4574671041978664,7.661406246168876e-05,8.761072505256326e-05,1.2643897634167744
2013-12-26,6.0130930524985e-05,0.6199815926512929,0.00023977531990044336,1.4679552736496415,7.44440508772485e-05,9.368585407368571e-05,1.2380325770331502
2013-12-27,6.1029823506439453e-05,0.6190690282759609,0.00024138202115592312,1.4725716205531565,7.513851259562325e-05,9.397850134279723e-05,1.2311769603543938
2013-12-30,6.103786899254316e-05,0.6362753971051857,0.00024544369931713076,1.4780348611163645,7.787906987906884e-05,9.442190080084922e-05,1.2759139721700168
2013-12-31,6.15980310886923e-05,0.6470322264359039,0.0002516822739875245,1.4744113237658567,8.056300218319496e-05,9.358564917055583e-05,1.3078827481871267
2014-01-02,6.274975633376732e-05,0.6745128241529952,0.0002735298740491286,1.4161761517027447,8.836873044330528e-05,8.66052532854261e-05,1.4082720891101166
2014-01-03,6.287727487442676e-05,0.6585274358652192,0.00026846583748524707,1.4114105357695317,8.555891007688974e-05,8.727579641966465e-05,1.3607286614720637
2014-01-06,6.194585296328845e-05,0.6637908456544759,0.0002639201917745801,1.4040004625892566,8.487380771583807e-05,8.644453486259149e-05,1.3701289699915447
2014-01-07,5.985294868622432e-05,0.6537903241544597,0.000251726621740341,1.3891302345238683,8.025014728307797e-05,8.879749562971919e-05,1.3407885333066012
2014-01-08,5.957982003469859e-05,0.6478114555934666,0.00024040387388084877,1.385807647528519,7.752985075414948e-05,8.886535232192653e-05,1.3012770214646
2014-01-09,5.8876921963223624e-05,0.6398297056301924,0.00023062384429359958,1.3787476038965296,7.455710763036083e-05,9.081852663002465e-05,1.266321423476104
2014-01-10,5.8643073362417135e-05,0.6324817986603907,0.00021762262223535317,1.4038060364416,7.145101670359035e-05,9.374297102339133e-05,1.218405049510613
2014-01-13,6.549653155125348e-05,0.646387680222214,0.00021851944180048994,1.4274331881720703,7.732986690019817e-05,9.013496079633916e-05,1.1806711755367483
2014-01-14,6.384952094066409e-05,0.6385543922984019,0.00020641860113118014,1.475917782067644,7.330795986139941e-05,9.055147719148299e-05,1.1481364116972017
2014-01-15,6.070372053025981e-05,0.6733028059539262,0.00021091160424514604,1.4325814088646835,7.618479737136897e-05,8.947956302883638e-05,1.2550268205289343
2014-01-16,6.085694586035492e-05,0.6806088153230457,0.00021182794483466102,1.402149006958762,7.727593576320861e-05,8.809978571113832e-05,1.2697964820733767
2014-01-17,6.130074788390541e-05,0.6830713254306672,0.0002081616714674211,1.41530457555252,7.716126239237451e-05,8.893392671431324e-05,1.2587328059766347
2014-01-21,6.022038567812545e-05,0.663485226884255,0.00021544320111008657,1.412958464509513,7.557347987224208e-05,9.031386190456557e-05,1.254948453438642
2014-01-22,6.0180607898710316e-05,0.6530399375901205,0.00021320331509666593,1.374114358245982,7.397159850463046e-05,8.796800710415641e-05,1.2291600415391564
2014-01-23,6.197862719476769e-05,0.6479689638642754,0.00023274647022042595,1.3282107345762175,7.782457051223563e-05,8.357369114854463e-05,1.2556678654348394
2014-01-24,8.312838911315208e-05,0.714880768645098,0.0002588785037923835,1.273663892076843,0.00010487121300599611,6.747612232256042e-05,1.2615571422086418
2014-01-27,7.785643656399444e-05,0.688330060735232,0.00026278186854065624,1.2712073357730904,9.84558885347248e-05,6.716194868240637e-05,1.264582517256599
2014-01-28,5.7778264472590076e-05,0.6479415300973614,0.00026220920697545393,1.3032459284215727,7.975208243564249e-05,6.832793964846029e-05,1.3803128765398753
2014-01-29,5.541992369045716e-05,0.6360410234442812,0.00027819992334788244,1.2665399185392798,7.89762652758746e-05,6.316000422015417e-05,1.425051858912495
2014-01-30,5.718939038351772e-05,0.6244396985743776,0.00027583372443367224,1.1513519495755902,7.84281409636196e-05,5.952339424065306e-05,1.3713757121324903
2014-01-31,5.786696567157789e-05,0.6161183776207347,0.0002757142538518921,0.9504925201171605,7.782320772674958e-05,5.124537116804286e-05,1.3448641521733264
2014-02-03,7.055814511505822e-05,0.651510404228996,0.00030300228559416244,0.7611038811014834,9.526160302344529e-05,3.138494082045323e-05,1.3501148998191983
2014-02-04,5.3287933521446234e-05,0.5655526851144486,0.00033457628466995433,0.6277372916739443,7.551532314737181e-05,2.667855339907004e-05,1.41711862624547
2014-02-05,5.1744253938995175e-05,0.5034264677254546,0.00031594901086048026,0.5744191712978101,6.436882918159878e-05,3.092639624481357e-05,1.2439802351288622
2014-02-06,5.460185755120456e-05,0.5080278343727298,0.0003158771471953949,0.4107914180435726,6.671912159651862e-05,2.158194051520956e-05,1.221920362946457
2014-02-07,6.356327391387762e-05,0.5057117011268648,0.0003047339680337499,0.3869330202442746,7.038280400349485e-05,1.957077541908602e-05,1.1072872693570985
2014-02-10,6.2547563500994e-05,0.4923563438282395,0.0003042590130135075,0.3033672160509986,6.792137394411712e-05,1.56140653112596e-05,1.0859155839545647
2014-02-11,5.609995653519849e-05,0.5048963090551337,0.00030780166794489174,0.2822096897934357,6.634664137257253e-05,1.446166106839953e-05,1.1826504951201704
2014-02-12,5.280573476410588e-05,0.48965897858170904,0.0002969325682273947,0.2882240031677637,6.131449908494357e-05,1.477530704202e-05,1.1611333382415394
2014-02-13,5.31879934714369e-05,0.4912904384708103,0.0002938316238416936,0.2609420678929742,6.141781797361276e-05,1.3301297388733963e-05,1.1547308699771774
2014-02-14,5.362200748552388e-05,0.4930372150590391,0.0002866680629886321,0.2513850449202864,6.112809928070562e-05,1.276378113061435e-05,1.1399815513659783
2014-02-18,5.088126402858046e-05,0.46457260552757557,0.00027491740060661067,0.2676367538210602,5.4945693285933866e-05,1.3631915283083105e-05,1.0798806659966305
2014-02-19,5.093399391722896e-05,0.39501338395626334,0.000269445014257555,0.2843932456254458,4.627546087817343e-05,1.4172796249885616e-05,0.9085378412180685
2014-02-20,5.128532994270177e-05,0.35919714559154575,0.00027005308797218333,0.3370911596725321,4.2272119884564045e-05,1.714381730450922e-05,0.824253640013476
2014-02-21,5.0142924359823583e-05,0.3273089741870195,0.0002722372666236052,0.3459187831984774,3.824164187649951e-05,1.7638950246848255e-05,0.7626528042536779
2014-02-24,5.289213529725008e-05,0.3096515875375939,0.0002679353135143935,0.3600752084608784,3.686241969190918e-05,1.829389594920619e-05,0.6969357445061535
2014-02-25,4.99909412374215e-05,0.35867589260840826,0.0002644224748475618,0.3460097466503893,4.123794618137253e-05,1.7628062306324394e-05,0.8249083766101051
2014-02-26,4.8822079787728685e-05,0.3571456906143267,0.000254396880531654,0.3464263334186211,3.9802416788334236e-05,1.7649146524325008e-05,0.8152544291719928
2014-02-27,4.902946505121921e-05,0.36483116018585054,0.0002738763178389329,0.2652199613127792,4.227637502974206e-05,1.3386049252923146e-05,0.8622646603542901
2014-02-28,4.913560627678946e-05,0.3885446736381901,0.000266081323374793,0.2764952977084288,4.4426931201961824e-05,1.394001668479138e-05,0.9041697980014157
2014-03-03,5.060228536900576e-05,0.3704648213857432,0.0002771484102878127,0.1448138032863631,4.387208112534335e-05,7.391273114968617e-06,0.8669980180819126
2014-03-04,5.593664385448813e-05,0.3887500826330837,0.0002809939726511159,0.0986806256280606,4.873794340394811e-05,4.681594645536811e-06,0.8713061786605129
2014-03-05,4.9068183379191435e-05,0.3482727392556376,0.0002638640276697323,0.1046179615151187,3.962867622985693e-05,4.964282243607187e-06,0.8076246867264795
2014-03-06,4.928243059442446e-05,0.32320030994754423,0.00025953282536653183,0.0908624215060681,3.655223821399722e-05,4.305453111686008e-06,0.7416890314280183
2014-03-07,4.8971813978785636e-05,0.29828529792663877,0.0002617961097040924,0.1385597301070431,3.3774314100937594e-05,6.8545507074301415e-06,0.6896684308154987
2014-03-10,4.912023117884392e-05,0.27452165323373384,0.00023751636129081037,0.1286365059395749,2.9651971386094366e-05,6.363646576575428e-06,0.6036610715070385
2014-03-11,5.148937537691702e-05,0.2736493563702706,0.00023493308281674922,0.0864473604677426,3.009714714150801e-05,4.272454206972005e-06,0.5845312148610903
2014-03-12,4.8906113932888686e-05,0.22855304158225023,0.00022747352042935592,0.1573481418175549,2.4106491517783044e-05,8.061919976330613e-06,0.49291365801141196
2014-03-13,5.192240840939531e-05,0.19312588946257578,0.00022370507644698062,0.0786912324161481,2.0814013463964834e-05,3.816480111881232e-06,0.4008676427305048
2014-03-14,5.053194068255615e-05,0.23043779089296076,0.00021867088788548006,0.0462138681960089,2.422323688051944e-05,2.2415033178532795e-06,0.47936486414980317
2014-03-17,5.312543808337814e-05,0.269190179720904,0.00021444578421375108,0.1176127860451509,2.8732223169437864e-05,5.620667233057203e-06,0.5408373880012782
2014-03-18,5.3640183376897774e-05,0.2957484855945411,0.0002197790613079687,0.0530317935007252,3.211151630899124e-05,2.557729698151011e-06,0.5986466541950957
2014-03-19,4.9711758607667365e-05,0.3444496118582379,0.0002135767652360457,0.054050765988311,3.549214650212161e-05,2.574094808264154e-06,0.713958779495832
2014-03-20,4.924048797705463e-05,0.4108957780150991,0.000219953267085247,-0.0179004389525675,4.2762005156355406e-05,-8.457581242055924e-07,0.8684317908523144
2014-03-21,5.1299807125194504e-05,0.4101635374376937,0.00021794025640552866,-0.0634434041338084,4.3369423069009185e-05,-2.9336466020823816e-06,0.8454110356237474
2014-03-24,5.150721281894852e-05,0.4077829791441802,0.00021744755696330047,-0.0491380762171319,4.3155920622238466e-05,-2.2485220948990506e-06,0.8378616947093326
2014-03-25,5.187847468728203e-05,0.4132920107511488,0.00021936845157673312,-0.0810282546741096,4.40897558925883e-05,-3.714432696008569e-06,0.8498660794935992
2014-03-26,4.894688218699071e-05,0.299137499015602,0.00021423110297733846,-0.1177799757022606,3.0631949469713686e-05,-5.228387548165177e-06,0.6258202382062071
2014-03-27,4.819111839496585e-05,0.21369465804874804,0.00024949301417347467,-0.0503882019569122,2.3431838390682294e-05,-2.2261424933081286e-06,0.486227320948211
2014-03-28,4.77393720640184e-05,0.1756054107898293,0.00023266156836037287,-0.0709634109077805,1.8507108460088977e-05,-3.112574723760513e-06,0.38766970866878986
2014-03-31,4.471229395078723e-05,0.1576544085777408,0.00020744693882520707,-0.0909419474609878,1.5183542550177074e-05,-3.879716428575909e-06,0.33958317072456407
2014-04-01,4.637295349124256e-05,0.14627194826156717,0.00020529914230342717,-0.0749136236233011,1.4272070816844034e-05,-3.193781846231089e-06,0.3077671302419693
2014-04-02,4.141854620280984e-05,0.11319838858479453,0.00020686227246906818,-0.037902843416744,1.0477998108877146e-05,-1.6239114322222062e-06,0.2529784135244785
2014-04-03,4.131197301210188e-05,0.24122934771017332,0.0001981435372020515,-0.0488889569400244,2.182519168779327e-05,-2.089772659364966e-06,0.52830184802357
2014-04-04,4.5815215175484866e-05,0.3057617014328382,0.00019652567617274035,0.0097639680197114,2.9013331573035702e-05,3.809911916722077e-07,0.6332684777733045
2014-04-07,4.72141155464609e-05,0.2455204910348858,0.00020012647959824064,0.1926607041619349,2.3865797491265123e-05,6.952782383595998e-06,0.505480134807991
2014-04-08,4.530353492960697e-05,0.3061780786035529,0.00018195621969614096,0.2368216230743261,2.779864267975246e-05,8.861787580130736e-06,0.613608689100006
2014-04-09,4.691297863661334e-05,0.24771678664933314,0.0001770771217947455,0.2831048355076193,2.2577880451071626e-05,1.0006708028196707e-05,0.4812715181860286
2014-04-10,5.810324280314903e-05,0.2224574825784538,0.00018458130111004685,0.2909641332558231,2.3037802749038347e-05,6.989561062260958e-06,0.3964977105854368
2014-04-11,5.691804938589508e-05,0.2059755060889756,0.00017496937990884345,0.4104775226851209,2.0555195373289916e-05,8.855479582326596e-06,0.361136679753887
2014-04-14,5.793906540801691e-05,0.223924045228368,0.00018443797415557136,0.5625603143056584,2.3147902559905476e-05,1.20504427948534e-05,0.39952150413359183
2014-04-15,5.375893588153699e-05,0.2243177591237431,0.00020501359255910417,0.7583570954672929,2.3549425548054126e-05,1.5750477289736955e-05,0.43805602104825064
2014-04-16,3.1303883437837385e-05,0.2317514640368561,0.00020239326368725382,0.6760253312283485,1.844673980929128e-05,1.301668647946054e-05,0.5892795967606524
2014-04-17,3.0074876652121772e-05,0.2465692282144875,0.0001975721570878259,0.6721495495440881,1.9006566695149934e-05,1.2971881468972165e-05,0.6319748843860686
2014-04-21,3.398061258211898e-05,0.24807220340253314,0.00019685766908194598,0.6982860047764732,2.0289431349258407e-05,1.4164975287934302e-05,0.5970884515464844
2014-04-22,3.465237531876505e-05,0.2547010086107353,0.0001974498790305712,0.6198476580103978,2.106811137487578e-05,1.2571310246513528e-05,0.6079846238842656
2014-04-23,3.661275306357103e-05,0.27268405234492965,0.0001764784749595398,0.6151825059642064,2.191905385567358e-05,1.2365594942783777e-05,0.5986726487793842
2014-04-24,2.8915216768426475e-05,0.2754107215931148,0.00017707112279048703,0.6010439078940384,1.9706883076639297e-05,1.2079010497314744e-05,0.6815402158132158
2014-04-25,3.367547480592454e-05,0.2916976342267824,0.00018659287085981722,0.486400086801954,2.312263342071382e-05,8.855987325885781e-06,0.686631251792947
2014-04-28,3.364553762091845e-05,0.29961551185972873,0.00018499196205930133,0.4688355604658921,2.363765880527584e-05,8.819977676476098e-06,0.702549594290911
2014-04-29,3.9441733334885286e-05,0.30536192646505916,0.00018613625670641868,0.4539201827557618,2.6164254867596305e-05,8.410538857578485e-06,0.6633647321086327
2014-04-30,4.001418281063408e-05,0.3082367455090541,0.00018387500915929475,0.5074789669109235,2.643946970165293e-05,9.5285859906712e-06,0.6607524593661434
2014-05-01,2.1991126094734782e-05,0.2812584403394493,0.0001851666209422528,0.4859036627314846,1.794777635377405e-05,9.344212849891504e-06,0.8161372126401107
2014-05-02,2.5114593555483047e-05,0.24750996143057197,0.0001903668512565493,0.5768837004541668,1.7113995869029003e-05,1.1745922691582788e-05,0.6814363063937643
2014-05-05,2.3421323104644024e-05,0.24274382614549764,0.00018498730429575822,0.6345491712012238,1.5978090165546187e-05,1.3083993895247673e-05,0.682202713064405
2014-05-06,2.3724080850696792e-05,0.2206395608082256,0.0001653629274254139,0.811047263997153,1.3819653625916652e-05,1.541831582488565e-05,0.5825158712317725
2014-05-07,2.503936026433856e-05,0.21612504992040033,0.00016818172808059738,0.7747147908871108,1.4025105160386103e-05,1.4321544819943342e-05,0.5601223438747703
2014-05-08,2.245244272166245e-05,0.23089914121143823,0.0001716830159147548,0.836858123498684,1.4335662999924712e-05,1.567693698446583e-05,0.6384901267822165
2014-05-09,2.6257615904936162e-05,0.23807892090434452,0.00017182900322055758,0.8380251436642856,1.5991780731783134e-05,1.5864929685642068e-05,0.6090339956864417
2014-05-12,2.5472098693136958e-05,0.264019514040194,0.00016201066660976237,0.733230925468554,1.6960560336604102e-05,1.2752188048192238e-05,0.6658485639887164
2014-05-13,2.7268227179962204e-05,0.2740783119091649,0.0001588337589051787,0.8419956330459338,1.80374246335352e-05,1.7506225748388205e-05,0.6614813832411456
2014-05-14,2.54765910501542e-05,0.2642945189648935,0.00016449141616659883,1.177016871455093,1.7109228811123004e-05,2.597240092249888e-05,0.6715666463162641
2014-05-15,2.174205444419079e-05,0.31235602613076396,0.00017679460136080875,1.0853252941687508,1.9365765917317682e-05,2.175002972341399e-05,0.8907054283681999
2014-05-16,2.0552751262807784e-05,0.29568860292785154,0.0001722333853973723,1.1055917137490594,1.759252745728831e-05,2.227848527091763e-05,0.8559694627903034
2014-05-19,2.1296152341554682e-05,0.2863684435122232,0.00017864102438013447,1.1216001344879245,1.7663075758399317e-05,2.2469355492190506e-05,0.829402207267919
2014-05-20,2.0908636850371392e-05,0.325429816032051,0.00019534659541068597,0.9753729650625363,2.0798074225030307e-05,1.8312056734916427e-05,0.9947121074352047
2014-05-21,2.119414789263069e-05,0.2978748804218413,0.000183699948599471,1.038732676051395,1.8586447044334244e-05,1.9059439608011657e-05,0.8769612790517917
2014-05-22,2.007249814887391e-05,0.30901645358209384,0.00018413825125632787,1.0364389546303414,1.8786865428788487e-05,1.8974206945456182e-05,0.9359505373695826
2014-05-23,2.2049522594442057e-05,0.27256704629281003,0.00017738578074256157,1.1333045716350552,1.7046387051081726e-05,2.1176627167733893e-05,0.7730955161531954
2014-05-27,2.174082787467674e-05,0.2533683963529815,0.00018700314605722197,1.3011093542218342,1.6155296681981845e-05,2.3446724580844518e-05,0.7430856255846263
2014-05-28,2.1661197917021908e-05,0.27237622952651447,0.0001871718134374194,1.367442904630643,1.7343257130941207e-05,3.748055042137241e-05,0.8006601111064335
2014-05-29,2.1856321025887475e-05,0.25336686754998505,0.00018534809685719154,1.3883130129506536,1.6126213979314507e-05,3.756325727285534e-05,0.7378283820142463
2014-05-30,2.8179051435749515e-05,0.28234893755000984,0.00019777994535547294,1.3989950784257084,2.1078537222076104e-05,3.938838253181777e-05,0.7480215318864387
2014-06-02,2.8496658002674943e-05,0.3818767818822202,0.0001473554644223851,1.4236827608696867,2.474590503787206e-05,4.312799475597523e-05,0.8683791985554655
2014-06-03,3.418588872187905e-05,0.3832201542505425,0.00015016003814035376,1.4270002985939825,2.745673952053524e-05,4.3228658477722124e-05,0.8031600331912055
2014-06-04,2.793146765100254e-05,0.37527547771019953,0.0001556408245982884,1.4719173355428907,2.4743368671691354e-05,4.53555921432466e-05,0.8858599548313834
2014-06-05,4.136471088316827e-05,0.40484586675851536,0.00016031834133843934,1.315528736899624,3.296828165674647e-05,4.3286941211155786e-05,0.7970146763472631
2014-06-06,3.9833023701562004e-05,0.4927006472262708,0.00018416527651569264,1.2621659443094515,4.219963016436449e-05,4.110375829795914e-05,1.0594131763768082
2014-06-09,5.1073182956276414e-05,0.48988835703140515,0.00020456564289856203,1.2399874192732636,5.0073728207796675e-05,4.037502361219808e-05,0.9804309289018589
2014-06-10,4.95066057749403e-05,0.5519648766595713,0.00020627623541726912,1.1328202470922042,5.577860098488318e-05,3.811187057273544e-05,1.1266900671489317
2014-06-11,4.7157992518462575e-05,0.7144459107782349,0.00019375802975846545,1.1607221192200987,6.829310587553938e-05,3.9314082230602234e-05,1.4481766976998078
2014-06-12,4.667919578081926e-05,0.7434237293827003,0.00020184142114230193,1.158413473155564,7.216111738996765e-05,3.78453585283128e-05,1.5458946149971815
2014-06-13,3.72024477228719e-05,0.7099080322490735,0.0001972485136195557,1.175735632276251,6.081276038889706e-05,3.993708818572038e-05,1.6346440654094285
2014-06-16,2.938646502467408e-05,0.6591225797002951,0.0001992001890251735,1.2132925022476562,5.0429508578935436e-05,4.184087249762144e-05,1.7160794446216225
2014-06-17,3.191330809025626e-05,0.693943053991675,0.0002017622020453455,1.2284807733899636,5.568390067029452e-05,4.235108008860781e-05,1.744848904814599
2014-06-18,3.560112133469648e-05,0.7239392961247101,0.00021472131822860316,1.1658057687209478,6.329531596687027e-05,3.910368090299216e-05,1.7779023130145992
2014-06-19,3.687128606172102e-05,0.7726053872431549,0.0001974542519241243,1.1859306210820584,6.592272028772543e-05,3.9857197213199914e-05,1.7879148608316373
2014-06-20,3.6786047916274955e-05,0.6141071805555965,0.00018950243463703256,1.2221989644664568,5.127352060891155e-05,4.1406554188545074e-05,1.3938306372462212
2014-06-23,3.78482539714106e-05,0.5248920086068778,0.00018002896061239547,1.2232559792011772,4.332754404850633e-05,4.1425517074604234e-05,1.1447699563957328
2014-06-24,3.933090292313687e-05,0.4634164283605695,0.0001817075639425304,1.2175015020710271,3.9176432635436826e-05,4.00493488554125e-05,0.9960725466180647
2014-06-25,4.004889359785303e-05,0.3911175290363698,0.00019999172251053627,1.3039035057862425,3.5003264708839514e-05,4.246823572634365e-05,0.87401327637965
2014-06-26,4.4267929857314866e-05,0.3546199272019176,0.00019844201942251108,1.3251689919891032,3.323721005985308e-05,4.327069306494835e-05,0.7508191633759205
2014-06-27,3.536085878696092e-05,0.3891295462541356,0.0001957858754122374,1.3306708840286974,3.237772188113557e-05,4.342703765167795e-05,0.9156373174136437
2014-06-30,3.524942345217237e-05,0.3661729433819819,0.0001892514985367283,1.324244347982788,2.9907624789962426e-05,4.321972278737977e-05,0.8484571337894965
2014-07-01,3.707778978776346e-05,0.36202881690384986,0.00018931201658644467,1.3854497884737338,3.0331169137274734e-05,4.4109995239750435e-05,0.8180414558390082
2014-07-02,3.729144432547138e-05,0.3548553824886604,0.000193468048918853,1.3718825644730115,3.0141205996439113e-05,4.418770406120917e-05,0.8082606222857289
2014-07-03,3.7850371933542936e-05,0.3378391306261852,0.0001967901572248479,1.429163182255667,2.915726022529327e-05,4.563884342863687e-05,0.7703295565096986
2014-07-07,3.637233936281704e-05,0.3670688055848096,0.00019527392476987557,1.507696853496591,3.093536349993378e-05,4.915834445188075e-05,0.8505189394432681
2014-07-08,3.904012916123487e-05,0.41753448465362447,0.00016258982408268456,1.4977094898888283,3.326554581599939e-05,4.767672742714141e-05,0.8520859569550455
2014-07-09,3.921043801203444e-05,0.41967010434376006,0.00017526744945499295,1.4752885218473435,3.479040729488457e-05,4.642357340849362e-05,0.8872741305314347
2014-07-10,3.784415060760939e-05,0.4348678583339525,0.00017846974717607435,1.656174764408672,3.5738720072406516e-05,5.286342970902473e-05,0.9443657605891799
2014-07-11,4.137743263306523e-05,0.4122951064643284,0.00018450467447598499,1.643772354193193,3.602414127519853e-05,5.246392949079092e-05,0.8706229213073791
2014-07-14,3.5819786180035966e-05,0.432546700866146,0.00021106992765709123,1.69059524117932,3.7610376337183626e-05,5.509721540018047e-05,1.0499888566656392
2014-07-15,3.740515266448331e-05,0.43913010664694097,0.00021990984849016586,1.6830669425307132,3.982733698467402e-05,5.469875834801392e-05,1.0647553651743442
2014-07-16,4.331224214055195e-05,0.3973602404838238,0.00021906992904737211,1.6274503071854838,3.870625262557429e-05,5.338230624239737e-05,0.8936561746207728
2014-07-17,4.7474517764657056e-05,0.41229822552310486,0.00023586851670212618,1.6637505475704095,4.362914825479715e-05,5.058382109952883e-05,0.9190013992575479
2014-07-18,4.82618636397603e-05,0.4122610484791037,0.00027839238737323665,1.6037315153259235,4.778625818645502e-05,4.765317911784753e-05,0.990145315215025
2014-07-21,3.56854935741795e-05,0.3980832376654497,0.00027567889275217943,1.612840404477713,3.94840326844609e-05,4.903687485121452e-05,1.1064449088362858
2014-07-22,3.6878426197529086e-05,0.4064502895464175,0.00027627424423271615,1.605133208019183,4.102643935271805e-05,5.0302115551500484e-05,1.1124780415783275
2014-07-23,3.8554343811198455e-05,0.4065132813623549,0.0002764515347089075,1.6408666747220817,4.196825381266944e-05,6.10331664208712e-05,1.0885479991097498
2014-07-24,3.79220014302475e-05,0.3890246694811401,0.00025670330581660424,1.6984112386579993,3.838296308347083e-05,6.569514059882519e-05,1.0121555201687127
2014-07-25,3.58816002468109e-05,0.40687512300624723,0.00026134851471607635,1.7643413825149958,3.940098300633479e-05,6.75072954572333e-05,1.0980832163369494
2014-07-28,3.90148494586092e-05,0.4510325409805016,0.00026785083941596277,1.7603951966944211,4.6107263787750565e-05,6.761458678187268e-05,1.1817875610840354
2014-07-29,3.5953585678647994e-05,0.4920430292792754,0.00027421780474020307,1.8207175091907248,4.8856461926711164e-05,7.67199134036155e-05,1.3588759230689442
2014-07-30,3.539196672747045e-05,0.5318737198725734,0.00027381948845318536,1.825736109751336,5.235920671965308e-05,7.693145896697215e-05,1.4794093564462198
2014-07-31,4.5379445989039353e-05,0.6056234714674451,0.0003016675704511662,2.023564467606327,7.085925890293637e-05,7.234803114820838e-05,1.5614835606422175
2014-08-01,4.584672797284814e-05,0.595686760305801,0.00029624751568306366,1.9895689841758224,6.942237691285046e-05,7.070070381238555e-05,1.5142275137707657
2014-08-11,3.847004227028839e-05,0.5657621103563502,0.00027406903146345835,0.8876195786104364,5.809318307467255e-05,5.2147424402513133e-05,1.5100888807585149
2014-08-12,3.841634430365733e-05,0.5926943619737951,0.0002498494762040643,0.9924008833525932,5.8066818988330674e-05,5.9112280168591295e-05,1.5115133946465222
2014-08-13,3.776559449586869e-05,0.5543809860373776,0.0002746041800348997,1.0518572180559056,5.645599439343334e-05,6.125071676092019e-05,1.4949054859869677
2014-08-14,3.862814115860239e-05,0.5628284220001702,0.0002875299389210586,1.1859071165768256,5.931567288716585e-05,7.252352645250511e-05,1.5355559731342756
2014-08-15,3.923523389055349e-05,0.5117822667784229,0.0003184692295276847,1.0039541238883989,5.720804347581092e-05,6.385620084452567e-05,1.4580783087821652
2014-08-18,5.8802594173761744e-05,0.4565852149002971,0.0003995555510667724,0.6127317951482514,6.998559698408764e-05,4.351866570150492e-05,1.190178732204911
2014-08-19,5.790352204668287e-05,0.42349313899212854,0.00047402410200912687,0.5789147719575403,7.016153488778919e-05,4.1264534259879884e-05,1.211697188838076
2014-08-20,5.609710643686182e-05,0.3921966697761733,0.000512905641763571,0.4298286476788835,6.652622340895088e-05,3.196859246777041e-05,1.185911852402355
2014-08-21,5.441563613273725e-05,0.36011243487028466,0.000512729226838955,0.5330665470704422,6.015116045837539e-05,4.030192324508722e-05,1.1054021368352167
2014-08-22,5.0059045313325706e-05,0.3465967119242452,0.0005484803974908092,0.5460760720934936,5.743098634275048e-05,4.128048928490436e-05,1.1472649145280915
2014-08-25,6.652021183637015e-05,0.306065692958147,0.000608371672308659,0.6817386195429366,6.157096434640287e-05,5.3208002164921586e-05,0.9255978393132347
2014-08-26,6.338834696697776e-05,0.28522757470779103,0.0006690051856852668,0.6759644548513151,5.873689225199095e-05,5.277118891629996e-05,0.9266197189617519
2014-08-27,6.228211919321129e-05,0.2636612085900593,0.0007393203629290153,0.7531919080233693,5.6577566424401656e-05,5.9536466580527056e-05,0.9084078569787744
2014-08-28,6.139493236265438e-05,0.2876840686511612,0.0007005041803487847,0.7762911410900526,5.966057579754658e-05,6.362307486432005e-05,0.9717508188646073
2014-08-29,6.15753093611576e-05,0.2911972850334567,0.0007399107163311456,0.7586437989411918,6.215560262052082e-05,6.20537142424966e-05,1.009424122515725
2014-09-02,7.761239871585492e-05,0.2867398369815229,0.0007571694375269547,0.7466500235436625,6.951045397574818e-05,6.128190012988225e-05,0.8956101747380777
2014-09-03,7.595624179294328e-05,0.28439434262915425,0.0007552154110454949,0.7343009056009435,6.811427036428235e-05,6.0895916880481734e-05,0.8967567214549905
2014-09-04,7.498131031863036e-05,0.2873318398418881,0.0007825366532860715,0.6920697836472107,6.960054027539485e-05,5.7566689211926514e-05,0.9282385167667767
2014-09-05,7.387822741090312e-05,0.32089595977693025,0.0007393309933716083,0.6908894354673307,7.499666283551115e-05,5.719813672666772e-05,1.0151389044350971
2014-09-08,7.348698808482049e-05,0.3357146398614224,0.0008542174021065682,0.6653537425015074,8.4112339314748e-05,5.507851392046435e-05,1.1445881986299868
2014-09-09,8.133593066383054e-05,0.34488408214206384,0.0009224597613936148,0.641882226215303,9.446873195760465e-05,5.246363398962097e-05,1.161463712120702
2014-09-10,8.008754908927675e-05,0.3458816682632068,0.0009329359998229471,0.6460259247450982,9.454443536496386e-05,5.26794898294325e-05,1.1805135310055679
2014-09-11,7.945435898388616e-05,0.34960527008106057,0.0009113887814064071,0.6411263389694594,9.407812951118432e-05,5.22795050336767e-05,1.1840524637580168
2014-09-12,7.986652544186676e-05,0.34043179820207187,0.0011129717157519427,0.5784662341395501,0.00010149732073171635,4.6640100627137e-05,1.2708368139239288
2014-09-15,7.976789477234261e-05,0.3305471097803094,0.001086604395326345,0.5847506389620729,9.731575537570815e-05,4.712343704620459e-05,1.2199865077729215
2014-09-16,8.12776222335961e-05,0.2989035501933744,0.0010913448554350888,0.560290584391459,8.902204591547703e-05,4.4882649224917887e-05,1.0952835906004121
2014-09-17,8.038458733415224e-05,0.2658832950984764,0.0010620893002093595,0.541938915845616,7.768871935848294e-05,4.346003776756193e-05,0.9664628747241957
2014-09-18,8.052555846541116e-05,0.2467600636285868,0.0010440446215944153,0.5638563211276248,7.154862244121649e-05,4.493598778469776e-05,0.8885206610761898
2014-09-19,7.686942885417954e-05,0.24045193916624186,0.0010106537812849387,0.6433490686108385,6.702029167875528e-05,5.1065280655708587e-05,0.8718718569626949
2014-09-22,7.562338268336147e-05,0.24270267371293971,0.0009538700241493068,0.5785801762354204,6.518493114748695e-05,4.502350050741688e-05,0.8619679368274124
2014-09-23,7.716105522203933e-05,0.24498114927050046,0.0009317332070456063,0.5751188275863911,6.568671357111797e-05,4.420658821942356e-05,0.8512936141437841
2014-09-24,7.845740621167833e-05,0.24152164156017888,0.000929109349916944,0.5602551265373686,6.52088348401455e-05,4.249860376882906e-05,0.8311367656510573
2014-09-25,8.684570042440597e-05,0.2564838508423639,0.0009823507601543723,0.485940420366883,7.49147749851602e-05,3.366392656122346e-05,0.8626192732519794
2014-09-26,7.784867175631449e-05,0.2676354323032199,0.001018658314436131,0.5288923309179403,7.536739072397436e-05,3.684024072842228e-05,0.9681268674678593
2014-09-29,7.945972408695768e-05,0.2401816085481756,0.0012971500426435284,0.4503087669682306,7.710958797634808e-05,3.159279869360425e-05,0.970423555611171
2014-09-30,7.034453028421699e-05,0.22171230717669713,0.001205051709379928,0.4561115348214826,6.455171869752335e-05,3.1932493571089976e-05,0.9176508597997797
2014-10-01,6.051441443903661e-05,0.22266157359037533,0.0012009406414537165,0.3255667105882444,6.002545526974809e-05,2.1177257684506248e-05,0.9919199553722675
2014-10-02,5.727685640094654e-05,0.2227015517981342,0.0011376836003302528,0.3309407362417972,5.6849098107576985e-05,2.1513599802863947e-05,0.9925317428321278
2014-10-03,5.732458945014978e-05,0.22753599030576596,0.0010920422240303224,0.3358496010479694,5.692988316085294e-05,2.1613536422723787e-05,0.9931145378783728
2014-10-06,5.950629355094935e-05,0.21274980581015648,0.0012875878414922769,0.3836881579026877,5.8889661237522864e-05,2.467460773113907e-05,0.9896375277868966
2014-10-07,5.823383972398379e-05,0.1887203812960437,0.001209615625665539,0.5895201644082411,5.0087598894874573e-05,3.818623977381564e-05,0.8601115628349308
2014-10-08,6.403572465426801e-05,0.20601839795565852,0.0011261325208098225,0.5659338281263235,5.5323789487770635e-05,3.342840404888618e-05,0.8639519547325569
2014-10-09,6.579132724406009e-05,0.23656080743097044,0.0010491228291685222,0.7735907236901304,6.214987886034659e-05,4.319064359729822e-05,0.9446515439610277
2014-10-10,6.388921163395802e-05,0.26019531532331164,0.0010709130909097517,0.7033555770085529,6.8059750291806e-05,3.7779719311563e-05,1.0652776666230026
2014-10-13,7.100010076144222e-05,0.23263782634760616,0.0011565052274676686,1.3238684138303085,6.66628096448687e-05,6.42332711508105e-05,0.9389114794196327
2014-10-14,5.126108009219706e-05,0.28520865338970364,0.0010571280644003694,1.4559224667757584,6.639270691380778e-05,8.136691891634203e-05,1.2951874364409666
2014-10-15,4.732231652345586e-05,0.3293162504290319,0.001083734045374221,1.2835036742724568,7.457744807675825e-05,8.423195872958869e-05,1.575946689756683
2014-10-16,5.30327919984953e-05,0.3595726032921688,0.001044997969672471,1.2291834452937422,8.464797315239103e-05,8.074203256498331e-05,1.5961440075565463
2014-10-17,4.626798859027275e-05,0.39508392318289925,0.0010343038614561689,1.1309746965299834,8.642785618628852e-05,7.210265242163373e-05,1.8679838657273913
2014-10-20,4.9165393824874467e-05,0.3921386299534362,0.0009989184945142808,1.2475016330851183,8.690292920651658e-05,7.789852989040688e-05,1.7675629634141037
2014-10-21,6.127847379397686e-05,0.34642775718771074,0.000948519298057171,1.678887983245304,8.351985619250922e-05,9.273359759252078e-05,1.3629558802869286
2014-10-22,6.0122674099070425e-05,0.35075186002661507,0.0008748717143385665,1.7126166479294178,8.044356609844689e-05,9.170309815473866e-05,1.3379904886780585
2014-10-23,6.055871725038731e-05,0.33556935406328425,0.0008509714399406327,1.9400506979570784,7.617774594074996e-05,9.954125606246519e-05,1.2579154480069963
2014-10-24,5.99990058104541e-05,0.36499971251418134,0.0008594753302471415,1.7845704472567336,8.288601445251135e-05,9.180870707161899e-05,1.3814564647014445
2014-10-27,5.8561423507449295e-05,0.3763850139740168,0.0008690579293034622,1.6547739204116765,8.491071522611318e-05,8.953323143932636e-05,1.4499428145784765
2014-10-28,5.4522480778452264e-05,0.45728381425964787,0.0008481753913887562,1.5168717134072072,9.833688963868171e-05,7.834292432667644e-05,1.803602628395905
2014-10-29,5.3729820257279105e-05,0.5003945406162298,0.0007733233300705538,1.5367138164101202,0.0001020001505801301,9.157308394890939e-05,1.898389946061871
2014-10-30,5.3551839514494966e-05,0.5436068674192992,0.0007362801898057367,1.324182270478603,0.00010794280243377251,8.058955855959723e-05,2.0156693665874066
2014-10-31,5.56093263598845e-05,0.5666352140913363,0.0006951961804415487,1.388106095935635,0.00011141176807404006,8.523574546704731e-05,2.003472715224444
2014-11-03,5.4562010343014535e-05,0.5805846718823947,0.0006594768391692067,1.3647017265565478,0.00011013123804969558,9.310953100098589e-05,2.0184600486187083
2014-11-04,6.02491600622342e-05,0.5700866432177251,0.0006215842093170114,1.3492434543323162,0.00011032307310302168,9.378158505142586e-05,1.8311138775887295
2014-11-05,6.0354415020847636e-05,0.5635964620086162,0.0005900622311293529,1.400067387208642,0.00010635837397811294,9.819318650434842e-05,1.762230218640585
2014-11-06,5.86925643313682e-05,0.5497586374626793,0.0005796090775810355,1.4393108352947397,0.00010139842122146683,0.00010066434471594533,1.7276195439168178
2014-11-07,5.828791566618652e-05,0.5392039857405634,0.0005613805748762037,1.3934952924024355,9.753737133471348e-05,9.850733679938886e-05,1.6733720912805947
2014-11-10,5.7340540123530906e-05,0.5204884125855181,0.0005319106145698772,1.4068778578993832,9.089945590560348e-05,0.00010152228958783783,1.5852563598071334
2014-11-11,6.57571982494724e-05,0.4886970676118931,0.0005130823827110842,1.4736524156519053,8.97645658813109e-05,0.00011233008577711207,1.3650910968067458
2014-11-12,6.673646336542344e-05,0.4672656671188333,0.0005030801959685978,1.462035511331616,8.561780244215284e-05,0.00011160616524371521,1.2829238788597828
2014-11-13,7.11343776232816e-05,0.44951830608099663,0.0005002512525347604,1.5119909420711093,8.479714744278274e-05,0.00011630032234485874,1.1920698581473135
2014-11-14,6.859476809423724e-05,0.43045140940251736,0.0004766217978330225,1.4910812650844654,7.783171148138614e-05,0.00012203473216604549,1.134659590574881
2014-11-17,6.853595565786147e-05,0.4253183023311351,0.000473148641482764,1.5238748604776178,7.659000659155057e-05,0.00012580812861336853,1.1175157018878636
2014-11-18,7.650833651469074e-05,0.4612095086289573,0.00046641182594080253,1.494538023885145,8.712392026593239e-05,0.00012245243024564515,1.1387506804464804
2014-11-19,7.466095393809579e-05,0.4809352832079788,0.0004781017325295584,1.3901727015215728,9.086435869047785e-05,0.00011928685816814035,1.2170264897206766
2014-11-20,7.31046489834875e-05,0.4970297524832208,0.00047385453437812276,1.4112674438790207,9.25075981384383e-05,0.00012593462365068997,1.2654133413503352
2014-11-21,7.04730363634149e-05,0.5076139836268672,0.000522448332657196,1.2975314111728626,9.740174622750242e-05,0.00011756876139614231,1.3821136601128086
2014-11-24,6.987047932397521e-05,0.4937094590835108,0.0005032800092983428,1.4042016489315468,9.258127329164448e-05,0.00013142221317531907,1.325041336304048
2014-11-25,8.166110492431963e-05,0.5026308128851271,0.0004789933690457832,1.3982331434532744,9.940803411576222e-05,0.00013624794940696956,1.217324137456746
2014-11-26,7.228929035700332e-05,0.5015618314708937,0.0004607410038647391,1.4275399512720972,9.153557044273448e-05,0.00014591128768575597,1.2662397153255025
2014-11-28,6.63644735069259e-05,0.48839442567707464,0.00044278932083585286,1.4203065865455655,8.372151799509367e-05,0.00014546148256560596,1.261541206777695
2014-12-01,6.796408095783602e-05,0.5070968974686215,0.0004434790701769099,1.369232822541313,8.80374068452912e-05,0.00014201594841530392,1.2953519801129718
2014-12-02,6.956629167082881e-05,0.5036417794796499,0.0003940863979093833,1.4140595430509484,8.339056166720767e-05,0.00014555030062925287,1.198720812398511
2014-12-03,9.973973303376368e-05,0.5367420502410438,0.00039688298638421827,1.3882120809323435,0.0001067900924399277,0.0001429134269902195,1.0706875704567742
2014-12-04,7.195368455764464e-05,0.5131948751993465,0.0003869313911089927,1.288580150521186,8.562997400071906e-05,0.00013606100117516704,1.1900707312926813
2014-12-05,6.914099334132158e-05,0.5293195707468799,0.00038546458250812525,1.2836871066334494,8.6412784362534e-05,0.0001354697423689934,1.2498053641773479
2014-12-08,6.652863915801598e-05,0.5380207295516461,0.0003968116972304897,1.3069193599676263,8.741693232872853e-05,0.00013924284249616607,1.3139744542361609
2014-12-09,5.578278936298998e-05,0.5673726254191904,0.0003450690248122352,1.3187468387062458,7.871753390117688e-05,0.00014090884880044006,1.4111437380613192
2014-12-10,7.622608908783083e-05,0.6099859360377186,0.0003649466731919127,1.333274547056798,0.00010173873783860367,0.00013403053311746553,1.334697070990696
2014-12-11,6.0199482263474304e-05,0.5842435257902421,0.0003834507289971252,1.3533450205930766,8.87656771612462e-05,0.00013547330223050814,1.4745255909801118
2014-12-12,5.635062229218622e-05,0.6045834750320698,0.0004017047680975012,1.3415135836183811,9.096181639002549e-05,0.00012544058983501115,1.614211390929725
2014-12-15,5.5088696774690915e-05,0.568181826933165,0.0003962382663520869,1.2778665321200395,8.394537925012518e-05,0.00011830489323321501,1.5238222024648027
2014-12-16,5.154869882225274e-05,0.6482075668919732,0.00033753073367820153,1.2690912651077917,8.550265724481708e-05,0.00011500369450737262,1.6586773128773322
2014-12-17,8.951914955443635e-05,0.6582479709812674,0.000381950601399762,1.2244828381887036,0.00012171696143610647,0.00010185915859118978,1.3596751314319706
2014-12-18,9.913276275332198e-05,0.6401958853722894,0.0003644224106342537,1.3180000683115505,0.00012168135066867687,9.299112952541733e-05,1.2274584838461922
2014-12-19,7.377698274922788e-05,0.6149625501961068,0.00036443512958240555,1.3273029825077862,0.00010083684083597013,9.363951664359146e-05,1.366779137318752
2014-12-22,6.996587850894997e-05,0.5837813829520174,0.00034949487247762823,1.288168621933613,9.128802075053863e-05,9.08033214905082e-05,1.3047505826552461
2014-12-23,6.063494070426503e-05,0.5893476746213158,0.00033527353292604745,1.22959016179259,8.402967586336337e-05,8.762129058129523e-05,1.3858292741342249
2014-12-24,5.292955813268682e-05,0.6025493510546938,0.0003289241013037784,1.2313654776773657,7.950411464408936e-05,8.831557715186994e-05,1.5020740291234613
2014-12-26,5.0003308753932844e-05,0.5775464465522091,0.0003472245081189057,1.265337028443012,7.610119443681147e-05,9.108386419400735e-05,1.5219231753503908
2014-12-29,4.966432774890378e-05,0.5819344950202513,0.00033564971785654356,1.2609842640040725,7.513452156107353e-05,9.075580274866757e-05,1.5128468453442814
2014-12-30,4.653062419950052e-05,0.5527932148219779,0.0003041911843741961,1.3133068064765316,6.576660978276038e-05,9.969132493203078e-05,1.4134048471128473
2014-12-31,4.3755181092948726e-05,0.5443147559616582,0.00024800142629865824,1.3018181350774485,5.6701159492788495e-05,9.62610107012786e-05,1.2958730389514044
2015-01-02,6.483180836307134e-05,0.5199080470190517,0.0002530227239744769,1.2266233942662867,6.658867460094916e-05,9.826178119663322e-05,1.027098831302669
2015-01-05,8.284505496642122e-05,0.5260818585149009,0.0003402065423936378,1.164045300140438,8.831977450378361e-05,8.449991043858634e-05,1.0660838421747851
2015-01-06,7.372029621424698e-05,0.5033711321094865,0.0003296981127346905,1.1902870890809327,7.847658065147331e-05,8.764271014276187e-05,1.0645179778361653
2015-01-07,7.097584833724285e-05,0.5034559003715778,0.000393764315372297,1.179400176777451,8.416565529102991e-05,8.433462183085651e-05,1.1858351434013932
2015-01-08,6.58935484829367e-05,0.4942575215444661,0.0004103483735142533,1.1638782804482928,8.127389866046892e-05,7.978613766973948e-05,1.2334120795075258
2015-01-09,5.142752848602693e-05,0.4562819629961441,0.0004045680103501417,1.1514022919212643,6.581530493512196e-05,7.737757360789873e-05,1.2797679933812929
2015-01-12,5.214866604959718e-05,0.43600031378665716,0.0004221855193750905,1.1912752563564573,6.469341400220138e-05,8.158344126371115e-05,1.2405574083270554
2015-01-13,5.1084978694142575e-05,0.43128343308694045,0.0003764012879796321,1.2611708964367392,5.9804647457465814e-05,8.682448171684634e-05,1.1706894861507116
2015-01-14,5.779000718727771e-05,0.41086697122611315,0.00036745442532115955,1.3605576081207358,5.987276927104148e-05,9.252464417499325e-05,1.0360401769291054
2015-01-15,5.577655409897309e-05,0.40915505194764157,0.00036806039864895117,1.3379868728798852,5.862371062343664e-05,8.80388860532223e-05,1.0510457587503774
2015-01-16,7.006830803083834e-05,0.41636003813900424,0.0004283522759342441,1.2286823440754109,7.213240198360749e-05,7.802046381576318e-05,1.0294583101943993
2015-01-20,6.698197984101967e-05,0.40721966085665273,0.0004436164642028834,1.2070075403704683,7.019586918808959e-05,8.304767845537958e-05,1.0479814026802137
2015-01-21,5.396910834789416e-05,0.4091181502411228,0.0004736696872411617,1.1724031696829709,6.54122615958973e-05,8.026334895720195e-05,1.212031541715283
2015-01-22,5.806897077464812e-05,0.41829237570653466,0.00047935550874802347,1.1394618658275364,6.978801958897415e-05,7.256510417659154e-05,1.2018125800749055
2015-01-23,5.910063936486745e-05,0.4136946794525702,0.0005099095336391383,1.1717716749473,7.181622800905698e-05,7.758627115140676e-05,1.2151514565804908
2015-01-26,6.288399592442454e-05,0.4103064023425421,0.0004969889186176226,1.1066533215754717,7.25356841763083e-05,7.520314883396977e-05,1.1534840162429147
2015-01-27,6.964065036165525e-05,0.4023784092226398,0.0004769805538156451,1.2039927556942054,7.333586438438212e-05,7.722276205200746e-05,1.0530611647584711
2015-01-28,7.988841611727443e-05,0.4059639770675832,0.0005075382650568337,1.1925040892755143,8.174548959457782e-05,7.186443615836045e-05,1.0232458417322638
2015-01-29,8.021798542057233e-05,0.4492063906397384,0.0003340290801861579,1.2345427853058493,7.35315872000491e-05,7.338609187688526e-05,0.9166471435867241
2015-01-30,7.830236811365751e-05,0.47244148487530513,0.00041844821715597303,1.0671979310064852,8.551776362099933e-05,5.936269114360794e-05,1.0921478581192912
2015-02-02,6.708254753246161e-05,0.47092490653775027,0.00047019448628447884,1.091580307290309,8.363637473616328e-05,5.757493162946507e-05,1.2467680166095538
2015-02-03,8.067150173734702e-05,0.4786859349888174,0.0005381994978233453,0.9945772588319236,9.97429897602748e-05,4.8489116427314915e-05,1.2364092351351208
2015-02-04,7.910110058857453e-05,0.4795199440808603,0.0005431474972176643,0.9857689815271768,9.939323576939194e-05,4.8173585938683906e-05,1.2565341699398358
2015-02-05,8.520627788871464e-05,0.4884154484518936,0.0004967264797302195,1.021790455214847,0.00010048097610817199,4.8393113426808055e-05,1.1792672863777383
2015-02-06,8.507292515013707e-05,0.4853915213087004,0.0005520548606523338,0.9928781680970232,0.00010519109788106545,4.6855039665446306e-05,1.2364814974379186
2015-02-09,6.296753465448077e-05,0.4567040861879853,0.0005607233075276824,1.0749928868674392,8.581585753128236e-05,5.04997998333216e-05,1.362858781150894
2015-02-10,6.653518645016198e-05,0.41832014623177294,0.0005848118479892539,1.2857258811459005,8.251683294054357e-05,5.743842660442643e-05,1.2401984174546894
2015-02-11,6.58212274519105e-05,0.4126618658952848,0.0005945172686382081,1.328706765396799,8.163183571842731e-05,6.357023294299768e-05,1.2402053088126952
2015-02-12,6.625281595902424e-05,0.41549500649599636,0.000615562910219135,1.1564680741962958,8.390816079460289e-05,5.5099009055693894e-05,1.2664844441706153
2015-02-13,6.59493776327874e-05,0.4215286212436635,0.0006242098580354578,1.132504940777878,8.552591521397723e-05,5.3570390445237696e-05,1.2968418851530927
2015-02-17,5.2818371217651516e-05,0.4287677200119797,0.0005848107049859085,1.1736969534954955,7.535676408359634e-05,5.609079887055531e-05,1.4267150301373295
2015-02-18,4.925751255554142e-05,0.4480012084514191,0.0005550549540068286,1.1987323044141662,7.407700505474383e-05,5.744827501017602e-05,1.5038722260125628
2015-02-19,5.2538640297651296e-05,0.44625498979404615,0.0005188394168336016,1.21561504508551,7.367819554235962e-05,5.836779914411133e-05,1.4023620543840636
2015-02-20,5.811623348480445e-05,0.46021890240508867,0.0004613014518637714,1.2610667176022012,7.535387545244999e-05,6.0060203434848554e-05,1.2966063169278277
2015-02-23,5.7842904366347e-05,0.4665794187356801,0.00045421592832799564,1.254060702247891,7.562785856425241e-05,6.00154194694001e-05,1.3074699376308063
2015-02-24,5.363774172174018e-05,0.43627275465829585,0.0004458675747047189,1.2355012701292285,6.746775812848521e-05,5.935710051385721e-05,1.2578411387729904
2015-02-25,4.6420168910813084e-05,0.4230269545855863,0.0004641515468394657,1.2021441597924545,6.209423773193213e-05,6.0388476382641205e-05,1.3376564366069752
2015-02-26,6.082008377129165e-05,0.4288429367272687,0.0004765487705262863,1.1339536014691738,7.300883947946618e-05,6.004842162990221e-05,1.2004067563275518
2015-02-27,6.477291200020017e-05,0.4245919118933431,0.0004751766759666562,1.1504673857933518,7.448965890568153e-05,6.082989422547648e-05,1.1500125068555098
2015-03-02,7.10002492943561e-05,0.419001853147658,0.0004987187509381527,1.12216869665596,7.884492223611121e-05,6.159016601068928e-05,1.1104879633483018
2015-03-03,6.22129036386534e-05,0.4248749024361876,0.000494657364256691,1.121896790744591,7.453384967530617e-05,6.157773496902124e-05,1.1980448639435899
2015-03-04,6.357489191775788e-05,0.4320932460253165,0.0005166196642371469,1.0755560405790094,7.830793283402439e-05,5.908004674665454e-05,1.2317430745352356
2015-03-05,6.337223751236057e-05,0.4363691806495002,0.0005144326071047519,1.0984730630214057,7.878940757269431e-05,6.458699125943148e-05,1.2432795600333137
2015-03-06,6.737776824421294e-05,0.45167699096048736,0.0005237769333142842,1.0562464575231798,8.485148799675385e-05,5.774136378130234e-05,1.259339544895682
2015-03-09,6.459093954914395e-05,0.43513721374318454,0.0005514638382738315,1.1225962981005153,8.212408562463346e-05,6.124846570717518e-05,1.2714490019478573
2015-03-10,6.248974140729342e-05,0.4505911339671787,0.0004979527749965849,1.1619267286192658,7.94842506701933e-05,5.6020670871506726e-05,1.2719567865089034
2015-03-11,5.4252554100076106e-05,0.4375960091046859,0.00045217019205502347,1.1868793607255634,6.853847098927346e-05,5.951091067442576e-05,1.2633224762625013
2015-03-12,5.508043688697334e-05,0.4599646951744615,0.0004306269733265285,1.3418413740986754,7.083922501322378e-05,6.293795188089738e-05,1.28610499511084
2015-03-13,5.707193087433516e-05,0.46558417807859764,0.0004256381659723501,1.196264722919038,7.256543079789017e-05,5.5001196305415815e-05,1.271473203835869
2015-03-16,5.2149496476829495e-05,0.4663790068872704,0.00041436682932901654,1.2905697095804096,6.855774812821682e-05,5.4658515459683425e-05,1.3146387359401959
2015-03-17,4.691748238540657e-05,0.45546586630653085,0.0004446349561216212,1.3509418838395546,6.578471336248033e-05,5.688956579044328e-05,1.4021364748877128
2015-03-18,5.051902620859181e-05,0.4637209612135838,0.00044896695553577715,1.2607155035556463,6.983793693990907e-05,4.9457983656264126e-05,1.382408612777886
2015-03-19,5.142834644805491e-05,0.48336043022731534,0.0004596462933378388,1.2124417230030071,7.431633025810145e-05,4.710464251426673e-05,1.445046076547775
2015-03-20,5.066833282542825e-05,0.48483923200423823,0.000493359560941787,1.2706202904523276,7.665629704320052e-05,5.2370869644873476e-05,1.5129034797199807
2015-03-23,5.007282454924587e-05,0.4780696082376438,0.0004825639588181743,1.291025558247019,7.431382614283327e-05,5.5613932331029014e-05,1.4841149228509516
2015-03-24,4.2218867344400384e-05,0.46548235923305775,0.0004297213488260414,1.3169851783516182,6.269746487782325e-05,5.572988814844267e-05,1.4850579568222122
2015-03-25,4.692159710753298e-05,0.4757709452979946,0.0004187460845292615,1.4248755400422075,6.668984213610755e-05,5.42316233060925e-05,1.421303754500737
2015-03-26,4.732340893496746e-05,0.4776093336080874,0.000390924133481029,1.3954745429781832,6.496165147526045e-05,5.288906135920012e-05,1.372717074641257
2015-03-27,4.354358066573599e-05,0.4657954584652107,0.00040658153511458366,1.3880093959850928,6.197708485189585e-05,5.260371558757531e-05,1.4233345973006992
2015-03-30,4.5502666776921666e-05,0.47693163234265473,0.0004335625040438885,1.3070468578397896,6.698852431285874e-05,4.5653355399440805e-05,1.4721889739182146
2015-03-31,3.983451498744685e-05,0.4495214725347285,0.00043040987822381803,1.449213831390544,5.8860144462552586e-05,5.0445696674833276e-05,1.4776166970051305
2015-04-01,4.176214734580363e-05,0.4383907672437934,0.00044229728196797953,1.5340492369577172,5.958129591044327e-05,5.3010229061007435e-05,1.4266818086984732
2015-04-02,4.894523588776545e-05,0.4225276831378122,0.0004440870145476093,1.3982234188792912,6.229374178963531e-05,4.93240435806594e-05,1.2727232928753034
2015-04-06,4.8199312485919956e-05,0.41862332571029093,0.0004411742462947793,1.380524762446624,6.104483462664456e-05,4.733877871391947e-05,1.2665084101454156
2015-04-07,4.533264144371158e-05,0.40225803096284274,0.00038462796530887083,1.3627733897573395,5.3116648530027896e-05,5.070884055739822e-05,1.1717086593328456
2015-04-08,4.177649686660928e-05,0.43033429183271055,0.0003966417539629365,1.3233243581896026,5.539507818820116e-05,4.921848017722568e-05,1.325986675356612
2015-04-09,4.664355209638432e-05,0.43870675183760194,0.0003908693851285434,1.3307741965871696,5.923603135713181e-05,5.087095948329367e-05,1.2699725620108515
2015-04-10,4.853778747139849e-05,0.45345659199976446,0.00040456875081749743,1.33162822410063,6.354360865022448e-05,5.057107021236686e-05,1.3091575030622968
2015-04-13,4.467938122611643e-05,0.4674211508898268,0.00042665944992124227,1.3454021610427158,6.453608558529618e-05,5.1362232113999374e-05,1.4444265747255451
2015-04-14,4.646938254229903e-05,0.47883308344163555,0.00042290129476687947,1.3303141692769287,6.712543409930501e-05,5.075686697434474e-05,1.4445088448981152
2015-04-15,4.691423215315267e-05,0.5015080630410146,0.0004232986394275332,1.310101849994156,7.067302202095578e-05,5.2512312763387544e-05,1.5064303256683804
2015-04-16,4.176974619173272e-05,0.5366450046285715,0.00039053569466956017,1.3529241534104752,6.854067487936027e-05,5.6967819325302826e-05,1.6409167191187337
2015-04-17,4.332386275975345e-05,0.5506015789249247,0.00039626355473895166,1.3278164468422315,7.214281820902765e-05,5.2425402810990984e-05,1.6651981982559074
2015-04-20,4.305137811564542e-05,0.5344167245431298,0.00036002460278671477,1.3934343931602002,6.65333911995315e-05,5.258428258646025e-05,1.5454416121316317
2015-04-21,4.4326391543702614e-05,0.5300722945769525,0.00035951842187554353,1.3841868517124267,6.691552181253923e-05,5.392464175409098e-05,1.5096090496463122
2015-04-22,3.760113128202133e-05,0.5302984720710593,0.00037445468879372337,1.3845320949054678,6.292460066116764e-05,5.347715365805764e-05,1.6734762629669742
2015-04-23,3.981692672329287e-05,0.5281005556981037,0.00038678535914842677,1.3478679584810629,6.553684129437045e-05,5.185019691252076e-05,1.6459542884818241
2015-04-24,4.472325784062566e-05,0.5245781909375947,0.0003932600301134059,1.1857360294616246,6.956917466310219e-05,5.7062419655867995e-05,1.5555480083990443
2015-04-27,4.8016264703360416e-05,0.5230286743652316,0.00038787040078628357,1.19035454751744,7.137777480505452e-05,5.713468484891874e-05,1.4865332663008906
2015-04-28,4.837591330570472e-05,0.5162878067938771,0.00037947066789549767,1.102082271185916,6.995126342296046e-05,5.435554152527883e-05,1.4459936493790488
2015-04-29,4.7158652268819175e-05,0.506357597776456,0.0003583043560411833,1.0866058532042842,6.582093805665215e-05,5.325369381773791e-05,1.3957340782652579
2015-04-30,4.7296624411946914e-05,0.5013464291758396,0.00034738154278872327,1.1591729258383148,6.426231532940095e-05,5.445352747456068e-05,1.3587082826394812
2015-05-01,5.0018555724514286e-05,0.4887081114743083,0.00034582267182976643,1.1854414170639545,6.427496547560193e-05,5.355619455463318e-05,1.285022419071979
2015-05-04,4.992916004912971e-05,0.48579007968444277,0.0003416814977551264,1.2600464433474388,6.345071245585437e-05,6.432034454729844e-05,1.2708147381894592
2015-05-05,5.102770643270727e-05,0.4808413317310568,0.0003284894767867015,1.4271016805972865,6.225375413896551e-05,6.915037224871757e-05,1.2199990650385704
2015-05-06,5.61480236098465e-05,0.48796108378748937,0.00032441800255597717,1.514974220118507,6.585744792868202e-05,7.849371794313788e-05,1.1729254868577923
2015-05-07,5.2055366505413186e-05,0.49250144377036803,0.00029796295366948646,1.5272260113107718,6.13368399603557e-05,8.27517025752352e-05,1.178300030871502
2015-05-08,4.9463315458690945e-05,0.5090689989373114,0.0002983189285482166,1.5123824143908924,6.183846023702102e-05,7.670966641888149e-05,1.2501883398549196
2015-05-11,4.237087867236375e-05,0.4944770561226977,0.0002917078268562814,1.4862367832725871,5.497356747305134e-05,7.462133548284202e-05,1.2974375135842449
2015-05-12,4.7490306282055044e-05,0.514834385515192,0.00025109226454457994,1.4561845897101793,5.621946358724318e-05,7.48453437700049e-05,1.1838092442138362
2015-05-13,4.663897325113825e-05,0.5092663561701373,0.000263541046703858,1.449791486184204,5.646035570341377e-05,7.452833179406174e-05,1.2105831618417076
2015-05-14,4.9144732522979803e-05,0.5223796577402567,0.0002849390316032094,1.410199221885024,6.181597396761922e-05,6.914699117465344e-05,1.2578351899405376
2015-05-15,5.102390807027307e-05,0.547504268937062,0.0002939920575746063,1.379054136527995,6.705669865249701e-05,6.806918943825977e-05,1.3142211404140713
2015-05-18,5.1224895533544154e-05,0.5320939334507356,0.00028881391533092283,1.4367936525332747,6.471991007857312e-05,7.066978671973386e-05,1.2634464044185678
2015-05-19,5.107054978153525e-05,0.5343033036221365,0.0003057343679789148,1.5095494484235512,6.67644470589683e-05,7.5250572237018e-05,1.3072983812503862
2015-05-20,4.960583034370502e-05,0.5580550194160248,0.00028612179067032226,1.533046055016077,6.648426130329783e-05,7.991617596410606e-05,1.34025095120164
2015-05-21,4.7917991249736124e-05,0.5327059056721063,0.0002772415408257571,1.556153344708258,6.139965987317874e-05,8.164671726019469e-05,1.2813487851187177
2015-05-22,4.8649795894238564e-05,0.5295160807495299,0.00026904859248808694,1.5481239809882106,6.05808032086904e-05,8.683047600396713e-05,1.2452427003062676
2015-05-26,5.2044924254716454e-05,0.5636442487544656,0.00026623007672140386,1.5185235924948286,6.63472350805583e-05,8.298975236187354e-05,1.2748070254813701
2015-05-27,5.41376103742017e-05,0.5871529067855629,0.0002683853656616089,1.513004908980032,7.077504789844094e-05,7.956082741996499e-05,1.3073175452193122
2015-05-28,5.2639353679274204e-05,0.5839570910624012,0.00028844816323683666,1.5049116556320028,7.195651137407033e-05,7.916519334668766e-05,1.3669717871631448
2015-05-29,4.7121939363217764e-05,0.5639087198842141,0.00031950601884547325,1.486311555903364,6.919264144394059e-05,7.729387073527557e-05,1.4683742303261542
2015-06-01,4.566975475334599e-05,0.5642318554141018,0.00031260948582421857,1.4763783576883984,6.741755803970124e-05,7.671677963467293e-05,1.4761970674861549
2015-06-02,4.848176142599366e-05,0.5490500847785325,0.00033712193421244505,1.4753275299540922,7.019313879508866e-05,7.704479282776546e-05,1.4478256715618087
2015-06-03,4.583723039523311e-05,0.5230561029389544,0.00032644210993734837,1.501521549499849,6.39824028808806e-05,8.028992740774648e-05,1.3958610136168812
2015-06-04,5.208668778062701e-05,0.557504966849648,0.00033711144340717634,1.5158883282578035,7.387523222709576e-05,7.88420415017595e-05,1.4183131117539158
2015-06-05,5.356843740955158e-05,0.5905677838929687,0.0003135031850306354,1.6229977681524084,7.653238011167615e-05,9.01644693394715e-05,1.4286841993645676
2015-06-08,5.4875341169450945e-05,0.5883176976695024,0.0002884563669407588,1.7147675301338667,7.401855360426953e-05,9.699340912311036e-05,1.3488490827912263
2015-06-10,5.7400521339002106e-05,0.5791812067241924,0.00030705575842005655,1.7292034741631694,7.689197269932868e-05,9.223728756082112e-05,1.3395692391923044
2015-06-11,5.7399555912391706e-05,0.5560137647488291,0.0002956587954616793,1.7346009448123436,7.243278951303871e-05,9.264579011402693e-05,1.2619050506870133
2015-06-12,5.544172754801711e-05,0.5871722262691271,0.0003101812713871158,1.744488273266998,7.700016715109257e-05,9.215377245093644e-05,1.3888486264141764
2015-06-15,5.424960916028536e-05,0.5917870802373606,0.00032055775344493433,1.7302081864990184,7.803994043376583e-05,9.099659915814678e-05,1.4385346114326796
2015-06-16,5.423174022350414e-05,0.5943278352419754,0.0003358877310568871,1.702543659491076,8.021395157331473e-05,9.077708896289631e-05,1.479096028317193
2015-06-17,5.412494915971205e-05,0.600731748385543,0.00032992982262535696,1.316801163957054,8.027681294213797e-05,8.28368360280203e-05,1.4831757662304113
2015-06-18,5.572982074389677e-05,0.6074154894769725,0.000322993253586523,1.1939887016372672,8.14941456583948e-05,9.658831645070316e-05,1.4623076939884039
2015-06-19,6.241618085312648e-05,0.6101214368789014,0.0003500033714700561,1.10511359599625,9.017808198074296e-05,0.00012772942819803832,1.4447869246108456
2015-06-22,6.257165974145031e-05,0.588621923162886,0.00034105841489277073,1.075501649190256,8.59883579104745e-05,0.00012509959116940153,1.3742380858328407
2015-06-23,5.295413252336654e-05,0.5867898475239629,0.0003483002040671468,1.097426185433122,7.969101982499097e-05,0.00016734362076436916,1.5049065300017237
2015-06-24,5.124155217210486e-05,0.5855315077124151,0.0003583730571397143,1.1931135301804248,7.934673916311634e-05,0.00019938564665888378,1.5484843022829338
2015-06-25,5.1531038942745836e-05,0.5671010199154025,0.00039173562577076446,1.1825267339892809,8.05733484658323e-05,0.00019756429503981212,1.563588666538516
2015-06-26,9.885673436567757e-05,0.5930070967659237,0.00038915964393860126,1.185572133177288,0.00011631264165623853,0.00019931687138701555,1.1765778265139775
2015-06-29,0.00010219846828200267,0.6304146698017509,0.00038313380643353396,1.2420751982528695,0.00012474517058387786,0.00022132362998720883,1.2206168319437103
2015-06-30,8.697755639475864e-05,0.6375790018969034,0.00040346922891906133,1.2151843788955274,0.00011943808065341764,0.0002274148648091545,1.373205751048383
2015-07-01,9.667073925185136e-05,0.630940495373406,0.0004278715417360611,1.241968665605535,0.0001283194895313082,0.00023013512128532645,1.3273870720798355
2015-07-02,9.521395937942913e-05,0.6156868860280263,0.000468607557082824,1.2788759624919428,0.00013005134856798598,0.00024248009759886453,1.3658853115195988
2015-07-06,0.000172264093177785,0.6322164000199206,0.0005401949013384418,1.257493509468824,0.0001928583198774574,0.00025790268742964995,1.1195503155635467
2015-07-07,0.00016730584927433944,0.617935890830543,0.0005520452506112348,1.2380559691562265,0.00018779599318248627,0.0002565316414130919,1.1224711747797183
2015-07-08,0.00018325021701855255,0.6184550435119214,0.0006085423406908691,1.2147420905071042,0.00020652649979037972,0.00024610610496979463,1.1270191280017454
2015-07-09,0.00017483634785152047,0.6200724036500194,0.0006098398643103665,1.2036870952109724,0.00020247255885537204,0.0002444786198584453,1.158069024796386
2015-07-10,0.0001852458943863911,0.6133571754546031,0.0006802383779097516,1.1572715041342458,0.0002177300193972559,0.0002303715942050927,1.1753567878978657
2015-07-13,0.00021177015433928543,0.6057852244308646,0.000668639190786851,1.1180336265035775,0.00022795386860616999,0.00022351158302999936,1.0764211289233703
2015-07-14,0.0001959846645507268,0.5628113651506275,0.0006253290427130902,1.1494263465909984,0.00019702811549584729,0.00023150928616064146,1.0053241458841307
2015-07-15,0.00017788056160659394,0.5420074215631117,0.0006088105284253873,1.15008125691299,0.0001783653771037227,0.0002316546326230142,1.002725511392307
2015-07-16,0.00018174519139179188,0.522397607365172,0.0005990751510947345,1.2235221461700736,0.00017237461004658748,0.00025523207837821276,0.9484411044196265
2015-07-17,0.00017984339911716185,0.4928444795083534,0.0006198661172824752,1.2215547182981752,0.00016455311061679142,0.0002559672839297527,0.9149799849456286
2015-07-20,0.0001933298802508964,0.49334668138024906,0.0005986205988993353,1.2308563051642794,0.00016783306687863372,0.0002612452467910334,0.8681175753113081
2015-07-21,0.00019419877324157122,0.48478747538955985,0.0005958849396819661,1.232540503804457,0.0001649133587287836,0.00026150200814605126,0.8491987666865516
2015-07-22,0.00018582236281108658,0.49854687561915867,0.0006008457873829718,1.2249340848503782,0.00016658523207844106,0.0002599591140912202,0.8964756962422082
2015-07-23,0.00018795658724473803,0.49273557659706846,0.0006737276549719918,1.21293397560196,0.00017534156686366929,0.0002571212452781777,0.9328833292517557
2015-07-24,0.00019329917782205091,0.49987504300323476,0.0006944998373983526,1.2349714801094362,0.00018315236547720065,0.00027512534714581533,0.9475072141579862
