Date,Predicted_Index_Var,Predicted_Corr,Predicted_Var,Future_Beta_45d_UPRO,Predicted_Covariance,Future_Cov_45_UPRO,Beta_Predicted
2013-02-28,5.497886498863307e-05,1.049402265378349,0.0005729414962909583,2.925706208297889,0.0001862494595708432,0.00016023719649257945,3.387655594733548
2013-03-01,5.488021190183326e-05,1.0833638945552178,0.0005741008103916254,2.926278588325528,0.00019229869077154726,0.00016011610381356907,3.5039713606704126
2013-03-04,5.501029900576039e-05,1.0998228257335976,0.0005810109998593272,2.929966736637081,0.00019662417295117902,0.00016018791006887275,3.5743156555209703
2013-03-05,5.845535101370509e-05,1.1103276998960372,0.0005844709659057109,2.926893417941124,0.0002052318603645158,0.00015686619127306845,3.5109165680383714
2013-03-06,5.9250468430820016e-05,1.1274045803176997,0.0005949426827446363,2.926573156106232,0.00021167192174752534,0.0001579302804007538,3.572493641880155
2013-03-07,5.369174155549812e-05,1.1043036665351604,0.0006431340066658841,2.926331169473335,0.00020520739001925192,0.00015817385321825994,3.82195443981158
2013-03-08,4.524810700565277e-05,1.0612813223184359,0.0006946843248848827,2.926686291743159,0.00018815877553614177,0.00015755754795800618,4.1583789463863186
2013-03-11,4.8373919939468494e-05,1.0503418487506873,0.0007222911004752529,2.930473021952191,0.00019633261092943501,0.00016280638615162236,4.058645881398716
2013-03-12,5.1431479865635213e-05,1.0468865483224286,0.0007443456815689384,2.928522271576197,0.00020483372663040775,0.00016289059810184809,3.9826527870777984
2013-03-13,5.5261000285198275e-05,1.0406135651015094,0.0007630990165649144,2.930430043305412,0.00021369251026069706,0.00016543419718411333,3.866967828266671
2013-03-14,6.195858588029715e-05,1.032318242066064,0.0007368407281918109,2.9329889617821694,0.00022057239654056123,0.0001691185231104256,3.559997269251804
2013-03-15,6.386120353979619e-05,0.9884205834427312,0.0007149332630769846,2.970775183335954,0.00021119959553353868,0.0001679303212849358,3.3071659133690785
2013-03-18,6.402550064969363e-05,0.9821963748829455,0.0006965544430074587,2.968353824408895,0.000207420822386341,0.0001643555429128856,3.2396595150612626
2013-03-19,6.71640875084588e-05,0.9826290565138225,0.0006817057220434275,2.9732888994282693,0.00021025998603427617,0.00016913485957800452,3.1305418391606312
2013-03-20,6.839791392936718e-05,0.9873180414862912,0.0006742338260958755,2.9722775520703806,0.00021202338791180504,0.00016831639617836193,3.099851672826693
2013-03-21,6.814178529168062e-05,0.9921065673599283,0.0006775435595083664,2.9729249503480832,0.00021317373233297357,0.0001619216279831238,3.1283849024571975
2013-03-22,6.79733209422515e-05,0.9970522442417805,0.0006723154231296543,2.976536635710699,0.00021314428710727732,0.00016061318952091078,3.1357050700577007
2013-03-25,7.243408887933498e-05,0.9987666236067115,0.0007109597606900325,2.961656914944695,0.0002266512049035088,0.00016194348819571322,3.129068210978368
2013-03-26,7.339742545776695e-05,1.0042724185404743,0.0007463623697855191,2.957379363967522,0.00023505355075695828,0.00015914632461431686,3.202476780227239
2013-03-27,7.311742529462491e-05,1.0026048709192898,0.0007630230518797062,2.967389203812945,0.00023681493304201506,0.00017612424505385188,3.23883030738261
2013-03-28,6.422356192814954e-05,1.0012571113349378,0.0007396189597121829,2.968687827525217,0.00021822114272027353,0.00017728017152936234,3.3978361861089175
2013-04-01,6.678777769649997e-05,1.0033826405892385,0.0007197817219158096,2.9705684177645386,0.0002199963556401821,0.00017801984675144963,3.293961308907439
2013-04-02,6.451960799026473e-05,1.0003698088979254,0.0007044619384814385,2.990453637330702,0.00021327266854661764,0.00019320629342611483,3.3055481145948384
2013-04-03,6.836168011312682e-05,0.9986527920673784,0.0006745241670788587,2.99301299294052,0.00021444683534285755,0.00018963635551881014,3.1369450690501597
2013-04-04,6.901245142532413e-05,0.9984752182144657,0.0006555391097850937,2.9922212702229887,0.00021237349833887046,0.00019799957588973979,3.07732146812191
2013-04-05,6.697476452894188e-05,0.9962353321755139,0.0006418577528130935,3.3133185132528755,0.00020655558087078287,0.00021683576461484534,3.0840807328486206
2013-04-08,7.273438811092278e-05,0.9997577147081085,0.0006574327955208232,3.2127894340536964,0.0002186202271763069,0.0002176686247535493,3.005734053098825
2013-04-09,7.022991067372413e-05,0.9926883484528589,0.0006733711403764578,3.149851678211434,0.0002158744440343188,0.0002188764073924933,3.0738248413447895
2013-04-10,6.636144982931065e-05,0.9914761608329214,0.0006802973255158847,3.160157915771607,0.00021066364345127724,0.00022500460698871174,3.17448826077683
2013-04-11,6.716170407401359e-05,0.9879463682434397,0.0006899991858558771,3.110812416656784,0.0002126760137665527,0.0002244508729661033,3.1666262299148835
2013-04-12,6.98842565011876e-05,0.7452091418924948,0.0025498654279947934,3.157595545674916,0.00031457664683678217,0.0002307068125807433,4.501395057861656
2013-04-15,9.593981606210937e-05,0.732581133327705,0.0037676584166135988,3.3721593994519288,0.0004404442366524598,0.00020353101269352184,4.590838868893867
2013-04-16,8.836558039441448e-05,0.7799993324216717,0.004537663565525747,3.2145553737498904,0.0004939146917087339,0.00019719577304880723,5.589446586602785
2013-04-17,8.959564094882932e-05,0.8333524885084367,0.0049716024538209854,3.1579591625983667,0.0005561864110364071,0.00022443028149727302,6.207739630481146
2013-04-18,9.719405369416862e-05,0.8683680956037005,0.00552688752902771,3.168897663292815,0.0006364496032859165,0.00022228760661525135,6.548236019546757
2013-04-19,7.72897485213767e-05,0.6697876279672998,0.0063816595118624305,3.06248073129358,0.0004703973677152491,0.0002222381644705345,6.086154719278808
2013-04-22,7.797978274745508e-05,0.5328456321527031,0.007088978815988427,3.086061623067226,0.0003961724396212421,0.00022883304461798456,5.08045067148089
2013-04-23,8.499754389235151e-05,0.44444262730880724,0.007655264158140032,3.081957619788993,0.0003585081105210725,0.00022793639060251692,4.217864353529076
2013-04-24,7.773768893068322e-05,0.45804814999723803,0.008094938154425118,3.1078378797788613,0.0003633571526130616,0.00023195555332100208,4.674144004165833
2013-04-25,6.90805921567358e-05,0.468503217497012,0.00854465156630458,3.0771842633587467,0.00035994635705554706,0.00023010717695414812,5.210527961874889
2013-04-26,7.034557142953508e-05,0.3867859703583501,0.008994676113245512,3.119491150524192,0.00030766766711811045,0.00023509235356732687,4.373660784407731
2013-04-29,6.776168711759701e-05,0.3325788773850415,0.009357820195749805,3.085707003170593,0.0002648342294677444,0.00022985375772192977,3.908318117996943
2013-04-30,5.8041023931509805e-05,0.30307315972473814,0.01091961171214622,3.077163701694883,0.00024127849061200164,0.00022889982452872193,4.157033668060675
2013-05-01,6.311211636341748e-05,0.2834562411041913,0.011811653146706742,3.161326782525512,0.00024473593272378123,0.00023663072557582744,3.877796322254863
2013-05-02,6.214021471172626e-05,0.2993580239782739,0.012663465302655236,3.1453155434163818,0.00026555443601616245,0.000231927471239496,4.273471491015795
2013-05-03,7.476459886581012e-05,0.28551787097389153,0.012395898068222631,3.131694635530088,0.00027486554184334336,0.00022760952396677525,3.6764129817198747
2013-05-06,7.535412832838797e-05,0.31741084730432506,0.011852580427638182,3.1210520753637656,0.00029997270896305647,0.00022653534586310678,3.980839744516672
2013-05-07,7.392273390092128e-05,0.37094895335926914,0.011254014590126121,3.1586236399746177,0.00033834276726835534,0.00023986567286122731,4.5769785479232485
2013-05-08,6.958015556766957e-05,0.4039913631852766,0.010796354907174085,3.1400787710591045,0.00035014937425962965,0.00023735468350435135,5.0323166340019885
2013-05-09,7.111722928104653e-05,0.4263193213374959,0.010386637469117973,3.172836567085456,0.00036640375578895015,0.00023971594583676437,5.1521095449453975
2013-05-10,7.562958883543677e-05,0.3761615912041441,0.010501299413747982,3.1415391830082786,0.0003352291988914789,0.00023823642323926423,4.432513835569141
2013-05-13,7.357910230951406e-05,0.3390952791395047,0.010613481097259007,3.1489785172373943,0.0002996594040492554,0.00023907260001573673,4.072615656395529
2013-05-14,7.590263764609063e-05,0.3157055901629394,0.010640572129989876,3.128533457975448,0.0002837221198276317,0.00023249508728020643,3.737974444979579
2013-05-15,7.650099964197039e-05,0.3846343505675692,0.010702035696343697,3.114222544412349,0.0003480285081492199,0.0002298593595957355,4.549332816277118
2013-05-16,7.639729836462006e-05,0.4314654799088401,0.010748969582841602,3.1458660406567325,0.0003909925410265857,0.00023044957233265333,5.117884393771392
2013-05-17,7.425705624970095e-05,0.37341545525924535,0.010858090325843416,3.0901487335323323,0.0003353033390909128,0.00022086799857594738,4.515440767856498
2013-05-20,7.217439206379002e-05,0.3436746879908898,0.010945692373009222,3.0722495794599056,0.0003054644915817291,0.00022065657855406133,4.232311251222592
2013-05-21,7.13709588975209e-05,0.3173859149235564,0.011031578308759497,3.0763453831067533,0.0002816224300076097,0.00022118849016711782,3.945896683439291
2013-05-22,7.35750525384875e-05,0.299500824179269,0.011043724760178286,3.1172676932703607,0.0002699734767282365,0.0002198893096122298,3.6693616574315313
2013-05-23,7.454058968752127e-05,0.28771470186477766,0.011099809793258945,3.117922719302608,0.00026170753977247495,0.00022002375198965681,3.5109400243487343
2013-05-24,7.630250921850573e-05,0.2716561575250178,0.011184014526881883,3.1215673042680114,0.0002509503609803966,0.00022017731941963,3.288887397683815
2013-05-28,7.438631671877e-05,0.2573039967594936,0.01119154516895856,3.09542760910511,0.00023476755966873625,0.0002161319694910021,3.156058399239131
2013-05-29,7.273626036607267e-05,0.2475118752780902,0.011207772564007866,3.1975593132837274,0.00022347614938343592,0.00022841509537414867,3.0724173645814052
2013-05-30,7.309916508279677e-05,0.31492370008672127,0.011186039185634314,3.194460037805668,0.0002847735976469654,0.00022761835688364453,3.8957161456551885
2013-05-31,7.696255068093324e-05,0.3893475454320593,0.011009339013361933,3.271141898250647,0.00035839157355014873,0.00021605077401922696,4.656700828899853
2013-06-03,7.835861755638394e-05,0.4874604038014204,0.011041016549523271,3.210078953512269,0.000453405993826143,0.00021353856818142922,5.786293938887946
2013-06-04,7.696792659140356e-05,0.546553275739767,0.011108894333191118,3.2231521382877597,0.0005053855416133041,0.00021331022742522465,6.566183655904145
2013-06-05,8.390672708275947e-05,0.6183706394412739,0.010359972748570232,3.3226185392240795,0.000576536168949772,0.00020337659058991333,6.8711554960440635
2013-06-06,8.864935953499249e-05,0.6791935587669478,0.00989547517937378,3.256745150990589,0.000636135579452653,0.00019575023322007914,7.175862101987908
2013-06-07,8.584609796353898e-05,0.7344296175402993,0.008133194168913168,3.1880213206432866,0.0006136786757148872,0.0001815994326493507,7.148591377741271
2013-06-10,7.344670994631798e-05,0.6366886524539377,0.0033163746852305637,3.030790415905877,0.000314228142702854,0.00017299484136706246,4.2783147527305525
2013-06-11,7.540176794643908e-05,0.5082120595115338,0.0034960561836863795,3.03765144942514,0.0002609305516740223,0.00016726734602661632,3.4605362550566694
2013-06-12,7.564969572692771e-05,0.4191921285838675,0.0036687171659852214,3.043428518883057,0.0002208380113888367,0.00017709630538317777,2.9192187657435458
2013-06-13,7.668406692361186e-05,0.3512326038669268,0.00392009855409101,3.0456197862208283,0.0001925732167522631,0.00016328930445954438,2.5112546123054895
2013-06-14,7.978958283363962e-05,0.31135456474581585,0.00406026737618668,3.045089970669876,0.00017721711055178736,0.00016334270289310531,2.2210557350736253
2013-06-17,6.406673037804978e-05,0.5165450444556509,0.003377294458946865,3.045449913181097,0.00024027519778981775,0.00016097084577813305,3.7503895761807073
2013-06-18,5.269216623890948e-05,0.6584570340623845,0.0027968743877074425,3.050159242037596,0.0002527766471655362,0.00015959655105552786,4.797233919353999
2013-06-19,5.313666894497608e-05,0.769442842980151,0.0023928091441672438,3.0478099414038646,0.00027436427240196,0.00015151789839056322,5.163369813152361
2013-06-20,6.610900161714408e-05,0.7826304578528819,0.00215754424736515,3.0157907540553053,0.00029557445687241934,0.00010494803301742023,4.471016800165499
2013-06-21,6.524441916700448e-05,0.8235239305183147,0.0019407579538013961,3.0388852084960574,0.0002930445141199564,0.00010663586032341605,4.491487821661157
2013-06-24,5.5679700730278476e-05,0.8863346793411813,0.0016160487381172847,3.068563431598752,0.0002658724977213421,0.00011517990492161646,4.775034603890415
2013-06-25,5.683904438603972e-05,0.8950481015999391,0.0014143138088975825,3.0665470173195564,0.0002537713853117179,0.00011023465044996535,4.464737014017197
2013-06-26,5.616484134519195e-05,0.9121903672549044,0.0012460956640133068,3.08214830041718,0.00024132006987575883,0.00010495827181790036,4.296639393897572
2013-06-27,5.600093181678947e-05,0.9058749907680961,0.0011146329825369526,3.0836094047524933,0.0002263246417318308,0.00010388459929557196,4.041444211540371
2013-06-28,5.651835513949762e-05,0.9150292207539821,0.0010030100179937522,3.0705887650017525,0.00021786243610451433,0.00010315180399099004,3.854720038592596
2013-07-01,4.0959150997653995e-05,0.91204955485873,0.0008662352797117622,3.0529935063247717,0.00017179552322775448,0.00010471268464746474,4.1943135793413875
2013-07-02,4.708768430286185e-05,0.9374549780916827,0.0007738612065202944,3.0512274820848257,0.0001789516158440789,0.00010451418007894824,3.8003910893788153
2013-07-03,4.5307854285029834e-05,0.9180684274043621,0.0006828280941762092,3.0513655812442693,0.0001614795350928826,0.00010451766508300138,3.564051700109688
2013-07-05,5.048108536897671e-05,0.8684057770683863,0.0006256497546466192,3.0675501772723965,0.00015433082762661624,0.00010351195283041885,3.057201058546587
2013-07-08,5.858594159480322e-05,0.868786934297794,0.0005596007264042908,3.065013678230982,0.00015730738907371352,0.00010480523505766806,2.68507059529222
2013-07-09,6.185296409698371e-05,0.907029257809509,0.0005038818226784142,3.073457744769442,0.00016012749154626914,0.00010250487607421111,2.588841034282427
2013-07-10,6.043816195282401e-05,0.9270665544494004,0.00045077942722067616,3.070042037814091,0.000153020135136296,0.0001031008243980323,2.5318462738118734
2013-07-11,6.428746384905295e-05,0.9015877841003215,0.0004195203559574554,3.0673643445387926,0.00014806338860176633,9.121496509889717e-05,2.3031455860417727
2013-07-12,6.999194674271863e-05,0.9150795674315767,0.0003821634987601101,3.0699759087686416,0.00014966060513389243,9.337328307533683e-05,2.138254643552429
2013-07-15,7.060701256657018e-05,0.9098985767622298,0.00035118662754599246,3.061629345548498,0.00014328010439328113,9.343937241172923e-05,2.0292616722481043
2013-07-16,3.5042919617133015e-05,0.9520164935425626,0.00032201751131079727,3.0577880316182062,0.00010113101321703812,0.00010038495534472727,2.8859185913149097
2013-07-17,3.792838595062833e-05,0.9708840289622109,0.0002977028134360789,3.055772745984274,0.00010316704880344254,0.00010046446505489365,2.7200484865803642
2013-07-18,3.7451029819475974e-05,1.0051382935771918,0.0002783297799738959,2.9565234895071497,0.00010262130645341332,0.0001056909314134336,2.7401464511944154
2013-07-19,4.0860668714576163e-05,1.025564069859911,0.0002707056738676682,2.954428722990387,0.00010786094261330486,0.00010699617369391918,2.6397253399533276
2013-07-22,3.950888193740232e-05,1.0265769392833053,0.00026433354550530565,2.95495361772082,0.00010490954769959674,0.00010716306137354586,2.6553408386958384
2013-07-23,3.3171208880188284e-05,1.052766004829917,0.00026938978063960263,2.9575314836604125,9.951832561101408e-05,0.00010751538002596095,3.0001416581007403
2013-07-24,3.471216593235655e-05,1.0501588543133633,0.0002732688181643122,2.955976430209697,0.00010228004119937325,0.00010747142404679678,2.94651856063047
2013-07-25,3.488954269695917e-05,1.0428552372180124,0.00027407750909744753,2.9576842699843464,0.00010197844006014054,0.00010863858719474817,2.9228941446982213
2013-07-26,3.343176772700175e-05,1.0357003655360635,0.0002695685901688009,2.9646542143138226,9.832148823297416e-05,0.00011067333777835185,2.940959898855815
2013-07-29,3.360094972876798e-05,1.0150237885766389,0.00028477314076538876,2.9696915514129856,9.928908527904453e-05,0.00011445187086645941,2.9549487761661877
2013-07-30,3.816574763863081e-05,0.9962368117944888,0.0002812983956732473,2.970604891566892,0.00010322457418483972,0.00011455851535276057,2.704639122026718
2013-07-31,3.750748633018741e-05,1.001981756153992,0.00029909480050384986,2.9676460342628346,0.00010612634944481573,0.00012015259053358576,2.8294711223930067
2013-08-01,4.226173154810077e-05,0.9526620837176804,0.0003158552868130854,2.9569189025253504,0.00011006686563009366,0.0001145722819358903,2.6044097484462876
2013-08-02,4.130983358011611e-05,0.955769776215169,0.00032066586809904055,2.9555378057673822,0.0001100034696379062,0.00011890471130092637,2.662888230342685
2013-08-05,3.7225611971094185e-05,0.969827043293852,0.00031723652518145473,2.967689597327697,0.00010539179594914367,0.00012770883579607008,2.831163555644989
2013-08-06,4.1983018398946586e-05,1.0031760624211739,0.0003039453638054003,2.967672691456613,0.00011332135318886271,0.00012608938427064424,2.699218815379556
2013-08-07,4.81253999850549e-05,1.0152288250404629,0.0002966588027331503,2.9623829086650706,0.0001213052887386753,0.00015669169691024507,2.5206084266592286
2013-08-08,4.5117615842124565e-05,1.0318053205635909,0.0002845094998413278,2.9650458336366725,0.00011690126753163531,0.00015869954368440494,2.5910337979891467
2013-08-09,4.7210405389653165e-05,1.0702872276104203,0.00026614583572068603,2.966486353658896,0.00011997176420100951,0.00015915815540114717,2.541214446493676
2013-08-12,4.729046229109182e-05,1.1262258130649627,0.00024128271879798142,2.971599835212466,0.00012030269760381716,0.00016303848469549303,2.543910373793888
2013-08-13,5.1414947954433665e-05,0.827977074358246,0.0015968279261636624,2.969231708552289,0.0002372422704929052,0.00017501049333115484,4.614266471749819
2013-08-14,5.361675369996386e-05,0.848197685581932,0.0016976145141145724,2.9678496706196165,0.0002558979935479139,0.00017541962529582,4.7727244916748175
2013-08-15,5.120699157562921e-05,0.8820371540911811,0.0017268136162504077,2.944322753538449,0.00026228547606474585,0.00016151120708440467,5.122063765010842
2013-08-16,4.9139520575593413e-05,0.9077639248829434,0.0017865415035036418,2.9456995062376645,0.0002689644812803293,0.00016036328829794767,5.47348606843996
2013-08-19,5.1240075352845624e-05,0.9430197293687759,0.001780620516420718,2.943120077756169,0.00028484680025953947,0.0001576563751778036,5.559062868234452
2013-08-20,5.687877447837599e-05,0.9733030426121805,0.0015913561421252661,2.942307405990357,0.0002928241481617015,0.00015921041057819803,5.148214792726003
2013-08-21,5.746511661394483e-05,0.9928164861757556,0.0014715343833574426,2.93952564567462,0.0002887063482069325,0.00015561937493492077,5.024027883672184
2013-08-22,5.43081375808944e-05,1.0023023186486388,0.0013561650508635804,2.943216147349014,0.00027201162433904396,0.00015250349444672663,5.008671562965504
2013-08-23,4.6628310947370826e-05,0.9835835737564903,0.0013702575319398534,2.9425997176633247,0.0002486206560911177,0.00015218344097961596,5.331967876162934
2013-08-26,5.7057237442025364e-05,1.0705312771796702,0.0013699561310476288,2.949242854009019,0.00029930092619423395,0.0001518590173750925,5.245625964599972
2013-08-27,6.26349019454684e-05,1.0513861742303778,0.0012481146020235261,2.917042316785165,0.0002939664005549683,0.00013207154367066187,4.693332174622118
2013-08-28,6.352118414260544e-05,1.044515425584159,0.0011835643922336269,2.9225395614694185,0.00028639807611603355,0.00013340073580038155,4.508701781646075
2013-08-29,6.345432123592429e-05,1.0359917850106701,0.0011352843056141916,2.922910957224616,0.00027806045568215266,0.00013346260035609187,4.382057049327169
2013-08-30,6.533098257867051e-05,1.039291898710548,0.0010935289301018927,2.9157277995203064,0.00027778722896589994,0.00013182596529239454,4.25199833220621
2013-09-03,6.741624909395761e-05,1.0522270514056546,0.0010653428175360746,2.914885304008354,0.0002819917785414344,0.00013277135640216888,4.18284586181032
2013-09-04,5.29054408502055e-05,1.0610309529812258,0.0009711288241790836,2.910877194074293,0.000240500866097692,0.00013044484223310952,4.545862622686337
2013-09-05,5.526096611110341e-05,1.0570552025789328,0.0009008090259575736,2.9216527956200613,0.00023584315132641452,0.00014403345322949935,4.26780724123148
2013-09-06,5.903493096893949e-05,1.0574855269546415,0.001033401324840016,2.921157088731017,0.00026119416402159255,0.0001536633884711099,4.4244002615843945
2013-09-09,5.950680039687122e-05,1.0560078590879989,0.0011365586291192556,2.9160460132000234,0.00027462898504927887,0.00014902919369813673,4.615085724953857
2013-09-10,6.058865375686932e-05,1.0662358899088569,0.001222006056126484,2.9142120952781827,0.00029012531666682456,0.00014705604300544107,4.788443028145863
2013-09-11,5.2548421709793746e-05,1.0573868932356858,0.0011082278933087187,2.909103946727239,0.00025516922790463724,0.00014966963709033132,4.855887571920736
2013-09-12,5.463125330927889e-05,1.0548539795023648,0.0010279894045691158,2.9127424185788056,0.0002499811414498074,0.00014978178815923325,4.575789979311149
2013-09-13,5.629719144726608e-05,1.040748517436947,0.0009754661125801797,2.913557683792449,0.0002438907105229628,0.00015036561376876386,4.332200315026669
2013-09-16,5.4138744378514925e-05,1.0313438221781737,0.0009189057488641916,2.909647195090069,0.00023003453708157686,0.00015032109088562907,4.248981754605793
2013-09-17,5.7555509167455784e-05,1.0275463285315316,0.0008552969716288629,2.913618961358375,0.00022798345405277418,0.00015047895507553882,3.961105676078099
2013-09-18,6.204530316157312e-05,1.0154399677212234,0.0007949834986478587,2.908636216575542,0.00022552140357320007,0.00014374938837720435,3.6347860689134897
2013-09-19,6.178297806302708e-05,1.0028972368835865,0.0007509710242787978,2.9070443814432965,0.00021602421921447377,0.0001467316807322354,3.496500589435808
2013-09-20,6.675064824066973e-05,0.9930372948521893,0.0007159703804243036,2.9759594721593694,0.0002170905061148326,0.00013986687894004243,3.2522606422054796
2013-09-23,6.644616634370019e-05,0.9987599474647411,0.0006914009254499201,2.9750670752147284,0.00021407258859305891,0.00013778898981300238,3.221744765314896
2013-09-24,6.687102886618699e-05,0.9994411285354384,0.0006918870549647166,2.9774774297903503,0.0002149779031455923,0.00013703589885425175,3.214813751045706
2013-09-25,5.221698153901886e-05,0.9968489634065648,0.0006707016542228494,2.97564461700301,0.00018655200970269368,0.00013572253093827066,3.572631052281214
2013-09-26,5.0374063840171386e-05,0.9943753870386158,0.0006668236937665277,2.9757286762893225,0.0001822465734554508,0.0001356632465919856,3.6178652179758455
2013-09-27,5.122431082106018e-05,0.9917532925908963,0.0006639023299981479,2.975495663206267,0.00018289162111676167,0.00013427417937664573,3.5704066718564476
2013-09-30,5.1567877421329924e-05,0.9867818021817139,0.0006618063974225655,2.9645602752212827,0.00018229562260420386,0.00013292299766110415,3.5350615871732827
2013-10-01,5.3629225784131454e-05,0.9840870822387275,0.0006587574718961912,2.9608287251569667,0.00018496820063621238,0.0001300924316468657,3.449018663456881
2013-10-02,4.9785428743887e-05,0.9789543302644145,0.0006338820208240713,2.9542233093855392,0.00017390728475921211,0.0001316420573893394,3.4931362277474745
2013-10-03,5.1677659876475144e-05,0.9877846098718831,0.0006112801763832935,2.952657341779066,0.00017556333859135908,0.00013007562482619166,3.3972772569618526
2013-10-04,4.988490741732951e-05,0.9862571793644562,0.0006019653810070657,2.9555978083909067,0.00017090726361268055,0.00012791716530084199,3.426031488500049
2013-10-07,5.300164613196136e-05,0.9861793541145222,0.0005910858380277171,2.955858316402205,0.00017455241522464768,0.000122604833738948,3.2933395085513784
2013-10-08,5.7418241986777646e-05,0.9891890116741827,0.0005820647687417291,2.956781596961,0.00018083807924387538,0.00012189656297002583,3.1494882634253942
2013-10-09,4.671951297786224e-05,0.9857894471010854,0.0005691681459028044,2.952682951877851,0.0001607509733703699,0.0001233273680441358,3.4407673180698777
2013-10-10,5.493659376391755e-05,1.001002391375116,0.0005370662513001128,2.9533747835381376,0.00017194118300130289,9.680147617938344e-05,3.1298115012408023
2013-10-11,5.397060840252837e-05,0.9970681745292924,0.0005222016923632215,2.951384276500656,0.0001673873556796931,9.657541452325268e-05,3.1014539326899913
2013-10-14,5.390763459317086e-05,0.9922734439873622,0.0005127893076668964,2.949942472104265,0.00016497798199194736,9.714982095744401e-05,3.06038250865578
2013-10-15,5.553151341989191e-05,0.9866829138213189,0.0005041523157987243,2.9491187456041983,0.00016509284273262602,0.00010872313947856545,2.9729577417475572
2013-10-16,4.144281603770634e-05,0.994326667099977,0.0004824252026681134,2.943486041165855,0.00014059462251055695,9.845365756601097e-05,3.392496841494514
2013-10-17,4.1583055321708076e-05,0.9967688290865233,0.0004696068896393559,2.933673476393992,0.00013928998006436903,9.610981842758547e-05,3.3496812340206734
2013-10-18,4.3823960134694674e-05,1.0027768555345986,0.000465048132478734,2.940743404683414,0.0001431558381402768,9.541214429058541e-05,3.266611180283153
2013-10-21,4.4710412594374516e-05,1.00104904726691,0.00045793489799646843,2.9427791482319163,0.00014323909421602255,9.550409193025739e-05,3.20370772498854
2013-10-22,4.4371990394003997e-05,1.0004335619808586,0.00045281828094412535,2.9456374987015144,0.0001418092903608501,9.517064410682609e-05,3.1959190719560966
2013-10-23,3.6244305626284386e-05,0.9986989599462698,0.00044827726265648377,2.948926366265589,0.00012729983630635478,9.303448558401772e-05,3.5122713515040243
2013-10-24,4.040389782719303e-05,0.9966473222118813,0.0004463699198966523,2.951018599405874,0.00013384452063397236,9.287888651880597e-05,3.3126635753417584
2013-10-25,3.967999624918889e-05,0.9944317037216518,0.0004464292698340346,2.951994387758706,0.0001323540098702201,9.29883178626183e-05,3.335534838235414
2013-10-28,4.081308187982178e-05,0.9943872847634311,0.00044566535465980053,2.9576766953896416,0.00013410954670701187,0.00010066789187360579,3.285945107059322
2013-10-29,4.2024721372673885e-05,0.9901379997142079,0.00044764138847496,2.9523708987583226,0.0001358042203808187,9.915792752632137e-05,3.231531725731415
2013-10-30,3.243679795796633e-05,1.0094419652415423,0.000454184318677186,2.9416159728459847,0.00012252265839292827,9.74865168700301e-05,3.7772735321069897
2013-10-31,3.3498134377451295e-05,1.011746536802098,0.0004524235682167013,2.931817310532838,0.00012455313035905993,9.81047712188202e-05,3.7182109593213877
2013-11-01,3.528785039280735e-05,1.0169418934973815,0.00045143210348647653,2.930890696116041,0.0001283526857960005,9.796549079409403e-05,3.637305315207366
2013-11-04,3.477448195487655e-05,1.0250472738841554,0.00045766820618836624,2.930185331665086,0.0001293152075316601,9.748063532417807e-05,3.7186810632998015
2013-11-05,3.766596277267884e-05,1.0286100428417697,0.00046179780894045245,2.92917266212065,0.00013565981818264145,9.655934900616897e-05,3.6016553991032683
2013-11-06,3.8333959556374354e-05,1.0196245340943637,0.0004558887965941336,2.937140998050113,0.00013479121152296745,0.00010900690593201912,3.5162350324062395
2013-11-07,4.0431492315281525e-05,1.0173687113425478,0.00044189268304447194,2.9161246212508103,0.0001359867729717076,0.00010275449369769926,3.363387428574085
2013-11-08,4.3778322206368926e-05,1.018804858889852,0.00042951546250771593,2.919057799506213,0.00013970436179429812,9.39196555738412e-05,3.1911767000968747
2013-11-11,4.088414418239951e-05,1.014760274034234,0.00043041219472843224,2.9197250127067136,0.00013461182010470412,9.422481780199236e-05,3.2925189654001383
2013-11-12,3.99781619662566e-05,1.011959429159744,0.000428624109041982,2.9257471481924444,0.00013246855857053684,9.560621139329071e-05,3.313522984932283
2013-11-13,4.4902541372157916e-05,1.0081777877015554,0.0004163824048296615,2.934946208724203,0.00013785380890933652,9.274624140112565e-05,3.070066964958326
2013-11-14,4.545126757048379e-05,1.0030830460198632,0.00040907663989301913,2.9314279142650057,0.00013677673418963605,9.139519752458672e-05,3.0093051635475034
2013-11-15,4.488960878325864e-05,1.0005736644942314,0.00040293179590786846,2.933563000804516,0.00013456674512506524,9.5514092702579e-05,2.9977259497804147
2013-11-18,4.304897041106976e-05,1.001978376137941,0.00040176187763618805,2.9891356997278646,0.00013177229082409145,0.0001284185150056289,3.0609858857439036
2013-11-19,4.253689180732228e-05,1.0000823661710037,0.0004010758572124756,2.9871143054513767,0.00013062668517569491,0.0001296251082783369,3.070903388225674
2013-11-20,3.986505410246521e-05,0.9997233373802764,0.00039960935197265473,2.98638840898192,0.0001261809610693987,0.00013135211437770078,3.1652023033776797
2013-11-21,3.485111027762049e-05,0.9995289865838068,0.00041016819024243566,3.0003701320072333,0.00011950461874274935,0.0001336213071883444,3.4290046368906872
2013-11-22,3.677714977289896e-05,1.0048682292185078,0.0004420269855017063,3.011027097172265,0.0001281216554207425,0.000140196192180601,3.483729876075258
2013-11-25,4.464079349966786e-05,0.9975574183576695,0.00046325852539241065,3.0151754621350637,0.000143454958994508,0.00014252040907073723,3.2135396292983756
2013-11-26,4.5604254902161166e-05,0.9947220940357193,0.0004802248318153547,3.029326674950777,0.00014720642071428398,0.00017708146132226817,3.2279097867095716
2013-11-27,5.098239319509307e-05,0.9947862149228557,0.00047458025457627076,3.026296686099706,0.00015473718790678055,0.0001802970535546151,3.0351103235709544
2013-11-29,5.306536742177139e-05,0.9950163440641698,0.00047743986517779737,3.0262693824105527,0.0001583781047794711,0.0001803127548033336,2.984585097105962
2013-12-02,5.1303727815654587e-05,0.9952300452577315,0.00047468244991081334,3.017896859505123,0.00015531003857492597,0.00019231377519897706,3.0272661498008215
2013-12-03,5.129816798105141e-05,1.0006257500351994,0.000472693887444815,3.0263607763783567,0.00015581619531925057,0.0002024461051106478,3.0374612086888986
2013-12-04,4.926678581923591e-05,1.0007865110813159,0.00047690488820941254,3.025559671925285,0.00015340320913133896,0.00020261971123334587,3.113724725095495
2013-12-05,6.186383108747796e-05,1.0011567507717432,0.0004882326841406448,3.024033131171153,0.0001739938550348546,0.00020889623852470013,2.8125295827350274
2013-12-06,6.149224160789946e-05,1.0007197890139925,0.0004944936339375633,3.032716804707496,0.00017450304228365946,0.00020137310319094502,2.8378058389278547
2013-12-09,5.694825981469449e-05,0.9989766021612778,0.0005039882898684278,3.03190481145783,0.0001692410722259311,0.00020264202656178676,2.971839223474594
2013-12-10,5.3452041059883435e-05,0.99698776592976,0.0005132987303854359,3.0304064670041733,0.0001651418216094504,0.00020336806198513693,3.0895325666692237
2013-12-11,5.2671389427449466e-05,0.9960576102620404,0.0005140852684896735,3.025040416049859,0.00016390395186745402,0.00019341324956408636,3.111821306578941
2013-12-12,5.926873458923956e-05,0.99781963301338,0.0005225912198804942,3.028801452153584,0.00017560865908831472,0.00019623302733711765,2.962922362108218
2013-12-13,5.102150798536989e-05,0.9860157619343193,0.0005338701153380776,3.025681394661601,0.00016273400319155763,0.00019785928112852442,3.1895177076738035
2013-12-16,5.265033739264804e-05,0.9879502671198772,0.0005338182207100893,3.0243296132462847,0.00016562746657204663,0.00019588515175935,3.1458006686045366
2013-12-17,5.547285481711756e-05,0.9900311448736214,0.0005342419712449753,3.020203618898353,0.00017043473806028044,0.0001962330979843118,3.0723988989239555
2013-12-18,5.7755345996717895e-05,0.9960112048043525,0.0005265462466830636,3.0236942455052147,0.00017369150561344184,0.00017813963697302745,3.007366722784629
2013-12-19,6.478693026373803e-05,0.9954282750089315,0.0005333222873886847,3.024368778789729,0.00018503272319852704,0.00017802205836781003,2.8560192996532807
2013-12-20,6.101338500649426e-05,0.9031221098240336,0.0005356638636255234,3.0260621216322674,0.00016326955514269024,0.00017968763235594098,2.6759629075703937
2013-12-23,6.0371580554275465e-05,0.9024316161838766,0.0005389739242762357,3.0267569591964367,0.00016278502568111151,0.0001784015099066684,2.6963850239892917
2013-12-24,6.05937066863415e-05,0.9041593235449399,0.0005414558196803385,3.024132706855293,0.00016377222077890502,0.00018178554997203838,2.7027925792138596
2013-12-26,6.0130930524985e-05,0.902909675857621,0.0005443583440758369,3.022389710517161,0.00016335623356899954,0.00019289086422186262,2.716675630042402
2013-12-27,6.1029823506439453e-05,0.9238513843584347,0.0005525448660374644,3.022085215285589,0.0001696512035300975,0.00019286738620976468,2.7798081951227838
2013-12-30,6.103786899254316e-05,0.9398942655118937,0.000559152485491478,3.023663386093208,0.00017363761466742693,0.00019316191505876521,2.8447522420653284
2013-12-31,6.15980310886923e-05,0.9531772360241256,0.0005654292531299879,3.023985816120058,0.0001778878204244139,0.00019194214743367702,2.8878815975186125
2014-01-02,6.274975633376732e-05,0.966775540409181,0.0005690290592382308,3.0251838692974147,0.0001826833213139697,0.00018500298491856072,2.911299294012763
2014-01-03,6.287727487442676e-05,0.9711369875831941,0.0005757692190917687,3.024457741088287,0.00018477855759023627,0.00018701997144096903,2.9387176521129548
2014-01-06,6.194585296328845e-05,0.9754695758319795,0.0006653664998613558,3.027360984694192,0.00019803881218472298,0.0001863951039591696,3.1969664265029745
2014-01-07,5.985294868622432e-05,0.9827519134570474,0.0007377729132761685,3.0270324291178654,0.00020651330009310544,0.0001934972634065102,3.4503446300655907
2014-01-08,5.957982003469859e-05,0.9719586869391874,0.0007972710875497255,3.027476585763609,0.00021183631189456326,0.00019413789057960164,3.5555043934538952
2014-01-09,5.8876921963223624e-05,0.9526316878580979,0.0008461634220420829,3.0245633332569515,0.0002126300768289643,0.0001992289124197144,3.6114333042372655
2014-01-10,5.8643073362417135e-05,0.9428361086863476,0.0008866112461890624,3.025864839173347,0.00021498649831716953,0.00020206036487657343,3.6660169051601743
2014-01-13,6.549653155125348e-05,0.9632683555983188,0.0008317346249079553,3.0290233610788366,0.00022482719140333137,0.00019126702683132886,3.4326579755967033
2014-01-14,6.384952094066409e-05,0.9720882767759437,0.0008005712533551915,3.033106698543908,0.00021977815486991795,0.00018608915440246752,3.442126920171565
2014-01-15,6.070372053025981e-05,0.9636817397078014,0.0007724248410063136,2.9886066228710093,0.00020867450924647976,0.00018666947164385818,3.4375901085413525
2014-01-16,6.085694586035492e-05,0.9678358448301133,0.0007416666355450894,2.989536636784154,0.00020561800941961585,0.00018783847919811515,3.378710622308194
2014-01-17,6.130074788390541e-05,0.97076704442344,0.0007228700108533423,2.989797337648535,0.00020435158707217307,0.00018787081021997073,3.333590439372532
2014-01-21,6.022038567812545e-05,0.9708549089025578,0.0007001764377853759,2.9927679653702617,0.00019935624419872974,0.00019129255355052787,3.3104444940668025
2014-01-22,6.0180607898710316e-05,0.9732851507621627,0.0006731299557417747,2.992433400629296,0.00019589251482902162,0.0001915695015233587,3.2550770367545527
2014-01-23,6.197862719476769e-05,0.9791775897477625,0.0006481859865315607,2.992100851873375,0.000196260210515486,0.00018826900428533855,3.1665788578817464
2014-01-24,8.312838911315208e-05,0.9844202083916231,0.0006148751528489176,2.960886198590391,0.00022256080040580325,0.00015686172824879954,2.677314005241454
2014-01-27,7.785643656399444e-05,0.9827236039414875,0.0006022160639679475,2.961757349519637,0.00021279176493669698,0.00015647911203816748,2.7331300317320824
2014-01-28,5.7778264472590076e-05,0.9871132352807593,0.0005872253458919632,2.962528314675501,0.00018182417153793669,0.0001553225308266781,3.1469303067106456
2014-01-29,5.541992369045716e-05,0.9781574970914415,0.0005785445333034821,2.95449393997985,0.00017515000207095235,0.00014733515066209896,3.1604157928696623
2014-01-30,5.718939038351772e-05,0.9746413488912745,0.0005684056976545087,2.948276949378016,0.000175724281861904,0.00015242207324454285,3.0726727577174637
2014-01-31,5.786696567157789e-05,0.971313122802023,0.0005630585282480393,2.9551570777667355,0.00017532804157871133,0.00015932594744812794,3.029846814048969
2014-02-03,7.055814511505822e-05,0.980330465600363,0.0005415116365412672,2.9181331753847566,0.0001916240318992924,0.00012033237418669824,2.715831483194657
2014-02-04,5.3287933521446234e-05,0.986926063918214,0.0005467703762910455,2.920748793387157,0.00016846184247027907,0.00012413051396366987,3.161350634895234
2014-02-05,5.1744253938995175e-05,0.9898375812879469,0.0005536184069686966,2.955104227954959,0.00016753296092389115,0.00015910110397599763,3.237711401181031
2014-02-06,5.460185755120456e-05,0.9997459897075519,0.0005538189899294027,2.964228054418517,0.0001738510432431412,0.00015573303319883473,3.1839767187427106
2014-02-07,6.356327391387762e-05,1.0024577212821035,0.0005534076326537002,2.952066229742368,0.00018801468293235356,0.00014931324591548861,2.957913766164659
2014-02-10,6.2547563500994e-05,1.0058977473893085,0.0005539512714731764,2.952893219330719,0.000187238354470268,0.00015198302632692763,2.9935355430318626
2014-02-11,5.609995653519849e-05,1.0070327933205394,0.0005482009667817135,2.9560945675323214,0.00017660165704354812,0.0001514832384142471,3.147982065418249
2014-02-12,5.280573476410588e-05,1.0007692723697732,0.0005466534245618491,2.955934899027804,0.00017003195326393004,0.00015153091085178322,3.2199524165982707
2014-02-13,5.31879934714369e-05,1.0004480846543558,0.0005420712895185926,2.9576642952678496,0.0001698750366219103,0.00015076439259128542,3.1938605977519505
2014-02-14,5.362200748552388e-05,0.9994266231151957,0.0005384188120792808,2.9585777194862817,0.0001698175462765301,0.00015021831740790186,3.1669374989807135
2014-02-18,5.088126402858046e-05,0.9967764594227402,0.0005392017020604449,2.957469103769263,0.00016510200446485484,0.00015063689011066673,3.244848720191298
2014-02-19,5.093399391722896e-05,0.9920068996360594,0.0005331575562591802,2.953307510360621,0.00016347311686057853,0.0001471786909550052,3.2095090977203347
2014-02-20,5.128532994270177e-05,0.991420378274997,0.000533013669370534,2.9602617134614966,0.00016391684704622811,0.0001505532985155084,3.1961741735767957
2014-02-21,5.0142924359823583e-05,0.9884101893727748,0.0005343002093377051,2.961438739418771,0.00016178368203925082,0.00015100848268688924,3.226450872276569
2014-02-24,5.289213529725008e-05,0.9880766410574116,0.0005329843247051288,2.96542767493173,0.00016589885959231577,0.00015066081767190593,3.136550616835109
2014-02-25,4.99909412374215e-05,0.9784946264242843,0.0005416404859373981,2.96666864704603,0.00016101252527712457,0.00015114204226503397,3.2208340409601277
2014-02-26,4.8822079787728685e-05,0.9803712396063305,0.000533197264681308,2.9667670472475542,0.0001581767531556714,0.00015114586066163348,3.239861018690743
2014-02-27,4.902946505121921e-05,1.034268194462873,0.0005262226824642857,2.9650208962569287,0.00016612941242370364,0.00014964905189181717,3.388358658413968
2014-02-28,4.913560627678946e-05,1.0328167460977975,0.0005210290272087066,2.9658714805749176,0.00016525415586384734,0.0001495298410744047,3.3632261487309587
2014-03-03,5.060228536900576e-05,1.0340505463553165,0.0005148800963769095,2.96780382657001,0.00016690905028791367,0.00015147622765249053,3.2984488560302574
2014-03-04,5.593664385448813e-05,1.0331412174012116,0.0005075057429690417,2.967641570659407,0.00017407178048663635,0.00014079050268121787,3.1119453812685176
2014-03-05,4.9068183379191435e-05,1.022453726655464,0.0005096732071127137,2.9686747236155924,0.00016169238013380563,0.0001408681549903918,3.295259147547232
2014-03-06,4.928243059442446e-05,1.0135213232686473,0.0005120701818095756,2.9662794751324912,0.00016100660528243154,0.00014055510501100583,3.2670183540145223
2014-03-07,4.8971813978785636e-05,1.0090071415880442,0.0005147048174040699,2.9622583753648715,0.0001601940761643041,0.00014654294019454195,3.2711485066430135
2014-03-10,4.912023117884392e-05,1.00471260587712,0.0005151520577733707,2.9625117246553394,0.00015982318155794887,0.0001465554234155206,3.253713952934014
2014-03-11,5.148937537691702e-05,1.0036705023148582,0.0005121025958044753,2.962554547814999,0.00016297780366021213,0.00014641717887869113,3.1652705527532192
2014-03-12,4.8906113932888686e-05,1.0028824583641136,0.0005031728754772224,2.9691147771592465,0.0001573222769723902,0.0001521261417993305,3.2168222809171745
2014-03-13,5.192240840939531e-05,1.0013274054695227,0.0004926935340718913,2.9686678316139634,0.00016015553348917413,0.00014397870500006593,3.0845166546664684
2014-03-14,5.053194068255615e-05,0.9993990298262887,0.00048632217834740956,2.96704627494031,0.0001566693170234879,0.00014391013626678277,3.1004017440709704
2014-03-17,5.312543808337814e-05,1.002094457476581,0.00047935144962467434,2.973599003099879,0.0001599141687101435,0.00014210708752838053,3.010124235759994
2014-03-18,5.3640183376897774e-05,1.0028445566618522,0.0004741192324204028,2.969481190452659,0.00015992727405221885,0.0001432184304462134,2.981482612177231
2014-03-19,4.9711758607667365e-05,1.0020137024045883,0.00047680617848055496,2.972166013499443,0.00015426740041135856,0.00014154539653152412,3.103237638983162
2014-03-20,4.924048797705463e-05,1.0041379014405798,0.00047739820898235835,2.9760475478350474,0.00015395540010123334,0.00014061199271555428,3.1266018357286463
2014-03-21,5.1299807125194504e-05,0.9805965721562118,0.0006506214161586095,3.035328522377488,0.00017914818567758638,0.00014035471972934926,3.4921804918366375
2014-03-24,5.150721281894852e-05,0.9818611403058541,0.0007911107015830419,3.0349846730843333,0.00019819957852770277,0.00013887865827215528,3.8479965752444856
2014-03-25,5.187847468728203e-05,0.9825509599985416,0.0009064057434584238,3.0339148922673123,0.00021306396660878457,0.0001390783093881191,4.1069820940787425
2014-03-26,4.894688218699071e-05,0.9849444356384358,0.0008683829050264991,3.031753829730696,0.00020306257093276802,0.00013458301275708282,4.148631370574585
2014-03-27,4.819111839496585e-05,0.9880935487223832,0.0008411756230540925,3.0329847747249685,0.0001989412789941226,0.00013399676960780305,4.128173107825289
2014-03-28,4.77393720640184e-05,0.987986467906704,0.0008273069525761415,3.0344220502417287,0.0001963462831364466,0.00013309486190112734,4.112879467143946
2014-03-31,4.471229395078723e-05,0.9960494304676741,0.0008388492368450238,3.033557947275028,0.00019290181959566297,0.00012941601685106726,4.314290378569732
2014-04-01,4.637295349124256e-05,1.001844145593932,0.0007643744985546685,3.036498982241208,0.00018861908680460214,0.00012945462863132406,4.067437430747698
2014-04-02,4.141854620280984e-05,1.0072723813196043,0.0007081105268147972,3.0358338359175483,0.00017250229482168906,0.00013006742576720848,4.164856341818837
2014-04-03,4.131197301210188e-05,1.0106710506790946,0.0006679341012089442,3.0350902656283614,0.00016788604680570906,0.00012973581464615668,4.063859326121479
2014-04-04,4.5815215175484866e-05,1.01834249297928,0.0006300919888470073,3.041644078224664,0.00017302175405124528,0.00011868531314994804,3.7765129638379826
2014-04-07,4.72141155464609e-05,1.015083793255983,0.0006011275159372215,3.032701563107977,0.00017100985040283256,0.00010944480917581536,3.622006860099939
2014-04-08,4.530353492960697e-05,1.0116952648524213,0.0006003490396289102,3.032761177901756,0.00016684671970029806,0.00011348493009608991,3.6828631575780117
2014-04-09,4.691297863661334e-05,1.0110866471218405,0.0005677519634271387,3.036452551957711,0.0001650114959569899,0.00010732735834212156,3.517395414926954
2014-04-10,5.810324280314903e-05,1.004748769966901,0.0005272958694008481,3.020075903850437,0.00017586720177617068,7.254847773304724e-05,3.026805274397511
2014-04-11,5.691804938589508e-05,0.9943880520285985,0.0005106407381535729,3.01834159908435,0.00016952690414605168,6.511650681463069e-05,2.978438403549056
2014-04-14,5.793906540801691e-05,0.9940728329181627,0.0004988725510053141,3.025962280111188,0.00016900468824610792,6.481826824359256e-05,2.9169384603625845
2014-04-15,5.375893588153699e-05,0.992981296084956,0.0004858844192373987,3.0271041931838467,0.00016048442345782462,6.28705607600737e-05,2.9852604190579135
2014-04-16,3.1303883437837385e-05,0.9932456856314228,0.00046145941753463133,2.963696070643869,0.00011937752014310351,5.706517313764597e-05,3.8135051320441105
2014-04-17,3.0074876652121772e-05,0.9923035384110396,0.0004426151180919733,2.9648481698503235,0.00011448789997110228,5.7218901744238314e-05,3.8067620790399883
2014-04-21,3.398061258211898e-05,0.9905870482346433,0.0004303170846213483,2.9676300907191475,0.00011978502882968634,6.0199412004860266e-05,3.525099158827958
2014-04-22,3.465237531876505e-05,0.9911577687384178,0.0004202631666011087,2.9679381050571614,0.00011961067972097531,6.019361407427772e-05,3.451731046448738
2014-04-23,3.661275306357103e-05,0.9919948629190907,0.0004088964191691087,2.969240802263972,0.00012137584601799062,5.968379902291729e-05,3.31512480930469
2014-04-24,2.8915216768426475e-05,0.9910824091595636,0.00038492191703950297,2.969089245791101,0.00010455849275060838,5.966895212869766e-05,3.6160369672476196
2014-04-25,3.367547480592454e-05,0.9889383103023093,0.0003654966257409696,2.956636257232088,0.00010971544049852061,5.3832089943607896e-05,3.2580220807820153
2014-04-28,3.364553762091845e-05,0.9871638958045991,0.0003504428552068199,2.952737287779504,0.00010719181002251098,5.554842498899609e-05,3.185914614598597
2014-04-29,3.9441733334885286e-05,0.984539981997268,0.00034914914350704586,2.9532429547510737,0.00011553587139165153,5.471967445027254e-05,2.929279765944332
2014-04-30,4.001418281063408e-05,0.9821123813780231,0.0003443532824476953,2.952406880032152,0.00011528432888506819,5.5435327708415777e-05,2.881086674458599
2014-05-01,2.1991126094734782e-05,0.9885467404362097,0.00032576279884278695,2.9506105135274048,8.367036944946554e-05,5.674197333796089e-05,3.8047332860093186
2014-05-02,2.5114593555483047e-05,0.9925995580442786,0.0003109563427870665,2.9540375304694084,8.771762500922297e-05,6.014712572674653e-05,3.4926953850731284
2014-05-05,2.3421323104644024e-05,0.9951255405141475,0.0002985088005976787,2.950867976219405,8.320743899000773e-05,6.084499096176866e-05,3.552636143493926
2014-05-06,2.3724080850696792e-05,0.9966630259753898,0.00028782334170208344,2.944431837822768,8.235804909615248e-05,5.597476499293002e-05,3.471495887004346
2014-05-07,2.503936026433856e-05,0.9930943871724948,0.0002819904362703378,2.9445608291264707,8.344865311707615e-05,5.443378696964736e-05,3.3326990880004628
2014-05-08,2.245244272166245e-05,0.9906926640157772,0.00026881601026649545,2.9381448652512967,7.696589274010358e-05,5.504052671581481e-05,3.4279518578103643
2014-05-09,2.6257615904936162e-05,0.9908529576160339,0.00025815958846078503,2.9378085088796984,8.157948994787276e-05,5.56166193528058e-05,3.10688869253117
2014-05-12,2.5472098693136958e-05,0.9928967223528636,0.00024816844608216426,2.9464891379368576,7.894229029445393e-05,5.1244679218781383e-05,3.099167102227177
2014-05-13,2.7268227179962204e-05,0.990488808679306,0.0002409984058136821,2.9659534048602603,8.029437270868912e-05,6.166617477201498e-05,2.9446128704579912
2014-05-14,2.54765910501542e-05,0.988798900911001,0.00023519042882822649,2.959382613952456,7.653999947653002e-05,6.530260831148832e-05,3.004326572807579
2014-05-15,2.174205444419079e-05,0.9867149139494166,0.00022951704075053488,2.941434784456534,6.970267570259378e-05,5.894665344587967e-05,3.205891875651037
2014-05-16,2.0552751262807784e-05,0.9818107285734715,0.00022738765768464336,2.9399362534581424,6.711911177958753e-05,5.924187537368747e-05,3.2656996098155546
2014-05-19,2.1296152341554682e-05,0.9819877718282707,0.00022438315840736945,2.940309776931373,6.788155472633953e-05,5.890411707662384e-05,3.187503246484758
2014-05-20,2.0908636850371392e-05,0.9785889402487737,0.00022218044417862294,2.928893129136772,6.669850173259924e-05,5.498825482395859e-05,3.189997617248515
2014-05-21,2.119414789263069e-05,0.9837784578790576,0.00022439965616067413,2.933066870968737,6.784477121145258e-05,5.381809216399551e-05,3.2011087001540903
2014-05-22,2.007249814887391e-05,0.9801091685207262,0.00022837733602902553,2.9325879299381183,6.63592801846969e-05,5.368722395062626e-05,3.3059801372267024
2014-05-23,2.2049522594442057e-05,0.9777271593121842,0.00023156002234718997,2.936260614296614,6.986329521388317e-05,5.48661832419424e-05,3.168472011792825
2014-05-27,2.174082787467674e-05,1.0052954077106422,0.00023443081790437337,2.933511731545172,7.176936255024633e-05,5.286353633615355e-05,3.3011329174746735
2014-05-28,2.1661197917021908e-05,1.0032919552816622,0.00023726060997598266,2.9803380988543786,7.192525105930037e-05,8.168875790614483e-05,3.3204650700679728
2014-05-29,2.1856321025887475e-05,1.004594122523656,0.00023997476934349085,2.9827474666780867,7.275485087674131e-05,8.070349368306923e-05,3.3287784705654553
2014-05-30,2.8179051435749515e-05,1.002515807768857,0.0002442910319284875,2.98190333992849,8.317794304844036e-05,8.395479815281214e-05,2.951765187628572
2014-06-02,2.8496658002674943e-05,1.0000166032324886,0.00025197754839721063,2.9896048553794383,8.473934424237305e-05,9.056488290023191e-05,2.9736590246624246
2014-06-03,3.418588872187905e-05,0.9980052073116988,0.0002567047775643794,2.989532967223166,9.349173520655749e-05,9.056305017967713e-05,2.734804877157473
2014-06-04,2.793146765100254e-05,0.9966365635664036,0.0002699942477352377,2.993344498006433,8.65487799086087e-05,9.223677778462753e-05,3.0986119666183103
2014-06-05,4.136471088316827e-05,0.9944815998211887,0.000288364340318901,2.986828614365023,0.00010861317907150162,9.828038796212274e-05,2.6257449103964956
2014-06-06,3.9833023701562004e-05,0.9940031158542335,0.0003036525356604195,2.989269739222536,0.00010931955096604586,9.734870553461974e-05,2.7444452066981553
2014-06-09,5.1073182956276414e-05,0.9938296142653247,0.00032186577702837205,2.9904036786788457,0.0001274224047783809,9.737003558263867e-05,2.4948984457746994
2014-06-10,4.95066057749403e-05,0.9908870462198437,0.00034124713908729364,2.9956011534511107,0.00012879240003740568,0.00010078206471054775,2.6015194946489135
2014-06-11,4.7157992518462575e-05,1.0083486442709748,0.0003584961417114024,2.990628643953643,0.00013110842984581853,0.00010129368475254574,2.7801953146009972
2014-06-12,4.667919578081926e-05,1.0166890961592374,0.000369254003319915,2.9857545139847472,0.00013347884949267108,9.754457512607524e-05,2.8594933408753858
2014-06-13,3.72024477228719e-05,1.0084978590553941,0.00038823529963498155,2.9822288379041764,0.00012120157076432394,0.00010129958880194324,3.2578923749097766
2014-06-16,2.938646502467408e-05,1.0068047412785777,0.0004183177338915275,2.9823667581833164,0.0001116277223651233,0.00010284809890370638,3.7986100836353094
2014-06-17,3.191330809025626e-05,1.0030866112142354,0.000436071032204408,2.983433894459905,0.00011833220713025149,0.00010285195384431927,3.707926699281312
2014-06-18,3.560112133469648e-05,0.9987978322358264,0.0004485103082194062,2.980265003361784,0.00012621054561287945,9.996462088678256e-05,3.545128380264696
2014-06-19,3.687128606172102e-05,0.9963303669692541,0.00045933972691048196,2.981318957412709,0.0001296625368151241,0.00010019727590188229,3.5166263687703845
2014-06-20,3.6786047916274955e-05,0.8774766464684153,0.00045568349946848683,3.01098313154119,0.00011360796596826955,0.00010200829801175704,3.0883438804527543
2014-06-23,3.78482539714106e-05,0.8833545594260769,0.0004510429376264105,3.0110355229021035,0.00011541624034427753,0.00010196860312726659,3.049446889451212
2014-06-24,3.933090292313687e-05,0.8938241574878762,0.00044983298735507086,3.011173209253012,0.000118889827414408,9.905164479576151e-05,3.022809510545705
2014-06-25,4.004889359785303e-05,0.8961348955017565,0.0004497712624258214,3.014219636109702,0.00012027199145503294,9.817336134861631e-05,3.003128941906165
2014-06-26,4.4267929857314866e-05,0.8895077019684269,0.000449919775439162,3.014490161179637,0.00012553414255867608,9.843203342384207e-05,2.835780732537072
2014-06-27,3.536085878696092e-05,0.9210478569601774,0.00044481003493897534,3.01481751139592,0.00011551300623518717,9.83899138034382e-05,3.2666912003218043
2014-06-30,3.524942345217237e-05,0.9314468094850227,0.0004475603711136287,3.0139756861989886,0.00011699300095043847,9.836794383442282e-05,3.319004667102672
2014-07-01,3.707778978776346e-05,0.9500426374944062,0.00044740951256728203,3.0181889454588826,0.00012236370614723003,9.609319740379931e-05,3.3001887881572953
2014-07-02,3.729144432547138e-05,0.9529324313911697,0.0004480846361652965,3.0204184890957464,0.00012318185400615045,9.728628513362292e-05,3.3032202488872997
2014-07-03,3.7850371933542936e-05,0.956032377977509,0.000448160112199913,3.0188450511480798,0.00012451574649539714,9.64036845723998e-05,3.2896835654354954
2014-07-07,3.637233936281704e-05,0.9660090328967009,0.0004388801946424047,3.0192661526193434,0.00012205056553119566,9.844294970713221e-05,3.3555874510498582
2014-07-08,3.904012916123487e-05,0.9768514347685376,0.00043049406556350435,3.021409388372785,0.00012663907396509623,9.618080998201323e-05,3.2438180069046303
2014-07-09,3.921043801203444e-05,0.9814623696509674,0.0004282875798815004,3.023448601015863,0.00012718685835260904,9.514022918060166e-05,3.2436989944762398
2014-07-10,3.784415060760939e-05,0.9705374731654678,0.0004325127442687909,3.020368627372448,0.00012416841686389537,9.640712324550808e-05,3.281046472712446
2014-07-11,4.137743263306523e-05,0.9740946232344575,0.0003835134183802287,3.0197609822861344,0.0001227080905434216,9.638106325949395e-05,2.965580093661104
2014-07-14,3.5819786180035966e-05,0.958713524521376,0.0004344652279639661,3.02330706670473,0.0001195990859239936,9.85308586098462e-05,3.3389112185893435
2014-07-15,3.740515266448331e-05,0.947771484155502,0.00047607538621164693,3.0241799593835275,0.000126475736714691,9.82842004789763e-05,3.381238351014175
2014-07-16,4.331224214055195e-05,0.9217758164595794,0.0005165386302668037,3.0232297642693684,0.00013787389549699868,9.916553298420608e-05,3.183254633865087
2014-07-17,4.7474517764657056e-05,0.9373768609066869,0.0005391518395200593,2.9512601951667627,0.00014996850268753155,8.97286062195321e-05,3.1589262987559463
2014-07-18,4.82618636397603e-05,0.94179484319111,0.0005598077441556025,2.965066450429397,0.0001548024405365326,8.810380123378543e-05,3.2075520682752785
2014-07-21,3.56854935741795e-05,0.9518461181194625,0.0005585519161459701,2.965051085621867,0.00013438301172951196,9.014955144317675e-05,3.7657602087013244
2014-07-22,3.6878426197529086e-05,0.9635595146433065,0.0005562740749541821,2.96169420784146,0.00013800955128222514,9.281440538813574e-05,3.7422841892171634
2014-07-23,3.8554343811198455e-05,0.9691606718945105,0.0005516952787410977,2.978629475216516,0.00014134552848885765,0.00011079217542022025,3.6661375740443174
2014-07-24,3.79220014302475e-05,0.9679868307354005,0.0005535330399815433,2.98076842573982,0.00014024482612558293,0.0001152971650000654,3.6982443129628777
2014-07-25,3.58816002468109e-05,0.9653634136452143,0.0005540046482390622,2.982082891437446,0.00013610793388889482,0.00011410056626528055,3.7932514980569154
2014-07-28,3.90148494586092e-05,0.9701787329290686,0.0005223203855918939,2.983003889253562,0.00013849535447269862,0.00011457346379911224,3.549811325547421
2014-07-29,3.5953585678647994e-05,0.9720383366981389,0.0005004304497755486,2.98620212641061,0.00013038461892511132,0.00012583015618153006,3.6264705303800544
2014-07-30,3.539196672747045e-05,0.9706272704030293,0.00048221497169106833,2.986049289118965,0.0001268017310743505,0.00012582384011153763,3.582782840263292
2014-07-31,4.5379445989039353e-05,1.0178654247640013,0.0004570524770445465,2.9633084695315945,0.00014658954289532028,0.00010594648052356017,3.2303070189690404
2014-08-01,4.584672797284814e-05,1.0173515545429346,0.0004477302977256313,2.961974709059051,0.00014575835825800728,0.0001052558108165878,3.1792532357888206
2014-08-11,3.847004227028839e-05,1.035072595184736,0.00042913386514687065,2.996538950912657,0.00013299292448143928,0.00017604590094388368,3.457051685751691
2014-08-12,3.841634430365733e-05,1.0319706084464364,0.0004108651488783676,3.0063417750568067,0.00012965073943805187,0.00017907251018292296,3.374884877468906
2014-08-13,3.776559449586869e-05,1.0312791096066565,0.00039476918109673835,3.002878721369642,0.00012592037362168645,0.0001748606853408803,3.3342616554192284
2014-08-14,3.862814115860239e-05,1.031675947639767,0.00038247267948579014,3.0140002252313605,0.00012539938877632244,0.0001843195997451995,3.246322111681429
2014-08-15,3.923523389055349e-05,1.029586643191767,0.0003736918241297321,3.0092779475863667,0.00012466881196373735,0.00019140422101542062,3.177470849581283
2014-08-18,5.8802594173761744e-05,1.0270007011621647,0.0003909570747984394,3.000708405572445,0.00015571610122738628,0.00021312232693622272,2.6481161828888875
2014-08-19,5.790352204668287e-05,1.0236111488327737,0.0004022138246996722,3.0000763816702287,0.00015621257626574473,0.00021384279799094248,2.6978078490597395
2014-08-20,5.609710643686182e-05,1.0197958883157947,0.000411793492067272,2.9989689079514403,0.00015499697637418847,0.0002230489181201341,2.76301196655553
2014-08-21,5.441563613273725e-05,1.015353599434334,0.0004206614750211483,2.993849009708885,0.0001536192138149964,0.00022634673599340448,2.823071174621017
2014-08-22,5.0059045313325706e-05,1.0129486395126608,0.0004281246699918715,2.9934440125107598,0.00014829067223100822,0.00022628867990805528,2.9623152280040244
2014-08-25,6.652021183637015e-05,1.0890308038322345,0.0004523592312783924,2.9892605995369235,0.00018891163407606639,0.00023330434845881466,2.8399132964392986
2014-08-26,6.338834696697776e-05,1.0806370051861225,0.00047254029332887706,2.9883332970735146,0.0001870268554084601,0.0002332931855113953,2.9504927065836246
2014-08-27,6.228211919321129e-05,1.0773860276796934,0.0004902059093847108,2.988558649622332,0.00018825317121227964,0.0002362322540534593,3.022587761156321
2014-08-28,6.139493236265438e-05,1.073603570101181,0.0005040479236875234,2.983680877789462,0.00018886266980700316,0.0002445357699075164,3.076193140688033
2014-08-29,6.15753093611576e-05,1.0721195876292344,0.0005149846503365855,2.983952010528999,0.0001909165923951965,0.0002440741038589107,3.1005380951545627
2014-09-02,7.761239871585492e-05,1.0579274689128493,0.0005353277478059142,2.983161585247572,0.00021564099355699017,0.000244845382138736,2.77843485222598
2014-09-03,7.595624179294328e-05,1.048264515424739,0.0005519538953209915,2.9820567186214344,0.00021463671868426394,0.0002473033557291325,2.825794347084255
2014-09-04,7.498131031863036e-05,1.0425328433681786,0.0005665400278580241,2.9820634307288083,0.00021487285692516105,0.00024804943487393615,2.8656855423313705
2014-09-05,7.387822741090312e-05,1.0389199207427102,0.0005770543886123856,2.981196332720307,0.00021451056224962295,0.000246810656950682,2.9035694245415122
2014-09-08,7.348698808482049e-05,1.0377250875132975,0.0005865848138010701,2.980460204382307,0.0002154531994656914,0.0002467248748602179,2.931855081841292
2014-09-09,8.133593066383054e-05,1.0305566450333585,0.000599772593020792,2.980404020529304,0.00022761789170273544,0.00024360049131785322,2.7984912675740166
2014-09-10,8.008754908927675e-05,1.0256283430896158,0.0006124843268742829,2.980196868380978,0.00022715379953063274,0.00024301695118431784,2.8363185303300447
2014-09-11,7.945435898388616e-05,1.0208059656498676,0.0006214045138213529,2.980353001925815,0.0002268241360380934,0.00024302757552710264,2.8547727140318977
2014-09-12,7.986652544186676e-05,1.0201520065581204,0.0006265153300846452,2.980915352617424,0.00022819868355961303,0.00024034279583121717,2.85725067288315
2014-09-15,7.976789477234261e-05,1.01940177444229,0.0006312107855448703,2.980850921462956,0.0002287423907560834,0.0002402185331357836,2.867599695452834
2014-09-16,8.12776222335961e-05,1.0184749352749844,0.0006310535194075475,2.98027489272373,0.000230658220396861,0.00023873796263992487,2.8379056136009657
2014-09-17,8.038458733415224e-05,1.0188987435378518,0.0006320145383686845,2.9805260487642187,0.00022965766995058275,0.00023901914193480154,2.856986364760627
2014-09-18,8.052555846541116e-05,1.0171759058035406,0.0006331123162673547,2.980945776588818,0.0002296694964158102,0.00023756360970780593,2.852131680831026
2014-09-19,7.686942885417954e-05,0.940111083969268,0.0006369388700334995,3.008753687195373,0.0002080198968728898,0.00023881724394547832,2.7061459929343465
2014-09-22,7.562338268336147e-05,0.9310979381957047,0.0006308539293743425,3.005918267922632,0.00020337043663771595,0.00023391220131607416,2.689253368752852
2014-09-23,7.716105522203933e-05,0.9427300353038826,0.0006292437088498095,3.006051225093964,0.00020772839429717305,0.00023106054314360269,2.692140402945657
2014-09-24,7.845740621167833e-05,0.9567221911292364,0.0006251233184799974,3.006273899473838,0.00021187790513619266,0.00022804332744609095,2.700546900117312
2014-09-25,8.684570042440597e-05,0.9682692624662006,0.0006018970192510167,3.003039935291262,0.00022137644186855408,0.00020803808780866964,2.5490777411744077
2014-09-26,7.784867175631449e-05,0.9712366176022463,0.0005864760182948848,2.9998857543510407,0.00020752756022677913,0.00020895843423603198,2.6657816446296154
2014-09-29,7.945972408695768e-05,0.9704625231653783,0.0005702391112082889,2.997136017426834,0.00020657644322240196,0.00021027330978567842,2.5997629062533947
2014-09-30,7.034453028421699e-05,0.976210440456251,0.0005586038927807588,2.9983268150391607,0.00019351319973111796,0.00020991368214956193,2.750934563771421
2014-10-01,6.051441443903661e-05,0.9873738166176648,0.0005422804526352699,2.9993454258755428,0.0001788640247431228,0.00019509952615808326,2.9557259439949446
2014-10-02,5.727685640094654e-05,0.9899886232883716,0.0005269585827785064,2.9989614926906456,0.00017199191499084584,0.00019495471639613252,3.0028169455892755
2014-10-03,5.732458945014978e-05,0.9856785427961609,0.0005274455405050362,2.996787265843717,0.0001713935962545443,0.00019285766759692452,2.989879175734707
2014-10-06,5.950629355094935e-05,0.9869050781531173,0.0005187122117050539,2.997290803678329,0.0001733884123860974,0.00019275282104398893,2.9137827621147676
2014-10-07,5.823383972398379e-05,0.9969905111033109,0.0005056764159877116,2.996811988412009,0.00017108624241298124,0.00019411885810796485,2.937917939532997
2014-10-08,6.403572465426801e-05,1.0116685211511294,0.0004962446828723294,2.9979281654907517,0.00018034218793545648,0.00017708069220275104,2.816274648395606
2014-10-09,6.579132724406009e-05,1.0139149360590924,0.00047704937318576235,2.9756676937520914,0.0001796253011978868,0.00016613565660635073,2.7302276564743435
2014-10-10,6.388921163395802e-05,1.0172801289900937,0.00046687812444644886,2.980724480434328,0.0001756936594459825,0.00016010526950658563,2.7499738211294322
2014-10-13,7.100010076144222e-05,1.017305429961569,0.0004522382684869355,2.9652807994262416,0.00018229069467073816,0.00014387357809735683,2.5674709291361197
2014-10-14,5.126108009219706e-05,1.0157157588507284,0.0004451479057921708,2.975384746712002,0.00015343280836051959,0.00016628487777016034,2.9931637820459245
2014-10-15,4.732231652345586e-05,1.0045032185922789,0.00043775332689154956,2.933778471592131,0.0001445769499142444,0.00019253385252752145,3.055153689329286
2014-10-16,5.30327919984953e-05,1.004107879096482,0.00043944548651559913,2.9155301361745045,0.00015328692952596765,0.00019151399256189716,2.8904178669363074
2014-10-17,4.626798859027275e-05,1.0045347472924802,0.0004382884869535188,2.9060607034032238,0.00014304915772597168,0.00018526911827164563,3.0917522478175314
2014-10-20,4.9165393824874467e-05,1.0111513855840912,0.0004297789999778904,2.9068994403238446,0.00014698348419303454,0.00018151735190957027,2.9895719887159844
2014-10-21,6.127847379397686e-05,1.021398723195484,0.000426443408061018,2.9066701431205986,0.00016511251151370786,0.00016055030596222772,2.6944618769199336
2014-10-22,6.0122674099070425e-05,1.0205136295484523,0.00043071690174350635,2.903940177229137,0.00016422297325864937,0.0001554932397918092,2.731464887740056
2014-10-23,6.055871725038731e-05,1.0230770040064443,0.0004287098374417734,2.9010200415526155,0.0001648459878166524,0.0001488472332721078,2.722085197661582
2014-10-24,5.99990058104541e-05,1.0237053838106682,0.00042869396003583247,2.905733426480517,0.00016418016837461857,0.00014948786661240923,2.736381480941342
2014-10-27,5.8561423507449295e-05,1.0242731073207307,0.00042956806517369746,2.9146833789406426,0.00016245668111706447,0.00015770191826212048,2.7741245240802455
2014-10-28,5.4522480778452264e-05,1.0293677063086113,0.0004264945458137324,2.918632027460562,0.00015696943104284784,0.0001507406104575272,2.87898549005282
2014-10-29,5.3729820257279105e-05,1.0295846567700826,0.0004232741249022406,2.9364016094537138,0.00015526751990330569,0.00017498075973467728,2.8897829763774547
2014-10-30,5.3551839514494966e-05,1.0299201597427794,0.0004222233081308163,2.9347810659590245,0.00015486805996374006,0.00017861038910392527,2.8919279219497525
2014-10-31,5.56093263598845e-05,1.0316436648688907,0.0004201553650405085,2.9381302883528373,0.00015769157447848576,0.00018041396557535013,2.8357037353403625
2014-11-03,5.4562010343014535e-05,1.0296347389418001,0.00042092978423639594,2.936013998677048,0.000156039013865542,0.0002003154836763684,2.859847224920285
2014-11-04,6.02491600622342e-05,1.0177454610043235,0.00042852861894254697,2.94016265777002,0.0001635326928294377,0.00020436127629104182,2.7142734049821953
2014-11-05,6.0354415020847636e-05,1.0103490282246481,0.00043406152947065305,2.944896882453444,0.00016353156716859273,0.00020653920765296223,2.7095212025848583
2014-11-06,5.86925643313682e-05,1.0007234257315816,0.0004416426278054071,2.943987594867936,0.00016111690149259893,0.00020590033425862896,2.7450990313348793
2014-11-07,5.828791566618652e-05,0.9942438139801218,0.000447510349346629,2.9438317953165853,0.00016057713391075273,0.00020810190872051648,2.7548957974475203
2014-11-10,5.7340540123530906e-05,0.9903200559723603,0.00045320928404238466,2.946722163874294,0.0001596451992170318,0.00021263962551974566,2.78415932031861
2014-11-11,6.57571982494724e-05,0.9917552987383313,0.0004659788259311946,2.939427611657357,0.0001736038176187309,0.0002240597255133718,2.640073212366888
2014-11-12,6.673646336542344e-05,0.9931601546478502,0.0004700019229922008,2.940686322929938,0.0001758938677716261,0.00022448067857663075,2.635648622979889
2014-11-13,7.11343776232816e-05,0.994303119259252,0.00046154800594119664,2.940314353233591,0.000180163582632771,0.00022616505004181408,2.5327217113909937
2014-11-14,6.859476809423724e-05,0.9944158661711447,0.0004556270091814048,2.943162332614825,0.00017579975741118501,0.00024087756676461136,2.562874141795579
2014-11-17,6.853595565786147e-05,0.9933257908468823,0.0004499474142436077,2.9454031109423338,0.00017443427652979592,0.0002431667212381921,2.5451498393133924
2014-11-18,7.650833651469074e-05,0.9945417755019882,0.00048559724373659074,2.946382402446402,0.00019169708833961547,0.0002414068292987719,2.5055712497788627
2014-11-19,7.466095393809579e-05,0.9954549502043404,0.0005140931457234747,2.9517347045693203,0.00019502455008522433,0.00025328015624861196,2.6121357925178206
2014-11-20,7.31046489834875e-05,0.9947293854996779,0.0005380985739802601,2.962699107256124,0.00019729149618598132,0.0002643768186397135,2.6987544421496983
2014-11-21,7.04730363634149e-05,1.0243093667354988,0.0005563590614802529,2.966253265262921,0.00020282440885694295,0.0002687709286891125,2.878042714252006
2014-11-24,6.987047932397521e-05,1.0254579167148503,0.0005764176803192974,2.972564211014145,0.0002057943040497988,0.0002782085946946998,2.9453684308586525
2014-11-25,8.166110492431963e-05,1.0215582081887795,0.0006032449684245504,2.970777280036684,0.00022673449487767627,0.0002894812745964204,2.7765298435259367
2014-11-26,7.228929035700332e-05,1.0190271808100808,0.0006255753606423789,2.972066608457265,0.0002167018237913393,0.00030377998566092664,2.9977030168805006
2014-11-28,6.63644735069259e-05,1.0168751237640836,0.0006537095151880089,2.9719583688852507,0.00021180092527441145,0.00030437475581434253,3.191480532913556
2014-12-01,6.796408095783602e-05,1.0185956753381233,0.0006672609438762941,2.9742206757710266,0.00021691490998984903,0.00030848425710543073,3.1916110235408035
2014-12-02,6.956629167082881e-05,1.0207950546513345,0.0006779682073649727,2.9765836450969814,0.00022168823633175313,0.00030638217925196213,3.186719185503365
2014-12-03,9.973973303376368e-05,1.0167160629867111,0.0006977682999043069,2.9757680535158606,0.00026821891621257887,0.00030634887586509433,2.6891882307503465
2014-12-04,7.195368455764464e-05,1.0084456220124525,0.0006985383237243523,2.976216534291491,0.0002260862355576794,0.00031425829522983075,3.142107828773573
2014-12-05,6.914099334132158e-05,1.0042594362284032,0.0006818970789973828,2.976362606956957,0.00021805856188192684,0.00031410074423712244,3.1538245452369833
2014-12-08,6.652863915801598e-05,1.0041666404349041,0.0006753594881342138,2.9763069909653894,0.00021285193977523304,0.0003171040679766942,3.1994031813829262
2014-12-09,5.578278936298998e-05,1.0063944716806483,0.0006543760734712445,2.9766521085264666,0.00019227909158037418,0.0003180569686167777,3.4469250063702432
2014-12-10,7.622608908783083e-05,1.0062236197591183,0.0006456687043372739,2.975467283352924,0.00022322929873628663,0.0002991157876235825,2.9285157012197316
2014-12-11,6.0199482263474304e-05,1.0028832693895395,0.0006787596063644216,2.97696530594582,0.0002027238096017775,0.00029800185058899274,3.3675341046044016
2014-12-12,5.635062229218622e-05,1.0136055011480587,0.0007010278731013194,2.976207558109426,0.00020145866891643245,0.0002782955283640779,3.575092176832401
2014-12-15,5.5088696774690915e-05,1.0119594646428232,0.0007024121620999497,2.9722404575545838,0.00019906292314110573,0.00027517004409769304,3.6134984996152615
2014-12-16,5.154869882225274e-05,1.0168611850469556,0.0007109056338875423,2.975538525241133,0.0001946599026102905,0.00026964012199917273,3.776233097202038
2014-12-17,8.951914955443635e-05,1.0169139335548871,0.0006744718181630984,2.970481136544832,0.00024987572996538267,0.0002471008165594472,2.791310364420229
2014-12-18,9.913276275332198e-05,1.0428184319618277,0.0006221196649327634,2.9994471788506423,0.0002589728691759451,0.0002116251643829324,2.6123842610980472
2014-12-19,7.377698274922788e-05,0.993124535556004,0.0005903069302139199,3.0088125138331807,0.00020725408407709,0.00021226784930009453,2.809197074127554
2014-12-22,6.996587850894997e-05,0.9979072552537095,0.0005679596513174065,3.0098460552503887,0.00019892623725763513,0.00021216478521390666,2.843189301656359
2014-12-23,6.063494070426503e-05,0.995759153728487,0.0005580480519055918,3.0091330110995567,0.00018316883543830056,0.0002144325208156615,3.0208462861647782
2014-12-24,5.292955813268682e-05,0.9867266100736001,0.0005711517553485979,3.0088091136779385,0.00017156224972195586,0.00021579678676349643,3.2413316070365426
2014-12-26,5.0003308753932844e-05,0.9857796859222432,0.0005705417849601853,3.0096474487451816,0.00016650334548182192,0.00021664608980159403,3.3298465567786284
2014-12-29,4.966432774890378e-05,0.9828117971313822,0.0005711819042381977,3.0098401380833337,0.00016553119926594338,0.00021662479514972856,3.3329998968846826
2014-12-30,4.653062419950052e-05,0.9819714778500974,0.0005687145949728513,3.015461076889324,0.00015974066927138453,0.0002288995294576942,3.4330222733848315
2014-12-31,4.3755181092948726e-05,0.9824749289272947,0.0005695574054672298,3.015968254859046,0.00015509756197059667,0.00022301129830122631,3.5446673535900666
2015-01-02,6.483180836307134e-05,0.9750731528586054,0.0005870420373277256,3.0180614972598607,0.00019022424435692306,0.00024176947860930127,2.9341190560600827
2015-01-05,8.284505496642122e-05,0.9801496715806732,0.0005824365185942514,3.0178424426234183,0.00021530295604192006,0.00021907001049587812,2.5988630960434116
2015-01-06,7.372029621424698e-05,0.9820842807368201,0.0005870030176687767,3.020909289332798,0.0002042972226080825,0.00022243430147343956,2.7712479886726307
2015-01-07,7.097584833724285e-05,0.9811949182461863,0.0005872111487785839,3.023370953903019,0.00020031235303806055,0.00021619027287963504,2.8222607792762586
2015-01-08,6.58935484829367e-05,0.9900361208453972,0.0005756871242821543,3.032302526957086,0.00019282606815310504,0.00020787028243100304,2.926326971191085
2015-01-09,5.142752848602693e-05,0.994412059347374,0.000578521056786599,3.032240846218936,0.0001715235649686454,0.0002037753797447077,3.335248066903489
2015-01-12,5.214866604959718e-05,1.0024483623328577,0.0005812597530013941,3.0261848725569336,0.00017452945763244448,0.00020724561723752048,3.3467674411164086
2015-01-13,5.1084978694142575e-05,1.0106141562350512,0.0005848765102890486,3.0256579326621784,0.0001746884033781309,0.0002082994323751707,3.4195649649582953
2015-01-14,5.779000718727771e-05,1.0137033334868348,0.0005865141750446325,3.0425415443888912,0.00018662787249135697,0.00020690786784916153,3.2294142460747524
2015-01-15,5.577655409897309e-05,1.0153055210965818,0.0005834896827762352,3.043062812608817,0.00018316360319919642,0.0002002320543215945,3.2838816624307863
2015-01-16,7.006830803083834e-05,1.0192365840083197,0.0005780161009416941,3.057529100238788,0.0002051189510608866,0.0001941509452635073,2.927414073857899
2015-01-20,6.698197984101967e-05,1.0166463482193269,0.0005758021103131683,3.060892293011792,0.00019965745053488618,0.00021060348873924232,2.9807636473088577
2015-01-21,5.396910834789416e-05,1.0162525706859906,0.0005734427056635623,3.061624569354985,0.0001787801490554136,0.0002096004578804846,3.312638554318259
2015-01-22,5.806897077464812e-05,1.0180143530049113,0.0005716113270003495,3.066345196075979,0.00018547115587226446,0.00019527609064217885,3.193980423590319
2015-01-23,5.910063936486745e-05,1.0141671595038166,0.000574804279654962,3.0612140340081138,0.00018692424247969113,0.00020269152017668185,3.1628125260318045
2015-01-26,6.288399592442454e-05,1.0083902304219492,0.0005772857449852245,3.058675825908664,0.0001921295261511587,0.00020785375951631063,3.0553008492345883
2015-01-27,6.964065036165525e-05,1.0071130733552434,0.0005727053296010254,3.058060757157929,0.00020112925968616648,0.00019614063047615796,2.888101398273414
2015-01-28,7.988841611727443e-05,1.0024459207457033,0.0005665321637162999,3.0452710937888727,0.000213262818151191,0.00018351860766988845,2.66950865364668
2015-01-29,8.021798542057233e-05,1.001698145494083,0.0005649258997604497,3.0426073121914534,0.00021323990885754616,0.0001808645778950847,2.658255598661041
2015-01-30,7.830236811365751e-05,1.0021829313846853,0.0005691384175115474,3.037123667690064,0.00021156479483080924,0.00016893945257183144,2.70189522906534
2015-02-02,6.708254753246161e-05,1.0037021656587934,0.0005596036451443015,3.044919680049855,0.00019446878557335812,0.0001606029727957142,2.8989475314611988
2015-02-03,8.067150173734702e-05,1.0055087172298558,0.0005492017904228239,3.051085887420402,0.00021164688602455102,0.00014875109752521162,2.6235644740274955
2015-02-04,7.910110058857453e-05,1.0050476465919174,0.0005442188663641367,3.048941747776547,0.00020852815980241013,0.00014899886287860956,2.6362232415326248
2015-02-05,8.520627788871464e-05,1.004347626321302,0.0005390976702430888,3.047253311161848,0.00021525516551538785,0.00014432124940554907,2.5262829318342734
2015-02-06,8.507292515013707e-05,1.0028029808027603,0.0005384999176597234,3.046134438739489,0.00021463676782713443,0.00014375051697125584,2.522973877392161
2015-02-09,6.296753465448077e-05,1.0016816363761145,0.0005360380553872304,3.0448337132178693,0.00018402883145489447,0.00014303675393734282,2.922598644916122
2015-02-10,6.653518645016198e-05,1.0021194297504008,0.0005410292354118036,3.047934341790481,0.0001901321409381738,0.0001361632020894016,2.857617917409638
2015-02-11,6.58212274519105e-05,1.0013464276958879,0.0005528369342072273,3.0475381291959893,0.00019101429337047536,0.0001458054657513548,2.902016579834095
2015-02-12,6.625281595902424e-05,1.0015395621423302,0.0005771972022090607,3.048306642702684,0.0001958539743219998,0.00014523416517791234,2.956160753123773
2015-02-13,6.59493776327874e-05,1.001367980215353,0.0005977712074445163,3.047634241531589,0.00019882296560696952,0.0001441609218419687,3.0147815300704623
2015-02-17,5.2818371217651516e-05,0.9983450393002015,0.0006012058952591713,3.0461954440010848,0.0001779036186038208,0.00014557721689657823,3.368214780246133
2015-02-18,4.925751255554142e-05,0.9978764436519323,0.0005962317743995346,3.0460215619972835,0.0001710096299897089,0.00014597811682906552,3.4717471735277567
2015-02-19,5.2538640297651296e-05,0.9924072000260943,0.0006017827227126864,3.046122809666512,0.00017646117975744525,0.00014625969384115715,3.3586933113937825
2015-02-20,5.811623348480445e-05,0.9824256816832924,0.0006074021113499998,3.04805351834198,0.00018458082613001067,0.00014516814363320078,3.1760631249145335
2015-02-23,5.7842904366347e-05,0.9640602341031285,0.0006131057697361078,3.047165098015083,0.00018155027727485807,0.00014582778267597908,3.138678447489646
2015-02-24,5.363774172174018e-05,0.9543627554806273,0.0006035392899987775,3.047052903038635,0.0001717123368402514,0.00014638934803991505,3.201334197309314
2015-02-25,4.6420168910813084e-05,0.909882360930127,0.0006025445127078377,3.0462620786804027,0.00015217144754785063,0.00015302584477512815,3.278132137782978
2015-02-26,6.082008377129165e-05,0.9396595132255926,0.0005878473675047466,3.0397238483518,0.00017767499455412217,0.0001609683315506096,2.9213211087023936
2015-02-27,6.477291200020017e-05,0.9257335546762807,0.0005754406837072639,3.0414742154883365,0.00017872405046614825,0.00016081512357700312,2.759240629255574
2015-03-02,7.10002492943561e-05,0.9175786860045033,0.0005620382040862377,3.049109683942849,0.00018329734419292085,0.00016735021407963556,2.5816436704749903
2015-03-03,6.22129036386534e-05,0.9405483792893699,0.0005498097126355716,3.048416300106401,0.00017395126002656342,0.00016731893036133234,2.796063997220121
2015-03-04,6.357489191775788e-05,0.9558443709467422,0.0005400669003293574,3.047491603599584,0.00017711436347027436,0.0001673980151734127,2.785916863207476
2015-03-05,6.337223751236057e-05,0.9659391999919033,0.0005324353422889066,3.0386140775645254,0.00017743232748758473,0.00017866158713863802,2.7998431876888845
2015-03-06,6.737776824421294e-05,0.9714349752251202,0.0005204704334522709,3.0320768722972864,0.00018191565655773458,0.0001657532221284151,2.6999359180074842
2015-03-09,6.459093954914395e-05,0.9749337132717252,0.0005180490569851821,3.0321281770422406,0.00017833900253774127,0.000165431864496228,2.7610529244903184
2015-03-10,6.248974140729342e-05,0.9842946193474461,0.0005052144043152794,3.0277275228175387,0.00017489095005429874,0.00014597764460235824,2.798714574835583
2015-03-11,5.4252554100076106e-05,0.9878856232991753,0.0005116053400320514,3.024690409235009,0.00016458274217609383,0.0001516599636981962,3.0336404415633393
2015-03-12,5.508043688697334e-05,0.9898602482775927,0.0005070048797782449,3.02928328729743,0.00016541642921375939,0.00014208600915857007,3.0031793239621303
2015-03-13,5.707193087433516e-05,0.9901324520752717,0.000507113602400888,3.029147794226192,0.0001684446445878135,0.00013927247813662067,2.9514446420028495
2015-03-16,5.2149496476829495e-05,0.9885321132135257,0.0005084139760804018,3.031325301320284,0.0001609624531599594,0.000128383410532247,3.0865581459923876
2015-03-17,4.691748238540657e-05,0.9910336520904169,0.0005098169843446316,3.4877995610706463,0.00015327202722180137,0.00014687486187745766,3.266842537771716
2015-03-18,5.051902620859181e-05,0.9953546838558317,0.0005082216963956051,3.451774177666797,0.0001594894463759325,0.0001354134143529416,3.157017431757384
2015-03-19,5.142834644805491e-05,0.9969249104994372,0.0005075511280025426,3.4761254935510277,0.0001610659086827688,0.00013505114975991597,3.1318508139368832
2015-03-20,5.066833282542825e-05,0.9575838243753865,0.000506932521373545,3.2883613228810598,0.00015346883112569258,0.0001355356462350688,3.02889048381464
2015-03-23,5.007282454924587e-05,0.9560272756369632,0.0005097711865548777,3.3607618442992315,0.00015274217491044166,0.00014477264264492563,3.050400617209481
2015-03-24,4.2218867344400384e-05,0.7076973707065551,0.002032869702522727,3.4017369795598063,0.00020732689453574826,0.00014394878886835405,4.9107640156349825
2015-03-25,4.692159710753298e-05,0.5474884150978078,0.003687904112091694,3.5154164900992786,0.0002277461988763671,0.00013379887400512332,4.85376059034026
2015-03-26,4.732340893496746e-05,0.4389075494802841,0.005070727014837766,3.560233268593752,0.00021500382047588186,0.00013493431087167006,4.543286828118053
2015-03-27,4.354358066573599e-05,0.3647215947247732,0.0062711282577086,3.530209944837506,0.00019058836709527114,0.00013379027580059396,4.376956699044349
2015-03-30,4.5502666776921666e-05,0.32121118250106845,0.007157980259402267,3.4797259181577487,0.00018331767033055778,0.0001215420572578836,4.028723662049935
2015-03-31,3.983451498744685e-05,0.28661466747247233,0.007820349894057155,3.472749320717818,0.00015997100406676173,0.00012088296086200786,4.015889339111416
2015-04-01,4.176214734580363e-05,0.26117201386042194,0.00848228345837345,3.497010457800491,0.0001554441703485595,0.0001208418354057375,3.722130690776822
2015-04-02,4.894523588776545e-05,0.2560639883621298,0.009062487732572481,3.394482489767518,0.00017054046170711005,0.00011974452723247642,3.4843117744527827
2015-04-06,4.8199312485919956e-05,0.2824250500013777,0.009479662817625398,3.331237085113026,0.0001909062211426493,0.00011422953032460661,3.960766477704782
2015-04-07,4.533264144371158e-05,0.31700231843297966,0.009928353331656288,3.446109114139961,0.0002126701627293056,0.00012822982817666822,4.691325189893752
2015-04-08,4.177649686660928e-05,0.3113439761670929,0.01022428922432687,3.443090248879723,0.0002034806145022564,0.00012805905680956617,4.870695959787199
2015-04-09,4.664355209638432e-05,0.31548730378796985,0.010517552851971684,3.3220953049265014,0.00022097088050941152,0.00012699237488219943,4.737436806973811
2015-04-10,4.853778747139849e-05,0.31964989835255797,0.01067115460973358,3.237047058350417,0.00023004895491516133,0.00012293291108269813,4.739584700903818
2015-04-13,4.467938122611643e-05,0.2948186856354112,0.010852291096714444,3.333416534532977,0.00020529071054681717,0.00012725690409671472,4.594752767677513
2015-04-14,4.646938254229903e-05,0.2786210146941114,0.010919617300482447,3.331308870799769,0.00019847281497961796,0.00012710290930565844,4.27104480673822
2015-04-15,4.691423215315267e-05,0.2516874169233242,0.0109380312932241,3.3566281042101966,0.0001802948786865136,0.00013454244403933032,3.8430742743041497
2015-04-16,4.176974619173272e-05,0.2326856095317776,0.011041890453121811,3.210718557832924,0.0001580236760373093,0.00013519430061614718,3.783208911826861
2015-04-17,4.332386275975345e-05,0.22141394005246645,0.010984784640202427,3.382582863213825,0.00015274405621979866,0.00013355254754319955,3.525633369000819
2015-04-20,4.305137811564542e-05,0.21357376909512416,0.010984571152336005,3.3257144727824755,0.000146869965990767,0.0001255030810902111,3.411504402861208
2015-04-21,4.4326391543702614e-05,0.2067968862488303,0.011017507346494301,3.263785470960315,0.00014451630828098356,0.00012714935275248964,3.2602768519630327
2015-04-22,3.760113128202133e-05,0.2041180453655979,0.011042876934264954,3.1967308240645966,0.00013152944050830534,0.00012347280796955675,3.498018171894606
2015-04-23,3.981692672329287e-05,0.2023247461103229,0.011072128188275115,3.173104856834706,0.00013433785966656628,0.00012206396822160692,3.373888210914549
2015-04-24,4.472325784062566e-05,0.21935291566706797,0.011095617575557515,2.977112871696288,0.0001545204155330011,0.00014327072790792456,3.455034874329706
2015-04-27,4.8016264703360416e-05,0.23603442567611083,0.011139573468911344,3.0218710033348657,0.00017262504974775074,0.0001450438844373745,3.595136998144497
2015-04-28,4.837591330570472e-05,0.24811392061694434,0.011160713015391498,3.0483465838672545,0.00018231050349368255,0.0001503467877625318,3.7686214282218753
2015-04-29,4.7158652268819175e-05,0.2736600593188409,0.010683202896021675,3.071690661782158,0.00019424186872598183,0.0001505411309197118,4.118902033475044
2015-04-30,4.7296624411946914e-05,0.29157641478852575,0.010238552748137541,3.1263783682203536,0.00020290219750295163,0.00014686534388011122,4.289993208303877
2015-05-01,5.0018555724514286e-05,0.30452520936121547,0.009866139224055489,3.097910721670843,0.0002139254449502507,0.00013995825262593832,4.276921671398941
2015-05-04,4.992916004912971e-05,0.3118453623732003,0.009617109080026035,2.950207401265358,0.00021609200087421263,0.00015059631931602874,4.327971883796575
2015-05-05,5.102770643270727e-05,0.3187384437919442,0.008431044402530924,3.033868446269331,0.0002090634728291926,0.00014700643637764976,4.09705799936148
2015-05-06,5.61480236098465e-05,0.30707734723107055,0.007810704776271309,3.1424663365306515,0.00020335746928038594,0.0001628172037449899,3.621809926800768
2015-05-07,5.2055366505413186e-05,0.4706451386414871,0.006752080284095123,3.177149550224461,0.000279026293566761,0.00017215168722248557,5.360183056971567
2015-05-08,4.9463315458690945e-05,0.5901965002923054,0.00585839252048133,3.1374676319769206,0.0003177075056048399,0.00015913574051039053,6.423093613087296
2015-05-11,4.237087867236375e-05,0.6671747441239456,0.005152438437685279,3.171131604960094,0.00031173081762384555,0.00015921694175333114,7.357195021475229
2015-05-12,4.7490306282055044e-05,0.7204973342445651,0.00455654578454308,3.235260456329951,0.00033516042526516627,0.00016628673504072092,7.057449224997142
2015-05-13,4.663897325113825e-05,0.6938138765412338,0.00415494386607153,3.2398559268220164,0.0003054218141854725,0.00016654881738522562,6.5486393223293895
2015-05-14,4.9144732522979803e-05,0.6813074110254536,0.0037453310264101572,3.1828574878331715,0.0002922985796869172,0.00015606661470653045,5.947709239240238
2015-05-15,5.102390807027307e-05,0.6673463037154822,0.00507397339924652,3.1477690147700126,0.0003395566279757007,0.00015537177236110174,6.654853397510118
2015-05-18,5.1224895533544154e-05,0.6615230979566784,0.006151326398394259,3.114202745932766,0.00037133846635038076,0.00015317442659149017,7.24917957338172
2015-05-19,5.107054978153525e-05,0.651722396111127,0.00630794959983766,3.07482677641665,0.0003699065482559586,0.0001532791620020757,7.243050052100667
2015-05-20,4.960583034370502e-05,0.69200217877213,0.0023619180231339524,2.9474081609024263,0.00023686791307831297,0.00015364547493796626,4.7750014753733785
2015-05-21,4.7917991249736124e-05,0.588392792770264,0.0021024381064765466,2.949730522041143,0.00018675758790426259,0.00015476354868614248,3.8974419217811227
2015-05-22,4.8649795894238564e-05,0.5532648003418802,0.00188015943112554,2.948505733391668,0.00016732887476724132,0.0001653744528699827,3.439456871124459
2015-05-26,5.2044924254716454e-05,0.540183208100779,0.0016725492666017632,2.947400557819317,0.0001593748282562969,0.000161080172618725,3.0622549756493096
2015-05-27,5.41376103742017e-05,0.7185611249518717,0.0015069191973058405,2.953593286278079,0.00020523822098245377,0.00015531365716238993,3.7910469184701276
2015-05-28,5.2639353679274204e-05,0.8258293390466805,0.0012611786508773652,2.9536719197126096,0.0002127815103468781,0.00015537656827339312,4.0422515755670645
2015-05-29,4.7121939363217764e-05,0.9199240828859779,0.0010487700016622596,2.95115209660693,0.0002045048889487152,0.0001534711667747435,4.339908155570242
2015-06-01,4.566975475334599e-05,0.968609676043227,0.0008834627519049463,2.950590393450277,0.00019456166078488145,0.00015332099107773765,4.260186240010998
2015-06-02,4.848176142599366e-05,1.0113726722499696,0.0007479422896419706,2.950569275298105,0.00019259031984731202,0.0001540851057977521,3.9724282736982834
2015-06-03,4.583723039523311e-05,1.0692335225877445,0.0006405281019563184,2.9438085930359312,0.00018321070451105407,0.00015741244494019106,3.9969846112278904
2015-06-04,5.208668778062701e-05,1.0786596160832986,0.0005668216944826597,2.951193509679737,0.00018534079526257203,0.00015349291688082859,3.5583140944413674
2015-06-05,5.356843740955158e-05,1.079006179682855,0.0005054296095563554,2.948857475113245,0.00017754512881891382,0.00016382164819856476,3.3143607953600016
2015-06-08,5.4875341169450945e-05,1.0927760358582237,0.00045238331405138195,2.9488990796153067,0.0001721761800106196,0.0001668003212479549,3.1375874179798253
2015-06-10,5.7400521339002106e-05,1.0591924882092973,0.000398615073042241,2.943048960497299,0.00016021739602551226,0.0001569849108742596,2.7912184817849184
2015-06-11,5.7399555912391706e-05,1.0534723910825865,0.00036249491616770733,2.943284016919268,0.0001519596849800961,0.0001572020781453988,2.64740175363082
2015-06-12,5.544172754801711e-05,1.0435936391089002,0.00036314157523879766,2.9396267155855758,0.000148077061340328,0.0001552877686769668,2.67085943907648
2015-06-15,5.424960916028536e-05,1.0457240067169944,0.0003565942579008877,2.9384858244453045,0.00014544625986467283,0.0001545433773724071,2.6810563636493443
2015-06-16,5.423174022350414e-05,1.011904356655146,0.0003463730764419993,2.9359960636260194,0.0001386878129303678,0.000156542931734368,2.5573181380275942
2015-06-17,5.412494915971205e-05,1.0073564233244743,0.00033513658668188323,2.9609058610773054,0.00013567281367688898,0.00018626356052982987,2.50665942016029
2015-06-18,5.572982074389677e-05,0.988212993210931,0.0003264320621683868,3.007842746310243,0.00013328791890562967,0.00024332095154349834,2.391680380924725
2015-06-19,6.241618085312648e-05,1.0011433542756472,0.00034493972507881475,2.997607116399444,0.00014689819887630934,0.00034646451217976984,2.353527512713093
2015-06-22,6.257165974145031e-05,0.9904647100193181,0.0003800099289541869,3.010897157574824,0.00015273033906060518,0.00035021982881133887,2.4408868118840976
2015-06-23,5.295413252336654e-05,1.0220088093673378,0.00039863505225356,3.002133333532908,0.0001484883256539429,0.00045778738353370444,2.804093251615838
2015-06-24,5.124155217210486e-05,1.0305571452949946,0.0004139938009148972,2.9996400503409437,0.00015009980780345496,0.0005012810231819876,2.929259584083541
2015-06-25,5.1531038942745836e-05,1.050143054975007,0.00042211857924020504,2.9996914935927994,0.00015488171456602888,0.0005011573254410292,3.005600464180666
2015-06-26,9.885673436567757e-05,1.0564153930126556,0.0005633333562932556,3.000240541391592,0.00024929902753564756,0.0005043966042926846,2.521821392698185
2015-06-29,0.00010219846828200267,1.0407388848270633,0.0006413557077138652,3.005023318914523,0.0002664486086144625,0.0005354608723158573,2.6071683176232554
2015-06-30,8.697755639475864e-05,1.0392125985381921,0.0006714514588534314,3.000337600580496,0.0002511396675793908,0.0005614961660698721,2.8874077174525534
2015-07-01,9.667073925185136e-05,1.0320908242054279,0.0006922854367978791,3.0017566133909126,0.0002669980162753873,0.0005562214582563059,2.761932083500375
2015-07-02,9.521395937942913e-05,1.0355313800258013,0.0007007102693171737,3.000122466423412,0.0002674747669547574,0.0005688354537913046,2.809196978027835
2015-07-06,0.000172264093177785,1.0313247120643998,0.0008209217002721316,2.997130799605743,0.0003878320299254844,0.0006146895248175124,2.2513805562789146
2015-07-07,0.00016730584927433944,1.045587867143644,0.000818499561935108,2.997958965987134,0.00038692369204987266,0.0006211927033944371,2.312672830795146
2015-07-08,0.00018325021701855255,1.0471045002687447,0.000882846164570744,2.999577192403438,0.0004211674431667917,0.0006077127524826852,2.298318932545395
2015-07-09,0.00017483634785152047,1.0440366082386543,0.0009208912247711965,3.0002101766133595,0.00041892449746074305,0.0006093670408048508,2.3960949917377254
2015-07-10,0.0001852458943863911,0.9911143079109208,0.0009594032937102503,2.999654895823892,0.00041782906207726703,0.000597124596905222,2.2555375030646965
2015-07-13,0.00021177015433928543,0.9220199720051885,0.0010722982566430644,3.0030919290105165,0.0004393701060635098,0.0006003628291010148,2.0747498977574406
2015-07-14,0.0001959846645507268,0.9051325768291754,0.0010419530810957883,3.0008121451132705,0.00040902261648502036,0.0006044022565497691,2.0870133763917678
2015-07-15,0.00017788056160659394,0.87027771391722,0.0010221508010809098,3.0005354791442795,0.00037109029358621515,0.0006043815947050736,2.0861767594760003
2015-07-16,0.00018174519139179188,0.8355566354722259,0.0010034567751932154,2.9704018319075955,0.0003568261645328869,0.0006196388316708427,1.9633320793817832
2015-07-17,0.00017984339911716185,0.8280104352259482,0.0009608472267458955,2.9704200465042323,0.00034419949736293827,0.0006224284021377629,1.9138845187123272
2015-07-20,0.0001933298802508964,0.9259173278619186,0.0009550143694701199,2.970098335435696,0.0003978566813602015,0.0006303937099554245,2.057916142315289
2015-07-21,0.00019419877324157122,0.9831996319131914,0.0009439514112832486,2.9699317043932703,0.00042095897028631926,0.0006301156857386978,2.167670594719321
2015-07-22,0.00018582236281108658,1.026709376943953,0.0009115277395651028,2.969518904162976,0.0004225532654822576,0.0006302000353738465,2.273963472910092
2015-07-23,0.00018795658724473803,1.057265060507986,0.0008649619449099881,2.9694569266604107,0.0004262959002616253,0.0006294740506414762,2.2680551211889477
2015-07-24,0.00019329917782205091,0.7542412539689949,0.0049882492414274945,2.976572494323907,0.0007406266903262587,0.000663116965853318,3.8315046068538967
