Date,Predicted_Index_Var,Predicted_Corr,Predicted_Var,Future_Beta_45d_VWO,Predicted_Covariance,Future_Cov_45_VWO,Beta_Predicted
2013-02-28,5.497886498863307e-05,0.8536632972823274,9.478676890619639e-05,1.0633597722335772,6.162520175791176e-05,5.823885811994246e-05,1.1208889410622214
2013-03-01,5.488021190183326e-05,0.8458026362310028,9.471859380304953e-05,1.0638140716994906,6.098100046048542e-05,5.820832132050652e-05,1.111165543047919
2013-03-04,5.501029900576039e-05,0.8220177942337012,9.671412526941535e-05,1.091047253885843,5.9958143290424405e-05,5.965002168828492e-05,1.089943962750428
2013-03-05,5.845535101370509e-05,0.834050338193372,9.81363051337267e-05,1.090180957327444,6.317121798289148e-05,5.84280020331861e-05,1.080674683966584
2013-03-06,5.9250468430820016e-05,0.8621656567993063,9.98619404563564e-05,1.0964569655120089,6.631879305149593e-05,5.916946092714887e-05,1.1192956749182295
2013-03-07,5.369174155549812e-05,0.8369259612256151,9.535935775209827e-05,1.0906245364134686,5.9885605357126155e-05,5.895036321878196e-05,1.1153597112365183
2013-03-08,4.524810700565277e-05,0.7856541285921989,9.038764847955307e-05,1.0844499307020443,5.0244224615688756e-05,5.838113652518444e-05,1.1104160580554636
2013-03-11,4.8373919939468494e-05,0.7729426078068283,9.195073984140918e-05,1.0738214544408948,5.1550217595437036e-05,5.96576010289074e-05,1.0656613658753131
2013-03-12,5.1431479865635213e-05,0.769310911582868,9.941744987577888e-05,1.05609338015445,5.5010768512009534e-05,5.8742145830487694e-05,1.0695933435266731
2013-03-13,5.5261000285198275e-05,0.7544707500234128,0.00010515796378517123,1.0510012832844775,5.751390587224216e-05,5.933311867889511e-05,1.0407684547043445
2013-03-14,6.195858588029715e-05,0.7698214333183374,0.0001083343564937342,1.0318856227396689,6.307014813221196e-05,5.94993621900902e-05,1.0179404070658153
2013-03-15,6.386120353979619e-05,0.7892004818664153,0.00011252709833559467,1.026290480630225,6.6901283742829e-05,5.8013575416492315e-05,1.0476044927831392
2013-03-18,6.402550064969363e-05,0.7886467836217387,0.00011478166309663127,1.013405219505152,6.76075634697115e-05,5.611149306827949e-05,1.0559474394369301
2013-03-19,6.71640875084588e-05,0.7921624474273259,0.00011891457641525233,1.0168071082172132,7.07946365957949e-05,5.7840839986758056e-05,1.0540549156850954
2013-03-20,6.839791392936718e-05,0.8058470328152059,0.00011994545835837256,1.0233766886815374,7.299043358942515e-05,5.795255428007966e-05,1.0671441480627692
2013-03-21,6.814178529168062e-05,0.8154075909904861,0.00011521732002908626,1.0347686482169478,7.22504221025738e-05,5.6359116662385346e-05,1.0602954089521748
2013-03-22,6.79733209422515e-05,0.8143724618695858,0.00011070431047392505,1.0496703283679556,7.064388736512227e-05,5.663995442286381e-05,1.0392884500249682
2013-03-25,7.243408887933498e-05,0.8072066590639737,0.00010553197802827981,1.0775699722003873,7.057457572734926e-05,5.89215581293441e-05,0.9743282040161587
2013-03-26,7.339742545776695e-05,0.8114992993458907,0.00010746483021420768,1.0607651545112198,7.207119795742971e-05,5.708326692079126e-05,0.9819308716611546
2013-03-27,7.311742529462491e-05,0.8094756204981195,0.00010681809222090583,1.0767949443835567,7.153797243092389e-05,6.391129832705038e-05,0.9783984069825126
2013-03-28,6.422356192814954e-05,0.8240721102841744,0.00010358710991102975,1.0974218570085987,6.721485539761862e-05,6.553438635302333e-05,1.0465762623508115
2013-04-01,6.678777769649997e-05,0.8298312482085383,0.0001025103660876316,1.1021900013366588,6.866290494953741e-05,6.605190237516489e-05,1.0280759042703664
2013-04-02,6.451960799026473e-05,0.8432514834270478,0.00010032053833301018,1.1246212604354824,6.784188413922962e-05,7.265917870269783e-05,1.0514925036349598
2013-04-03,6.836168011312682e-05,0.8629866385172756,0.00010090837816227294,1.1316120510733545,7.167604749579024e-05,7.169858123999814e-05,1.0484828251321312
2013-04-04,6.901245142532413e-05,0.8775879664133291,9.699456775399643e-05,1.0678144435283312,7.180060319304588e-05,7.06588142566714e-05,1.0404007061064728
2013-04-05,6.697476452894188e-05,0.8620629097571972,9.813704302850777e-05,1.0841576388234242,6.988935649303601e-05,7.095126823364358e-05,1.0435177635127728
2013-04-08,7.273438811092278e-05,0.8688985867643515,9.956686276195433e-05,1.1135572410568064,7.394288602415025e-05,7.544424501526173e-05,1.016615220731416
2013-04-09,7.022991067372413e-05,0.8501725374435448,0.00010117872273042438,1.0915284517938684,7.166592759548428e-05,7.584796063508322e-05,1.0204473693328706
2013-04-10,6.636144982931065e-05,0.8447575759105588,0.00010080903301776009,1.1399719804561388,6.90939072368944e-05,8.116649682617134e-05,1.0411753723677217
2013-04-11,6.716170407401359e-05,0.8456748484193388,0.00010098698620699587,1.1523229868133191,6.96461274813084e-05,8.314223607449754e-05,1.036991667223883
2013-04-12,6.98842565011876e-05,0.8385948164038298,0.0001070499208619833,1.1458401080279257,7.25328969417414e-05,8.371975296595276e-05,1.0379003880582
2013-04-15,9.593981606210937e-05,0.88698400280252,0.00012082441209683016,1.1575168429857028,9.5497625510107e-05,6.986341609503331e-05,0.9953909589349629
2013-04-16,8.836558039441448e-05,0.8921357149215831,0.00013126816998854787,1.1974642744530912,9.608425085187281e-05,7.345802633464871e-05,1.087349287165959
2013-04-17,8.959564094882932e-05,0.8968830223961447,0.00013466776832678538,1.3214235837527302,9.851697654580265e-05,9.391111525164395e-05,1.0995733218993162
2013-04-18,9.719405369416862e-05,0.8778631474438406,0.00013430384254130715,1.331212278385475,0.00010029767940566715,9.338010333588975e-05,1.03193225916129
2013-04-19,7.72897485213767e-05,0.8653986183587823,0.0001392298404281158,1.3823884764862906,8.977249744679016e-05,0.00010031719529211966,1.1615058809767118
2013-04-22,7.797978274745508e-05,0.85388624339887,0.00014061831715022366,1.4085180083581232,8.941532829561023e-05,0.00010444232929201861,1.146647568706241
2013-04-23,8.499754389235151e-05,0.846605153246527,0.00014137559461456162,1.4579864811116847,9.280498783822066e-05,0.00010783022255660176,1.091854935899762
2013-04-24,7.773768893068322e-05,0.8358774606074615,0.0001416849563262321,1.473341048767685,8.772437801154557e-05,0.00010996379200506132,1.1284665034198178
2013-04-25,6.90805921567358e-05,0.82762083363384,0.0001399075848691368,1.4473086654637863,8.13635839309092e-05,0.00010822754917758426,1.17780669491519
2013-04-26,7.034557142953508e-05,0.8251087157216296,0.00014567175035062226,1.43809396889026,8.352514242738657e-05,0.00010837821922994659,1.1873546654042526
2013-04-29,6.776168711759701e-05,0.8287604924808631,0.0001526124705187903,1.435766483327132,8.427837562425641e-05,0.0001069499861992232,1.2437467130650912
2013-04-30,5.8041023931509805e-05,0.8102540775055971,0.0001529645435710652,1.4274145274112993,7.634562337654113e-05,0.00010618055018464927,1.3153734756063455
2013-05-01,6.311211636341748e-05,0.813261540920778,0.000156632142534167,1.3927069991961816,8.085875520374388e-05,0.00010424650483967049,1.2811922632753465
2013-05-02,6.214021471172626e-05,0.8114631574685535,0.00015813036613070418,1.3884076738932798,8.043828814123151e-05,0.00010237760771875314,1.2944642775116175
2013-05-03,7.476459886581012e-05,0.8132079918098395,0.00016549083372448403,1.4100184077631783,9.045584057516439e-05,0.0001024792184187665,1.20987528786876
2013-05-06,7.535412832838797e-05,0.8157785673399494,0.0001711585503180689,1.4092903805854369,9.264566777695108e-05,0.00010229053411428947,1.2294703665498963
2013-05-07,7.392273390092128e-05,0.8407757688090143,0.00017587864355821575,1.519694972624711,9.58684599060461e-05,0.00011540553693677159,1.296873841740468
2013-05-08,6.958015556766957e-05,0.8355966712445492,0.00017764614201312535,1.5134637959580843,9.290033692014591e-05,0.00011440086267764636,1.3351556368654063
2013-05-09,7.111722928104653e-05,0.8352204607907207,0.00018221928715738051,1.523999600089327,9.507924198842367e-05,0.00011514208118379396,1.3369368147440366
2013-05-10,7.562958883543677e-05,0.8206578793344166,0.00019218259002686796,1.5139109941977034,9.893843451148492e-05,0.00011480637972335901,1.308197440115219
2013-05-13,7.357910230951406e-05,0.8092519382657347,0.00020066649333664856,1.5187849462600045,9.833280355659409e-05,0.00011530719056339847,1.3364229851969704
2013-05-14,7.590263764609063e-05,0.8098528801620878,0.00020688591990679944,1.5194959128733383,0.00010148457386926678,0.00011292042729631447,1.337036195533236
2013-05-15,7.650099964197039e-05,0.8087690444163376,0.00020927071222549641,1.526745294009579,0.00010233219778717696,0.00011268838066069115,1.3376583085985574
2013-05-16,7.639729836462006e-05,0.8228354726850674,0.0002125704802883212,1.5413445773889736,0.00010485846197259717,0.00011291078325839681,1.3725414931839737
2013-05-17,7.425705624970095e-05,0.8187385243164456,0.0002194876470274415,1.5534412520565632,0.00010452474856721804,0.00011103202137938686,1.4076069513951273
2013-05-20,7.217439206379002e-05,0.8163006166592265,0.00022251290497301145,1.5589339062643168,0.0001034473318345146,0.00011196649655288569,1.4332968921038445
2013-05-21,7.13709588975209e-05,0.8146371061237953,0.00022223228480805238,1.562896904072242,0.00010259555130369823,0.00011237190999324344,1.4374971681550703
2013-05-22,7.35750525384875e-05,0.8223115608559513,0.00022944933183073168,1.569106581752551,0.00010684275675535832,0.00011068339229076596,1.4521601149991474
2013-05-23,7.454058968752127e-05,0.8246036455855096,0.0002334622265244191,1.574648270866639,0.0001087802303382272,0.00011111886079639489,1.4593422294382243
2013-05-24,7.630250921850573e-05,0.808422268835345,0.00024029457229285563,1.5727055919335484,0.00010946610331786937,0.00011092956445140321,1.434633073525719
2013-05-28,7.438631671877e-05,0.8127896019599475,0.00024650569634117976,1.5754386510971723,0.00011006218903196405,0.00011000181605678685,1.4796026189611282
2013-05-29,7.273626036607267e-05,0.8171987882814029,0.00025794750493484395,1.5825775323676148,0.00011193576302236834,0.00011305016188159713,1.5389265609616083
2013-05-30,7.309916508279677e-05,0.8126823612794143,0.00025607321777906225,1.5880904789742205,0.00011118830801239878,0.00011315794880156912,1.521061258175245
2013-05-31,7.696255068093324e-05,0.8309782954667735,0.00027153740953794487,1.622980284583894,0.00012012799873744195,0.00010719380497978871,1.5608630129147025
2013-06-03,7.835861755638394e-05,0.8175882011432681,0.0002821358880676512,1.608566924256695,0.00012156461089595907,0.00010700393442159845,1.5513878969149206
2013-06-04,7.696792659140356e-05,0.812036555417779,0.00028083099042276564,1.6118354747193913,0.00011938588682936805,0.00010667228133608577,1.551112159525187
2013-06-05,8.390672708275947e-05,0.8209100484304148,0.00029503961672374074,1.6584255125080647,0.0001291618122335987,0.00010151178129523857,1.5393499034493732
2013-06-06,8.864935953499249e-05,0.8201954948112353,0.00029088036321049524,1.6481044632158164,0.00013170806900130098,9.906112332658906e-05,1.4857193519746972
2013-06-07,8.584609796353898e-05,0.7918073718202042,0.0002896885348655179,1.7492716949002225,0.00012486636646516627,9.964385911928249e-05,1.4545374737731258
2013-06-10,7.344670994631798e-05,0.7831914854406867,0.00029368006166973675,1.7465529429139597,0.00011502476689942248,9.969170012973928e-05,1.5660982906313137
2013-06-11,7.540176794643908e-05,0.7916009343781754,0.00030347921799875723,1.7121470874375535,0.00011974614492833939,9.42788545990283e-05,1.5881079209362823
2013-06-12,7.564969572692771e-05,0.7954074432762456,0.0002963338146732425,1.6644542638813211,0.00011909234568023704,9.68541560229709e-05,1.5742607360923702
2013-06-13,7.668406692361186e-05,0.8031238192254002,0.00031299892085261355,1.6801039261605242,0.00012442466936693836,9.007788915862064e-05,1.622562213489314
2013-06-14,7.978958283363962e-05,0.8055541329508156,0.0003115698355152034,1.6947485980063115,0.00012701222670830035,9.090858378209241e-05,1.5918397138774294
2013-06-17,6.406673037804978e-05,0.8032104718820123,0.00029931534601329997,1.6935673166351064,0.00011122697707758739,8.951549725413114e-05,1.7361113392434868
2013-06-18,5.269216623890948e-05,0.7832390529086123,0.00026361906682259014,1.7558915617210793,9.23114917973403e-05,9.187528094139246e-05,1.7519016276308397
2013-06-19,5.313666894497608e-05,0.7823461538343247,0.000270853294092025,1.716744290246762,9.385624512939012e-05,8.534570459875028e-05,1.766317817674643
2013-06-20,6.610900161714408e-05,0.81615048042142,0.0003184175777317891,1.720998928099566,0.00011841291079723452,5.9889915136276066e-05,1.7911768125466054
2013-06-21,6.524441916700448e-05,0.7963278625311493,0.00032039323544009,1.7783068233541788,0.0001151344432173736,6.240159302404926e-05,1.7646634714099745
2013-06-24,5.5679700730278476e-05,0.7795279798031554,0.00032493093096990123,1.6357055519666766,0.00010485174959405212,6.13969416487257e-05,1.8831234402995634
2013-06-25,5.683904438603972e-05,0.7733801339881483,0.00031560146545458605,1.6017273914287378,0.00010358238379857713,5.757807009416625e-05,1.8223808108923463
2013-06-26,5.616484134519195e-05,0.7715783840432658,0.000308882992822961,1.56485052278296,0.00010162704990534617,5.3288807194127046e-05,1.8094424816539798
2013-06-27,5.600093181678947e-05,0.7714599073539845,0.00029877717656495516,1.5038428322353576,9.978946561338758e-05,5.066339134571027e-05,1.7819250926012271
2013-06-28,5.651835513949762e-05,0.7598567453473963,0.000284218179060675,1.5449260086181522,9.630579184845877e-05,5.1899461965715673e-05,1.7039737198784093
2013-07-01,4.0959150997653995e-05,0.7333489689888179,0.00026307377354541913,1.5862891000808317,7.612458462943074e-05,5.4407122043450855e-05,1.8585488901806315
2013-07-02,4.708768430286185e-05,0.7100347580163962,0.00024541559301197613,1.5762760815332166,7.632808248167017e-05,5.399243524345051e-05,1.6209776210428588
2013-07-03,4.5307854285029834e-05,0.7050553567919288,0.00022743766665216995,1.5736980394354774,7.157167146115698e-05,5.390348689730669e-05,1.579674707411712
2013-07-05,5.048108536897671e-05,0.6887617495899407,0.00021765467489027267,1.8051542510545635,7.21967025261405e-05,6.0913442613329225e-05,1.4301733411324231
2013-07-08,5.858594159480322e-05,0.6878254190388859,0.00020880939630412988,1.8084348738008584,7.607639898913017e-05,6.183771491178965e-05,1.298543591145054
2013-07-09,6.185296409698371e-05,0.7052082958235163,0.00020363638019647176,1.8080490804306564,7.914534108678803e-05,6.0301413689856586e-05,1.279572325146623
2013-07-10,6.043816195282401e-05,0.713369531493578,0.00019747589898073278,1.8261105590245053,7.793404719971505e-05,6.132603454884e-05,1.289484072340713
2013-07-11,6.428746384905295e-05,0.7114093850789384,0.00023612411106129264,1.6271413097113945,8.765019865277896e-05,4.8386699819520436e-05,1.3634104287980895
2013-07-12,6.999194674271863e-05,0.7119440215506408,0.0002282833461245542,1.6331792261775775,8.99926413439989e-05,4.96731279757188e-05,1.28575708395139
2013-07-15,7.060701256657018e-05,0.7141577953961875,0.0002284719272023426,1.5915349260792315,9.070568802786372e-05,4.857283749269426e-05,1.2846555141012939
2013-07-16,3.5042919617133015e-05,0.7165578847814954,0.00021607310825234657,1.77195724470268,6.235219980441375e-05,5.817206655364857e-05,1.779309500625308
2013-07-17,3.792838595062833e-05,0.7227258579174152,0.0002073014447359645,1.770013521154595,6.408508114169656e-05,5.819263287049427e-05,1.6896337541259099
2013-07-18,3.7451029819475974e-05,0.7215547353016757,0.0002046521872653483,1.8611073023945612,6.316977916166084e-05,6.653157498952056e-05,1.6867300970402188
2013-07-19,4.0860668714576163e-05,0.7259105177321219,0.00020046421168057812,1.8557554733888804,6.569831772682472e-05,6.72071502077675e-05,1.6078620295166206
2013-07-22,3.950888193740232e-05,0.7278031702849064,0.0002007972268215368,1.858230645755667,6.482464814278279e-05,6.738978356313816e-05,1.640761392476017
2013-07-23,3.3171208880188284e-05,0.7463159446395645,0.00020122832091417093,1.879287383737243,6.0974454187807206e-05,6.831788549227264e-05,1.8381740143400256
2013-07-24,3.471216593235655e-05,0.7643394130767618,0.00020014711206392324,1.8548677817820856,6.370914476055268e-05,6.743804852073942e-05,1.835354926705018
2013-07-25,3.488954269695917e-05,0.7755214459892239,0.0001988269718657208,1.869569940420401,6.459205469636435e-05,6.867110159466633e-05,1.851329931647225
2013-07-26,3.343176772700175e-05,0.7826855213119489,0.0001940048905680683,1.8723909976806956,6.303377387178094e-05,6.98981217907138e-05,1.8854454358053767
2013-07-29,3.360094972876798e-05,0.7894794718895887,0.00019449021350946636,1.8799064277581083,6.382127775909379e-05,7.245156743919237e-05,1.899389102816109
2013-07-30,3.816574763863081e-05,0.8032888125717542,0.00019152709077027813,1.876875729027624,6.867896025950529e-05,7.237990404897741e-05,1.7994920710000568
2013-07-31,3.750748633018741e-05,0.8110389579624061,0.00018878741754719817,1.809790873055156,6.824757407589851e-05,7.327392121939219e-05,1.8195720575646879
2013-08-01,4.226173154810077e-05,0.8196370326269335,0.00019214918159015054,1.8287847949057123,7.386088131210393e-05,7.086026165379758e-05,1.747701256112475
2013-08-02,4.130983358011611e-05,0.8223358697804116,0.00019060314489958895,1.8078165102966797,7.296943576227045e-05,7.273055341143318e-05,1.766393844718688
2013-08-05,3.7225611971094185e-05,0.8111910672294868,0.00018508255635428538,1.7464466720480305,6.733282365056568e-05,7.515498637998108e-05,1.8087768094410335
2013-08-06,4.1983018398946586e-05,0.8121678649394595,0.00018250475114833732,1.7374362095298403,7.109183411892484e-05,7.381954974340944e-05,1.6933473778223778
2013-08-07,4.81253999850549e-05,0.8115967393390393,0.00018674801321431024,1.5705145497933186,7.694058156449644e-05,8.30704866374744e-05,1.5987520433781317
2013-08-08,4.5117615842124565e-05,0.7950988305487862,0.00019366580048835774,1.527041046160068,7.43225588169652e-05,8.173253663189556e-05,1.6473068762550418
2013-08-09,4.7210405389653165e-05,0.7865748756276539,0.00019347018524980785,1.5345759809602482,7.517370561013661e-05,8.23331892800687e-05,1.592312224173614
2013-08-12,4.729046229109182e-05,0.806212061133795,0.00019580500043016877,1.5455745981300153,7.757967573959392e-05,8.479881358081511e-05,1.6404930715639827
2013-08-13,5.1414947954433665e-05,0.8178199410069701,0.0001891883465398847,1.4673100590930097,8.06583970456279e-05,8.648521992136429e-05,1.5687732897660647
2013-08-14,5.361675369996386e-05,0.8054242263694641,0.0001782679803654736,1.480466846683504,7.874293866582283e-05,8.750542255527522e-05,1.468625629713869
2013-08-15,5.120699157562921e-05,0.8051545351880355,0.00017636890521912098,1.5105763909453995,7.651646255977711e-05,8.286286413457505e-05,1.494258112132355
2013-08-16,4.9139520575593413e-05,0.795184588660183,0.00016620620461919628,1.499629214996939,7.186327878711477e-05,8.16395126642547e-05,1.462433453671255
2013-08-19,5.1240075352845624e-05,0.7967154483631625,0.0001666740876599175,1.466606340679716,7.362785720992046e-05,7.856282903028143e-05,1.4369193781021934
2013-08-20,5.687877447837599e-05,0.7941310193773095,0.00016787247018994227,1.5196116033638962,7.759915925489638e-05,8.222729779981124e-05,1.3642902816831577
2013-08-21,5.746511661394483e-05,0.8038100554910206,0.00017892475732364911,1.4709442591300903,8.150622882429343e-05,7.787223306139927e-05,1.4183601048242656
2013-08-22,5.43081375808944e-05,0.7913979842310083,0.00016572602245237155,1.4610206575574862,7.507973793637356e-05,7.570315756016033e-05,1.3824767572730503
2013-08-23,4.6628310947370826e-05,0.7338741084277906,0.00013130436390444152,1.454994803457064,5.74230145217763e-05,7.52484663368984e-05,1.2315053527585293
2013-08-26,5.7057237442025364e-05,0.7653626020566787,0.00013218900126186933,1.4310725685026848,6.646917192544498e-05,7.368714100632771e-05,1.1649560144404623
2013-08-27,6.26349019454684e-05,0.7685192826956677,0.00012808675842457723,1.3956145461019036,6.883591459361436e-05,6.318762206920801e-05,1.09900251226616
2013-08-28,6.352118414260544e-05,0.7637754292267857,0.00013050677448857783,1.4084787475914369,6.954109161966615e-05,6.429069558717184e-05,1.094770076444828
2013-08-29,6.345432123592429e-05,0.7547631602369033,0.00013331140901660812,1.4067257840503335,6.941845681439963e-05,6.423229577461658e-05,1.09399100742565
2013-08-30,6.533098257867051e-05,0.7400942066270328,0.0001351885544207734,1.438501535899799,6.95531112616936e-05,6.503757091995379e-05,1.064626743948614
2013-09-03,6.741624909395761e-05,0.7603124533074445,0.0001417287601283375,1.476062650029066,7.431960463775031e-05,6.723380844846336e-05,1.1023989859502794
2013-09-04,5.29054408502055e-05,0.7859381431341957,0.00015103532138496507,1.4570679104206274,7.025509045625896e-05,6.529543537070766e-05,1.327936963141024
2013-09-05,5.526096611110341e-05,0.7960942493382006,0.0001504062941835269,1.446584207981004,7.257828953220275e-05,7.131460629925554e-05,1.313373519136138
2013-09-06,5.903493096893949e-05,0.7981953313127131,0.00015411206276226325,1.3384357567337164,7.61345928957399e-05,7.040654349744039e-05,1.2896532890975545
2013-09-09,5.950680039687122e-05,0.8585724136562082,0.00017547687744318933,1.2750926558113478,8.7734454234425e-05,6.51656488017653e-05,1.4743601344601607
2013-09-10,6.058865375686932e-05,0.862826003831217,0.00017607023714332853,1.2781154127348693,8.911726537201955e-05,6.449585306628619e-05,1.4708573280012143
2013-09-11,5.2548421709793746e-05,0.8372305283856534,0.00016980428829656462,1.2655894373936094,7.90859290999791e-05,6.511294036541968e-05,1.5050105507781484
2013-09-12,5.463125330927889e-05,0.8349863973994957,0.00016891510145402701,1.2712710186074252,8.021105372551168e-05,6.537249747436873e-05,1.4682264979611617
2013-09-13,5.629719144726608e-05,0.8033241635768245,0.00012211066171497845,1.2854656800619473,6.660563721033767e-05,6.634151677738504e-05,1.183107638197681
2013-09-16,5.4138744378514925e-05,0.8161988645689505,0.00012438835557004014,1.2431586572214446,6.69791973829471e-05,6.422530051505311e-05,1.2371767788823698
2013-09-17,5.7555509167455784e-05,0.8101189566385674,0.00012549682185233242,1.2591357121345828,6.885073941394325e-05,6.503026949411758e-05,1.196249332338011
2013-09-18,6.204530316157312e-05,0.8200355653973294,0.00016672011523634613,1.1416693214659317,8.340289865682141e-05,5.6423098135992996e-05,1.344225822213015
2013-09-19,6.178297806302708e-05,0.8112440122061988,0.00017036157034240422,1.116649806584252,8.322843737383813e-05,5.636236720544489e-05,1.3471095111170224
2013-09-20,6.675064824066973e-05,0.8526157040607288,0.0001801750922122718,1.0652344873791422,9.350362493093227e-05,5.00648696606435e-05,1.4007897660230142
2013-09-23,6.644616634370019e-05,0.8530433749422207,0.00017475499676277746,1.085910757008277,9.192229953320197e-05,5.0293503458050065e-05,1.3834101287006333
2013-09-24,6.687102886618699e-05,0.8519893405620559,0.00017052397520214019,1.0742515160773751,9.097999067325027e-05,4.944152409967076e-05,1.3605292488516483
2013-09-25,5.221698153901886e-05,0.8234708575675135,0.0001597686048316859,1.0741688873070998,7.521419942268789e-05,4.899406307037429e-05,1.440416454683128
2013-09-26,5.0374063840171386e-05,0.8005629159060116,0.000149142748046667,1.0628963549358053,6.939050261458336e-05,4.845736489698653e-05,1.3775045593849249
2013-09-27,5.122431082106018e-05,0.7872163567150141,0.00014714031275902425,1.0686127304136628,6.834362473245052e-05,4.822292272915479e-05,1.3342029133626132
2013-09-30,5.1567877421329924e-05,0.7761439628290769,0.00014580678031123217,1.0537090187877165,6.730088445006308e-05,4.724550976766666e-05,1.3050931668214356
2013-10-01,5.3629225784131454e-05,0.7710072082809922,0.0001470812451961858,1.0094688637934026,6.847591608034338e-05,4.4353885804630635e-05,1.2768395418567642
2013-10-02,4.9785428743887e-05,0.734844969129427,0.00013959094450659016,1.007802492338948,6.125978580330856e-05,4.490831587176028e-05,1.2304762125972546
2013-10-03,5.1677659876475144e-05,0.7028868527085531,0.0001339489750725319,1.1147847939340814,5.847988866209962e-05,4.9110449277646935e-05,1.1316280342779417
2013-10-04,4.988490741732951e-05,0.6874348276058048,0.00012954717449511607,1.0935676312369778,5.5262444142584744e-05,4.732919717813281e-05,1.107798871515739
2013-10-07,5.300164613196136e-05,0.6792424909631976,0.00013075298936050835,1.0843914359129587,5.6545147133579654e-05,4.497902723222287e-05,1.0668564329642862
2013-10-08,5.7418241986777646e-05,0.6670307191914784,0.00013232421978713382,1.167373357844054,5.8142064937705454e-05,4.8126246514190896e-05,1.0126061496465617
2013-10-09,4.671951297786224e-05,0.6707199695721636,0.0001281864984727947,1.1797454211304514,5.190527934112394e-05,4.927548948579357e-05,1.1109978686147466
2013-10-10,5.493659376391755e-05,0.6683482362537937,0.0001337101498332122,1.1838161194751695,5.728169469399143e-05,3.8801424231319815e-05,1.0426874105109543
2013-10-11,5.397060840252837e-05,0.6695726576777363,0.00012786219235972845,1.1881655431569793,5.562210761458577e-05,3.8879240757046615e-05,1.030599973966201
2013-10-14,5.390763459317086e-05,0.6752473877704928,0.0001292249323736425,1.1821575839632783,5.635873122481511e-05,3.893174145311187e-05,1.0454684508074252
2013-10-15,5.553151341989191e-05,0.6801222443199978,0.00013255315823976934,1.1621022634851692,5.835146632252094e-05,4.284242764710012e-05,1.0507811282092467
2013-10-16,4.144281603770634e-05,0.6715599079240259,0.0001288788909316611,1.2406691551212357,4.9079517548165764e-05,4.149787511906721e-05,1.1842708155621289
2013-10-17,4.1583055321708076e-05,0.6772499337690656,0.0001275845408122085,1.2388346503933048,4.932944129749168e-05,4.0585352892596924e-05,1.1862870805392616
2013-10-18,4.3823960134694674e-05,0.6715437732529784,0.0001237644122688553,1.2718889071261672,4.945702953070948e-05,4.126631644741584e-05,1.1285385752155064
2013-10-21,4.4710412594374516e-05,0.6701665622540619,0.00012088352031057666,1.277781277600029,4.926864782795319e-05,4.146873905776961e-05,1.1019501939052156
2013-10-22,4.4371990394003997e-05,0.6702203194519372,0.00011380866170207415,1.234027666897091,4.762771035320546e-05,3.987021755257083e-05,1.0733733134414771
2013-10-23,3.6244305626284386e-05,0.674460746279225,0.0001234460723887471,1.162980184096975,4.5114402414889174e-05,3.669039159797173e-05,1.2447307690224363
2013-10-24,4.040389782719303e-05,0.6725359709222355,0.00011471759928869281,1.1642803456759732,4.578699848656914e-05,3.664397849741985e-05,1.1332322114663185
2013-10-25,3.967999624918889e-05,0.6730199698054382,0.00011263380529443554,1.1692481265014238,4.4993330362881224e-05,3.6831511908779594e-05,1.1339046022163106
2013-10-28,4.081308187982178e-05,0.6812102047165254,0.0001115138328689435,1.3255680934029817,4.5956316535522794e-05,4.5117218425462e-05,1.1260192668332616
2013-10-29,4.2024721372673885e-05,0.6861882847225088,0.00010843808137631664,1.3301068493124026,4.632192860688143e-05,4.467278776587727e-05,1.1022542706732081
2013-10-30,3.243679795796633e-05,0.6617844803754654,9.788707121903714e-05,1.3540562860984195,3.7290502305784136e-05,4.4874052968237385e-05,1.1496357425325257
2013-10-31,3.3498134377451295e-05,0.6707179812298049,0.00010045831197196151,1.3477145042737195,3.8908384394567996e-05,4.509736081953526e-05,1.1615089949832704
2013-11-01,3.528785039280735e-05,0.6771000166403897,0.00010168267810233568,1.348550522216643,4.055915647968597e-05,4.507551712680948e-05,1.1493801982325638
2013-11-04,3.477448195487655e-05,0.6969028547062769,0.00010238484401859983,1.3411684029818451,4.158344008264421e-05,4.4617637862889464e-05,1.195803294398547
2013-11-05,3.766596277267884e-05,0.7005028182324041,0.000110724374355857,1.325919271683409,4.523827546602823e-05,4.370855407881386e-05,1.2010386071650343
2013-11-06,3.8333959556374354e-05,0.6959539094802762,0.00011913043199971441,1.2669298499261248,4.7030941980140776e-05,4.701990917870388e-05,1.226874096086436
2013-11-07,4.0431492315281525e-05,0.7188225565013292,0.00013048030195775216,1.2656475232269606,5.221004396481121e-05,4.4597192280880874e-05,1.2913212195503814
2013-11-08,4.3778322206368926e-05,0.6990455086517036,0.0001352628741712195,1.4128947007569117,5.379282000534267e-05,4.545938887528766e-05,1.2287547190996924
2013-11-11,4.088414418239951e-05,0.7014932837836362,0.00012498622667260473,1.4142962260645189,5.0145509864047624e-05,4.5641902452804935e-05,1.2265270771067063
2013-11-12,3.99781619662566e-05,0.7019211469706965,0.00012423528899409267,1.3950187949880737,4.946775777851732e-05,4.558577862534773e-05,1.2373694873783938
2013-11-13,4.4902541372157916e-05,0.6974844131092196,0.00012707319750672268,1.4154343684891202,5.2686208550914294e-05,4.472866222798896e-05,1.1733458049566585
2013-11-14,4.545126757048379e-05,0.6937489275359644,0.00013186290579211317,1.3812233271325645,5.370771126418177e-05,4.3063374744624666e-05,1.181654861019976
2013-11-15,4.488960878325864e-05,0.6914531945642506,0.0001351740893001896,1.4090450203634015,5.386199358559184e-05,4.5877200067013434e-05,1.1998766539858865
2013-11-18,4.304897041106976e-05,0.6734771449427202,0.00013177358010357606,1.3526114435196006,5.072457527236979e-05,5.811056118068536e-05,1.1782993829586759
2013-11-19,4.253689180732228e-05,0.6791964976304512,0.0001309877246210601,1.342217850273527,5.0698325232796174e-05,5.824522143571992e-05,1.1918671787878254
2013-11-20,3.986505410246521e-05,0.7158252171031186,0.00010388485158500935,1.3337022044829887,4.6065870714985824e-05,5.8661024795754046e-05,1.1555451698769215
2013-11-21,3.485111027762049e-05,0.7303732926842776,0.00010910460026810358,1.3871037757002072,4.503754660190657e-05,6.177458498793728e-05,1.2922844134129998
2013-11-22,3.677714977289896e-05,0.7264951108993272,0.00010758122889507297,1.3711721769818008,4.5697241059533276e-05,6.384303821688101e-05,1.242544388070212
2013-11-25,4.464079349966786e-05,0.7337654776618259,0.00011978199769901174,1.3424837292097784,5.365608779003018e-05,6.345611811337281e-05,1.2019519274546362
2013-11-26,4.5604254902161166e-05,0.7396077033312398,0.00012723393303478708,1.2986751070135625,5.6338539489702086e-05,7.591498389210562e-05,1.235379014755753
2013-11-27,5.098239319509307e-05,0.7523178172268926,0.0001341608533622744,1.3378094000590588,6.221919136108913e-05,7.970239473089397e-05,1.2204054667068391
2013-11-29,5.306536742177139e-05,0.7524909289398594,0.0001413278582339225,1.3376979163739715,6.51659522021104e-05,7.970341232608325e-05,1.2280316780653149
2013-12-02,5.1303727815654587e-05,0.7501163716577566,0.0001500871997317219,1.3428470139457451,6.582258485664312e-05,8.557216856275422e-05,1.2829980911554406
2013-12-03,5.129816798105141e-05,0.750491295407975,0.0001520353604605676,1.2984389889551813,6.627792315600886e-05,8.685808978543278e-05,1.2920134531995509
2013-12-04,4.926678581923591e-05,0.7505583110281481,0.0001451301957624699,1.2909388977535583,6.346590008828317e-05,8.645331609548851e-05,1.288208658895367
2013-12-05,6.186383108747796e-05,0.7742107907654614,0.0001474273037431316,1.326525200871881,7.393781075216848e-05,9.163461931484843e-05,1.195170254613191
2013-12-06,6.149224160789946e-05,0.8107500203296624,0.0001616364650715054,1.2934912075147524,8.082892496950612e-05,8.588811787606735e-05,1.3144572852768246
2013-12-09,5.694825981469449e-05,0.8142730307398106,0.00015523669412748932,1.2880490531479776,7.656097800522663e-05,8.608874178849745e-05,1.3443953907345108
2013-12-10,5.3452041059883435e-05,0.8082017249847475,0.0001525541717718987,1.3111311323100516,7.298169807449584e-05,8.798892171381627e-05,1.365367844283681
2013-12-11,5.2671389427449466e-05,0.8356716877463992,0.00015501597302988834,1.293116555655891,7.551118773332749e-05,8.267852348932109e-05,1.4336281718434252
2013-12-12,5.926873458923956e-05,0.8375189402923303,0.00015546993992512608,1.2738845827881031,8.039530370342628e-05,8.253371246267949e-05,1.3564538581868477
2013-12-13,5.102150798536989e-05,0.7902579918899169,0.00014084753878843055,1.2741413611739678,6.699157262620265e-05,8.332030405540955e-05,1.3130065196311342
2013-12-16,5.265033739264804e-05,0.7909389515638621,0.00013884959868202306,1.270262567556663,6.762633594149244e-05,8.22746220287051e-05,1.2844425941121436
2013-12-17,5.547285481711756e-05,0.7950051021152442,0.0001368619296196279,1.257886056987506,6.927100740441506e-05,8.172921730487996e-05,1.2487370198052206
2013-12-18,5.7755345996717895e-05,0.8083353817415448,0.0001394596699625515,1.2825365064389305,7.25457542349988e-05,7.556008283619013e-05,1.256087258816204
2013-12-19,6.478693026373803e-05,0.7993368171685479,0.00014803915664656793,1.2745321854092655,7.828198316726267e-05,7.502221445143257e-05,1.2082990017984843
2013-12-20,6.101338500649426e-05,0.7954898098970117,0.00014968584608832412,1.300307741283861,7.602169510620512e-05,7.721230099511866e-05,1.2459838951422442
2013-12-23,6.0371580554275465e-05,0.8076266782104682,0.00015283907764410365,1.289584397867118,7.757899220533453e-05,7.601000239961584e-05,1.2850250315310066
2013-12-24,6.05937066863415e-05,0.8099105301523538,0.0001555245532612894,1.3067259499824977,7.862312235854869e-05,7.854942838382145e-05,1.297546010273559
2013-12-26,6.0130930524985e-05,0.7944802133844805,0.00015356785940194567,1.324050286151266,7.634528367591735e-05,8.450174478830546e-05,1.2696507938488517
2013-12-27,6.1029823506439453e-05,0.7686023722170201,0.00015020671582527027,1.3270245207494704,7.358977123687176e-05,8.468978619751757e-05,1.2058001647195828
2013-12-30,6.103786899254316e-05,0.7656846282613559,0.00015421773608136652,1.3360283857326591,7.428767587146818e-05,8.53500435094514e-05,1.217075187873019
2013-12-31,6.15980310886923e-05,0.7680964116647425,0.00015807277328711646,1.3315279279207068,7.579275401474774e-05,8.451637851295637e-05,1.2304411792905698
2014-01-02,6.274975633376732e-05,0.7891524868545772,0.0001903550089195838,1.252856988465242,8.624801446715994e-05,7.661758509772113e-05,1.3744756873382085
2014-01-03,6.287727487442676e-05,0.7854631731452651,0.00018978129407608288,1.2612754941635764,8.580238997508333e-05,7.799206571581576e-05,1.3646009650774575
2014-01-06,6.194585296328845e-05,0.7855213858078671,0.0001859300936931153,1.2548407396507022,8.430221311440897e-05,7.726074667075759e-05,1.3609016436398054
2014-01-07,5.985294868622432e-05,0.7816633044548555,0.00018169673005861425,1.2678223385036085,8.151472271007778e-05,8.104312019464578e-05,1.361916572187848
2014-01-08,5.957982003469859e-05,0.7784209534000569,0.00017774856009218133,1.255943356286458,8.010638929619281e-05,8.053776370178529e-05,1.344522176292909
2014-01-09,5.8876921963223624e-05,0.7741057857481847,0.00017617172278704084,1.2577636099202063,7.883897381645297e-05,8.284927392003395e-05,1.339047137445437
2014-01-10,5.8643073362417135e-05,0.7627014320812555,0.0001780253109185556,1.2609183677815266,7.792984270615355e-05,8.42012578272046e-05,1.3288840137102504
2014-01-13,6.549653155125348e-05,0.7675912716899572,0.00017845853174416684,1.3138258843052817,8.298657416171662e-05,8.296125209665282e-05,1.2670376918627597
2014-01-14,6.384952094066409e-05,0.7631606791622279,0.00017376269444097358,1.317514211808675,8.03846413736541e-05,8.083299730484568e-05,1.2589701565397216
2014-01-15,6.070372053025981e-05,0.8032828076523153,0.0001732746208676819,1.2723305326797052,8.238413868215711e-05,7.947023421353086e-05,1.3571513897750298
2014-01-16,6.085694586035492e-05,0.8017754835599948,0.00017259794879451412,1.2477720273536912,8.217234182581993e-05,7.839997580902304e-05,1.350254119133357
2014-01-17,6.130074788390541e-05,0.7960931237457125,0.00017121637171174273,1.2632124645865417,8.155853272586443e-05,7.937686819551824e-05,1.3304655414698086
2014-01-21,6.022038567812545e-05,0.7829995636435995,0.00017093772648890616,1.244400775244672,7.944238025993209e-05,7.953994585990521e-05,1.3191941460579
2014-01-22,6.0180607898710316e-05,0.7662783083762891,0.0001682076628966464,1.2309774051173312,7.709704016333778e-05,7.880467041814629e-05,1.281094406575278
2014-01-23,6.197862719476769e-05,0.7760188109327038,0.00017289374389875317,1.1938606904332894,8.03309428733815e-05,7.512011612260785e-05,1.296107166442098
2014-01-24,8.312838911315208e-05,0.8201988438144576,0.00018311189041304006,1.191825979015789,0.00010119338140335912,6.314051614994095e-05,1.2173143553355457
2014-01-27,7.785643656399444e-05,0.8151035808898764,0.00018239458581894747,1.1922567486328577,9.713282807201979e-05,6.299073669145798e-05,1.2475889259609387
2014-01-28,5.7778264472590076e-05,0.7912398456330008,0.00017919192516065624,1.1933252030379986,8.050996048262545e-05,6.256490097223704e-05,1.393429886091841
2014-01-29,5.541992369045716e-05,0.7888371660065884,0.00018326063084857125,1.165599944044954,7.949776416435255e-05,5.812631430503739e-05,1.4344618121161612
2014-01-30,5.718939038351772e-05,0.7777028552318073,0.00018321444496156476,1.1098494559262702,7.960700455230493e-05,5.7377769445064375e-05,1.3919890388488576
2014-01-31,5.786696567157789e-05,0.7628529548390809,0.00017956033759713912,1.0405106693121282,7.776092077733093e-05,5.60986586687038e-05,1.3437877703603909
2014-02-03,7.055814511505822e-05,0.7744250202954498,0.00019632454635876745,0.9887399144121596,9.114655418922626e-05,4.077175858798171e-05,1.2917935135708967
2014-02-04,5.3287933521446234e-05,0.7240370018072776,0.00019893437896495873,0.9256423422265194,7.45469916210444e-05,3.9339384457594575e-05,1.3989469415443228
2014-02-05,5.1744253938995175e-05,0.6966623183137831,0.00018953464981802276,0.8378915859930416,6.899183466130453e-05,4.511159880000142e-05,1.333323594589724
2014-02-06,5.460185755120456e-05,0.7012838150119233,0.00018730898071513968,0.7751671787675505,7.092132241939207e-05,4.072531997182472e-05,1.2988811296920335
2014-02-07,6.356327391387762e-05,0.6811973849168126,0.000183038033474785,0.7828734209559215,7.347621421856121e-05,3.9597137234313486e-05,1.155953897499281
2014-02-10,6.2547563500994e-05,0.6596462428746723,0.00018144560277299801,0.7304625260998059,7.027316523802519e-05,3.759631557561808e-05,1.1235156304195353
2014-02-11,5.609995653519849e-05,0.6260728412825313,0.00018066960357422684,0.6827998926733339,6.303019822146246e-05,3.4989658337419085e-05,1.1235338156084982
2014-02-12,5.280573476410588e-05,0.587699977868947,0.00016094245217517924,0.6867154224564715,5.4179067559322764e-05,3.520328323029723e-05,1.0260072660924395
2014-02-13,5.31879934714369e-05,0.5763259008424386,0.0001549381872194148,0.6809712034682005,5.231836656279306e-05,3.4711921169451685e-05,0.9836499395467729
2014-02-14,5.362200748552388e-05,0.5726125442801961,0.00015285981689348163,0.6508210783748887,5.1841679153928036e-05,3.304467774605132e-05,0.9667985512836968
2014-02-18,5.088126402858046e-05,0.5574839818801899,0.000143245128418806,0.6601560473969372,4.759389737670677e-05,3.3624646776828196e-05,0.9353914114628293
2014-02-19,5.093399391722896e-05,0.5248541744317233,0.00013628042342000776,0.6554833472809511,4.372796420951066e-05,3.266614826162648e-05,0.858522194049252
2014-02-20,5.128532994270177e-05,0.5063783559925537,0.00013315553454792435,0.6813817273467183,4.184574677144045e-05,3.4653782850938834e-05,0.8159398958375107
2014-02-21,5.0142924359823583e-05,0.4876978504671368,0.00012937838914123134,0.6861232462193452,3.928136226093531e-05,3.498651819761128e-05,0.783387940820002
2014-02-24,5.289213529725008e-05,0.4913062333396109,0.00012765266053402704,0.7098743970781434,4.037037277711245e-05,3.606571086263502e-05,0.7632585175514998
2014-02-25,4.99909412374215e-05,0.48059851179920826,0.00012390776497625837,0.7009945119817457,3.782486095438533e-05,3.5713372392632296e-05,0.756634302497808
2014-02-26,4.8822079787728685e-05,0.4942032457434393,0.00011846667680124808,0.7004585467613423,3.758476458682311e-05,3.5685784634241147e-05,0.7698312884300753
2014-02-27,4.902946505121921e-05,0.5039333090255753,0.00012243950324256495,0.6625384763229174,3.9044729840670715e-05,3.3439310646592444e-05,0.7963523526084199
2014-02-28,4.913560627678946e-05,0.5195890841527747,0.00012253523071412693,0.6684328596529466,4.031704232107426e-05,3.370026649079202e-05,0.8205259968496431
2014-03-03,5.060228536900576e-05,0.5431992296971937,0.00012699836621411054,0.5885465539033796,4.354549965247332e-05,3.003932099049532e-05,0.8605441302685753
2014-03-04,5.593664385448813e-05,0.5725876668124547,0.00013316922460776274,0.5482202882349124,4.9418792273429364e-05,2.6008602495578665e-05,0.8834779648558446
2014-03-05,4.9068183379191435e-05,0.5598663887616632,0.00012618540137585856,0.5495326355033135,4.4054364649394774e-05,2.6076163836527772e-05,0.8978193528981777
2014-03-06,4.928243059442446e-05,0.5504493863726702,0.00012504183949115291,0.5349924803505762,4.321068274487836e-05,2.535024932282041e-05,0.8767969076137039
2014-03-07,4.8971813978785636e-05,0.5336987049572854,0.00012301985269106802,0.5797710257580775,4.142445905587091e-05,2.8681276238683592e-05,0.8458836969734426
2014-03-10,4.912023117884392e-05,0.5301072948513589,0.00010456740677720802,0.5780228156239376,3.799199947782623e-05,2.8594782522743558e-05,0.7734491179306456
2014-03-11,5.148937537691702e-05,0.5332224784146696,0.0001170555316135518,0.5354953568576837,4.1396462619186036e-05,2.64655783339305e-05,0.8039806720542255
2014-03-12,4.8906113932888686e-05,0.5185164975703463,0.00010857967241732502,0.5606448626800365,3.7784912426663266e-05,2.872530915114397e-05,0.772600997873467
2014-03-13,5.192240840939531e-05,0.5181924920716356,0.00010600675723898904,0.501895212053207,3.844459636861855e-05,2.434163293973772e-05,0.7404239815975493
2014-03-14,5.053194068255615e-05,0.5153267074399175,0.00010225772668756831,0.5044689775069983,3.7043644398468394e-05,2.4468172238687834e-05,0.7330738518668456
2014-03-17,5.312543808337814e-05,0.520710304945585,9.948706368535364e-05,0.5111734233209362,3.78556529283027e-05,2.4428770097892784e-05,0.7125711202397964
2014-03-18,5.3640183376897774e-05,0.5274615944128055,9.406223275822881e-05,0.4827747010227601,3.7466542036802016e-05,2.3284281160602232e-05,0.6984790073059004
2014-03-19,4.9711758607667365e-05,0.5107183098048353,9.320883085891817e-05,0.43527464821153,3.476478291801088e-05,2.0729367875611844e-05,0.6993271590405752
2014-03-20,4.924048797705463e-05,0.4965001320126457,8.914948672228689e-05,0.4285307831299112,3.2895763139577704e-05,2.0247178980620802e-05,0.6680633050368361
2014-03-21,5.1299807125194504e-05,0.47598908120648753,8.800261057369032e-05,0.4244756513972648,3.198178021548403e-05,1.9627911985332966e-05,0.6234288588538776
2014-03-24,5.150721281894852e-05,0.4626813038624461,8.768427250326562e-05,0.4437254753126535,3.109401668096406e-05,2.030455020056811e-05,0.6036827655625965
2014-03-25,5.187847468728203e-05,0.4621406186204863,8.878310522681052e-05,0.4196696783208928,3.136410549503336e-05,1.9238163045076922e-05,0.6045687673759277
2014-03-26,4.894688218699071e-05,0.44591764992555605,8.492732014846166e-05,0.4217834468843625,2.875020127094984e-05,1.872344860460087e-05,0.5873755382644408
2014-03-27,4.819111839496585e-05,0.4374687591513547,8.201141062384406e-05,0.440104731002189,2.75022159543579e-05,1.9443754790609527e-05,0.5706905519177751
2014-03-28,4.77393720640184e-05,0.43351177049701395,7.471087935025163e-05,0.4262923132504308,2.588994744820683e-05,1.869789884932398e-05,0.5423185586414597
2014-03-31,4.471229395078723e-05,0.4162806687006695,7.840362221609817e-05,0.4091512388213988,2.4647211005679393e-05,1.74549899946726e-05,0.5512401361649538
2014-04-01,4.637295349124256e-05,0.41547473769418575,8.840709975898949e-05,0.4141315896209075,2.660238488504804e-05,1.765561307690758e-05,0.573661647194239
2014-04-02,4.141854620280984e-05,0.4146003788777232,8.725443118213241e-05,0.4289067062074419,2.4924179251144273e-05,1.837610165308448e-05,0.601763739584211
2014-04-03,4.131197301210188e-05,0.40825305184173244,8.546185007719287e-05,0.4225932396585768,2.4257919664770165e-05,1.8063870729628302e-05,0.5871886016594773
2014-04-04,4.5815215175484866e-05,0.40887951570169623,9.028494047046956e-05,0.4376966582255465,2.6297101150536798e-05,1.7078975583660553e-05,0.5739818322321891
2014-04-07,4.72141155464609e-05,0.40509835739719463,9.382893596163926e-05,0.5177350096877432,2.6962788630144404e-05,1.8684136292277966e-05,0.5710747372491126
2014-04-08,4.530353492960697e-05,0.39498355566540305,9.4198726190271e-05,0.5137788783312423,2.5802843911435533e-05,1.9225437372753513e-05,0.5695547588400821
2014-04-09,4.691297863661334e-05,0.4128454677811921,9.279622075918644e-05,0.504038975044128,2.723950242318915e-05,1.781591207742676e-05,0.5806389450174461
2014-04-10,5.810324280314903e-05,0.4289530265889529,0.00010043291494761582,0.5186670910862227,3.2767850691777546e-05,1.2459457678053334e-05,0.5639590685634094
2014-04-11,5.691804938589508e-05,0.4432741434959966,0.00010189983986175699,0.560022346736906,3.3758578733364e-05,1.208170041744176e-05,0.5931084971743559
2014-04-14,5.793906540801691e-05,0.44767955659513614,0.0001083481443862253,0.6440069330968216,3.547020874359703e-05,1.3795087405606823e-05,0.6121984967104611
2014-04-15,5.375893588153699e-05,0.44548889536062897,0.00011513194512166648,0.7631428205830201,3.504774946779877e-05,1.58498730166322e-05,0.6519427680828703
2014-04-16,3.1303883437837385e-05,0.4390289219108756,9.945756817859424e-05,0.7328598592882911,2.4496901626114973e-05,1.4111020077315696e-05,0.7825515219145388
2014-04-17,3.0074876652121772e-05,0.44294837393666053,9.370342405836916e-05,0.7370639458236375,2.3514338706795953e-05,1.422467090361409e-05,0.7818598552801388
2014-04-21,3.398061258211898e-05,0.446765280643277,8.876403354493149e-05,0.8168466160524402,2.453655191238122e-05,1.657001866179369e-05,0.7220750318460315
2014-04-22,3.465237531876505e-05,0.45488207397990116,8.329990251704899e-05,0.8478632256982122,2.4439233108987592e-05,1.7195760150283685e-05,0.7052686254310881
2014-04-23,3.661275306357103e-05,0.473536668239367,8.322012116248318e-05,0.834606683254662,2.6138699699925098e-05,1.6776173056955857e-05,0.7139233603804733
2014-04-24,2.8915216768426475e-05,0.5057416861736521,7.756215805450559e-05,0.8378100470006353,2.3950628834295615e-05,1.6837233053297084e-05,0.8283053530640703
2014-04-25,3.367547480592454e-05,0.5337572268109756,7.649254592823082e-05,0.7819416525511655,2.7090073918160692e-05,1.4236973948968084e-05,0.8044451956292751
2014-04-28,3.364553762091845e-05,0.5534904703448343,7.325596900296629e-05,0.8034641550713831,2.7478650017294205e-05,1.5115184318647291e-05,0.8167100887759302
2014-04-29,3.9441733334885286e-05,0.5698659566373082,7.162679779495393e-05,0.7801970302922558,3.0289247044810946e-05,1.44560160334862e-05,0.7679491869091062
2014-04-30,4.001418281063408e-05,0.5797418474262143,6.726766949257541e-05,0.7920007343308537,3.0077713411173022e-05,1.4870856909959069e-05,0.7516763132091163
2014-05-01,2.1991126094734782e-05,0.5671566586185259,6.384887430224772e-05,0.7699382566532932,2.1252175418352362e-05,1.4806364930445939e-05,0.9663977791224005
2014-05-02,2.5114593555483047e-05,0.5595604124450148,5.835256157754474e-05,0.7893125743444016,2.142101382302048e-05,1.60711846606941e-05,0.8529309373730167
2014-05-05,2.3421323104644024e-05,0.5587613712593062,5.796325974681296e-05,0.8024582457198601,2.058773113072037e-05,1.654617051711543e-05,0.8790165712985786
2014-05-06,2.3724080850696792e-05,0.5598502104973484,5.6355534051252757e-05,0.9441083193572536,2.0470800620126272e-05,1.7947856909117312e-05,0.862870125462628
2014-05-07,2.503936026433856e-05,0.5681877998509206,5.80281240782553e-05,0.9418446583789726,2.1658221163215198e-05,1.7411143619644765e-05,0.8649670332856374
2014-05-08,2.245244272166245e-05,0.5869132129696542,5.8663206000223184e-05,0.9488068373193036,2.1300440371413122e-05,1.7774082107130644e-05,0.9486914468714863
2014-05-09,2.6257615904936162e-05,0.5982457823096584,5.717676495294626e-05,0.9502816188929046,2.3180194771483025e-05,1.799009394798473e-05,0.8827989127194669
2014-05-12,2.5472098693136958e-05,0.6088549569182989,5.844384548383058e-05,0.8742936865976867,2.349176255163752e-05,1.5205519998650097e-05,0.9222546926597371
2014-05-13,2.7268227179962204e-05,0.6136730999526276,5.901187502656303e-05,1.0022662943707257,2.461700678864376e-05,2.0838469132888098e-05,0.9027725427905093
2014-05-14,2.54765910501542e-05,0.6124068365384038,5.792920803050898e-05,1.1190290101829512,2.3526617069424344e-05,2.469282369797137e-05,0.923460168713661
2014-05-15,2.174205444419079e-05,0.6332431310841128,5.8314217431798516e-05,1.1110913641592626,2.2547998797476153e-05,2.226638439713247e-05,1.0370684543796964
2014-05-16,2.0552751262807784e-05,0.6403261679007107,5.4256000272200594e-05,1.1090152949535774,2.1382580747189656e-05,2.2347472947371646e-05,1.040375591266145
2014-05-19,2.1296152341554682e-05,0.6446475910793814,5.385304660363313e-05,1.1165800516525788,2.1831223474082682e-05,2.2368786650979182e-05,1.0251252491035165
2014-05-20,2.0908636850371392e-05,0.6456018128914299,5.400909174267493e-05,1.098234078135042,2.1695069116234642e-05,2.061870224764518e-05,1.0376127947264664
2014-05-21,2.119414789263069e-05,0.6461227450452256,5.2297087230340976e-05,1.1101923052739933,2.1511057450722153e-05,2.0370634026922326e-05,1.0149526916437936
2014-05-22,2.007249814887391e-05,0.6442594476975104,4.7493699988765066e-05,1.0978790461463808,1.9892048593768534e-05,2.009899775533904e-05,0.9910101097647629
2014-05-23,2.2049522594442057e-05,0.6344882912080082,4.797711054355617e-05,1.1432606920921593,2.0636700048992262e-05,2.1362664581006353e-05,0.9359250278821946
2014-05-27,2.174082787467674e-05,0.6242946971029458,4.9531298086209407e-05,1.252382852745891,2.048648922985242e-05,2.256864553530711e-05,0.9423049272983138
2014-05-28,2.1661197917021908e-05,0.6093297152197263,4.962021444555561e-05,1.1375132619188926,1.9976661542566397e-05,3.1178357080909646e-05,0.9222325385277164
2014-05-29,2.1856321025887475e-05,0.601907001459945,4.890457894705297e-05,1.135545020218086,1.9678531561643288e-05,3.072417339711087e-05,0.9003588270109718
2014-05-30,2.8179051435749515e-05,0.6541518809681708,5.2226458460017885e-05,1.1675609972310397,2.5094992360211756e-05,3.2872409558379005e-05,0.8905549009493928
2014-06-02,2.8496658002674943e-05,0.6814176360698413,5.182980453412657e-05,1.1990406157733864,2.6187866613373014e-05,3.6322851417886134e-05,0.918980275192789
2014-06-03,3.418588872187905e-05,0.7048095684135345,5.190687760549707e-05,1.1982179409304008,2.9689827976760856e-05,3.6298068193394986e-05,0.8684819698064276
2014-06-04,2.793146765100254e-05,0.7170986067311231,5.228686770877316e-05,1.2074094726442492,2.740451179974701e-05,3.720505918964967e-05,0.9811339719831509
2014-06-05,4.136471088316827e-05,0.7200433559753529,5.277093556002683e-05,1.1661606344260846,3.364116606619591e-05,3.837204418972521e-05,0.8132817889435521
2014-06-06,3.9833023701562004e-05,0.7510827662137801,5.5079913104517086e-05,1.1726038576488444,3.5180828086126897e-05,3.81870749732693e-05,0.8832075704247208
2014-06-09,5.1073182956276414e-05,0.7717553039362144,5.58530054651662e-05,1.1679519897013135,4.121918105654762e-05,3.8029490000585135e-05,0.8070611360140845
2014-06-10,4.95066057749403e-05,0.7870207728489866,5.657321344861531e-05,1.1477868767857349,4.1650785404329914e-05,3.86153981670327e-05,0.8413177343176511
2014-06-11,4.7157992518462575e-05,0.7776156152282714,5.7365824306960625e-05,1.1317006332167965,4.044541042920602e-05,3.833111389710049e-05,0.8576575945927183
2014-06-12,4.667919578081926e-05,0.7799534470176789,5.770978008661415e-05,1.147819498750683,4.048135809110568e-05,3.7499253472662294e-05,0.8672248399733504
2014-06-13,3.72024477228719e-05,0.7905591228321588,5.903589456839527e-05,1.150154759350719,3.70491446955764e-05,3.906816361641299e-05,0.9958792220222313
2014-06-16,2.938646502467408e-05,0.8079374632360831,6.133858364227671e-05,1.1503328489502502,3.430190908726103e-05,3.9669683916771024e-05,1.1672689810924772
2014-06-17,3.191330809025626e-05,0.8083367695116086,6.37208703222708e-05,1.147466336632569,3.645180986392819e-05,3.955815978104915e-05,1.1422134540498365
2014-06-18,3.560112133469648e-05,0.776915086031074,6.672619920384648e-05,1.1268279670562389,3.786636240549555e-05,3.779627999669075e-05,1.0636283629805612
2014-06-19,3.687128606172102e-05,0.7609344468587645,6.802768135366312e-05,1.1349126462919217,3.810958522590918e-05,3.8142566149222936e-05,1.0335843767997486
2014-06-20,3.6786047916274955e-05,0.7548176015886945,6.918396412136222e-05,1.1490097659660898,3.807906765516089e-05,3.892699676636639e-05,1.0351497323612704
2014-06-23,3.78482539714106e-05,0.7571034033376319,6.973162041766104e-05,1.1469815532227778,3.889493067750944e-05,3.8842486548330025e-05,1.0276545572456122
2014-06-24,3.933090292313687e-05,0.7652022402346466,7.316513589223305e-05,1.121736239521678,4.104831013630974e-05,3.6899179100759004e-05,1.0436655933510894
2014-06-25,4.004889359785303e-05,0.7641564864079664,7.317287251765327e-05,1.1332250305873623,4.1366865795712e-05,3.690922489004066e-05,1.0329090788647812
2014-06-26,4.4267929857314866e-05,0.7518393701987667,7.226094055395246e-05,1.1260041398157197,4.252276295896416e-05,3.676737066620676e-05,0.9605771739501766
2014-06-27,3.536085878696092e-05,0.7630245989165361,6.97628011406924e-05,1.124657762550504,3.789761646914209e-05,3.670370757017261e-05,1.0717391423512765
2014-06-30,3.524942345217237e-05,0.749072422193819,6.594309104639663e-05,1.1109275994733665,3.6114737928211314e-05,3.625764607508222e-05,1.0245483299099356
2014-07-01,3.707778978776346e-05,0.755765199572393,6.696732754861251e-05,1.11280638858533,3.765956447517847e-05,3.542956584326128e-05,1.015690651755273
2014-07-02,3.729144432547138e-05,0.7460145691181428,6.657590833577913e-05,1.1216392366728687,3.717153206434955e-05,3.612748199958343e-05,0.9967844565076305
2014-07-03,3.7850371933542936e-05,0.74076895329819,6.682213956567972e-05,1.144878217445594,3.725443972900413e-05,3.656049803101412e-05,0.9842555786351285
2014-07-07,3.637233936281704e-05,0.7323248223123517,6.695414193539398e-05,1.1845068642652,3.613916354774423e-05,3.862075874478657e-05,0.9935891993982883
2014-07-08,3.904012916123487e-05,0.7383796604504681,6.707303904872228e-05,1.1768614227934446,3.7784122462850376e-05,3.7463140650998725e-05,0.967827803714552
2014-07-09,3.921043801203444e-05,0.7359690211864752,6.725351833900895e-05,1.1704362687940013,3.779356722372869e-05,3.683064921855603e-05,0.9638649589206097
2014-07-10,3.784415060760939e-05,0.7654823335273947,6.905499511448817e-05,1.1958248189232696,3.9132005207127106e-05,3.8169523300295003e-05,1.0340304797132576
2014-07-11,4.137743263306523e-05,0.7458827690064239,6.960330493333586e-05,1.1978546839899689,4.002831191329077e-05,3.823167090062713e-05,0.9673947697108602
2014-07-14,3.5819786180035966e-05,0.7436621032199785,7.215194381003632e-05,1.2110250830071965,3.780603768765677e-05,3.9467820699012256e-05,1.0554512385316202
2014-07-15,3.740515266448331e-05,0.7392357848125715,7.398314982844417e-05,1.2054675418426142,3.888795508835454e-05,3.91770381209422e-05,1.0396416621306608
2014-07-16,4.331224214055195e-05,0.6993168635227052,7.23626625153086e-05,1.1949190793433022,3.915043602465639e-05,3.9194767389673404e-05,0.9039115522491277
2014-07-17,4.7474517764657056e-05,0.7441109305449405,8.222902200848714e-05,1.1503486655100206,4.64922460554539e-05,3.497461274060252e-05,0.9793094957999885
2014-07-18,4.82618636397603e-05,0.7789068938948067,9.057218443297113e-05,1.1515493097178686,5.1497365611006746e-05,3.421706501032814e-05,1.067040551840209
2014-07-21,3.56854935741795e-05,0.7227124850789888,8.861782802283841e-05,1.1575256969073722,4.0641709015342076e-05,3.519346525466834e-05,1.1388859994568965
2014-07-22,3.6878426197529086e-05,0.7118451242405592,8.872902167980157e-05,1.1216287077084233,4.071969822387403e-05,3.514991564510386e-05,1.1041604109071854
2014-07-23,3.8554343811198455e-05,0.6996312618240632,8.894295488616065e-05,1.164363773924969,4.096959225346826e-05,4.3309312745005737e-05,1.0626453002052723
2014-07-24,3.79220014302475e-05,0.6615746285230422,8.75447123985196e-05,1.155345215376878,3.8118818128636415e-05,4.468915692311174e-05,1.005190039844045
2014-07-25,3.58816002468109e-05,0.6508861704434177,8.760220762046209e-05,1.1822117944927046,3.649206763916368e-05,4.523383155593283e-05,1.0170133825736225
2014-07-28,3.90148494586092e-05,0.6634556190507539,8.722479942275039e-05,1.1698533045239363,3.870319642848677e-05,4.4932608274166214e-05,0.9920119381608004
2014-07-29,3.5953585678647994e-05,0.6840450327070966,8.982073053634568e-05,1.177195352502629,3.887264477893997e-05,4.9603700215572366e-05,1.0811896517466277
2014-07-30,3.539196672747045e-05,0.7294606445509896,8.926927559905054e-05,1.1799183456586722,4.100201685634714e-05,4.971848850915315e-05,1.1585119632394516
2014-07-31,4.5379445989039353e-05,0.7379810616285273,9.606514971796518e-05,1.251272249193516,4.872566148278204e-05,4.473644655691435e-05,1.0737385708620355
2014-08-01,4.584672797284814e-05,0.7027943628751916,9.721739471971351e-05,1.2554284119002843,4.691961410860087e-05,4.461251306859521e-05,1.0234015857443115
2014-08-11,3.847004227028839e-05,0.7178231182402673,0.00010050389292555271,0.8689021498355083,4.463445280489795e-05,5.1047780224341794e-05,1.160239245158577
2014-08-12,3.841634430365733e-05,0.7198518046739258,0.00010069596594856033,0.8859802001773914,4.477206766669744e-05,5.277334058771e-05,1.1654432111707993
2014-08-13,3.776559449586869e-05,0.7159959243142289,0.00010137045062281437,0.887599427989078,4.4301088941898634e-05,5.1685818405463906e-05,1.1730541921363076
2014-08-14,3.862814115860239e-05,0.7034027941484294,0.00010168767021877566,0.9086857732391812,4.408492869341078e-05,5.557020089630076e-05,1.1412645644118233
2014-08-15,3.923523389055349e-05,0.6971900324164431,0.00010172323452421476,0.8829394997641118,4.404527977497223e-05,5.61591019837971e-05,1.1225950608026536
2014-08-18,5.8802594173761744e-05,0.6800746780687064,0.00010526103798321731,0.79787392071755,5.350429818709234e-05,5.666820083859877e-05,0.9098969006195045
2014-08-19,5.790352204668287e-05,0.6826420152322831,0.00010568219484423135,0.793412176390122,5.340063450544744e-05,5.6553720030584186e-05,0.9222346520198699
2014-08-20,5.609710643686182e-05,0.6735043916658404,0.0001067884335414234,0.7713941713977391,5.2128204946817865e-05,5.737259726776343e-05,0.9292494436498072
2014-08-21,5.441563613273725e-05,0.659561124986439,0.00010527805718488647,0.7855323293996996,4.992129425239523e-05,5.938932731754773e-05,0.9174071608870128
2014-08-22,5.0059045313325706e-05,0.6667724774728893,0.00010529467463638598,0.787353985292318,4.840855843681511e-05,5.95198350821014e-05,0.9670291978966039
2014-08-25,6.652021183637015e-05,0.6608556065866871,0.00010694745167158443,0.8235885910189796,5.5740211335712946e-05,6.427903932349075e-05,0.8379439841957448
2014-08-26,6.338834696697776e-05,0.654514961928046,0.00010693394825872992,0.8215289733372713,5.388676263187513e-05,6.413511885285618e-05,0.8501051882603519
2014-08-27,6.228211919321129e-05,0.639149422399467,0.00010576833655270409,0.8368651031105445,5.187545614418647e-05,6.615046007929833e-05,0.8329109030997914
2014-08-28,6.139493236265438e-05,0.6225625258126269,0.00010890320147115573,0.8360867452984483,5.090606897451713e-05,6.852378801398468e-05,0.8291575056035493
2014-08-29,6.15753093611576e-05,0.61891326143399,0.0001102318345168774,0.8365331980502868,5.0990187296292135e-05,6.842472330047795e-05,0.8280946994065339
2014-09-02,7.761239871585492e-05,0.6291937892889339,0.00011319246823978215,0.831782612299472,5.897375010803114e-05,6.826922570066482e-05,0.7598495998550266
2014-09-03,7.595624179294328e-05,0.6007995835611499,0.00011939775642318617,0.8196873373568527,5.721493912493666e-05,6.797705352523851e-05,0.7532618488537728
2014-09-04,7.498131031863036e-05,0.6092409030380572,0.00011974351637343972,0.8038171521763461,5.772867235206039e-05,6.686188774012397e-05,0.7699074890361943
2014-09-05,7.387822741090312e-05,0.6269824410136171,0.00012151063411424075,0.7955436531237334,5.940469293411217e-05,6.586236857511745e-05,0.8040893104230745
2014-09-08,7.348698808482049e-05,0.6325623835888502,0.00012529961506475387,0.7903802415536759,6.069926812072804e-05,6.542830731394827e-05,0.8259866093663746
2014-09-09,8.133593066383054e-05,0.6561177555724297,0.00013006340751016903,0.7814491918856395,6.748396238573171e-05,6.387100734398863e-05,0.8296943532207139
2014-09-10,8.008754908927675e-05,0.6569393137144984,0.00013101923180111125,0.7861749736612852,6.729383491588982e-05,6.410779342250906e-05,0.8402533937063641
2014-09-11,7.945435898388616e-05,0.6585614892817714,0.00013224383674779894,0.7871330745962776,6.750608398534346e-05,6.418536415408423e-05,0.8496208999563399
2014-09-12,7.986652544186676e-05,0.6725329715158906,0.00013362864020151317,0.7731680122432882,6.947775085066701e-05,6.233835574923318e-05,0.8699232934734149
2014-09-15,7.976789477234261e-05,0.6826843252055338,0.00013235016402281884,0.772199025797371,7.014492229151951e-05,6.222938421049448e-05,0.8793628375389992
2014-09-16,8.12776222335961e-05,0.6812536153233956,0.00013249589862033716,0.7587354390552424,7.069611240140626e-05,6.077927688650569e-05,0.8698102929022944
2014-09-17,8.038458733415224e-05,0.6659828279917905,0.00013436070712883892,0.7579074277675227,6.921266390291625e-05,6.077933226791125e-05,0.8610190858504353
2014-09-18,8.052555846541116e-05,0.6671664587188263,0.0001341844647632003,0.7576444586809332,6.935091512011531e-05,6.037974722415941e-05,0.8612286141412383
2014-09-19,7.686942885417954e-05,0.6513273606876979,0.00013009329708943776,0.7921282805886765,6.513337907232175e-05,6.287450302979003e-05,0.84732487340161
2014-09-22,7.562338268336147e-05,0.6507079127099792,0.00013204312519506074,0.7674502307981085,6.502375342413629e-05,5.972084297906613e-05,0.859836615566295
2014-09-23,7.716105522203933e-05,0.6509211486535337,0.00013447185013119512,0.7677926846692331,6.630452243408772e-05,5.9016490890241466e-05,0.8593003587533795
2014-09-24,7.845740621167833e-05,0.6468299460862219,0.00013426619873898462,0.7721695270898347,6.63881303549149e-05,5.857354126676839e-05,0.8461677942270932
2014-09-25,8.684570042440597e-05,0.6792905927794176,0.00014632777901866107,0.7319806380476835,7.657608372715115e-05,5.070856716317353e-05,0.8817487031935
2014-09-26,7.784867175631449e-05,0.6851303929954824,0.00014644151516835836,0.7605610841945638,7.315279834511452e-05,5.297723523759132e-05,0.9396794665180774
2014-09-29,7.945972408695768e-05,0.6739569938922074,0.00015459492304050094,0.7359818625067315,7.46970283163383e-05,5.163507470854907e-05,0.9400615113462101
2014-09-30,7.034453028421699e-05,0.6429081903949525,0.0001510917689837165,0.7449071127047839,6.628030962449295e-05,5.215115113634366e-05,0.942224069969575
2014-10-01,6.051441443903661e-05,0.6422729042747014,0.0001555329447835364,0.7008185028930545,6.231035358925777e-05,4.558639917152545e-05,1.0296778737242913
2014-10-02,5.727685640094654e-05,0.640050890023641,0.00015671689560496516,0.7039170301780605,6.0640392398171873e-05,4.5759822298234136e-05,1.0587241725293035
2014-10-03,5.732458945014978e-05,0.6357256294378594,0.00015248103213633533,0.7285769729713891,5.943579943534452e-05,4.6887430840883925e-05,1.036829046757163
2014-10-06,5.950629355094935e-05,0.6213194700340409,0.0001602966052410157,0.7507021474915913,6.068181691252631e-05,4.82769161121122e-05,1.019754605629579
2014-10-07,5.823383972398379e-05,0.5886046993065177,0.00015459585040345728,0.7757202428980164,5.58483510403077e-05,5.02473723226086e-05,0.9590360399557576
2014-10-08,6.403572465426801e-05,0.5800956116702257,0.00015587598114998128,0.7338827782524229,5.795625898385265e-05,4.3348760608926346e-05,0.9050613434416697
2014-10-09,6.579132724406009e-05,0.5775328956831352,0.00015863242524821438,0.765256922878249,5.9000682046081794e-05,4.272535593335125e-05,0.896785100978619
2014-10-10,6.388921163395802e-05,0.5826997939533072,0.00016828652191271576,0.7452452514370381,6.0420358309781504e-05,4.0029762097449294e-05,0.9457051787702327
2014-10-13,7.100010076144222e-05,0.5357982407333913,0.0001708488894332893,0.9726523606094604,5.901152606971336e-05,4.719248692832052e-05,0.8311470749596535
2014-10-14,5.126108009219706e-05,0.5418604760448524,0.000155181480524774,1.080993351386522,4.8328275231312095e-05,6.041331209494897e-05,0.9427869085940038
2014-10-15,4.732231652345586e-05,0.5633577811338434,0.0001494608968380536,1.0100817682312166,4.7378476033985836e-05,6.628821367682431e-05,1.0011867447465752
2014-10-16,5.30327919984953e-05,0.572418887314453,0.00014921525291430472,0.992176429288779,5.092051774183695e-05,6.517362552397463e-05,0.9601704119836217
2014-10-17,4.626798859027275e-05,0.596503772263723,0.00015283011082552452,0.9848480667066752,5.016005088589236e-05,6.27866901529629e-05,1.0841199804488122
2014-10-20,4.9165393824874467e-05,0.59949052739762,0.00015215789557341996,1.0033151342166349,5.185126221316443e-05,6.265063860396511e-05,1.05462924588496
2014-10-21,6.127847379397686e-05,0.5796865531316252,0.00014793462185661528,1.0922138817890366,5.519275963533595e-05,6.032857677794847e-05,0.9006875696822743
2014-10-22,6.0122674099070425e-05,0.5699716861384065,0.00014901361294214396,1.1045677317233864,5.394924842748965e-05,5.914474978580328e-05,0.8973195094182241
2014-10-23,6.055871725038731e-05,0.585580689848721,0.00015053954536113002,1.146168053670805,5.5911401770219186e-05,5.8808260959985924e-05,0.9232593474370793
2014-10-24,5.99990058104541e-05,0.6195724317377365,0.00015555078859936028,1.1045051183918082,5.98549704850144e-05,5.682218207155428e-05,0.9975993714646751
2014-10-27,5.8561423507449295e-05,0.6023055588401726,0.00015816325398455185,1.0367778617918353,5.796628657804993e-05,5.609592410538157e-05,0.9898373896371618
2014-10-28,5.4522480778452264e-05,0.6193994050438932,0.00016508402094724187,0.992812551955119,5.8763967125820664e-05,5.12764777277603e-05,1.077793348483231
2014-10-29,5.3729820257279105e-05,0.6349105659145009,0.0001660027408807001,0.9649904703826097,5.996224405532575e-05,5.75039753079571e-05,1.1159956197173821
2014-10-30,5.3551839514494966e-05,0.6650317905017298,0.00016803942706114923,0.9257927595465044,6.308632067430579e-05,5.63436254002689e-05,1.1780420849451887
2014-10-31,5.56093263598845e-05,0.6862254487097648,0.00016973044725229967,0.9883483062736828,6.66684740358305e-05,6.068888027578911e-05,1.198872174864608
2014-11-03,5.4562010343014535e-05,0.6952855210072851,0.0001712552113084374,0.9946826233921172,6.720943821602247e-05,6.786423051765123e-05,1.2317991546407006
2014-11-04,6.02491600622342e-05,0.6969063710797259,0.0001711825843321534,0.9895569698038932,7.077497465552816e-05,6.878093114249632e-05,1.1747047524383967
2014-11-05,6.0354415020847636e-05,0.7057269459278673,0.000164010708613706,1.010120906353499,7.021458363302406e-05,7.08444403860179e-05,1.163371123865098
2014-11-06,5.86925643313682e-05,0.6910751048837461,0.00016716466951330428,1.0230638030123955,6.84524564604921e-05,7.155233241314155e-05,1.166288391729167
2014-11-07,5.828791566618652e-05,0.6931103703066945,0.00016598699814394536,1.0147915691958944,6.817555702224699e-05,7.173645683123761e-05,1.1696344987301786
2014-11-10,5.7340540123530906e-05,0.6983024156783638,0.00016410349423252678,0.9809790187861251,6.773815265193922e-05,7.078882894176618e-05,1.1813309136260024
2014-11-11,6.57571982494724e-05,0.7064305252784163,0.00015727608444939345,0.9711698764492016,7.184101368719566e-05,7.402803698280963e-05,1.0925193834238835
2014-11-12,6.673646336542344e-05,0.7118508361152871,0.00015323067065345396,0.9674222523360446,7.198523796042896e-05,7.384929224894457e-05,1.0786492770266418
2014-11-13,7.11343776232816e-05,0.720284620928002,0.00014964875044295957,0.9958031104470266,7.431568026585757e-05,7.659584427031265e-05,1.0447224358863971
2014-11-14,6.859476809423724e-05,0.7134917136496959,0.00014730439141839085,1.0215190641268994,7.172032961446353e-05,8.360429998842067e-05,1.045565596430508
2014-11-17,6.853595565786147e-05,0.7092586811315926,0.0001482417457170561,1.0277422502984583,7.149063538180412e-05,8.484839048162789e-05,1.0431113813994615
2014-11-18,7.650833651469074e-05,0.7045950181850915,0.0001472669641987987,1.0283345287350067,7.479053071859813e-05,8.425484004867898e-05,0.9775474690164938
2014-11-19,7.466095393809579e-05,0.7048513513402562,0.0001475551068609472,1.0006415690298902,7.398120937604791e-05,8.586227365230818e-05,0.9908955816100142
2014-11-20,7.31046489834875e-05,0.7005446219118651,0.0001488052221358671,0.9996585930827744,7.306634575851854e-05,8.920465730650637e-05,0.9994760493962893
2014-11-21,7.04730363634149e-05,0.682747211212858,0.00017132525781347942,0.9427456140447048,7.502087474444402e-05,8.542177337710333e-05,1.0645330273209297
2014-11-24,6.987047932397521e-05,0.6704184112001004,0.0001679544179246882,0.9932838017993992,7.262539539940296e-05,9.296353956214126e-05,1.0394288990440979
2014-11-25,8.166110492431963e-05,0.6783674391527532,0.00016502017843368728,1.0113258408375052,7.874829259104872e-05,9.85465640272843e-05,0.9643304810047526
2014-11-26,7.228929035700332e-05,0.683750838538645,0.00016499790584249095,1.017421644934236,7.467480010921546e-05,0.00010399239769046443,1.0329994905252384
2014-11-28,6.63644735069259e-05,0.666383986526148,0.00015747238336032935,1.0131682440072052,6.81231276935908e-05,0.00010376418461884764,1.0264999342830825
2014-12-01,6.796408095783602e-05,0.6724281285963272,0.00016222036959888947,0.990556915146045,7.060546048736047e-05,0.00010273992665667241,1.0388643455822368
2014-12-02,6.956629167082881e-05,0.6775479308081866,0.0001509944990410244,1.0081996874527974,6.944164699405564e-05,0.00010377481508767414,0.9982082604408042
2014-12-03,9.973973303376368e-05,0.707843422410929,0.00015335979035069274,1.003766368461814,8.75441347254832e-05,0.00010333557356600777,0.8777257775078258
2014-12-04,7.195368455764464e-05,0.7113806682665939,0.00014733126461911671,0.9756767344281252,7.324467163615185e-05,0.00010302157243064363,1.017941917588292
2014-12-05,6.914099334132158e-05,0.7271660516251757,0.0001484885016646401,0.9757059854894954,7.367969427243923e-05,0.00010296795675450327,1.0656441383292237
2014-12-08,6.652863915801598e-05,0.7356109928308592,0.00015448578258504437,0.9900917703502206,7.457560568274269e-05,0.00010548714531173576,1.1209549244741637
2014-12-09,5.578278936298998e-05,0.7527397120566646,0.00015028929062988576,0.992537651303087,6.892217264578916e-05,0.00010605321183057172,1.2355454690029668
2014-12-10,7.622608908783083e-05,0.7732836554508601,0.00015466420604611246,0.9960470157706028,8.396253804543486e-05,0.00010012994910050364,1.1014934525722522
2014-12-11,6.0199482263474304e-05,0.7619092135188691,0.00015003401530667504,1.0106642351700796,7.240932010177505e-05,0.00010117007806683298,1.2028229708830733
2014-12-12,5.635062229218622e-05,0.770968945675257,0.00015255934375935526,1.015244511990378,7.148347381635068e-05,9.493222578285777e-05,1.2685480817886696
2014-12-15,5.5088696774690915e-05,0.7677764639771154,0.00015149426037295525,0.9858294879286804,7.01397370781705e-05,9.126810146758072e-05,1.273214673511652
2014-12-16,5.154869882225274e-05,0.8527118551535372,0.00014986575071399724,0.9848883922509802,7.49483974949388e-05,8.924953382030285e-05,1.4539338374644828
2014-12-17,8.951914955443635e-05,0.8987816283719847,0.00017390456729377975,0.9357304826214844,0.00011214183402672784,7.783916332297633e-05,1.252713353342736
2014-12-18,9.913276275332198e-05,0.8945683397561087,0.0001737717915165087,1.0004617725278342,0.0001174118058826329,7.058730307468597e-05,1.1843895259410429
2014-12-19,7.377698274922788e-05,0.8780887675998967,0.0001702253923717221,1.0036542052331912,9.840361171754172e-05,7.080651207290755e-05,1.3337982667578199
2014-12-22,6.996587850894997e-05,0.862197267329263,0.00016896310822888985,0.994880300480776,9.374448616415666e-05,7.012935591733791e-05,1.3398600598170858
2014-12-23,6.063494070426503e-05,0.8623296144414964,0.00017040342507658495,0.9822184666539998,8.765444404382474e-05,6.999344363290494e-05,1.4456094625595828
2014-12-24,5.292955813268682e-05,0.8387148238920585,0.00017072329787201534,0.99050999975146,7.972781259174273e-05,7.104102225421392e-05,1.5063003623018452
2014-12-26,5.0003308753932844e-05,0.8076694351044017,0.0001661730528533628,0.998745848780218,7.362296755486191e-05,7.189359768168896e-05,1.4723619174315408
2014-12-29,4.966432774890378e-05,0.7969202899218303,0.00016150708416268444,0.9995714621980828,7.137283589712771e-05,7.194135013896827e-05,1.437104640940259
2014-12-30,4.653062419950052e-05,0.7740344078603488,0.00015555262854217652,1.0225603814850082,6.585191107351198e-05,7.76211611411188e-05,1.4152380761360785
2014-12-31,4.3755181092948726e-05,0.7520200095442293,0.00015126451731647982,1.0447417150503646,6.118045071444905e-05,7.725187620508292e-05,1.3982447149397914
2015-01-02,6.483180836307134e-05,0.7289966811926304,0.00014081290113291,1.0595914456257394,6.965316288170454e-05,8.48812628836081e-05,1.074367114544031
2015-01-05,8.284505496642122e-05,0.736162606068211,0.0001433295845585668,1.070800703491232,8.021857992855448e-05,7.773113600619125e-05,0.9682965381707899
2015-01-06,7.372029621424698e-05,0.7252383615599208,0.0001380781153747554,1.0584510279018282,7.317061903388041e-05,7.793541364070069e-05,0.9925437469924281
2015-01-07,7.097584833724285e-05,0.7343904272965254,0.00014644424520558795,1.0317386051164654,7.487183174183678e-05,7.377587930208613e-05,1.0548916778857238
2015-01-08,6.58935484829367e-05,0.7478248496646386,0.00015028007373435885,1.0299646590153957,7.441697973983684e-05,7.060609641028455e-05,1.1293515291426035
2015-01-09,5.142752848602693e-05,0.7365444108955684,0.0001475031203724476,1.0298635721130271,6.415010460655401e-05,6.920981911917041e-05,1.2473884414644554
2015-01-12,5.214866604959718e-05,0.7378688550829839,0.00014591394058795112,1.0791821702226558,6.436491121025335e-05,7.39068445578957e-05,1.2342580565538845
2015-01-13,5.1084978694142575e-05,0.7419815716662458,0.00014226531840695164,1.113778014574637,6.325418251863989e-05,7.667731560907557e-05,1.2382149143558836
2015-01-14,5.779000718727771e-05,0.7300385654103791,0.00014083535114244503,1.1318802991540082,6.586095407645942e-05,7.697345654666009e-05,1.1396599045753104
2015-01-15,5.577655409897309e-05,0.7113256824007788,0.00014090881276523684,1.1762402855100158,6.30613707938513e-05,7.739603920353414e-05,1.130607148694622
2015-01-16,7.006830803083834e-05,0.7151852523251655,0.00014317178387805363,1.169354856774668,7.163216604438936e-05,7.425321014067989e-05,1.022319049189296
2015-01-20,6.698197984101967e-05,0.7135949680217022,0.0001431270126066467,1.179219589976575,6.987013338263837e-05,8.11357394723488e-05,1.043118366290063
2015-01-21,5.396910834789416e-05,0.7119361107735671,0.0001528653052359268,1.154700831794796,6.466482507843681e-05,7.905143742367944e-05,1.1981822019662844
2015-01-22,5.806897077464812e-05,0.7376507884463538,0.00015708303214609563,1.1298444551646132,7.045105696470619e-05,7.195263224787324e-05,1.2132306811172873
2015-01-23,5.910063936486745e-05,0.7487069074415474,0.00015296396942402003,1.1576061377420948,7.118729683988932e-05,7.664833141954039e-05,1.204509758353085
2015-01-26,6.288399592442454e-05,0.7599738559267173,0.00015124156175960217,1.127682911464558,7.411468964936123e-05,7.663222454134177e-05,1.1785938307488284
2015-01-27,6.964065036165525e-05,0.7592264695821486,0.00015076207563406482,1.152552959302879,7.779448390760727e-05,7.39234704757546e-05,1.1170843968803827
2015-01-28,7.988841611727443e-05,0.7727137436729059,0.0001530300337980267,1.1826366229173395,8.543756833761947e-05,7.126978838103263e-05,1.0694612872559521
2015-01-29,8.021798542057233e-05,0.7880223299267282,0.0001352442108991355,1.2243977351337676,8.20793184817594e-05,7.278303008519551e-05,1.0232034381246093
2015-01-30,7.830236811365751e-05,0.8015063340789135,0.0001483946393111667,1.158521555386642,8.639796502327127e-05,6.444255116833746e-05,1.1033889153628513
2015-02-02,6.708254753246161e-05,0.8042999674311823,0.00015391569947201047,1.1618348686234845,8.172676053543798e-05,6.128047810955533e-05,1.2183013845127149
2015-02-03,8.067150173734702e-05,0.8028006325285024,0.00015711954375870974,1.173519812561473,9.038219441372842e-05,5.721319114804941e-05,1.120373272683057
2015-02-04,7.910110058857453e-05,0.8066271013837235,0.00015094669164559505,1.1464284934937958,8.814057351181368e-05,5.602486240571223e-05,1.1142774608188553
2015-02-05,8.520627788871464e-05,0.7951674317167204,0.00014415855676824097,1.1657634157980974,8.812813793808627e-05,5.52118302941852e-05,1.034291605287439
2015-02-06,8.507292515013707e-05,0.7889591837092339,0.00014942973787159685,1.1438276651002612,8.895466655740518e-05,5.397851653987649e-05,1.0456283994046003
2015-02-09,6.296753465448077e-05,0.7697488745163101,0.00014610691331120597,1.1500974028918718,7.383168675837425e-05,5.4027974830706456e-05,1.1725357704332544
2015-02-10,6.653518645016198e-05,0.7484390666017845,0.00014385873485281224,1.2250483477823408,7.322346157332138e-05,5.472772279286871e-05,1.1005223774065658
2015-02-11,6.58212274519105e-05,0.7398831579696951,0.00014192998997129922,1.2712567724402442,7.151270669457581e-05,6.082161336045857e-05,1.0864687497179166
2015-02-12,6.625281595902424e-05,0.7361964912731258,0.00014498622053582208,1.1592480292476914,7.215381169830462e-05,5.52314578210069e-05,1.089067847967851
2015-02-13,6.59493776327874e-05,0.7369131121789427,0.0001423138040168451,1.1458849613992892,7.13912767015407e-05,5.420329976249149e-05,1.0825163066595462
2015-02-17,5.2818371217651516e-05,0.7261380667260067,0.0001367775009742097,1.1615861178332971,6.171902250687472e-05,5.551202387649944e-05,1.1685143082611504
2015-02-18,4.925751255554142e-05,0.7403945239675516,0.0001337685107664262,1.1624622154439557,6.010026437576408e-05,5.5710060366146286e-05,1.2201238198538076
2015-02-19,5.2538640297651296e-05,0.7269051309126837,0.00012962106131167092,1.1619070775546492,5.99866950699359e-05,5.5789009194157016e-05,1.1417633713032647
2015-02-20,5.811623348480445e-05,0.7264210589252387,0.000122747308247228,1.1563137891064956,6.135403707136918e-05,5.5071187304273886e-05,1.055712550391128
2015-02-23,5.7842904366347e-05,0.7173084265114636,0.00012504804650820026,1.1511534506278729,6.1005562258198045e-05,5.509060055007029e-05,1.0546766786090203
2015-02-24,5.363774172174018e-05,0.6823628959980812,0.0001153037806361813,1.1538343636205737,5.3662687601976614e-05,5.5433583075641225e-05,1.0004650807330004
2015-02-25,4.6420168910813084e-05,0.678698382661178,0.00011555680612094084,1.1670036200170375,4.97081885950751e-05,5.862322748215373e-05,1.0708317044381996
2015-02-26,6.082008377129165e-05,0.6798405976763513,0.00011809390970498905,1.128607947153465,5.7616165696919054e-05,5.9765342936187085e-05,0.9473213801148214
2015-02-27,6.477291200020017e-05,0.6786019751212499,0.00011950784789275206,1.1340086236178115,5.970490934259076e-05,5.995965246583719e-05,0.9217573750954141
2015-03-02,7.10002492943561e-05,0.6819953508985513,0.00012106047219285393,1.1545005612319192,6.322844958690526e-05,6.336469858551738e-05,0.8905384166296352
2015-03-03,6.22129036386534e-05,0.6992720908544701,0.0001239703607503695,1.1610334492166727,6.141088602981196e-05,6.372583522463162e-05,0.9871085006174967
2015-03-04,6.357489191775788e-05,0.7111625444018443,0.00012652699739680164,1.134535079474873,6.37827575426235e-05,6.23197518327461e-05,1.003269618218691
2015-03-05,6.337223751236057e-05,0.7217022414607166,0.00012660007385034903,1.130578250609551,6.464345412515965e-05,6.647468203669497e-05,1.020059519163279
2015-03-06,6.737776824421294e-05,0.7469014668521625,0.00013157671949374985,1.1318340370511164,7.032522824169268e-05,6.187347697873278e-05,1.0437452897934607
2015-03-09,6.459093954914395e-05,0.7576895335666779,0.0001312536435744657,1.1495827382109347,6.976422484980653e-05,6.272083654472249e-05,1.0800930492228944
2015-03-10,6.248974140729342e-05,0.784306332415974,0.0001363397210168621,1.1193806693421189,7.239378534417951e-05,5.3969372175179304e-05,1.1584907172576353
2015-03-11,5.4252554100076106e-05,0.7695294804139405,0.00013158292987311274,1.1147250942318356,6.501822853467292e-05,5.589304836240276e-05,1.198436269281223
2015-03-12,5.508043688697334e-05,0.7678854211495831,0.00013078661572900013,1.1750068268561706,6.517435794000984e-05,5.5112716417821026e-05,1.1832578248017442
2015-03-13,5.707193087433516e-05,0.764612966786046,0.00012381754166460173,1.1343706023825837,6.427528785625509e-05,5.2155462741134315e-05,1.1262154069709114
2015-03-16,5.2149496476829495e-05,0.7605293210708074,0.00012141639922141032,1.1687900653837848,6.051732132009513e-05,4.9500874988515017e-05,1.1604584014916335
2015-03-17,4.691748238540657e-05,0.7512726280781596,0.00012204530632020136,1.1853879877250044,5.684934388074032e-05,4.99179192840037e-05,1.211687861120677
2015-03-18,5.051902620859181e-05,0.7561584583505627,0.00013242783534889987,1.1076055696392768,6.184860946959047e-05,4.345146704891657e-05,1.2242636905592577
2015-03-19,5.142834644805491e-05,0.7631835942777659,0.00013727693863873892,1.0611574304205418,6.412525412963357e-05,4.1227087836858924e-05,1.2468853960607724
2015-03-20,5.066833282542825e-05,0.7624124474507891,0.0001382715987418482,1.0764758656992042,6.381529447693382e-05,4.436886272162086e-05,1.2594709736513705
2015-03-23,5.007282454924587e-05,0.7779395099529095,0.0001364407323931736,1.0374738123795866,6.430117292711202e-05,4.469160043216849e-05,1.284153101127195
2015-03-24,4.2218867344400384e-05,0.7390935706331345,0.00013055043575135484,1.0769757058956448,5.487087378754982e-05,4.557358474092854e-05,1.2996765957727074
2015-03-25,4.692159710753298e-05,0.7465429689457054,0.00013510091191508986,1.061475653154229,5.943884241652998e-05,4.0400404212667874e-05,1.2667693787214978
2015-03-26,4.732340893496746e-05,0.7408519028426944,0.0001253510413874025,1.051848490659972,5.706021248195816e-05,3.986549209587909e-05,1.2057502569261476
2015-03-27,4.354358066573599e-05,0.7164440658418836,0.0001168044932183699,1.0487074369734748,5.109449770444547e-05,3.974462126027291e-05,1.1734105676029354
2015-03-30,4.5502666776921666e-05,0.7176517444806674,0.00012478766985543862,0.9838241116763606,5.407767452301105e-05,3.436362786192124e-05,1.1884506635210776
2015-03-31,3.983451498744685e-05,0.684536812845485,0.0001241804945698038,1.068394036013784,4.8145230237700196e-05,3.718973715441167e-05,1.2086310139052105
2015-04-01,4.176214734580363e-05,0.6561625088863399,0.0001275032572935868,1.1175025574540065,4.788102766303054e-05,3.861614420172046e-05,1.146517377723915
2015-04-02,4.894523588776545e-05,0.6428110035943697,0.00012835297090803058,1.0636283892963674,5.094968203995502e-05,3.75207941155287e-05,1.0409528346494414
2015-04-06,4.8199312485919956e-05,0.6497171953157729,0.00012991148998228854,1.0403694462615745,5.141248130002669e-05,3.567470887665712e-05,1.0666642042880874
2015-04-07,4.533264144371158e-05,0.6339526188383151,0.00011662715730272944,1.0633315448786298,4.60958850529184e-05,3.956660012161195e-05,1.0168365130488706
2015-04-08,4.177649686660928e-05,0.6246065977041513,0.00011729900929285124,1.0204567257455026,4.3723986272991514e-05,3.7953906626893224e-05,1.0466168671968952
2015-04-09,4.664355209638432e-05,0.6222864720472353,0.00011475592498712746,0.9520114300001896,4.552749203184194e-05,3.639215052964833e-05,0.9760725756426922
2015-04-10,4.853778747139849e-05,0.6187781031300106,0.00011476643189904111,0.9834961632989676,4.618302378201929e-05,3.7350104652052594e-05,0.9514859697556923
2015-04-13,4.467938122611643e-05,0.6232473906466849,0.00011611019003647498,0.9840645962057424,4.488995931363676e-05,3.7567766478326346e-05,1.004713093192912
2015-04-14,4.646938254229903e-05,0.6345632144540369,0.0001118309972979793,0.9870908320938117,4.574455871048579e-05,3.7661508246140646e-05,0.9844021204466518
2015-04-15,4.691423215315267e-05,0.6486706803612539,0.00010930209917126758,0.9802154456308328,4.6450546308171536e-05,3.9289601840268454e-05,0.9901163074892194
2015-04-16,4.176974619173272e-05,0.6767598686876358,0.00010810874505225919,0.97523563973713,4.547743152871651e-05,4.106442152288557e-05,1.0887648519568367
2015-04-17,4.332386275975345e-05,0.7011084616029795,0.00011373547437065445,0.946931971858248,4.921491801454636e-05,3.738716309572344e-05,1.1359771469931237
2015-04-20,4.305137811564542e-05,0.6704554826006525,0.00010341466868784714,1.006549352239537,4.4735732011037165e-05,3.7984332692796585e-05,1.0391242735799815
2015-04-21,4.4326391543702614e-05,0.6665144850655385,0.00010009834809211088,1.0014708456796888,4.439706253032316e-05,3.901493249530104e-05,1.0015943320482306
2015-04-22,3.760113128202133e-05,0.6860765681109701,9.727420193683931e-05,0.9785576371661024,4.149271766029364e-05,3.779650707885562e-05,1.1034965237903107
2015-04-23,3.981692672329287e-05,0.6935995734481314,9.455928411941449e-05,0.9734723216788268,4.2559329096886844e-05,3.7447831035924736e-05,1.0688752899653018
2015-04-24,4.472325784062566e-05,0.6998084992282884,9.330239460439858e-05,0.9690450014071657,4.5205608936500695e-05,4.6634369844377164e-05,1.0107852405921305
2015-04-27,4.8016264703360416e-05,0.7019073160756558,9.223957287996011e-05,1.0020907341506995,4.6712444720127385e-05,4.8098390857689245e-05,0.9728462846644174
2015-04-28,4.837591330570472e-05,0.7150250588367922,8.978576773026366e-05,0.9757382172798654,4.712372374042859e-05,4.812415603971736e-05,0.9741154330800311
2015-04-29,4.7158652268819175e-05,0.7260782595553258,8.888351566869422e-05,0.9650752798466424,4.700832079162756e-05,4.729757649700283e-05,0.9968122185440187
2015-04-30,4.7296624411946914e-05,0.7418591380825712,9.165394112550663e-05,0.9854855316330432,4.884409821063447e-05,4.629435546361862e-05,1.032718482934623
2015-05-01,5.0018555724514286e-05,0.7378769077030083,9.056725100634082e-05,0.93626839430962,4.966324416155981e-05,4.2298988004984365e-05,0.9928964049879525
2015-05-04,4.992916004912971e-05,0.7401277166894188,8.914103994017274e-05,1.068957088469858,4.937676652268259e-05,5.456599524538303e-05,0.988936454650878
2015-05-05,5.102770643270727e-05,0.753965716019974,8.976803255167433e-05,1.1150786249132667,5.102881413966276e-05,5.403126003402099e-05,1.0000217079510902
2015-05-06,5.61480236098465e-05,0.7400142345966401,9.530638251800182e-05,1.1933216715766009,5.4133773745392476e-05,6.18282829240753e-05,0.9641260771981868
2015-05-07,5.2055366505413186e-05,0.7277516841654486,9.623799036808913e-05,1.177631157280638,5.1509726770224945e-05,6.380914321055726e-05,0.9895180886848333
2015-05-08,4.9463315458690945e-05,0.7304264013775008,9.934190780240783e-05,1.1667109191059184,5.120169309364442e-05,5.9176835541245395e-05,1.0351447859657785
2015-05-11,4.237087867236375e-05,0.7193582506073694,9.560701812343134e-05,1.1637159158048629,4.578506666325577e-05,5.842812984939456e-05,1.0805786450003196
2015-05-12,4.7490306282055044e-05,0.7285607381640558,9.489929451041187e-05,1.183476183109399,4.8910234018129085e-05,6.082860812726048e-05,1.0298993172973192
2015-05-13,4.663897325113825e-05,0.7026155547879124,9.060163370660421e-05,1.183820647744653,4.567307636705957e-05,6.0855770543933556e-05,0.9792899196370042
2015-05-14,4.9144732522979803e-05,0.7092589669175106,9.532927255510186e-05,1.1863840709239148,4.8546336566760904e-05,5.8172552933527034e-05,0.9878238027658591
2015-05-15,5.102390807027307e-05,0.7134191826522737,0.00010106827962855428,1.1675968275923048,5.123173678534772e-05,5.7631798157677433e-05,1.0040731634038775
2015-05-18,5.1224895533544154e-05,0.6913378730085029,0.0001034645412619099,1.1910382325552464,5.032996844361139e-05,5.858211979244427e-05,0.9825294501704405
2015-05-19,5.107054978153525e-05,0.6875606115164247,0.00010264342559344457,1.1897310286229952,4.978079460273165e-05,5.9307723112688936e-05,0.9747456178889635
2015-05-20,4.960583034370502e-05,0.687608376187481,0.00010868358348641002,1.1886048636001996,5.048815436225689e-05,6.196079701615324e-05,1.0177866999189107
2015-05-21,4.7917991249736124e-05,0.6641432954866422,9.908572764729476e-05,1.224441063160481,4.576322753346567e-05,6.424276477995692e-05,0.9550322611596888
2015-05-22,4.8649795894238564e-05,0.6665403388421609,9.277778989400735e-05,1.216615196959579,4.4780502286607924e-05,6.823696161481058e-05,0.9204663958705556
2015-05-26,5.2044924254716454e-05,0.6862603203027627,9.680887670992753e-05,1.232013292225598,4.8711967300678306e-05,6.733150445187236e-05,0.9359599999084233
2015-05-27,5.41376103742017e-05,0.6816412978340974,9.772803212936947e-05,1.2576709629750715,4.958096927231873e-05,6.613418227692028e-05,0.9158322454503023
2015-05-28,5.2639353679274204e-05,0.6866028068917888,0.00011230414977667388,1.2462964177484233,5.279086167374122e-05,6.556085635266296e-05,1.0028782267234917
2015-05-29,4.7121939363217764e-05,0.6650055513961541,0.00011035299670827022,1.2578278756369818,4.795445000810656e-05,6.54118477654036e-05,1.0176671558118984
2015-06-01,4.566975475334599e-05,0.6653870820162868,0.00011440060326912322,1.2526118226892815,4.809532481952079e-05,6.508923994219194e-05,1.0531110814865299
2015-06-02,4.848176142599366e-05,0.6626011395900014,0.00011843384963733711,1.2539456618225762,5.020873696744042e-05,6.548375311304713e-05,1.0356211385612082
2015-06-03,4.583723039523311e-05,0.6341553971878866,0.00011516678631707913,1.2430694914768703,4.607533498446515e-05,6.646988134583018e-05,1.005194567542126
2015-06-04,5.208668778062701e-05,0.6676840234324879,0.00012995497353517844,1.2329390075249256,5.493268255161872e-05,6.412571862212154e-05,1.0546395805196553
2015-06-05,5.356843740955158e-05,0.7095928253876285,0.00013321509828593972,1.2501352509015933,5.994326984889105e-05,6.945036136951985e-05,1.1190035167649448
2015-06-08,5.4875341169450945e-05,0.7127975911004177,0.00013283967584718244,1.303762984367646,6.0858149620609175e-05,7.37455161239647e-05,1.1090254442825924
2015-06-10,5.7400521339002106e-05,0.7229190083560416,0.00013897749039020724,1.2874288935059084,6.456836586617337e-05,6.86726292415538e-05,1.1248742060170263
2015-06-11,5.7399555912391706e-05,0.7218627604860173,0.00013058055538246754,1.2971811744564543,6.249541550771831e-05,6.92830101286269e-05,1.0887787285864086
2015-06-12,5.544172754801711e-05,0.7042509694703298,0.00013049717119258917,1.302385215604147,5.990269746018545e-05,6.879937953236035e-05,1.0804623179951376
2015-06-15,5.424960916028536e-05,0.711228597393636,0.00013517601254318972,1.3056486783405497,6.090561503572296e-05,6.866779983553515e-05,1.1226922364688716
2015-06-16,5.423174022350414e-05,0.7122532550788028,0.00013751095978171515,1.3109365967855064,6.150775412807241e-05,6.98971843733432e-05,1.134165230077106
2015-06-17,5.412494915971205e-05,0.7123858588675868,0.00014073186155072896,1.1915457051411624,6.21742073006349e-05,7.495731238576669e-05,1.1487162254355396
2015-06-18,5.572982074389677e-05,0.7170693891816959,0.00014459592395248602,1.12576227888863,6.436992925429994e-05,9.106910567282179e-05,1.1550356415124372
2015-06-19,6.241618085312648e-05,0.7327571144806159,0.00014649531827103373,1.1371197918234135,7.006812761415189e-05,0.00013142871586096182,1.1225955618628998
2015-06-22,6.257165974145031e-05,0.7101073788152983,0.00014501769904787714,1.0663077250223003,6.764307903930271e-05,0.00012403017750972024,1.0810497806644062
2015-06-23,5.295413252336654e-05,0.7197240711809291,0.00015076095723048845,1.0417134147327969,6.430731840700312e-05,0.00015884812749515393,1.2143965983887446
2015-06-24,5.124155217210486e-05,0.726064486182852,0.00015102661144264206,1.105851074427669,6.38723760499665e-05,0.00018480289260472895,1.24649573134394
2015-06-25,5.1531038942745836e-05,0.7204534531774237,0.00014533785345276394,1.104548507883349,6.234903662078373e-05,0.0001845365022413338,1.2099316819530332
2015-06-26,9.885673436567757e-05,0.70017180778879,0.0001780726936511449,1.0977342823414098,9.289801067393994e-05,0.00018454968419693958,0.9397236442213849
2015-06-29,0.00010219846828200267,0.7377936936330383,0.0002055671611595376,1.121484964020696,0.00010693847864106152,0.00019983582601300936,1.0463804442350295
2015-06-30,8.697755639475864e-05,0.7397417620726843,0.00022524064011166097,1.107615245615018,0.00010353975070309088,0.00020728391157483206,1.1904191724260753
2015-07-01,9.667073925185136e-05,0.7305087401448674,0.00023332233125398878,1.1159244755643123,0.00010971123144347697,0.00020677930260345578,1.1348959601690007
2015-07-02,9.521395937942913e-05,0.7213175368164296,0.0002386021917201691,1.1349078074328005,0.00010872114509498181,0.000215183148313926,1.1418614014540278
2015-07-06,0.000172264093177785,0.6829426579601248,0.00026795688737741197,1.1533797999614328,0.00014672836688226873,0.00023654972991691626,0.8517640802302187
2015-07-07,0.00016730584927433944,0.6436926660969317,0.0002767068194271028,1.1541733092442927,0.0001384981762632195,0.00023915071763468614,0.8278143105213098
2015-07-08,0.00018325021701855255,0.6874557877841145,0.0003264774039150289,1.1270660279202491,0.00016814872774985118,0.00022834298106805246,0.9175908792120422
2015-07-09,0.00017483634785152047,0.6706199345941141,0.00034324342031329986,1.1212072658074206,0.00016428330542767185,0.0002277262969840305,0.9396404548966513
2015-07-10,0.0001852458943863911,0.6888697262094956,0.0003675398524750911,1.0950442813137404,0.00017974781228727874,0.00021798436746279083,0.9703200866214918
2015-07-13,0.00021177015433928543,0.7362859540595069,0.0003454439501665697,1.098105220674591,0.00019914421170546786,0.00021952759772892117,0.9403790270956264
2015-07-14,0.0001959846645507268,0.7412187661064183,0.00030398050398287987,1.1153307827660186,0.00018091739114209018,0.00022464200000022185,0.9231201408376687
2015-07-15,0.00017788056160659394,0.7465572989240171,0.0002772422257676606,1.1158191061120168,0.0001657895223025403,0.00022475339333321114,0.9320272030015594
2015-07-16,0.00018174519139179188,0.7631442247525435,0.00027528093950971344,1.1097709821953987,0.0001706971057220938,0.00023150308737459436,0.9392111252842916
2015-07-17,0.00017984339911716185,0.7699282520986626,0.00026880958532073617,1.1082068728179195,0.0001692855476100762,0.000232216125089082,0.9412941950668562
2015-07-20,0.0001933298802508964,0.768695034174463,0.00026949944095578364,1.1141100523127978,0.00017546176786976993,0.0002364662343992958,0.9075770783184788
2015-07-21,0.00019419877324157122,0.7741204185142583,0.0002648297795502968,1.114876641667346,0.0001755557963937418,0.00023653784985664834,0.9040005426571942
2015-07-22,0.00018582236281108658,0.7892259295344725,0.0002790444656443055,1.1144372067655135,0.00017971612300497262,0.00023650914164613474,0.9671393705593886
2015-07-23,0.00018795658724473803,0.795424747141088,0.0002873706046555397,1.1117356353672827,0.00018486259489865965,0.00023566892900654226,0.9835387926997754
2015-07-24,0.00019329917782205091,0.8149248652166554,0.00027851427651014627,1.0931933439529704,0.00018908466289954866,0.00024354019756464595,0.9781969330134342
