Date,Predicted_Index_Var,Predicted_Corr,Predicted_Var,Future_Beta_45d_EZU,Predicted_Covariance,Future_Cov_45_EZU,Beta_Predicted
2013-02-28,5.497886498863307e-05,0.8315423226776995,0.00021187907481811372,1.356216313440233,8.974830952681695e-05,7.427823726347204e-05,1.6324147387431969
2013-03-01,5.488021190183326e-05,0.8331929374879052,0.00020898668644089795,1.3622007974354318,8.923038768124222e-05,7.453503749344124e-05,1.6259118649332602
2013-03-04,5.501029900576039e-05,0.8370266612851243,0.00020845652352598207,1.3633123823784403,8.963322851394424e-05,7.453537221889216e-05,1.6293899530442169
2013-03-05,5.845535101370509e-05,0.8422714943245444,0.00020904146489589596,1.364921486473467,9.310659817736337e-05,7.315265860294954e-05,1.5927814402403324
2013-03-06,5.9250468430820016e-05,0.8404808388122738,0.0002008872848807284,1.3771917344985791,9.169590380536579e-05,7.43190978640499e-05,1.5475979554900665
2013-03-07,5.369174155549812e-05,0.8328794980319267,0.00018233557401424677,1.374835045670873,8.2408426445246e-05,7.431249032296012e-05,1.5348436101679637
2013-03-08,4.524810700565277e-05,0.8376770238897124,0.00018258657966778625,1.3803900217502318,7.613971338206438e-05,7.431300979071637e-05,1.6827159945619907
2013-03-11,4.8373919939468494e-05,0.8319062565456803,0.00017779979358273883,1.3435122128132535,7.715172798326753e-05,7.464063531046666e-05,1.5949033710687377
2013-03-12,5.1431479865635213e-05,0.8263249352163241,0.00017897791977684475,1.3353620400947854,7.928026563485885e-05,7.427565892352595e-05,1.541473545812382
2013-03-13,5.5261000285198275e-05,0.8238094903335947,0.0001828529380764944,1.3302915425301265,8.281082916671881e-05,7.510014233646394e-05,1.4985401773282736
2013-03-14,6.195858588029715e-05,0.8302537975215379,0.00018243554543705544,1.3093921936127306,8.827065494369324e-05,7.550061621150799e-05,1.424671878635683
2013-03-15,6.386120353979619e-05,0.8349162335883397,0.0001784478238471809,1.3273918937980018,8.912859960198305e-05,7.50340680260453e-05,1.3956611316672267
2013-03-18,6.402550064969363e-05,0.8403484391486686,0.0001740451845712107,1.3010620488118263,8.870883898204622e-05,7.203883770102811e-05,1.385523550489733
2013-03-19,6.71640875084588e-05,0.8416951720006556,0.00017293760008260087,1.2884844378859155,9.071270329064982e-05,7.329514280034574e-05,1.3506132020214712
2013-03-20,6.839791392936718e-05,0.8441248572522663,0.00018608739262690235,1.2712760038020023,9.52328086337906e-05,7.199078543621667e-05,1.392334987469576
2013-03-21,6.814178529168062e-05,0.8410557312879525,0.00018465934657182882,1.2618938473064192,9.434462785221173e-05,6.872958769908361e-05,1.384534136409399
2013-03-22,6.79733209422515e-05,0.8424113416408718,0.00018583653954362485,1.2612700781978936,9.468016464622009e-05,6.805782521748907e-05,1.392901852281987
2013-03-25,7.243408887933498e-05,0.8478271311138718,0.00019996071788751796,1.203466385976754,0.00010203546656672247,6.580557777908686e-05,1.408666390995809
2013-03-26,7.339742545776695e-05,0.8493095299423972,0.00019791370271335612,1.2347121089003217,0.00010236331513974021,6.644392548430447e-05,1.3946444919739087
2013-03-27,7.311742529462491e-05,0.8527951579568005,0.00019984891321046358,1.248138156293704,0.00010308751394053093,7.408107780997096e-05,1.4098898248282439
2013-03-28,6.422356192814954e-05,0.8562511750246794,0.0001956859419532888,1.2504641049237393,9.59904855068003e-05,7.467356080918464e-05,1.4946303603370703
2013-04-01,6.678777769649997e-05,0.8590922915947058,0.00018825837335136877,1.25127709805389,9.633086712955977e-05,7.498637496684242e-05,1.4423427527011132
2013-04-02,6.451960799026473e-05,0.8602667931255219,0.0001821152398432792,1.2203278950747247,9.325071366811425e-05,7.884256302409489e-05,1.4453081252785156
2013-04-03,6.836168011312682e-05,0.8598128401622211,0.00017754984915154621,1.238254924987799,9.472627164757928e-05,7.84554399635945e-05,1.38566330568271
2013-04-04,6.901245142532413e-05,0.8628508387615335,0.00017305893638821533,1.2101459029340167,9.429669424467347e-05,8.007709119980444e-05,1.3663721878755242
2013-04-05,6.697476452894188e-05,0.8679437771956527,0.00016769204195842552,1.2025507948513658,9.198212065061839e-05,7.86993523401969e-05,1.3733847561475196
2013-04-08,7.273438811092278e-05,0.871838348151992,0.0001603576026184631,1.2099931263393604,9.415657229633883e-05,8.197784049582808e-05,1.29452621712781
2013-04-09,7.022991067372413e-05,0.8737220684265612,0.00014778435645453847,1.1888857453890882,8.901200745386017e-05,8.261310923016811e-05,1.26743728704703
2013-04-10,6.636144982931065e-05,0.8660830810000473,0.00011924425463990638,1.1485435783276792,7.704353816128149e-05,8.17767982926663e-05,1.1609682784123374
2013-04-11,6.716170407401359e-05,0.8665435306871822,0.00012392564257017612,1.1511741950220091,7.905545224866076e-05,8.305934862071368e-05,1.1770912209365625
2013-04-12,6.98842565011876e-05,0.870596519054024,0.00012521588897816335,1.157965143992879,8.143972930885516e-05,8.460565755995083e-05,1.1653515882718333
2013-04-15,9.593981606210937e-05,0.8717335574021792,0.00013954571952076963,1.1714418575973002,0.00010086522575349916,7.070387824107869e-05,1.051338535902562
2013-04-16,8.836558039441448e-05,0.8745264170228407,0.000150834598878549,1.1997036814839623,0.00010096363691249543,7.359540197428757e-05,1.1425674619218285
2013-04-17,8.959564094882932e-05,0.8776365335655995,0.0001781502974403273,1.1656038367061372,0.00011087953849449873,8.283729577143034e-05,1.2375550564767461
2013-04-18,9.719405369416862e-05,0.8712018261671309,0.00017199319850973662,1.1819839160984174,0.00011264042008292986,8.291223121867057e-05,1.1589229567208388
2013-04-19,7.72897485213767e-05,0.8752986126510065,0.0001637245683920867,1.194039895661514,9.8463238165828e-05,8.664911161883962e-05,1.273949521760899
2013-04-22,7.797978274745508e-05,0.8767978079070464,0.0001558335566590719,1.1855532835008198,9.665425045163376e-05,8.79093811324165e-05,1.2394783243325738
2013-04-23,8.499754389235151e-05,0.8791826101251052,0.00016118795176929093,1.1486429035297243,0.00010290786447525559,8.495169298910908e-05,1.2107157426288377
2013-04-24,7.773768893068322e-05,0.8807332557033128,0.00014998754720971965,1.1098466636940023,9.510159688709838e-05,8.283414609674809e-05,1.2233653739294736
2013-04-25,6.90805921567358e-05,0.8835864260314498,0.00013798916639274413,1.1150224943739424,8.62679656667969e-05,8.337969275220089e-05,1.2488017686800506
2013-04-26,7.034557142953508e-05,0.876446285777284,0.000122173971736766,1.1267271995780774,8.125180771780509e-05,8.491287084838253e-05,1.1550379941002362
2013-04-29,6.776168711759701e-05,0.8760947762575116,0.00011932573567251367,1.105371979948844,7.877896239105661e-05,8.233895927601277e-05,1.1625885620932028
2013-04-30,5.8041023931509805e-05,0.8727566660099532,8.924271154225233e-05,1.1060029540353915,6.281264562887773e-05,8.227182777682823e-05,1.0822111908811014
2013-05-01,6.311211636341748e-05,0.8706108266217059,9.185807383315244e-05,1.0913861433769894,6.628863904607353e-05,8.169212256645803e-05,1.050331423911769
2013-05-02,6.214021471172626e-05,0.8652481481172385,8.478317520694526e-05,1.11392592820681,6.280321721099346e-05,8.213803038549782e-05,1.01066945942081
2013-05-03,7.476459886581012e-05,0.8616168925930493,9.631008642690333e-05,1.0858549033145848,7.311358765354349e-05,7.891922629889066e-05,0.9779172063073606
2013-05-06,7.535412832838797e-05,0.858734311863733,0.00010138374166186681,1.0865357998907306,7.505791546817587e-05,7.88640359972864e-05,0.9960690559789741
2013-05-07,7.392273390092128e-05,0.8569013311182538,0.00010475094301281116,1.1365376754475462,7.540476628601764e-05,8.630859682147856e-05,1.0200483979269859
2013-05-08,6.958015556766957e-05,0.8531926732735235,0.00010606778238606079,1.1270753554326447,7.329621688023392e-05,8.519423676242352e-05,1.0534069129660155
2013-05-09,7.111722928104653e-05,0.8536571673796878,0.00011129948314321392,1.122512301417968,7.594819887341708e-05,8.480868533830266e-05,1.0679296654440678
2013-05-10,7.562958883543677e-05,0.8549302886269676,0.00011158999618522846,1.1113163178798735,7.853969396006004e-05,8.427589446953979e-05,1.0384783940972548
2013-05-13,7.357910230951406e-05,0.8564196011477632,0.00011542698263238037,1.1111677843898784,7.892553101674262e-05,8.436061720131025e-05,1.0726623258427175
2013-05-14,7.590263764609063e-05,0.8566955676448124,0.00011655565325880877,1.142495708701987,8.05789539825762e-05,8.490388326670534e-05,1.0616094049101392
2013-05-15,7.650099964197039e-05,0.8568689657838346,0.00011764411487565182,1.1486271695816983,8.128924166707244e-05,8.477965265778138e-05,1.0625905811363423
2013-05-16,7.639729836462006e-05,0.8580773358778038,0.00011871384677020795,1.1521658541767197,8.171769737686958e-05,8.440160036054224e-05,1.0696411931591736
2013-05-17,7.425705624970095e-05,0.8541888616343629,0.00011985077316894732,1.1497343291214603,8.05829548795687e-05,8.217711898832758e-05,1.0851891921031172
2013-05-20,7.217439206379002e-05,0.8529597846505321,0.00012169108047693581,1.1355487465174596,7.99373038826522e-05,8.15579251318327e-05,1.107557702903837
2013-05-21,7.13709588975209e-05,0.850135966407243,0.00011372714212218073,1.1401010907917517,7.659161354894354e-05,8.19729931154354e-05,1.0731481646326035
2013-05-22,7.35750525384875e-05,0.8479434902020841,0.00011569424173414909,1.1395577826683396,7.823265564788338e-05,8.038339942223627e-05,1.06330410850824
2013-05-23,7.454058968752127e-05,0.842773384360759,0.00011306902474795462,1.144200781390123,7.737114908783262e-05,8.07432934089083e-05,1.0379733969395364
2013-05-24,7.630250921850573e-05,0.835837672430392,0.00010889181445348143,1.1433937417303552,7.618842027104371e-05,8.064838735053444e-05,0.9985047811843867
2013-05-28,7.438631671877e-05,0.8321373436121317,0.00011160023064320578,1.1385642449512323,7.581830755207673e-05,7.949794462306532e-05,1.0192507291189132
2013-05-29,7.273626036607267e-05,0.8268842667667682,9.287200970479413e-05,1.1545624912340164,6.796144976500388e-05,8.247524931126491e-05,0.9343544667125069
2013-05-30,7.309916508279677e-05,0.8268364898639523,9.860319503423329e-05,1.149576329197009,7.019745008495595e-05,8.191202020604922e-05,0.9603044030044098
2013-05-31,7.696255068093324e-05,0.8213532673940603,0.00011072666054360478,1.1300001036526186,7.58221013587651e-05,7.463369203473426e-05,0.9851817629213441
2013-06-03,7.835861755638394e-05,0.8215370993189638,0.00011722591679136298,1.1213074552642888,7.873763788587628e-05,7.45908097451357e-05,1.00483699612515
2013-06-04,7.696792659140356e-05,0.822272268163722,0.00012599166153539482,1.1066344166962605,8.097322541484788e-05,7.32377588690122e-05,1.0520385438561581
2013-06-05,8.390672708275947e-05,0.8180702684437429,0.00013286740769789782,1.1282564419067644,8.637702273408076e-05,6.906027452663567e-05,1.0294409725800027
2013-06-06,8.864935953499249e-05,0.8165568886344687,0.00016117421278792005,1.1258929291043558,9.760499127117227e-05,6.7673027281849e-05,1.1010230844662192
2013-06-07,8.584609796353898e-05,0.8178796309580297,0.00016250443189790752,1.1576252442574908,9.660114565602171e-05,6.594187002968561e-05,1.1252828951765599
2013-06-10,7.344670994631798e-05,0.8127522214731128,0.00014965348184059956,1.158888122367141,8.520944785689793e-05,6.614831096169809e-05,1.1601533672396942
2013-06-11,7.540176794643908e-05,0.8069273828319695,0.00015079778128525515,1.137913431289905,8.604441647290626e-05,6.265885432508155e-05,1.1411458751740022
2013-06-12,7.564969572692771e-05,0.8064273667541758,0.00014360012931212388,1.0734560594132725,8.40516543274458e-05,6.246412588097988e-05,1.111064010499746
2013-06-13,7.668406692361186e-05,0.807724567629034,0.0001324200354256903,1.0941596967084717,8.139405984574537e-05,5.866279719205829e-05,1.061420750243011
2013-06-14,7.978958283363962e-05,0.8075384598106384,0.0001327820353563592,1.0983998594516122,8.312008394456674e-05,5.89196390347588e-05,1.0417410518096226
2013-06-17,6.406673037804978e-05,0.7986830196215694,0.00013470140139007855,1.072242290458436,7.419536718989087e-05,5.6674630446931103e-05,1.1580951103961958
2013-06-18,5.269216623890948e-05,0.7944101496135942,0.00010631959128982209,1.0823308417641997,5.945993910184416e-05,5.663188566220553e-05,1.1284398297889138
2013-06-19,5.313666894497608e-05,0.7903069121747783,0.00011661478520055297,1.05811483699814,6.221136802357238e-05,5.260279985962131e-05,1.1707803529798473
2013-06-20,6.610900161714408e-05,0.7776887933950953,0.000123503313280578,0.9220651135005006,7.02708884374773e-05,3.208741184902753e-05,1.0629549186725868
2013-06-21,6.524441916700448e-05,0.7797467961225668,0.00012730790253343257,0.9172211174572074,7.106454259565319e-05,3.218570503861176e-05,1.0892049236234458
2013-06-24,5.5679700730278476e-05,0.7285667861579538,0.00013289141088146028,0.9932023436504502,6.267094899867749e-05,3.728029550622112e-05,1.125561886588898
2013-06-25,5.683904438603972e-05,0.6967083624767112,0.00013078985217949976,0.9848508087185612,6.007052556154419e-05,3.540290888458372e-05,1.0568531932654757
2013-06-26,5.616484134519195e-05,0.6725749537116209,0.0001136126369123241,0.9871226622927392,5.3726219060740115e-05,3.361508876536125e-05,0.9565809815171749
2013-06-27,5.600093181678947e-05,0.6870635599044406,0.00011697790650083126,1.096598219671214,5.560917657372364e-05,3.694361110171978e-05,0.9930044870619745
2013-06-28,5.651835513949762e-05,0.6874420967384255,0.00011664196099978059,1.1051738878991433,5.581594559472665e-05,3.7126651917671494e-05,0.9875720101365779
2013-07-01,4.0959150997653995e-05,0.6950646720410529,0.00011641914422248886,1.0611098999687136,4.7996866980092216e-05,3.639433431533376e-05,1.1718227993261217
2013-07-02,4.708768430286185e-05,0.7003636806152336,0.00010360234308969676,1.0463987185752883,4.891725423295561e-05,3.5842461681301174e-05,1.0388545318628584
2013-07-03,4.5307854285029834e-05,0.7039834067156606,9.987451960227149e-05,1.0452968036503554,4.735616465722848e-05,3.580429100590088e-05,1.045208726048089
2013-07-05,5.048108536897671e-05,0.7039509430331324,9.936179402666233e-05,1.109858467736398,4.9855887211751836e-05,3.745125938344818e-05,0.9876151997791812
2013-07-08,5.858594159480322e-05,0.7047054898367111,0.00010165167128870348,1.1249929176861748,5.438280743134137e-05,3.8468065579518756e-05,0.9282569495505951
2013-07-09,6.185296409698371e-05,0.7146266605176387,9.100657857100548e-05,1.1692916528660182,5.361617972099197e-05,3.8997801800145436e-05,0.8668328269106603
2013-07-10,6.043816195282401e-05,0.7219206869981609,9.144207335203453e-05,1.177507782418297,5.3668337632105795e-05,3.954409145122492e-05,0.887987587610581
2013-07-11,6.428746384905295e-05,0.7247608484367781,0.00010932079689832659,1.087969378482368,6.0758810889835066e-05,3.235321198918729e-05,0.9451113366751694
2013-07-12,6.999194674271863e-05,0.7237957855247559,0.00010390008172587384,1.0906884702641495,6.172314278349532e-05,3.3173277676250146e-05,0.8818606376299495
2013-07-15,7.060701256657018e-05,0.7242564256503593,0.00010005985570289031,1.0860101292185027,6.087601444152592e-05,3.314447748369686e-05,0.8621808546867833
2013-07-16,3.5042919617133015e-05,0.7306607758954577,9.539129166658807e-05,1.196451567366576,4.2244512203131645e-05,3.927863407152578e-05,1.2055077791656852
2013-07-17,3.792838595062833e-05,0.7346065839728978,9.225040986760946e-05,1.2092158273221094,4.345313846286551e-05,3.975531930097643e-05,1.145662737123293
2013-07-18,3.7451029819475974e-05,0.7343505024013404,9.403941157749756e-05,1.1404387414159276,4.358030145031253e-05,4.076883989861558e-05,1.1636609636739308
2013-07-19,4.0860668714576163e-05,0.7335709793966515,9.231234721508658e-05,1.1446452022824365,4.5053109827165554e-05,4.145392167639077e-05,1.102603340681349
2013-07-22,3.950888193740232e-05,0.7335576790006658,9.067655285829805e-05,1.1411722971934517,4.390653231965718e-05,4.138525768680477e-05,1.1113078924689004
2013-07-23,3.3171208880188284e-05,0.7426652298603635,8.832490709529625e-05,1.1392446866073738,4.019900797469762e-05,4.1415053770299095e-05,1.2118644249563886
2013-07-24,3.471216593235655e-05,0.7477824990264115,8.85035556015272e-05,1.1448974826843688,4.1447325589038164e-05,4.1625420823451256e-05,1.1940287929542164
2013-07-25,3.488954269695917e-05,0.7515318951212854,9.001150386899473e-05,1.130191858233891,4.211570395856207e-05,4.1513033687732576e-05,1.2071153905445917
2013-07-26,3.343176772700175e-05,0.7529830826432945,8.774176039756944e-05,1.14067042181197,4.0781956884432565e-05,4.258230260967892e-05,1.2198564316865097
2013-07-29,3.360094972876798e-05,0.7541753256510172,8.826103827344642e-05,1.1428189384299576,4.107074794727469e-05,4.4044225907130236e-05,1.222309139438143
2013-07-30,3.816574763863081e-05,0.7609837139794451,8.68879781568429e-05,1.1416279636361464,4.382198999065345e-05,4.402578241577204e-05,1.148202058179976
2013-07-31,3.750748633018741e-05,0.7629465782126781,8.492870046771985e-05,1.1300427086761486,4.30606269563303e-05,4.575261243875282e-05,1.1480541931617934
2013-08-01,4.226173154810077e-05,0.7657833668301998,8.88766263276973e-05,1.09606920735126,4.693246370413576e-05,4.2469595679017623e-05,1.1105191856779209
2013-08-02,4.130983358011611e-05,0.7647166554555884,8.678880776256992e-05,1.0732201602692897,4.578878640810785e-05,4.317689087587916e-05,1.108423405272386
2013-08-05,3.7225611971094185e-05,0.7607609950693985,7.814790498592062e-05,1.0535775677853871,4.1032486072128636e-05,4.533869199928637e-05,1.1022649165308687
2013-08-06,4.1983018398946586e-05,0.7606335034848459,7.696692278062112e-05,1.0478777378116635,4.323787504461745e-05,4.4521843373076626e-05,1.0298896242701394
2013-08-07,4.81253999850549e-05,0.7567484108989836,7.847570638769592e-05,1.032452675434137,4.650571336232419e-05,5.46103480478822e-05,0.9663444537970864
2013-08-08,4.5117615842124565e-05,0.7547557539173365,7.958103832199099e-05,1.004936811345539,4.5225596559130235e-05,5.3787705937951506e-05,1.0023933161136775
2013-08-09,4.7210405389653165e-05,0.7526700361387035,8.012035721859793e-05,1.005294602281258,4.6290826011566986e-05,5.393614379397628e-05,0.9805216801148732
2013-08-12,4.729046229109182e-05,0.7530595487798022,7.926416719315707e-05,0.9939756470876708,4.6105692557284903e-05,5.453502904566181e-05,0.974946962317387
2013-08-13,5.1414947954433665e-05,0.76424550968065,8.039247031134996e-05,0.9643168436257722,4.913435767139709e-05,5.6838126187455186e-05,0.955643438848606
2013-08-14,5.361675369996386e-05,0.766326420812421,7.663839236429167e-05,0.9860620509762144,4.9123267846444e-05,5.8282815741324914e-05,0.9161925043305469
2013-08-15,5.120699157562921e-05,0.7647244502535819,7.8270918317109e-05,1.0562932947598669,4.841387241957722e-05,5.794310588633664e-05,0.9454543399229625
2013-08-16,4.9139520575593413e-05,0.765770936776065,9.805651879541334e-05,1.0657150988701705,5.3156034243514034e-05,5.801731550747119e-05,1.0817369323280606
2013-08-19,5.1240075352845624e-05,0.7625729534711513,9.518792257795199e-05,1.057124363443358,5.3257061730237175e-05,5.6627793243042166e-05,1.0393634545519757
2013-08-20,5.687877447837599e-05,0.7818046400988788,8.935280665718924e-05,1.0756985921298865,5.573492977147917e-05,5.820683935427982e-05,0.9798897793177368
2013-08-21,5.746511661394483e-05,0.7955563854304644,8.872047682871245e-05,1.0687727556827966,5.680480138707103e-05,5.658115227930199e-05,0.9885092858801653
2013-08-22,5.43081375808944e-05,0.8019341630836588,8.238653231992086e-05,1.045068280415309,5.364129843316567e-05,5.415047917643358e-05,0.9877211928555745
2013-08-23,4.6628310947370826e-05,0.9161324795968845,4.360041952557862e-05,1.043424063182927,4.130745671633357e-05,5.396312090392098e-05,0.885887905374851
2013-08-26,5.7057237442025364e-05,0.901119050367131,4.507702645810505e-05,1.031826067856426,4.5699891735460475e-05,5.312959987465409e-05,0.8009482019155791
2013-08-27,6.26349019454684e-05,0.8233276294773642,7.14248891691529e-05,0.943415005382808,5.506880829909314e-05,4.2713907633774456e-05,0.8792032331596448
2013-08-28,6.352118414260544e-05,0.8361117484755834,7.885535433678675e-05,0.954834836082951,5.917512887296401e-05,4.358389921581051e-05,0.9315810098897951
2013-08-29,6.345432123592429e-05,0.850234579063333,8.436016770752633e-05,0.950859277710877,6.220683168098717e-05,4.341704336299992e-05,0.9803403530186868
2013-08-30,6.533098257867051e-05,0.7617744418628166,8.05812639479987e-05,0.9276085586725916,5.527172644671455e-05,4.19390636123917e-05,0.8460262537787064
2013-09-03,6.741624909395761e-05,0.7623745835443866,8.797652668091283e-05,0.9411426118580096,5.871297786347257e-05,4.286850702922531e-05,0.870902470139575
2013-09-04,5.29054408502055e-05,0.7750982741615805,8.072044520191898e-05,0.966466311242276,5.0652246646177605e-05,4.331015604171043e-05,0.957410917141632
2013-09-05,5.526096611110341e-05,0.7734427650202118,6.788909957498286e-05,1.00774585909269,4.7373714917363064e-05,4.968048095257792e-05,0.8572726510448107
2013-09-06,5.903493096893949e-05,0.7799766937009334,6.875970454387559e-05,0.9684974334772928,4.9693908574364494e-05,5.0946454720907944e-05,0.8417712659054406
2013-09-09,5.950680039687122e-05,0.7738633053443722,7.067311993879161e-05,0.9690908848781224,5.0185087508998374e-05,4.952693906057844e-05,0.8433504603557384
2013-09-10,6.058865375686932e-05,0.7751798569004442,7.579639045742134e-05,0.947394136093028,5.253181336244495e-05,4.7807101290305975e-05,0.8670239410376251
2013-09-11,5.2548421709793746e-05,0.7858149295716191,7.7080136713507e-05,0.9290789957867808,5.001166944842282e-05,4.779991319460911e-05,0.9517254338221516
2013-09-12,5.463125330927889e-05,0.7925031361062893,7.739841862701387e-05,0.9190850124915056,5.153325979916504e-05,4.726205646035028e-05,0.9432926516883026
2013-09-13,5.629719144726608e-05,0.7874220160663562,4.996360438785401e-05,0.9186089976870596,4.1761664348543865e-05,4.7408433517241884e-05,0.7418072425098199
2013-09-16,5.4138744378514925e-05,0.78525088409002,4.7545119139447195e-05,0.9007795536104786,3.98396480906339e-05,4.653697031540122e-05,0.7358805333956794
2013-09-17,5.7555509167455784e-05,0.7891243309215393,4.91494362327491e-05,0.9050937145177602,4.1970887677206805e-05,4.6745150348202374e-05,0.7292245049052375
2013-09-18,6.204530316157312e-05,0.798135277706307,7.957300516461436e-05,0.8398142356030042,5.6080753810684675e-05,4.1504943805084366e-05,0.9038678345183345
2013-09-19,6.178297806302708e-05,0.7980895477238608,8.191546653017513e-05,0.8457708493619289,5.677654966494755e-05,4.26898808402752e-05,0.9189675124923197
2013-09-20,6.675064824066973e-05,0.7921218384014556,7.937798184064103e-05,0.8865521127845691,5.765935196345637e-05,4.166699116466917e-05,0.8638021275174039
2013-09-23,6.644616634370019e-05,0.7919319327634262,7.962579965527354e-05,0.8864350166302533,5.760361289105002e-05,4.105486780244735e-05,0.8669215405609546
2013-09-24,6.687102886618699e-05,0.791933305328704,7.913796600079735e-05,0.8908536788746253,5.7610288815730865e-05,4.100079262088539e-05,0.8615134205727949
2013-09-25,5.221698153901886e-05,0.7972122471994375,7.539828834742626e-05,0.9061413764027414,5.002194645947155e-05,4.1330137439978966e-05,0.9579631948295003
2013-09-26,5.0374063840171386e-05,0.802858993720983,7.266575617397556e-05,0.9076869947967672,4.857442512954294e-05,4.138138183922227e-05,0.9642744981556698
2013-09-27,5.122431082106018e-05,0.8055380829074948,6.895563249285653e-05,0.9277625850352138,4.787502484062305e-05,4.1866826190471535e-05,0.9346153042031732
2013-09-30,5.1567877421329924e-05,0.8087231507820922,7.062537994296578e-05,0.9472150948886834,4.88056276289303e-05,4.247060547050362e-05,0.9464346812293445
2013-10-01,5.3629225784131454e-05,0.8066187743672373,7.279618782759855e-05,0.9361122166520331,5.039917278034455e-05,4.1130752861141675e-05,0.9397706575741271
2013-10-02,4.9785428743887e-05,0.8060109665555119,7.053176601643628e-05,0.9414706123071418,4.776221460693428e-05,4.195252538356391e-05,0.9593613194061096
2013-10-03,5.1677659876475144e-05,0.8081249295207039,7.183894741806587e-05,0.974819318214448,4.9239077093075786e-05,4.294444536967002e-05,0.9528116638944509
2013-10-04,4.988490741732951e-05,0.8014621533444795,6.80191809556408e-05,0.9872235765224372,4.668563854285645e-05,4.2726666351014776e-05,0.9358669978535099
2013-10-07,5.300164613196136e-05,0.7975821951752246,6.774563339632055e-05,1.0192860899136202,4.779261384478451e-05,4.22785493109802e-05,0.9017194244456557
2013-10-08,5.7418241986777646e-05,0.7928185170600065,6.988996037359904e-05,1.0178179087625807,5.022340204617494e-05,4.1960659162318944e-05,0.8746941792077239
2013-10-09,4.671951297786224e-05,0.8011602244291062,6.689870881015126e-05,1.0281502704240348,4.4789622367367916e-05,4.294367829929741e-05,0.9586919792719417
2013-10-10,5.493659376391755e-05,0.810366428259301,8.023656833943054e-05,1.0194811623414397,5.380200716506043e-05,3.3415089070916175e-05,0.9793473435260139
2013-10-11,5.397060840252837e-05,0.811574125684863,7.326332026637565e-05,1.060887879886328,5.103288820289748e-05,3.471445164849707e-05,0.945568147430903
2013-10-14,5.390763459317086e-05,0.8133717098252227,7.223948433850681e-05,1.0681728547473914,5.0757651496551994e-05,3.5177906881786394e-05,0.9415670318241358
2013-10-15,5.553151341989191e-05,0.8135882551128316,7.081573326521065e-05,1.0474457089329103,5.101986481539182e-05,3.861546303562146e-05,0.918755165731104
2013-10-16,4.144281603770634e-05,0.8074770279850914,7.140347051948443e-05,1.0740960464956877,4.392527259373758e-05,3.592634137745304e-05,1.0599007691410882
2013-10-17,4.1583055321708076e-05,0.8080430125408441,7.358459267497009e-05,1.050865864035143,4.469779735329377e-05,3.442732403481732e-05,1.074904116772768
2013-10-18,4.3823960134694674e-05,0.8123944513938461,7.380901394599575e-05,1.0634669078103152,4.6203774985902266e-05,3.450408420355996e-05,1.0543039662297322
2013-10-21,4.4710412594374516e-05,0.8180474744059804,7.353486217806472e-05,1.067466589361887,4.690611763310613e-05,3.464324781020273e-05,1.049109478336773
2013-10-22,4.4371990394003997e-05,0.8176460762161225,7.04556806934134e-05,1.0555347247428122,4.5717010094067546e-05,3.410328652971625e-05,1.0303123589480743
2013-10-23,3.6244305626284386e-05,0.8160256167876357,7.202959916824749e-05,1.0458752250804304,4.169453966954847e-05,3.299589459524092e-05,1.1503749057703445
2013-10-24,4.040389782719303e-05,0.8145997374090422,6.831399350507977e-05,1.0380734770479685,4.279674459096127e-05,3.26718065051611e-05,1.0592231663886098
2013-10-25,3.967999624918889e-05,0.812796249203687,6.367929589108141e-05,1.0485253454550831,4.0857014467665623e-05,3.302872407701818e-05,1.0296627603260118
2013-10-28,4.081308187982178e-05,0.8119613260869981,6.45602023752607e-05,1.150523240891466,4.167901828555195e-05,3.915936768635696e-05,1.0212171285736276
2013-10-29,4.2024721372673885e-05,0.8114812162186612,6.170800516758764e-05,1.152911583622173,4.132393277799149e-05,3.8721531668376456e-05,0.9833243726123053
2013-10-30,3.243679795796633e-05,0.7973981861505888,3.900217581816646e-05,1.1392918222207669,2.8362117319627778e-05,3.775665908536554e-05,0.8743809224443552
2013-10-31,3.3498134377451295e-05,0.7938342253912475,4.215730843219038e-05,1.1529772155793283,2.9831601363687088e-05,3.858104171380463e-05,0.8905451577556429
2013-11-01,3.528785039280735e-05,0.789136781205605,4.664437823131388e-05,1.16200728678028,3.20158135413293e-05,3.8840279614179176e-05,0.9072758239718398
2013-11-04,3.477448195487655e-05,0.7867922549325624,4.093243073548757e-05,1.1571094130147033,2.9684119986661248e-05,3.8494411770249037e-05,0.8536178921422735
2013-11-05,3.766596277267884e-05,0.7839950529374523,4.629804726298348e-05,1.1427241070790386,3.273928538574759e-05,3.766957724961261e-05,0.8692008109107772
2013-11-06,3.8333959556374354e-05,0.7878195863802536,5.240915343593249e-05,1.0589232763969751,3.531198946795338e-05,3.93001051212934e-05,0.9211672855245535
2013-11-07,4.0431492315281525e-05,0.8020096339397293,7.032719239233028e-05,1.0324875392905997,4.276624412559466e-05,3.6381413049309975e-05,1.0577458727495619
2013-11-08,4.3778322206368926e-05,0.8052855997149009,7.229828222214286e-05,1.1061177665971744,4.530472296340654e-05,3.5588949174108796e-05,1.0348665887614932
2013-11-11,4.088414418239951e-05,0.8075866517921076,7.222727076502992e-05,1.109270662257929,4.388510986978196e-05,3.579817468750346e-05,1.073401700033001
2013-11-12,3.99781619662566e-05,0.8077539557759127,6.426922018836674e-05,1.128579695355972,4.0944165153413135e-05,3.687920502461714e-05,1.0241632716374476
2013-11-13,4.4902541372157916e-05,0.8028143127902702,6.0041909803558564e-05,1.1609947033447698,4.168480904120401e-05,3.6688200520257034e-05,0.928339638857299
2013-11-14,4.545126757048379e-05,0.8011193316242442,5.8268649105044154e-05,1.1736518517349477,4.1227565115672516e-05,3.659177232106922e-05,0.9070718446243254
2013-11-15,4.488960878325864e-05,0.8006262404421505,5.937156910683843e-05,1.1205802742254027,4.133253038150197e-05,3.64850552600006e-05,0.9207594252172842
2013-11-18,4.304897041106976e-05,0.7980171795783422,5.797079067066394e-05,1.2553400177417429,3.986559379728747e-05,5.3931610037045336e-05,0.9260522009380344
2013-11-19,4.253689180732228e-05,0.7974235772317856,5.9190224593927516e-05,1.247118948294974,4.001261565250592e-05,5.41184274112581e-05,0.9406567793845757
2013-11-20,3.986505410246521e-05,0.8063945039523883,3.6823144621026495e-05,1.255742972040803,3.089613647838817e-05,5.523209706962653e-05,0.7750180496174867
2013-11-21,3.485111027762049e-05,0.814402898786893,4.301160869376554e-05,1.2786430321801838,3.153119736920411e-05,5.6944292160675355e-05,0.9047401106601688
2013-11-22,3.677714977289896e-05,0.8188164508135287,4.812940766839567e-05,1.2267277113635209,3.4449335734422876e-05,5.711757099001261e-05,0.9367048818940437
2013-11-25,4.464079349966786e-05,0.8210576011661035,4.962288541779062e-05,1.256097537769641,3.864386761654633e-05,5.937284153569948e-05,0.8656626503924902
2013-11-26,4.5604254902161166e-05,0.8227527763189196,5.280438608149766e-05,1.1865030595182846,4.037448889357463e-05,6.935788648355444e-05,0.885322849374331
2013-11-27,5.098239319509307e-05,0.832246746801629,6.346144911038956e-05,1.1934633639936028,4.73387959575353e-05,7.110272070870441e-05,0.9285322439922562
2013-11-29,5.306536742177139e-05,0.8383715275705881,7.144353637789211e-05,1.192495724773278,5.1620663229920545e-05,7.10518998985453e-05,0.9727750082201803
2013-12-02,5.1303727815654587e-05,0.8396103663345894,8.16409583016009e-05,1.2227245693615114,5.433833167368785e-05,7.79174335338334e-05,1.059149773071798
2013-12-03,5.129816798105141e-05,0.839384198486417,9.326087081999341e-05,1.2015217494137442,5.805791699841339e-05,8.037488467109755e-05,1.13177369257824
2013-12-04,4.926678581923591e-05,0.8372296433311736,9.093858398121953e-05,1.1966957622893266,5.6039700470607214e-05,8.014191623427326e-05,1.1374742544849936
2013-12-05,6.186383108747796e-05,0.8428893025646386,9.765643229550664e-05,1.2052492511265636,6.551479324505658e-05,8.325703592656853e-05,1.0590161018708333
2013-12-06,6.149224160789946e-05,0.8458381769828315,9.972571989493503e-05,1.2071285484788847,6.6237058177388e-05,8.015361717264554e-05,1.0771612230327121
2013-12-09,5.694825981469449e-05,0.8467997647359304,9.264388518941966e-05,1.2135084134280123,6.15076787497829e-05,8.1106703356096e-05,1.0800624803975474
2013-12-10,5.3452041059883435e-05,0.8472290396172225,8.721765127817378e-05,1.2103516785218045,5.784757708795724e-05,8.122569624291171e-05,1.0822332681954911
2013-12-11,5.2671389427449466e-05,0.8434473829789945,8.21441659539174e-05,1.2366655090600824,5.547965409461725e-05,7.906918977415495e-05,1.0533166999711663
2013-12-12,5.926873458923956e-05,0.8488768030050358,9.219754426831728e-05,1.2335175938628538,6.275049704068236e-05,7.991837548321087e-05,1.0587453482105373
2013-12-13,5.102150798536989e-05,0.8438903556209493,6.028144383755839e-05,1.228795704849827,4.68009309169342e-05,8.035500209783217e-05,0.917278472646361
2013-12-16,5.265033739264804e-05,0.8441131815051307,7.997144951558395e-05,1.214508155127963,5.4773279588093724e-05,7.86634212217513e-05,1.0403215306981513
2013-12-17,5.547285481711756e-05,0.842868853019562,8.633388331727696e-05,1.210668273076493,5.8329855662731475e-05,7.866131421422954e-05,1.051502682799233
2013-12-18,5.7755345996717895e-05,0.8412280840751039,9.774944161093032e-05,1.2695031539237511,6.320726527805711e-05,7.479222851724014e-05,1.0943967902408382
2013-12-19,6.478693026373803e-05,0.8506916132209842,9.114351576107654e-05,1.2724701714425692,6.53700385464021e-05,7.490083905128002e-05,1.0090003999308244
2013-12-20,6.101338500649426e-05,0.8547782224575026,8.148681593846351e-05,1.2657891266732035,6.027117846244001e-05,7.516258493434908e-05,0.9878353488504981
2013-12-23,6.0371580554275465e-05,0.8593454534732745,8.553674844468672e-05,1.2609120420854747,6.175333620430015e-05,7.432001155033924e-05,1.022887518221963
2013-12-24,6.05937066863415e-05,0.8618880823342995,8.682499234921203e-05,1.3182866301724312,6.251539975305571e-05,7.924435972781109e-05,1.0317144002538365
2013-12-26,6.0130930524985e-05,0.8619670032639702,8.181710819755048e-05,1.3441461703964153,6.0459098342699224e-05,8.578427710565052e-05,1.0054575542877697
2013-12-27,6.1029823506439453e-05,0.8623526791892183,8.990019947095029e-05,1.344804121536161,6.387579253615872e-05,8.582446801067025e-05,1.0466324309363106
2013-12-30,6.103786899254316e-05,0.8619554594473828,0.00010109473397107698,1.352376871876355,6.770937000881003e-05,8.639444048378137e-05,1.1093010147041982
2013-12-31,6.15980310886923e-05,0.8634413716924095,0.00011081219323760038,1.357152246261782,7.13362120603936e-05,8.614283676639511e-05,1.1580924065199376
2014-01-02,6.274975633376732e-05,0.8719546381319896,0.0001728232056445458,1.315280471020784,9.08031557682728e-05,8.043504912659985e-05,1.4470678624676856
2014-01-03,6.287727487442676e-05,0.8713266758659288,0.00016296168748418537,1.3135228017630431,8.820041373046124e-05,8.122282336283909e-05,1.402739128033264
2014-01-06,6.194585296328845e-05,0.8677453217737305,0.00016022032789766657,1.32245031149362,8.644844937299709e-05,8.142347891049038e-05,1.3955486160506958
2014-01-07,5.985294868622432e-05,0.8630874750848937,0.00016801908915228098,1.3674585856807937,8.65519591474553e-05,8.74121768917022e-05,1.446076777289604
2014-01-08,5.957982003469859e-05,0.8611678919618213,0.0001618543017342035,1.3603531392222143,8.45667315800431e-05,8.723307395136377e-05,1.4193854820439609
2014-01-09,5.8876921963223624e-05,0.8495729906889518,0.0001599129373170057,1.3760985411345483,8.243564607505712e-05,9.064403205515552e-05,1.400135117908321
2014-01-10,5.8643073362417135e-05,0.8435455248212088,0.00015241511955661738,1.375236308436295,7.975004056658206e-05,9.183514963281205e-05,1.3599225960365824
2014-01-13,6.549653155125348e-05,0.8440188857883764,0.00014994192918608862,1.4483547791203777,8.364170221099056e-05,9.145605014437194e-05,1.2770401764792356
2014-01-14,6.384952094066409e-05,0.8432720683919751,0.0001303890297470276,1.4456560662147644,7.694263653567803e-05,8.869484052369485e-05,1.2050620803745964
2014-01-15,6.070372053025981e-05,0.8506368588805125,0.00013595560264315835,1.4161397132471896,7.727702720406669e-05,8.845260865807389e-05,1.2730196193748182
2014-01-16,6.085694586035492e-05,0.8522038526825902,0.00013765217313790255,1.40627193918823,7.799919237479296e-05,8.835883766932167e-05,1.2816810188564738
2014-01-17,6.130074788390541e-05,0.8538905932483649,0.00015438456749826862,1.4096604842700495,8.306863201504948e-05,8.85792672232363e-05,1.3550998133394594
2014-01-21,6.022038567812545e-05,0.8566382218139375,0.00015865953827028887,1.3782840637195308,8.373409047499251e-05,8.809753416158608e-05,1.3904608801834395
2014-01-22,6.0180607898710316e-05,0.8577456279583697,0.00016133527138678693,1.375365345787566,8.45184376190509e-05,8.804809278282258e-05,1.4044131584929063
2014-01-23,6.197862719476769e-05,0.8512083442694902,0.00016183599036036746,1.41481458866537,8.525000310541105e-05,8.902297985364571e-05,1.3754742072216786
2014-01-24,8.312838911315208e-05,0.864301940539249,0.0002676032165901078,1.3544344445558056,0.00012890977046453041,7.175518190259148e-05,1.5507310058548347
2014-01-27,7.785643656399444e-05,0.8641982025961847,0.00023245672695255035,1.3670377798819184,0.00011626036422971433,7.222497749629767e-05,1.49326593099536
2014-01-28,5.7778264472590076e-05,0.8548112390783426,0.00021364559778359437,1.3469937373107603,9.49728441793371e-05,7.062159549678739e-05,1.6437469184349085
2014-01-29,5.541992369045716e-05,0.8498152828784088,0.00020752446561439852,1.3333738008130598,9.113645906913476e-05,6.649288636991658e-05,1.644471031359931
2014-01-30,5.718939038351772e-05,0.8468608693949127,0.00018750404305421908,1.3023021289003207,8.769505765125721e-05,6.732732164786783e-05,1.533414800597899
2014-01-31,5.786696567157789e-05,0.8469104807275611,0.000198319255162135,1.2217504749439356,9.072673953269994e-05,6.587012021464112e-05,1.5678503007677411
2014-02-03,7.055814511505822e-05,0.8333184774725929,0.00021117973192605604,1.2986960559937422,0.0001017210200120581,5.3553134957256694e-05,1.4416623317716615
2014-02-04,5.3287933521446234e-05,0.8220112519777493,0.00020354757985813102,1.2877512540724692,8.561013330831949e-05,5.472885083006419e-05,1.6065575760010449
2014-02-05,5.1744253938995175e-05,0.8155470408268045,0.00019064675225182172,1.2408556109866953,8.100182180488454e-05,6.680694904606352e-05,1.5654264123777513
2014-02-06,5.460185755120456e-05,0.8180804816149999,0.00021210793782008343,1.1876856805406055,8.803962837650552e-05,6.239799709125069e-05,1.612392550820156
2014-02-07,6.356327391387762e-05,0.8184424395565167,0.00019841857860901303,1.172234945120562,9.191416312936707e-05,5.929074451923476e-05,1.4460262580857979
2014-02-10,6.2547563500994e-05,0.8216162752401852,0.00018524840466690987,1.1347958853563276,8.844055721727017e-05,5.840702663772249e-05,1.4139728594842016
2014-02-11,5.609995653519849e-05,0.8147477349106714,0.00018177448734811794,1.1269926608242968,8.227556784875636e-05,5.7752042105089616e-05,1.4665887984625203
2014-02-12,5.280573476410588e-05,0.8107607947542926,0.00016364071625453512,1.128590567023602,7.536660817822379e-05,5.785525136431902e-05,1.4272428650960352
2014-02-13,5.31879934714369e-05,0.8066966632471548,0.0001594669062174513,1.117703656272835,7.429376167259353e-05,5.697398217392077e-05,1.3968145219182009
2014-02-14,5.362200748552388e-05,0.8070047248489103,0.0001524042421968658,1.1247196748489083,7.29535012570558e-05,5.7106323757721545e-05,1.360514174646497
2014-02-18,5.088126402858046e-05,0.8101801947757036,0.00014401466267286963,1.1258894345510015,6.935278793638906e-05,5.734649359922831e-05,1.3630319383856695
2014-02-19,5.093399391722896e-05,0.8000648708626735,0.0001396217075697963,1.120310602390509,6.74691968697158e-05,5.5830910714311e-05,1.3246398265833546
2014-02-20,5.128532994270177e-05,0.7965143059263495,0.0001354161745660161,1.1181690578382524,6.637819336181279e-05,5.686795839367814e-05,1.2942920214410911
2014-02-21,5.0142924359823583e-05,0.7931010821321091,0.00012699559341497327,1.1214166803979329,6.328892188809586e-05,5.718282438619544e-05,1.2621705394351779
2014-02-24,5.289213529725008e-05,0.7908182436170086,0.0001243491689446516,1.123825994748503,6.413478944370039e-05,5.7096837910116986e-05,1.2125581446706089
2014-02-25,4.99909412374215e-05,0.7876749606513749,0.00012070195482667939,1.1263253525083905,6.118568812709348e-05,5.738258440237618e-05,1.2239355093656843
2014-02-26,4.8822079787728685e-05,0.7851466961962039,0.0001260554579071683,1.1251505656773015,6.159419346687085e-05,5.7322279745892274e-05,1.261605276437904
2014-02-27,4.902946505121921e-05,0.7817283237963539,0.00012513723612710376,1.1337066949205188,6.123189560037462e-05,5.72198773480615e-05,1.2488795367521959
2014-02-28,4.913560627678946e-05,0.7798478763244788,0.00012281966956411068,1.1308960160115142,6.0581778069846204e-05,5.70161932684619e-05,1.232950657585834
2014-03-03,5.060228536900576e-05,0.7886488947421146,0.00015398893544428554,1.0381278755359349,6.96167144646686e-05,5.2985878985410684e-05,1.3757622596885577
2014-03-04,5.593664385448813e-05,0.7862646896958452,0.00016542920249349528,0.9770316216313708,7.563504388664477e-05,4.6352219386912275e-05,1.3521555580524183
2014-03-05,4.9068183379191435e-05,0.7834801004283923,0.00015192177295982745,0.9756522204293668,6.764535342779412e-05,4.629618971416828e-05,1.3785990996455106
2014-03-06,4.928243059442446e-05,0.784688493328595,0.00014586466998882497,0.9578324612727388,6.653013436137397e-05,4.538622989026563e-05,1.3499767271807575
2014-03-07,4.8971813978785636e-05,0.7855485832176639,0.00013815141598646274,0.959053486352052,6.461358166417731e-05,4.7444381915721394e-05,1.3194034775221442
2014-03-10,4.912023117884392e-05,0.7833223622015938,0.00012000016948336522,0.9561505398500372,6.013975515969496e-05,4.7300757006456467e-05,1.2243377874328316
2014-03-11,5.148937537691702e-05,0.7831884912906665,0.00012127612773457488,0.9491454724263444,6.188890084053188e-05,4.690924679197698e-05,1.2019742012305907
2014-03-12,4.8906113932888686e-05,0.7807243577122455,0.00011523048853170568,0.9552403392209404,5.8608824137478075e-05,4.894287968072411e-05,1.1983946264449454
2014-03-13,5.192240840939531e-05,0.7819895992633848,0.0001274357625947904,0.8569576488425292,6.360980326473913e-05,4.156195961242615e-05,1.2250934656803978
2014-03-14,5.053194068255615e-05,0.7817760182438722,0.00012358350009259312,0.8598512902578951,6.177966915509717e-05,4.170521956307258e-05,1.2225865130175733
2014-03-17,5.312543808337814e-05,0.7816925878497947,0.00012542099921515935,0.8213732607607469,6.38075962580674e-05,3.92530942264638e-05,1.2010742604686677
2014-03-18,5.3640183376897774e-05,0.7811257635678861,0.00012140838659070906,0.806478803865183,6.303625925696382e-05,3.889656848107658e-05,1.1751686010102798
2014-03-19,4.9711758607667365e-05,0.7782483762354757,0.00011617413608460554,0.7744443921867271,5.914288593692115e-05,3.6881869345723096e-05,1.1897162279790916
2014-03-20,4.924048797705463e-05,0.7792149613458769,0.0001064588100600513,0.7813047002704027,5.641690541316511e-05,3.691500524007726e-05,1.1457422079053035
2014-03-21,5.1299807125194504e-05,0.7806285854842256,0.00010009138976542531,0.8129239999914446,5.593719392794679e-05,3.7589908090308064e-05,1.0903977434346874
2014-03-24,5.150721281894852e-05,0.7804610043099082,9.59832904636186e-05,0.8224717541601211,5.487607619195484e-05,3.763570033730091e-05,1.0654056624039843
2014-03-25,5.187847468728203e-05,0.7838065728775057,9.492639990185583e-05,0.8023328238465017,5.5004219391875134e-05,3.677990209665211e-05,1.0602512838597273
2014-03-26,4.894688218699071e-05,0.7843149420406338,9.004998675089386e-05,0.8281474975569899,5.207086979078176e-05,3.676241261262246e-05,1.0638240366742164
2014-03-27,4.819111839496585e-05,0.7830847998736912,8.696853771460613e-05,0.8332424345520671,5.0695963421100725e-05,3.6812514016079225e-05,1.0519773167662474
2014-03-28,4.77393720640184e-05,0.7800776431531243,8.588222316303131e-05,0.8231799011445744,4.994911772648844e-05,3.610605691910668e-05,1.0462876985375253
2014-03-31,4.471229395078723e-05,0.7777658375005764,7.090714815203238e-05,0.8313681437202358,4.3793267357746116e-05,3.546738040517265e-05,0.9794457740402976
2014-04-01,4.637295349124256e-05,0.7767429386883331,7.707181435862412e-05,0.8447439765406168,4.643628668418075e-05,3.601384963774909e-05,1.0013657355887446
2014-04-02,4.141854620280984e-05,0.7851286706146924,7.427311291023487e-05,0.8592534427623689,4.354658228710669e-05,3.681390004269904e-05,1.0513788213105482
2014-04-03,4.131197301210188e-05,0.7925986521325638,7.044757482288398e-05,0.8604799843872688,4.2758683122580346e-05,3.678146677396494e-05,1.0350191483242563
2014-04-04,4.5815215175484866e-05,0.7976890557013361,7.348764677509356e-05,0.9105897977283868,4.628557562782529e-05,3.553132204660217e-05,1.0102664682581717
2014-04-07,4.72141155464609e-05,0.80617005421929,6.809675756896818e-05,0.9783039703865212,4.571153528577653e-05,3.530525148183949e-05,0.9681751899131572
2014-04-08,4.530353492960697e-05,0.809699134101872,6.0642930385457254e-05,0.9493730411029228,4.244043333138827e-05,3.552522829351752e-05,0.9368018058046153
2014-04-09,4.691297863661334e-05,0.8105242796085419,6.164987767631592e-05,0.9176674619683683,4.358917433177057e-05,3.243614805246445e-05,0.9291495786147184
2014-04-10,5.810324280314903e-05,0.8125347836849596,7.377110452503523e-05,0.8836371877099114,5.319677328102535e-05,2.1226795245421486e-05,0.9155560122737632
2014-04-11,5.691804938589508e-05,0.8068392595958522,7.038490245068879e-05,0.9079328682122968,5.106834489512123e-05,1.9587384283511158e-05,0.8972258439302127
2014-04-14,5.793906540801691e-05,0.8023360432187504,7.151051277455257e-05,0.9604494213306622,5.164484653509409e-05,2.0573510990337308e-05,0.891364853254055
2014-04-15,5.375893588153699e-05,0.7976242357366918,7.863745893236004e-05,1.0349697601794483,5.186070412480926e-05,2.149550363635224e-05,0.9646899306022227
2014-04-16,3.1303883437837385e-05,0.7825398120846626,7.303869655692045e-05,1.0004392705292269,3.741812812214267e-05,1.9263189890469134e-05,1.1953190471222788
2014-04-17,3.0074876652121772e-05,0.7749118925886105,7.130813574442998e-05,1.0037841183908869,3.5885896047448086e-05,1.937213022464288e-05,1.193218394959447
2014-04-21,3.398061258211898e-05,0.7757749739799255,6.687789038768556e-05,1.010180441365739,3.698219207755673e-05,2.0491862776027634e-05,1.0883321184450108
2014-04-22,3.465237531876505e-05,0.7782882853412169,6.570478817020561e-05,0.9007718663015988,3.713688801912649e-05,1.8268815645695765e-05,1.0716981931976253
2014-04-23,3.661275306357103e-05,0.7808690570829981,6.457631358196795e-05,0.8992640348018538,3.796916369627032e-05,1.80758306570245e-05,1.0370474908113068
2014-04-24,2.8915216768426475e-05,0.757397838327019,5.876922787709208e-05,0.8983429267890258,3.122211218982217e-05,1.805374532601689e-05,1.0797813635592273
2014-04-25,3.367547480592454e-05,0.7426666243888115,5.6788046806851444e-05,0.9025580814456554,3.24772491294435e-05,1.6433062302089726e-05,0.9644184474491734
2014-04-28,3.364553762091845e-05,0.73885468779292,5.434510909016624e-05,0.9186301696638266,3.1593882722383274e-05,1.728174710408235e-05,0.9390214856528375
2014-04-29,3.9441733334885286e-05,0.7324059932945589,5.328802144933541e-05,0.897202186436608,3.357721592204921e-05,1.6623966368531193e-05,0.8513118740740269
2014-04-30,4.001418281063408e-05,0.7115270220978954,5.1894917723226834e-05,0.9029367706623944,3.242356677959622e-05,1.6953827102957774e-05,0.8103018605437922
2014-05-01,2.1991126094734782e-05,0.6841983044296885,4.915297487839019e-05,0.9679278801982673,2.249472207721316e-05,1.861382168859019e-05,1.0228999633901854
2014-05-02,2.5114593555483047e-05,0.6661210800373484,4.848032641225329e-05,1.0261686464188622,2.324336607220589e-05,2.089380854385844e-05,0.9254924241898143
2014-05-05,2.3421323104644024e-05,0.6535279677318817,4.750445046746984e-05,1.0369832440574551,2.1799023516356603e-05,2.1381924444148606e-05,0.9307340759085575
2014-05-06,2.3724080850696792e-05,0.6509814322997814,3.2482063095596224e-05,1.1748264411357985,1.807112134131852e-05,2.233389583189754e-05,0.7617206101701411
2014-05-07,2.503936026433856e-05,0.6470261712724085,3.741596938132361e-05,1.1757847276591469,1.980441246448352e-05,2.1735810228294505e-05,0.7909312480594509
2014-05-08,2.245244272166245e-05,0.6567228286465795,4.4472396078990146e-05,1.2035298412944018,2.0751962612750183e-05,2.2545830590752306e-05,0.9242630242957209
2014-05-09,2.6257615904936162e-05,0.6640369868804051,4.648491685274517e-05,1.223073680531247,2.319935684336359e-05,2.315441020915318e-05,0.883528684681626
2014-05-12,2.5472098693136958e-05,0.6735626649156973,5.461396343075791e-05,1.2540293622993863,2.5122463187056236e-05,2.180979782839497e-05,0.9862737848854627
2014-05-13,2.7268227179962204e-05,0.6842013907611185,5.8605681919241105e-05,1.2828331706964438,2.7351570380210734e-05,2.6671833204753838e-05,1.0030564216624165
2014-05-14,2.54765910501542e-05,0.6937393414445175,6.043660091348043e-05,1.2980769789036477,2.7221809910085418e-05,2.864374890622588e-05,1.0685028407645085
2014-05-15,2.174205444419079e-05,0.7068866003483338,6.60948148506624e-05,1.3581257215636109,2.6796849304117765e-05,2.7216978145492532e-05,1.2324892927161974
2014-05-16,2.0552751262807784e-05,0.7111247526818016,3.3801297028558146e-05,1.3735531101973515,1.8743360643306922e-05,2.7678104271049096e-05,0.9119635811106647
2014-05-19,2.1296152341554682e-05,0.717772317027524,3.9904248968098744e-05,1.379538283575728,2.0924102924782126e-05,2.763670862334638e-05,0.9825297353810442
2014-05-20,2.0908636850371392e-05,0.7154062776124538,2.9915392309733738e-05,1.4258813399081884,1.7892167607185337e-05,2.677008788323639e-05,0.8557309467483303
2014-05-21,2.119414789263069e-05,0.7167735783315714,3.077872877977131e-05,1.4626101138172565,1.8306921007422445e-05,2.6837058058417422e-05,0.8637724479495518
2014-05-22,2.007249814887391e-05,0.7277565833794957,2.310534043929525e-05,1.4684346268586734,1.5672671903229203e-05,2.688280131831515e-05,0.7808032556280723
2014-05-23,2.2049522594442057e-05,0.7280403698618575,3.0309869406882455e-05,1.4201070721508446,1.882119046235511e-05,2.6535742251363836e-05,0.8535872095071709
2014-05-27,2.174082787467674e-05,0.7337306750896364,5.111926271967039e-05,1.373128167175001,2.4460594358801653e-05,2.474454421950332e-05,1.125099490221936
2014-05-28,2.1661197917021908e-05,0.7379495662513118,5.887498380864233e-05,1.2808230551596804,2.6353197537623598e-05,3.510636746675356e-05,1.216608501458481
2014-05-29,2.1856321025887475e-05,0.7428252521465343,4.6978821005737404e-05,1.2954850741700457,2.3802701275031233e-05,3.505163365916151e-05,1.0890534251779331
2014-05-30,2.8179051435749515e-05,0.7650414604278022,5.224716516438494e-05,1.2865543453554136,2.935482680808708e-05,3.622263972497746e-05,1.041725157960637
2014-06-02,2.8496658002674943e-05,0.7809429451639281,5.691382504702226e-05,1.3189026692561978,3.14503264975779e-05,3.995386399746479e-05,1.1036496453242237
2014-06-03,3.418588872187905e-05,0.7960010753325977,5.4071950612907806e-05,1.3190690440008233,3.422339659809081e-05,3.995905625796277e-05,1.0010971742322365
2014-06-04,2.793146765100254e-05,0.8085134323353003,5.779404105644648e-05,1.34502570003422,3.248445976966412e-05,4.144555920352419e-05,1.163005831829183
2014-06-05,4.136471088316827e-05,0.8160032299729543,7.720012136034137e-05,1.3191210348768592,4.6112202459319446e-05,4.340514432370786e-05,1.114771540155572
2014-06-06,3.9833023701562004e-05,0.8143849413931215,8.815525612179888e-05,1.3030796944768384,4.825868434434734e-05,4.243615750071461e-05,1.2115245055437491
2014-06-09,5.1073182956276414e-05,0.8122328203124223,9.231470734847261e-05,1.3035776793978824,5.577151540828656e-05,4.244557546952395e-05,1.0919921606615426
2014-06-10,4.95066057749403e-05,0.8129314842930232,9.048057127239536e-05,1.3033939407609572,5.4408053216830585e-05,4.3850541427977866e-05,1.099005927899249
2014-06-11,4.7157992518462575e-05,0.8157171482434067,0.00010415736784556316,1.3038286968722983,5.7169217126895843e-05,4.416115429754839e-05,1.2122911530747165
2014-06-12,4.667919578081926e-05,0.815415870694607,0.00010446483411527447,1.3627239832219635,5.694110647348314e-05,4.452018119202212e-05,1.21983906365586
2014-06-13,3.72024477228719e-05,0.8102568439264177,8.07491845492969e-05,1.37108547804982,4.440966920173041e-05,4.657268193958257e-05,1.1937297656473163
2014-06-16,2.938646502467408e-05,0.8033429950305669,5.326844360660198e-06,1.3605704214896637,1.0051009613401725e-05,4.691980987612148e-05,0.3420285360951882
2014-06-17,3.191330809025626e-05,0.8042785330649287,2.7212382134974865e-06,1.3542441515397736,7.495069599637393e-06,4.668669120732201e-05,0.23485718178886572
2014-06-18,3.560112133469648e-05,0.796369990576214,2.2643533431344337e-05,1.35613111974194,2.26109507331643e-05,4.5487610365135665e-05,0.6351190604529612
2014-06-19,3.687128606172102e-05,0.792512682677735,1.8318367609803322e-05,1.357798229024494,2.059651531113095e-05,4.5633387677083986e-05,0.558605828846144
2014-06-20,3.6786047916274955e-05,0.7956384710187714,-4.328372272250684e-06,1.387978272270623,,4.7022947338517194e-05,
2014-06-23,3.78482539714106e-05,0.8006294443197347,-1.0846407492450274e-06,1.3886147676707097,,4.702538613852125e-05,
2014-06-24,3.933090292313687e-05,0.8063346968342259,3.6705444979052745e-05,1.4020495801002808,3.063709287004618e-05,4.612000285051366e-05,0.7789572726036641
2014-06-25,4.004889359785303e-05,0.880405452385492,0.00022096860847708243,1.470991962252685,8.282153496581e-05,4.7910319381214035e-05,2.068010562225618
2014-06-26,4.4267929857314866e-05,0.8829784888377255,0.000218189249239804,1.4659360987902954,8.677835314293636e-05,4.786715608880166e-05,1.9602984242236265
2014-06-27,3.536085878696092e-05,0.8840691130056451,0.00020329821565960387,1.4633726468995336,7.495738085914731e-05,4.775781885520751e-05,2.1197839484256913
2014-06-30,3.524942345217237e-05,0.9207890466212711,0.00012400472389727192,1.4553640868086006,6.087728397793893e-05,4.7499113348976195e-05,1.7270433957746663
2014-07-01,3.707778978776346e-05,0.8927522584277247,0.00010050288073998904,1.4500650380947704,5.449756920780885e-05,4.6167217650054325e-05,1.469817093191308
2014-07-02,3.729144432547138e-05,0.9085921393882964,9.068623747008391e-05,1.452710744136799,5.283774433722042e-05,4.679114241320937e-05,1.4168865082313362
2014-07-03,3.7850371933542936e-05,0.8958986689463332,0.00011372281851627382,1.4609101479917854,5.877840195080896e-05,4.6652649841056474e-05,1.552914778592166
2014-07-07,3.637233936281704e-05,0.8654829153322458,0.00019198919750666957,1.3970421448323294,7.23240126064253e-05,4.55504558560233e-05,1.988434449733557
2014-07-08,3.904012916123487e-05,0.8210694043317723,0.0002463856669675415,1.3670629403427057,8.05273137660136e-05,4.35178434953386e-05,2.062680516077126
2014-07-09,3.921043801203444e-05,0.8092653906063124,0.00023106304697085819,1.3618194596033486,7.702949708565633e-05,4.2852990934171154e-05,1.964515088100125
2014-07-10,3.784415060760939e-05,0.791866343066812,0.0002601244663240314,1.2956214293743946,7.85673068601001e-05,4.135493055027539e-05,2.07607531411479
2014-07-11,4.137743263306523e-05,0.7929666476223947,0.000224650010388562,1.2953421799792677,7.645218689515116e-05,4.134315839022339e-05,1.8476783606447649
2014-07-14,3.5819786180035966e-05,0.7938009803296466,0.0002068539113361505,1.2617888972526994,6.832898886740288e-05,4.112223491945461e-05,1.90757668189225
2014-07-15,3.740515266448331e-05,0.7958437810960202,0.0001913136013999908,1.2517976422887926,6.732346596583042e-05,4.068274113518727e-05,1.7998447050786923
2014-07-16,4.331224214055195e-05,0.8096687913915366,0.00017803665663507158,1.2423207786528292,7.109964756465776e-05,4.074959952050959e-05,1.6415600774934092
2014-07-17,4.7474517764657056e-05,0.8021411358684967,0.00021014920564695197,1.2053292818190704,8.012073892885658e-05,3.6646215291465775e-05,1.6876577730822866
2014-07-18,4.82618636397603e-05,0.8027096049574852,0.0002079263191078667,1.1802261471742788,8.041095803718246e-05,3.506916678595862e-05,1.6661386853477471
2014-07-21,3.56854935741795e-05,0.8000989731411968,0.00018630340647305914,1.2012110326472494,6.52378988322119e-05,3.652167623919129e-05,1.8281349730136636
2014-07-22,3.6878426197529086e-05,0.7991063336693984,0.0001738552017363179,1.1843878137941386,6.398594775197723e-05,3.7116678148340836e-05,1.735050932196895
2014-07-23,3.8554343811198455e-05,0.7972805606927629,0.00016016647715687908,1.1709944386129283,6.26518132756805e-05,4.355594488618798e-05,1.6250260562723602
2014-07-24,3.79220014302475e-05,0.797995368774423,0.00015609433165996052,1.163252761927102,6.139592718043616e-05,4.4995023588725224e-05,1.6190054550091677
2014-07-25,3.58816002468109e-05,0.798408067260278,0.00015187811932403536,1.1585409277329666,5.893976820955652e-05,4.43281359734824e-05,1.6426181609554884
2014-07-28,3.90148494586092e-05,0.8049895335618616,0.0001385946953253353,1.1514875484860083,5.919411140597791e-05,4.422720246087335e-05,1.5172200387131278
2014-07-29,3.5953585678647994e-05,0.8074998293695397,0.00012545458264753373,1.1234222148294624,5.423214835409587e-05,4.733785148016935e-05,1.5083933168396912
2014-07-30,3.539196672747045e-05,0.8085854002794189,0.00010353898317636801,1.1206725579018997,4.894746356693178e-05,4.7222035234535744e-05,1.3830105555829386
2014-07-31,4.5379445989039353e-05,0.8109593072381635,0.0001369010886167995,1.0259351181525955,6.391931439643686e-05,3.668002036621291e-05,1.408552109954703
2014-08-01,4.584672797284814e-05,0.8108672214270085,0.00013267470178028427,1.005568578977208,6.324089068121994e-05,3.573357185941446e-05,1.379398126703244
2014-08-11,3.847004227028839e-05,0.788955866297116,0.00013945565786551274,0.9716841636316828,5.778726107759517e-05,5.7086197383599356e-05,1.502136667061218
2014-08-12,3.841634430365733e-05,0.7647124919019567,0.00013059727633893127,0.9774996853655216,5.416556304915136e-05,5.8224691488416586e-05,1.4099614117628227
2014-08-13,3.776559449586869e-05,0.7495344438148377,0.00012790614331167677,0.9747726263464735,5.2093730614733044e-05,5.676200250162966e-05,1.3793965462514235
2014-08-14,3.862814115860239e-05,0.739492992822667,0.0001227690485270562,1.0400378084992838,5.0924926755240565e-05,6.360296557965492e-05,1.3183374925070583
2014-08-15,3.923523389055349e-05,0.7358372532262999,0.00011854468724754371,1.0112888222610277,5.018349932253219e-05,6.432272213396753e-05,1.2790416762270065
2014-08-18,5.8802594173761744e-05,0.741823814460145,0.00011887431100073714,0.9981584954135356,6.202160783913774e-05,7.089321334876894e-05,1.0547427151915068
2014-08-19,5.790352204668287e-05,0.7455162894861365,0.00011423017063926081,1.0153393988228434,6.063174122015496e-05,7.23724966741812e-05,1.0471166360359314
2014-08-20,5.609710643686182e-05,0.748196306132094,0.00011007907638255459,1.044903406761854,5.879469995633503e-05,7.77149018785518e-05,1.0480879262909826
2014-08-21,5.441563613273725e-05,0.7499218021387098,0.0001068029705747079,1.0309162728645582,5.71701723113489e-05,7.794131657563735e-05,1.050620306484931
2014-08-22,5.0059045313325706e-05,0.7511989940555223,0.00010440633463093462,1.031073613522848,5.430748660813407e-05,7.794376173964767e-05,1.084868604029838
2014-08-25,6.652021183637015e-05,0.7624599152092646,0.000113270978537924,1.048272537059029,6.6184021809518e-05,8.181506199349496e-05,0.9949460469596952
2014-08-26,6.338834696697776e-05,0.7682312689195173,0.00011622235964468038,1.050833562365475,6.593887565541136e-05,8.203646810300835e-05,1.0402365546740366
2014-08-27,6.228211919321129e-05,0.7716798185345369,0.00012230645460231535,1.0532840523844675,6.735091832358446e-05,8.325741436755414e-05,1.0813845000143423
2014-08-28,6.139493236265438e-05,0.7672982406032457,-0.0008671796396558641,1.0631069192646518,,8.712985055861377e-05,
2014-08-29,6.15753093611576e-05,0.7679559404421697,-0.0016590322190407926,1.0638877908061193,,8.702132548753877e-05,
2014-09-02,7.761239871585492e-05,0.7778991808859619,-0.0013463176396781302,1.064304368347459,,8.735363550825999e-05,
2014-09-03,7.595624179294328e-05,0.7875403939564133,-0.0017300767650116958,1.0698982697425536,,8.872716294894688e-05,
2014-09-04,7.498131031863036e-05,0.792078590140875,-0.0019055016331637124,1.0666901344140989,,8.872778570050553e-05,
2014-09-05,7.387822741090312e-05,0.7948720295135336,-0.002134120808359693,1.0622909833762415,,8.794614853179949e-05,
2014-09-08,7.348698808482049e-05,0.7973402869177025,-0.00232426935678115,1.0607766218088668,,8.781193551439412e-05,
2014-09-09,8.133593066383054e-05,0.7994088958458333,-0.0017026499743791872,1.0746602398238545,,8.783633380495864e-05,
2014-09-10,8.008754908927675e-05,0.7976929872722929,-0.0012476738406288484,1.080292524746617,,8.809129307412285e-05,
2014-09-11,7.945435898388616e-05,0.7956195966859818,-0.0009917552004669217,1.0820424403626734,,8.823322295340481e-05,
2014-09-12,7.986652544186676e-05,0.7910546655611188,-0.0006976859767283453,1.095303049450985,,8.831119506844081e-05,
2014-09-15,7.976789477234261e-05,0.7899868563180339,-0.0005600518577193975,1.0961786170063623,,8.833800360027578e-05,
2014-09-16,8.12776222335961e-05,0.7888265974151302,-0.00043216308652928873,1.124263704475054,,9.006029173070291e-05,
2014-09-17,8.038458733415224e-05,0.7891697054192329,-0.0003224088142150321,1.1227323413653638,,9.003595890962412e-05,
2014-09-18,8.052555846541116e-05,0.7889170928333018,-0.00023695803710660737,1.1157942734987585,,8.892215262197528e-05,
2014-09-19,7.686942885417954e-05,0.7872574100049738,-0.00014170819300701442,1.1307085934428236,,8.974902503341692e-05,
2014-09-22,7.562338268336147e-05,0.7892528546479239,-9.40533571912978e-05,1.1552543996900615,,8.989868506915003e-05,
2014-09-23,7.716105522203933e-05,0.7919259120311968,-6.585768764379071e-05,1.139396178058927,,8.757984480115141e-05,
2014-09-24,7.845740621167833e-05,0.7925644766782413,-3.397481115456213e-05,1.1435935376504434,,8.67482086769595e-05,
2014-09-25,8.684570042440597e-05,0.7969611542164123,-9.35289260784014e-06,1.145436603985534,,7.935107289077547e-05,
2014-09-26,7.784867175631449e-05,0.7965863766710621,1.673102575929487e-05,1.128897124693093,2.8748802692531207e-05,7.863385305499978e-05,0.3692908567858683
2014-09-29,7.945972408695768e-05,0.796995378214456,3.74433516434293e-05,1.1070885133284416,4.347270734476992e-05,7.767120496691311e-05,0.547103678552861
2014-09-30,7.034453028421699e-05,0.7903053435222583,5.691754228370813e-05,1.1079875211444967,5.0007270995479675e-05,7.757051005000897e-05,0.7108906803902516
2014-10-01,6.051441443903661e-05,0.7874424587211681,7.695541792581834e-05,1.1361629633171773,5.373631069261751e-05,7.390441056546136e-05,0.8879919138398424
2014-10-02,5.727685640094654e-05,0.7832443601851067,9.723575433629394e-05,1.1305554101675903,5.8452064824384225e-05,7.349447797063503e-05,1.0205180328894283
2014-10-03,5.732458945014978e-05,0.7699147734356685,8.125993411165312e-05,1.1818163054642292,5.2547415753958594e-05,7.605556083263583e-05,0.916664493509448
2014-10-06,5.950629355094935e-05,0.7690696123972772,8.94966744176241e-05,1.19301186301785,5.612425004715829e-05,7.672141850681565e-05,0.9431649443786084
2014-10-07,5.823383972398379e-05,0.7677941810890957,0.0001228366719028227,1.1326125640747464,6.493764736341323e-05,7.336511548508138e-05,1.1151187637841518
2014-10-08,6.403572465426801e-05,0.7700598768617466,0.0001274670081195364,1.1156328279072218,6.957201083670151e-05,6.589785428617283e-05,1.0864562119398848
2014-10-09,6.579132724406009e-05,0.7818652516998138,0.00018629205485875178,1.0575124292390314,8.655923364181856e-05,5.9042386409576016e-05,1.3156632837139408
2014-10-10,6.388921163395802e-05,0.785615791013461,0.00017461244069319273,1.0869369713081614,8.297773200391918e-05,5.838323463650255e-05,1.298775331261332
2014-10-13,7.100010076144222e-05,0.7749672070076441,0.00015517195080530947,1.1560457130986843,8.134285627173853e-05,5.609061820378021e-05,1.1456724060864025
2014-10-14,5.126108009219706e-05,0.7607185480562896,0.0001515217346027095,1.0390102569409352,6.704329468850561e-05,5.8067009239154606e-05,1.3078790881488063
2014-10-15,4.732231652345586e-05,0.750002334970836,0.00015256392247751398,1.0058024303266844,6.372671567532164e-05,6.60073753582517e-05,1.34665249626431
2014-10-16,5.30327919984953e-05,0.7410176520502656,0.00016255065035212732,0.99887206822102,6.880106409993484e-05,6.56134455514737e-05,1.2973306044661375
2014-10-17,4.626798859027275e-05,0.7401584200059423,0.00020185268564809302,0.952274610627706,7.152901753347111e-05,6.0710045477322354e-05,1.5459720578497151
2014-10-20,4.9165393824874467e-05,0.739591011683495,0.00019795182647209928,0.9714408659353526,7.296274124666273e-05,6.066029360192791e-05,1.4840263764906194
2014-10-21,6.127847379397686e-05,0.7349920976230834,0.00021443098353389752,0.9731043952209928,8.425203676807085e-05,5.3749548690856113e-05,1.3749042943094985
2014-10-22,6.0122674099070425e-05,0.7334098498798091,0.00021894950634596274,0.9466502409453208,8.414685093786222e-05,5.068896186929589e-05,1.3995859665058252
2014-10-23,6.055871725038731e-05,0.7384158007054208,0.0002339316692643327,0.9167030728749472,8.788885868575867e-05,4.703473749752098e-05,1.4512998735156757
2014-10-24,5.99990058104541e-05,0.7391408252753398,0.00022456908039367537,0.9408030810550704,8.579741395814273e-05,4.840039495971509e-05,1.4299805938316659
2014-10-27,5.8561423507449295e-05,0.741202224848039,0.00022210897620537554,0.9373678261784432,8.453286373293038e-05,5.071724269387415e-05,1.4434905893668617
2014-10-28,5.4522480778452264e-05,0.7220185352876588,0.000225087151420722,0.8906476043586221,7.998554406316262e-05,4.599989389562276e-05,1.4670195288467793
2014-10-29,5.3729820257279105e-05,0.7071673491991388,0.00022120508251471517,1.0280576468377982,7.709521875355702e-05,6.12621609781056e-05,1.4348683540051945
2014-10-30,5.3551839514494966e-05,0.7000549206728376,0.00021520923512729302,1.0230683125521012,7.515359522264222e-05,6.226380274302126e-05,1.4033802742163557
2014-10-31,5.56093263598845e-05,0.6982425405150126,0.00021098229948562444,0.9963852687122297,7.563157290652567e-05,6.118238468928173e-05,1.3600519527437547
2014-11-03,5.4562010343014535e-05,0.6976466748613456,0.00020517282740419772,0.9851926129722868,7.381432149968414e-05,6.721675539382734e-05,1.352851939208916
2014-11-04,6.02491600622342e-05,0.7083326884390261,0.00019334791603483378,0.9849214117007548,7.645088732129225e-05,6.845872836647812e-05,1.268912085119901
2014-11-05,6.0354415020847636e-05,0.7193907395432456,0.0001794933984354431,0.9510085585883362,7.487616723959367e-05,6.66986186621172e-05,1.2406079524377782
2014-11-06,5.86925643313682e-05,0.7303103207474781,0.0001710703574268882,0.950049948068632,7.317898169147313e-05,6.644579692208211e-05,1.2468186136546546
2014-11-07,5.828791566618652e-05,0.7379889897791604,0.00016242869681282326,0.9360095963739036,7.180761877753721e-05,6.61672938977077e-05,1.2319469302827313
2014-11-10,5.7340540123530906e-05,0.7433959545755291,0.00015623351998425634,0.9145558212477036,7.03620026657488e-05,6.5995637366547e-05,1.227089987540495
2014-11-11,6.57571982494724e-05,0.7348183047779495,0.00015561516086946004,0.9432813466396324,7.433229977366098e-05,7.190221619058395e-05,1.13040551836859
2014-11-12,6.673646336542344e-05,0.7284997739880712,0.00015959305434359622,0.944438272344238,7.518271563174664e-05,7.209478365524603e-05,1.126561280601202
2014-11-13,7.11343776232816e-05,0.7275229007234911,0.00015710167291625162,0.9510377542252496,7.69089427672153e-05,7.315255290287654e-05,1.0811782620003376
2014-11-14,6.859476809423724e-05,0.7309851865814105,0.00015387525750644728,0.9092521669795588,7.509974606300771e-05,7.441602766195393e-05,1.094831984267864
2014-11-17,6.853595565786147e-05,0.7338919693287675,0.00015113028652442793,0.9136762628894004,7.469080234267684e-05,7.54313256119628e-05,1.0898046379558928
2014-11-18,7.650833651469074e-05,0.7411574943892931,0.0001585405068402044,0.90407139476775,8.162721988769248e-05,7.407355158291291e-05,1.0669062171024832
2014-11-19,7.466095393809579e-05,0.7470786840763544,0.0001541880549165372,0.8724560022735299,8.015645048006762e-05,7.486302621770356e-05,1.0736060316953404
2014-11-20,7.31046489834875e-05,0.7499645308219646,0.00014874677247895014,0.9137859097007168,7.820544612252786e-05,8.154179786019917e-05,1.0697739091831562
2014-11-21,7.04730363634149e-05,0.7528730697009498,0.00015040478299875633,0.9481890774157978,7.751113176883747e-05,8.591500324478437e-05,1.0998693368216543
2014-11-24,6.987047932397521e-05,0.7554328075508993,0.0001548458516556579,0.9532445417151056,7.857646567821866e-05,8.921618021515302e-05,1.1246017837358115
2014-11-25,8.166110492431963e-05,0.7493468305259895,0.00014778363101232168,0.9557350180839104,8.231967878491778e-05,9.312963077728472e-05,1.0080647189529028
2014-11-26,7.228929035700332e-05,0.7509778441932679,0.00014500625866251305,0.9959490590052644,7.688780782640852e-05,0.00010179764814244145,1.0636127073138393
2014-11-28,6.63644735069259e-05,0.7419950883348196,0.00013289470490978142,1.0090295650787422,6.968233509470084e-05,0.00010334031953330903,1.0499945439547362
2014-12-01,6.796408095783602e-05,0.7452201558965216,0.00013087505588786567,1.0347287324935628,7.028339910486127e-05,0.00010732139916489963,1.0341256456989998
2014-12-02,6.956629167082881e-05,0.7462874701052968,0.00012688729377909326,1.0575108021525044,7.011559828663757e-05,0.00010885044829150688,1.0078961606636725
2014-12-03,9.973973303376368e-05,0.7448050087516745,0.0001296774781386769,1.0652018738951703,8.470498450674422e-05,0.00010966022578662562,0.8492601887962751
2014-12-04,7.195368455764464e-05,0.7514586411560813,0.0001287957328763481,1.0711539577403633,7.234063874731539e-05,0.00011310299933143352,1.005377823137893
2014-12-05,6.914099334132158e-05,0.7555026849533663,0.00012641910987926076,1.0677178764444597,7.06334116487273e-05,0.00011267813230907649,1.0215851441421768
2014-12-08,6.652863915801598e-05,0.7567836170009156,0.00013022252782859533,1.0990216506153343,7.043996030432004e-05,0.00011709283930134599,1.0587915399413785
2014-12-09,5.578278936298998e-05,0.7568906128860684,0.00013051783267631117,1.0959857833554494,6.458299172133373e-05,0.00011710670350176684,1.1577583777870812
2014-12-10,7.622608908783083e-05,0.7559671040225363,0.00011859995423666663,1.1122296176434936,7.18781643358912e-05,0.00011180947609842993,0.9429601491566781
2014-12-11,6.0199482263474304e-05,0.7494864508904162,0.00010577963628327123,1.1205992030311054,5.980826430393647e-05,0.00011217484987307301,0.9935013069078303
2014-12-12,5.635062229218622e-05,0.7441752480863182,8.743632419102602e-05,1.109540345351593,5.223607357955012e-05,0.00010374952372173549,0.9269830829675392
2014-12-15,5.5088696774690915e-05,0.746049490876789,9.307012876952095e-05,1.0953647031843423,5.3420019836923506e-05,0.00010140887252651094,0.9697092682262536
2014-12-16,5.154869882225274e-05,0.7483229843333731,9.684367616768293e-05,1.1450388112967902,5.287295359192289e-05,0.00010376219368453079,1.0256893927475526
2014-12-17,8.951914955443635e-05,0.7645097082814385,0.00010642276578751164,1.232135877246385,7.462051625427335e-05,0.00010249578010581552,0.833570432982016
2014-12-18,9.913276275332198e-05,0.7600804519772301,0.00012150867635944286,1.3074966808054018,8.342031265202266e-05,9.225006593101914e-05,0.8415009360689608
2014-12-19,7.377698274922788e-05,0.7579638000686146,0.0001199842534305085,1.3060606204929068,7.13133825089274e-05,9.21408953508981e-05,0.9666074682306487
2014-12-22,6.996587850894997e-05,0.7509716957426277,0.0001121604163944185,1.2959752607048058,6.652525086683783e-05,9.13536133684742e-05,0.9508242058066632
2014-12-23,6.063494070426503e-05,0.7453288488813923,0.00011844147353223491,1.285503841035669,6.31627908351251e-05,9.160573099783579e-05,1.0416896611343147
2014-12-24,5.292955813268682e-05,0.7669612733217883,0.00011021198209843005,1.2937915013467869,5.8578328624667355e-05,9.279287524866257e-05,1.1067224192164968
2014-12-26,5.0003308753932844e-05,0.7821572961334805,0.00010572282980726549,1.2984973675092724,5.6869297279710526e-05,9.347087394101119e-05,1.1373106839702416
2014-12-29,4.966432774890378e-05,0.8086866119012295,0.00010358619175669118,1.3030278148282248,5.800340212757849e-05,9.378176930064813e-05,1.1679087336253893
2014-12-30,4.653062419950052e-05,0.8004107637957818,0.00011236583777732059,1.2902223393502148,5.787613309236463e-05,9.79390145793974e-05,1.2438288565444582
2014-12-31,4.3755181092948726e-05,0.7934724035176542,0.00012075316049769557,1.2898432391428911,5.767609160042747e-05,9.537554478661392e-05,1.3181545627226792
2015-01-02,6.483180836307134e-05,0.8218970714125744,0.00010786479488669466,1.307315902201118,6.873079411269718e-05,0.00010472585941001379,1.0601400122574205
2015-01-05,8.284505496642122e-05,0.7787055544341793,0.00016715019245644666,1.2130425321697091,9.163470966860132e-05,8.805669789154224e-05,1.1060975178994417
2015-01-06,7.372029621424698e-05,0.7819445211774332,0.00016354891585998967,1.1838646053625104,8.586047991514839e-05,8.716981256696341e-05,1.1646789869864254
2015-01-07,7.097584833724285e-05,0.786396180573697,0.00015640648948325088,1.2114069232387834,8.285602147729171e-05,8.662330798844868e-05,1.1673833200781205
2015-01-08,6.58935484829367e-05,0.7825261691605018,0.0001599563615363191,1.2599741349757716,8.033801119500752e-05,8.63736968738405e-05,1.2192090583164032
2015-01-09,5.142752848602693e-05,0.7810210317317006,0.00016090450920587182,1.262875216667475,7.104682312799435e-05,8.486887747307043e-05,1.3814940211894116
2015-01-12,5.214866604959718e-05,0.78088227771035,0.00016722921292966998,1.3005105819876723,7.292278412861972e-05,8.906432674756915e-05,1.3983633648320906
2015-01-13,5.1084978694142575e-05,0.7793341224948913,0.0001760519277055501,1.3306195015450506,7.390787107788555e-05,9.16056253045418e-05,1.446763274981259
2015-01-14,5.779000718727771e-05,0.7796578419789438,0.00018169317887778373,1.377160155676016,7.989134585808623e-05,9.36536994945046e-05,1.3824422204895324
2015-01-15,5.577655409897309e-05,0.7807370770351695,0.0001849881744347225,1.4035150148805875,7.93053758317092e-05,9.235060595407717e-05,1.4218407198656489
2015-01-16,7.006830803083834e-05,0.7820941299325619,0.0001990842216377131,1.375835620963008,9.237155661827129e-05,8.736459329734926e-05,1.318307223539876
2015-01-20,6.698197984101967e-05,0.778407843299214,0.00018896067844822103,1.3105753024652955,8.757333987252026e-05,9.017361753787626e-05,1.3074164137932882
2015-01-21,5.396910834789416e-05,0.7726479716556095,0.00019150948959789483,1.3137311253434247,7.855058788202196e-05,8.99387364995694e-05,1.4554731454088765
2015-01-22,5.806897077464812e-05,0.7637730925872057,0.00019394101493902866,1.4022934610966475,8.105340250159954e-05,8.93031826183401e-05,1.3958126245451903
2015-01-23,5.910063936486745e-05,0.7552279841997673,0.00020069087832692983,1.3406890609121196,8.225039274137457e-05,8.877076245620155e-05,1.3917005573084977
2015-01-26,6.288399592442454e-05,0.7664903383240723,0.00020520705157359945,1.3419487248676054,8.707087133933222e-05,9.119275902963228e-05,1.3846268841435592
2015-01-27,6.964065036165525e-05,0.7737929332668797,0.0002055269478909469,1.391910549282074,9.257432514311725e-05,8.927560123309269e-05,1.3293144831698682
2015-01-28,7.988841611727443e-05,0.7716124199402876,0.0002314670636550556,1.3686856299449048,0.00010492662794345596,8.248174740750574e-05,1.3134147983285334
2015-01-29,8.021798542057233e-05,0.773453959834583,0.0002607435323142688,1.3229994240455918,0.00011186059242606052,7.864430333374185e-05,1.39445776205411
2015-01-30,7.830236811365751e-05,0.7674307791727643,0.0002589969024435141,1.319444551378247,0.00010928836951676247,7.339386360195905e-05,1.3957224046931522
2015-02-02,6.708254753246161e-05,0.7738019809447766,0.00025578654478906226,1.33376154682731,0.00010136160026349013,7.034867646084128e-05,1.5109980761306165
2015-02-03,8.067150173734702e-05,0.7816133618618255,0.0002831260280979904,1.2791092964013535,0.00011812503335191445,6.236104741557062e-05,1.4642721507343435
2015-02-04,7.910110058857453e-05,0.7848272411895041,0.0002951736980184205,1.2356694166251403,0.00011992346275225826,6.038598084246304e-05,1.5160783081389917
2015-02-05,8.520627788871464e-05,0.7882744443586734,0.0003039980293264663,1.2156693078246017,0.00012686698773781241,5.757542791948967e-05,1.488939440630297
2015-02-06,8.507292515013707e-05,0.789915134861032,0.00031952022493056116,1.1875034283940396,0.00013023427436501827,5.6039625029622836e-05,1.5308545478503326
2015-02-09,6.296753465448077e-05,0.7806196855316329,0.0003031554295701947,1.1698839097987703,0.00010785257525328676,5.49574829701609e-05,1.7128282986637777
2015-02-10,6.653518645016198e-05,0.7752632370049021,0.0002961909200295368,1.1698779204216965,0.00010883303732800933,5.226304304335241e-05,1.635721535244069
2015-02-11,6.58212274519105e-05,0.7707687364196544,0.00028039452307503484,1.1965941631758352,0.00010471088791483705,5.724947872046284e-05,1.5908376669417117
2015-02-12,6.625281595902424e-05,0.7707376692100345,0.0002944411376130857,1.092115810903194,0.00010764850424966673,5.2032996238690385e-05,1.624814020225868
2015-02-13,6.59493776327874e-05,0.7690506957479378,0.0002834166949444443,1.0920666602131412,0.00010514122549663367,5.165755598351851e-05,1.5942716864148487
2015-02-17,5.2818371217651516e-05,0.7650326954330218,0.0002635282919659114,1.0791455858108936,9.025808647901854e-05,5.1572203391596e-05,1.7088388831054098
2015-02-18,4.925751255554142e-05,0.7613122679086117,0.00025308926999207494,1.078172522017469,8.50033287398096e-05,5.167054506264006e-05,1.7256926777202193
2015-02-19,5.2538640297651296e-05,0.7575399947435588,0.00023012667028687718,1.079867476485573,8.32968269384905e-05,5.1849874863414885e-05,1.5854393350604894
2015-02-20,5.811623348480445e-05,0.7559215881421495,0.00021788071766784374,1.02118289590294,8.506186038255207e-05,4.863537481088717e-05,1.4636506064143515
2015-02-23,5.7842904366347e-05,0.7589679479474297,0.00021446684708680095,1.0130035090433052,8.453344434242601e-05,4.8479176813556344e-05,1.4614315319824702
2015-02-24,5.363774172174018e-05,0.752993696045229,0.00020905223269485578,1.02497138580049,7.973591601781699e-05,4.9242628107070716e-05,1.486563629607449
2015-02-25,4.6420168910813084e-05,0.7517193959622438,0.0001930687878966466,0.9759207279753708,7.116478626521717e-05,4.9024374782842487e-05,1.533057460474688
2015-02-26,6.082008377129165e-05,0.7511891869315744,0.00018809576551611704,0.9770613078802056,8.034564547954575e-05,5.174020286001015e-05,1.3210380600868323
2015-02-27,6.477291200020017e-05,0.75067405100145,0.0001839503217522033,0.9772685072478032,8.19404586566207e-05,5.167216442626826e-05,1.265042069690606
2015-03-02,7.10002492943561e-05,0.7524687978007959,0.00018128765035111476,1.0252627365650766,8.536946168178234e-05,5.6271487823346595e-05,1.2023825624590936
2015-03-03,6.22129036386534e-05,0.7504388106125636,0.00018030397206531885,0.9906355083960044,7.948005689509296e-05,5.4373175224456224e-05,1.2775493868077767
2015-03-04,6.357489191775788e-05,0.7492827684226023,0.00017862073541503187,0.9735603310944748,7.984624497469704e-05,5.3477445806344094e-05,1.2559399248053493
2015-03-05,6.337223751236057e-05,0.7488449870308045,0.0001737057770510181,1.0153286413238207,7.856852112764029e-05,5.9698343355147106e-05,1.239794020407055
2015-03-06,6.737776824421294e-05,0.7491375749378757,0.000175982061623231,1.007986644941039,8.157443833494927e-05,5.510316568418664e-05,1.2107025872284762
2015-03-09,6.459093954914395e-05,0.7483119854062839,0.00016946723310055911,1.011544529379434,7.829091549697689e-05,5.5189519619660806e-05,1.212103679609883
2015-03-10,6.248974140729342e-05,0.7358567064364542,0.00018175430555924518,0.9448117651811576,7.842237124299384e-05,4.555277680515813e-05,1.2549639265084376
2015-03-11,5.4252554100076106e-05,0.7180227063806544,0.00013784591695850163,1.0006580241002274,6.20933692943268e-05,5.0173650548166825e-05,1.1445243514210826
2015-03-12,5.508043688697334e-05,0.7093844357144636,0.00013408136719673928,1.0303159850978092,6.096275126561514e-05,4.8326113014485693e-05,1.1067949840469218
2015-03-13,5.707193087433516e-05,0.7072422756066612,0.00013438015092102348,1.0123171078268516,6.19365567807376e-05,4.6543754826316806e-05,1.0852367500429188
2015-03-16,5.2149496476829495e-05,0.70667667412032,0.00013950698875999536,0.9925851835691047,6.027591315620537e-05,4.2038203902060804e-05,1.1558292453118222
2015-03-17,4.691748238540657e-05,0.6865579796812699,0.00014315967258904085,0.9832154129790992,5.6267149881273776e-05,4.140422218895062e-05,1.1992789685316827
2015-03-18,5.051902620859181e-05,0.6792602397310603,0.0001494754175069914,0.9495582227782964,5.9026708575342796e-05,3.725125528351793e-05,1.1684055098691526
2015-03-19,5.142834644805491e-05,0.6743969271833106,0.00015809803785110353,0.9267039551977764,6.081071408013702e-05,3.600342820439225e-05,1.1824357242665529
2015-03-20,5.066833282542825e-05,0.6719600401383469,0.00017706663917940426,0.977185443052874,6.364732077286286e-05,4.0276431788108725e-05,1.2561558121944167
2015-03-23,5.007282454924587e-05,0.6687332005651955,0.00017694531322193002,1.017690548566375,6.294677176408792e-05,4.3839390274153765e-05,1.2571044739483532
2015-03-24,4.2218867344400384e-05,0.6596258486818218,0.000166901269132799,1.048457753149364,5.537079695792989e-05,4.436681161781573e-05,1.3115178222627966
2015-03-25,4.692159710753298e-05,0.6517282083939437,0.000166406179026541,1.1614999760130689,5.758874788827017e-05,4.420739032920059e-05,1.2273398911867952
2015-03-26,4.732340893496746e-05,0.6473822093553141,0.0001667693108448827,1.1468791020996092,5.751178382524713e-05,4.346719150682421e-05,1.215292497298339
2015-03-27,4.354358066573599e-05,0.6494205516984644,0.0001671155667870793,1.1301329337919648,5.5398314425714544e-05,4.283053961832345e-05,1.27224986045548
2015-03-30,4.5502666776921666e-05,0.6573403973848005,0.00016466676823691714,1.2160727335516204,5.6899929608085996e-05,4.247575392068064e-05,1.2504746125549033
2015-03-31,3.983451498744685e-05,0.6760856928446833,0.00015916975496886498,1.2152515732794362,5.3834636665450496e-05,4.230170242747829e-05,1.351457063865734
2015-04-01,4.176214734580363e-05,0.6896487201351407,0.0001586594767128527,1.2737524925884325,5.613740770109013e-05,4.4015478625086136e-05,1.3442174617184994
2015-04-02,4.894523588776545e-05,0.6932276316210748,0.0001445180434207506,1.22399694451573,5.830316277961837e-05,4.3177991312917546e-05,1.1911917824507219
2015-04-06,4.8199312485919956e-05,0.6926738356838176,0.0001290523750920303,1.2167480477464372,5.463012648119909e-05,4.172280581246671e-05,1.1334212805868902
2015-04-07,4.533264144371158e-05,0.6923379281745892,0.00012224590747153807,1.3084512964620316,5.153957122024466e-05,4.868751376281921e-05,1.136919658304934
2015-04-08,4.177649686660928e-05,0.6984801507176238,0.0001233469862392904,1.3184230246795112,5.014000237403381e-05,4.903618459359544e-05,1.2001964294452183
2015-04-09,4.664355209638432e-05,0.6985570486232112,0.00011194038056903083,1.346655238435376,5.047671422787741e-05,5.1478037557458734e-05,1.0821798932373812
2015-04-10,4.853778747139849e-05,0.6993533036430765,0.00010265432786685318,1.3795704376959812,4.936569441652314e-05,5.23917653628503e-05,1.0170569568217855
2015-04-13,4.467938122611643e-05,0.7026912599006145,0.00010006869027776547,1.3583584264433402,4.698586586852801e-05,5.1856852035169855e-05,1.0516230211591062
2015-04-14,4.646938254229903e-05,0.7076910383499367,8.537546996966202e-05,1.3484275943195028,4.457524108084513e-05,5.144796741254837e-05,0.9592389363097359
2015-04-15,4.691423215315267e-05,0.7123255312673731,8.790997550660169e-05,1.3702626992863065,4.5745659862211086e-05,5.4923717139432516e-05,0.9750913051901446
2015-04-16,4.176974619173272e-05,0.7176342669408601,8.697196863802311e-05,1.3312362269232143,4.3253747085386075e-05,5.605460192538272e-05,1.035528128105961
2015-04-17,4.332386275975345e-05,0.7241413308587111,0.00010054580727273565,1.394889250203333,4.779350752955409e-05,5.507359921059924e-05,1.103168196118302
2015-04-20,4.305137811564542e-05,0.7226958601564771,8.00294778624201e-05,1.4533714872334162,4.2420334400900346e-05,5.484613941131548e-05,0.9853420786426406
2015-04-21,4.4326391543702614e-05,0.7270277202511458,8.490903295010405e-05,1.4560477130179883,4.460249020541645e-05,5.6724170731879624e-05,1.0062287646726584
2015-04-22,3.760113128202133e-05,0.7286768472053303,8.648976542472153e-05,1.495879954154686,4.1554473673326686e-05,5.777793267248191e-05,1.1051389215301513
2015-04-23,3.981692672329287e-05,0.730069066194038,8.74804298382046e-05,1.4982847425386876,4.3087695745297064e-05,5.76364757711153e-05,1.0821451902788568
2015-04-24,4.472325784062566e-05,0.7355722842652762,8.964695310943407e-05,1.6159660345590874,4.657574815313089e-05,7.776682981920303e-05,1.041421184456345
2015-04-27,4.8016264703360416e-05,0.7443583739652305,8.689629723861752e-05,1.6359832468164806,4.8081377357534566e-05,7.852398885685878e-05,1.0013560541324156
2015-04-28,4.837591330570472e-05,0.7435232150221465,8.443995095465914e-05,1.6281322601469603,4.752073047638195e-05,8.030072979926844e-05,0.9823221357306773
2015-04-29,4.7158652268819175e-05,0.753332492707861,9.524622782477352e-05,1.6167572897625515,5.0488362420994333e-05,7.923599659684897e-05,1.0706065587539433
2015-04-30,4.7296624411946914e-05,0.7701234279661442,9.874632235455653e-05,1.736433749874554,5.263030335991636e-05,8.157104155807161e-05,1.1127708164014805
2015-05-01,5.0018555724514286e-05,0.7643110027168365,0.00010730443499724576,1.7437575789110915,5.5994390453400683e-05,7.877995387033148e-05,1.1194723566549847
2015-05-04,4.992916004912971e-05,0.7701469897086555,0.00011151472490108637,1.6326643385423218,5.746677968930615e-05,8.334100170637393e-05,1.1509662816830788
2015-05-05,5.102770643270727e-05,0.7628827504381526,0.00012819255860685086,1.656432612957574,6.170100346840553e-05,8.026262833843238e-05,1.2091667014227587
2015-05-06,5.61480236098465e-05,0.7800139821801478,0.00013559342913203266,1.8565374147956564,6.80595301646917e-05,9.619076169920132e-05,1.2121447165730035
2015-05-07,5.2055366505413186e-05,0.7910032808554941,0.00013916364428975675,1.7696518664979612,6.732462385512422e-05,9.588738263596141e-05,1.2933272470211732
2015-05-08,4.9463315458690945e-05,0.7750413082010359,0.00015850390181635935,1.7704282660416315,6.862564518720885e-05,8.979803019020762e-05,1.3874048787635602
2015-05-11,4.237087867236375e-05,0.7884413132850959,0.00014658386904898126,1.7671687689996975,6.21364157718208e-05,8.872643649416508e-05,1.4664887233586932
2015-05-12,4.7490306282055044e-05,0.7885538233011341,0.00014607700341373483,1.7570590718926262,6.567873093958925e-05,9.030976648790317e-05,1.3829923637364914
2015-05-13,4.663897325113825e-05,0.8371665483702029,0.00012082486149055264,1.7563147386795055,6.284409983163204e-05,9.028554024939006e-05,1.3474589050928194
2015-05-14,4.9144732522979803e-05,0.7946723014130748,0.00014231483337603324,1.7399179298569765,6.645867034151479e-05,8.531425054938136e-05,1.3523050575245086
2015-05-15,5.102390807027307e-05,0.7928534623651301,0.0001444787738600171,1.7296985499799078,6.80740846619224e-05,8.537676306609254e-05,1.33416053839245
2015-05-18,5.1224895533544154e-05,0.8148461463231584,0.00014874432904993305,1.7487643671910993,7.112730688329024e-05,8.601430319139242e-05,1.3885300524764013
2015-05-19,5.107054978153525e-05,0.8537726313362815,0.000138552848566771,1.723358335201271,7.181831722737929e-05,8.590887898952974e-05,1.4062569824408955
2015-05-20,4.960583034370502e-05,0.8485043253127825,0.00013953105526689886,1.6880599230181557,7.059206100053224e-05,8.79968957256535e-05,1.423059759536721
2015-05-21,4.7917991249736124e-05,0.9071177644092678,0.00013105612369454622,1.6884374382902965,7.188555550515069e-05,8.85872684747915e-05,1.5001788186508456
2015-05-22,4.8649795894238564e-05,0.9185775652783118,0.00012650745605170886,1.6350258035721137,7.206334329771936e-05,9.170458603212898e-05,1.4812671250333773
2015-05-26,5.2044924254716454e-05,0.7973024353776414,0.00013206064766169693,1.5640073129171028,6.609962452097988e-05,8.547551070833407e-05,1.2700493942017748
2015-05-27,5.41376103742017e-05,0.765530919628262,0.00015176928203786632,1.556705219378519,6.93911711496229e-05,8.18587927690376e-05,1.281755339217743
2015-05-28,5.2639353679274204e-05,0.7430433626801984,0.00015281627769610307,1.5509728148343238,6.664295437910607e-05,8.158821968207271e-05,1.2660291155008148
2015-05-29,4.7121939363217764e-05,0.720378992150182,0.00016697494459888744,1.525444300179847,6.38996193987797e-05,7.932892271721664e-05,1.3560481648736677
2015-06-01,4.566975475334599e-05,0.7173374380225683,0.0001663809206031969,1.5315469048563497,6.25301684422566e-05,7.95834928005821e-05,1.369181174279797
2015-06-02,4.848176142599366e-05,0.7280784434547987,0.00017755879274100858,1.5411063169849304,6.755203858610835e-05,8.047990328043234e-05,1.393349511222381
2015-06-03,4.583723039523311e-05,0.7315770993109604,0.0001870539579318227,1.4791725551684969,6.774117688650046e-05,7.90948735418208e-05,1.4778636558622718
2015-06-04,5.208668778062701e-05,0.7288810156209488,0.00018670390190648516,1.4707261389397477,7.18781195267517e-05,7.649313549189739e-05,1.3799710173447786
2015-06-05,5.356843740955158e-05,0.7251104260007276,0.0002032009835263498,1.4289084151121485,7.565219644437891e-05,7.938197544778974e-05,1.4122531868157435
2015-06-08,5.4875341169450945e-05,0.7345652697645656,0.00019477672456786344,1.456301812790718,7.59429628714138e-05,8.237366001659142e-05,1.3839178263495002
2015-06-10,5.7400521339002106e-05,0.7293429899141686,0.0002315811646867895,1.3997200975961122,8.408941834351737e-05,7.46623442964761e-05,1.464959139428249
2015-06-11,5.7399555912391706e-05,0.7283149073680845,0.00022573404737400913,1.3909677083063785,8.290333466104188e-05,7.42921896500426e-05,1.4443201405177473
2015-06-12,5.544172754801711e-05,0.7281889936110496,0.00023536331547169593,1.3596316369499906,8.318248188999021e-05,7.182346044318e-05,1.5003587652990666
2015-06-15,5.424960916028536e-05,0.7309621129539635,0.00024278980776755807,1.3522090359308403,8.38896533416881e-05,7.111654226396908e-05,1.5463641976447897
2015-06-16,5.423174022350414e-05,0.7319460344840159,0.00023838440561383295,1.3562422690615548,8.322326565962372e-05,7.231281525587592e-05,1.5345859328252682
2015-06-17,5.412494915971205e-05,0.733576137358589,0.00023603259097286305,1.3423837007765098,8.291439443661888e-05,8.444617270366983e-05,1.531907109823879
2015-06-18,5.572982074389677e-05,0.735366286659638,0.0002494674721702176,1.111297998589626,8.67070681894892e-05,8.989901044425221e-05,1.555846888292475
2015-06-19,6.241618085312648e-05,0.729694074763977,0.0002375962549694995,0.9431032227460948,8.886059376698404e-05,0.00010900421079743421,1.4236788049573996
2015-06-22,6.257165974145031e-05,0.7471617808788914,0.0002711152518087961,0.8671865513842307,9.731515103284263e-05,0.00010086891370873153,1.555259224942321
2015-06-23,5.295413252336654e-05,0.7457093087708502,0.0002587442261042085,0.8142364189034016,8.728805714444984e-05,0.00012416076115746405,1.6483710144044585
2015-06-24,5.124155217210486e-05,0.7448429559243742,0.00025059663560085755,0.7717079485862323,8.440408599054743e-05,0.00012896299008309655,1.647180509034146
2015-06-25,5.1531038942745836e-05,0.7510670183744851,0.0002480913731154683,0.7677755358266859,8.492175718081663e-05,0.0001282719689327447,1.6479729289985778
2015-06-26,9.885673436567757e-05,0.7378104148141313,0.00023425971520358335,0.7627022977249467,0.0001122785296795368,0.00012822453525018169,1.1357701667972475
2015-06-29,0.00010219846828200267,0.7389316273256374,0.00027811200738730914,0.698338707376566,0.00012457655551470647,0.00012443599058620806,1.2189669533104404
2015-06-30,8.697755639475864e-05,0.7350755514928922,0.00024034659693375035,0.7013285117790509,0.00010628073964503656,0.0001312496535200689,1.2219329221284165
2015-07-01,9.667073925185136e-05,0.7337868661282878,0.00021530687733553537,0.6980306259970321,0.0001058635382358995,0.00012934413502000604,1.0950939141998137
2015-07-02,9.521395937942913e-05,0.7333718390550469,0.00018856892841610017,0.7140491506976526,9.826743237178855e-05,0.00013538663078331472,1.032069593705176
2015-07-06,0.000172264093177785,0.7270363524919083,0.0002005427811488605,0.7416215319411924,0.00013513163281015321,0.00015210113189699067,0.784444571804588
2015-07-07,0.00016730584927433944,0.7178759178800064,0.00018732117568725018,0.742195918272979,0.00012708619718419703,0.000153786857709208,0.7596040290008491
2015-07-08,0.00018325021701855255,0.7085601546027962,0.0001826875868758263,0.7456179434611813,0.0001296443202170043,0.00015106180093275238,0.7074715780766518
2015-07-09,0.00017483634785152047,0.7045908998769996,0.00018095630590301109,0.7358301510166398,0.00012532558879753752,0.0001494530767061591,0.7168165563831733
2015-07-10,0.0001852458943863911,0.7199210125303865,0.00022350828561440398,0.6734023068308537,0.0001464893186575105,0.0001340504474635494,0.7907830785818063
2015-07-13,0.00021177015433928543,0.7395917499956273,0.0002174115815510699,0.6865248191125382,0.00015869592397439446,0.00013724654202852462,0.7493781381494456
2015-07-14,0.0001959846645507268,0.7543963558547006,0.00020302875065901922,0.6914054129910402,0.0001504836781959543,0.00013925796470899547,0.7678339452779203
2015-07-15,0.00017788056160659394,0.7648153574418124,0.00019677321707384178,0.6903102314616733,0.00014308820609587315,0.00013904544753159115,0.8044060846419598
2015-07-16,0.00018174519139179188,0.7727471502514305,0.0001983181387663673,0.7225420700906598,0.00014670674979466318,0.0001507254403544737,0.8072111766544866
2015-07-17,0.00017984339911716185,0.7775808570888195,0.0001998783090089279,0.7181513451756937,0.00014742653041115354,0.00015048302505123642,0.8197494661180763
2015-07-20,0.0001933298802508964,0.7926625934673278,0.00019701444362979506,0.7419866203634603,0.00015469877978691762,0.00015748424648694094,0.8001803941850852
2015-07-21,0.00019419877324157122,0.8052915959601111,0.00020160733729248322,0.7424745085044924,0.00015934174713196664,0.0001575271355155241,0.820508515436168
2015-07-22,0.00018582236281108658,0.8175430739345706,0.0002047634207410871,0.7424129843701631,0.00015947250666582612,0.0001575570670239454,0.8581986810056407
2015-07-23,0.00018795658724473803,0.8215590649953762,0.00020784799779904377,0.7464796092385348,0.00016238297359996113,0.00015824090227740928,0.8639387210650004
2015-07-24,0.00019329917782205091,0.8234188476398326,0.0002134239843544621,0.7393855568358383,0.00016724664659744753,0.00016471935690452988,0.8652217173495323
