Date,Predicted_Index_Var,Predicted_Corr,Predicted_Var,Future_Beta_45d_DXJ,Predicted_Covariance,Future_Cov_45_DXJ,Beta_Predicted
2013-02-28,5.497886498863307e-05,0.5719182858381638,0.00029900006761017354,1.3589223733679268,7.332760670477112e-05,7.442644471339462e-05,1.333741733663139
2013-03-01,5.488021190183326e-05,0.5734218013130591,0.0003011069902561322,1.349250171170358,7.371273229160729e-05,7.382642286331616e-05,1.3431568453755356
2013-03-04,5.501029900576039e-05,0.5733946284636683,0.0003004112520224609,1.3543309477683554,7.371124058827452e-05,7.404433686971241e-05,1.3399534618155025
2013-03-05,5.845535101370509e-05,0.5734825352526148,0.00030092124702541136,1.3877102389285652,7.606042701859305e-05,7.437401664065035e-05,1.3011713333268733
2013-03-06,5.9250468430820016e-05,0.5759340780973461,0.00030242162362754043,1.369262219486958,7.709480086500462e-05,7.389118765561574e-05,1.3011677866314153
2013-03-07,5.369174155549812e-05,0.5754020909869497,0.0003008082986019629,1.3731751209184937,7.312570867162762e-05,7.422276818321217e-05,1.3619544934306465
2013-03-08,4.524810700565277e-05,0.5552475627673202,0.0002847261265194579,1.3607554078998607,6.302321126128297e-05,7.32559844367881e-05,1.3928364175192918
2013-03-11,4.8373919939468494e-05,0.5564722821822801,0.00028057535335019717,1.3431312997441345,6.482968882847844e-05,7.461947317051293e-05,1.3401785282152339
2013-03-12,5.1431479865635213e-05,0.554047866783376,0.000285176572931164,1.3323060713712571,6.70994129007039e-05,7.410567948441177e-05,1.3046370253393678
2013-03-13,5.5261000285198275e-05,0.5535336335271944,0.0002788603792211582,1.3529590404598848,6.871424707380683e-05,7.637981094030899e-05,1.24344920864945
2013-03-14,6.195858588029715e-05,0.5609595187682932,0.00026692393816958604,1.3724201483456098,7.21399824351377e-05,7.91348592168477e-05,1.1643258381414776
2013-03-15,6.386120353979619e-05,0.5652456261253536,0.0002635875232162643,1.3864702423911903,7.333616317175447e-05,7.837361593794658e-05,1.1483680091630877
2013-03-18,6.402550064969363e-05,0.5677075771137065,0.0002638373105079391,1.3887644465075577,7.378520494625063e-05,7.689485421412496e-05,1.152434642408434
2013-03-19,6.71640875084588e-05,0.5705589735322552,0.00026330510537644046,1.386123093959602,7.587500619876892e-05,7.884929543838356e-05,1.1296960773748776
2013-03-20,6.839791392936718e-05,0.5745879310128729,0.0002715720458959749,1.443853963285293,7.83105834701276e-05,8.176366151900679e-05,1.144926489293182
2013-03-21,6.814178529168062e-05,0.5847130586392053,0.0002838879319740037,1.474830705830238,8.132480164059516e-05,8.03272847030903e-05,1.1934644989485481
2013-03-22,6.79733209422515e-05,0.5847233244655134,0.00027882250952132327,1.5192842396629964,8.049771973025173e-05,8.198020632219156e-05,1.184254625408705
2013-03-25,7.243408887933498e-05,0.5851290620002371,0.00027980728498061764,1.5763379771707344,8.330147254166202e-05,8.619420747563858e-05,1.1500313433973135
2013-03-26,7.339742545776695e-05,0.5853782403685118,0.0002856435569281566,1.5692465078794575,8.475965968445252e-05,8.44463233853854e-05,1.1548042612642242
2013-03-27,7.311742529462491e-05,0.5983148699515389,0.00026960863927982733,1.579401344770269,8.400538833892599e-05,9.374263043326635e-05,1.1489106461343284
2013-03-28,6.422356192814954e-05,0.5995965636052257,0.00029110985049991,1.5419145924030682,8.198507154926515e-05,9.207801537446103e-05,1.2765575294778324
2013-04-01,6.678777769649997e-05,0.601414002823689,0.0003566532140313754,1.39426256062525,9.282075639289296e-05,8.355518960259282e-05,1.3897865686547206
2013-04-02,6.451960799026473e-05,0.6002922286735694,0.0003519427883784163,1.5505766068746083,9.04575073924496e-05,0.0001001791685206973,1.4020157624965515
2013-04-03,6.836168011312682e-05,0.5988828047034803,0.0003511127248643137,1.4675839887339233,9.278365833727408e-05,9.298565682731407e-05,1.3572466063404687
2013-04-04,6.901245142532413e-05,0.5809529108265507,0.0004940142250258377,1.458227721034446,0.00010726903817310581,9.649302115079374e-05,1.554343251944582
2013-04-05,6.697476452894188e-05,0.57915965089224,0.00045860857846469037,1.4875524333594592,0.00010150208944809237,9.73509090665423e-05,1.5155273805289777
2013-04-08,7.273438811092278e-05,0.580084817026037,0.00043839149489898475,1.5859878891593358,0.0001035839464720822,0.00010745173619222232,1.4241399310888907
2013-04-09,7.022991067372413e-05,0.5816837910915407,0.00041238682799750015,1.541130763101512,9.899207157592455e-05,0.0001070898566694568,1.409542894562751
2013-04-10,6.636144982931065e-05,0.5836786158974908,0.00039585205810515115,1.4496981328246443,9.460153186844161e-05,0.00010321913249984961,1.425549503691793
2013-04-11,6.716170407401359e-05,0.5813485866859663,0.0003853598187011695,1.5036920628132622,9.352564002657808e-05,0.00010849416517803296,1.392544178502542
2013-04-12,6.98842565011876e-05,0.5935351682096897,0.000385604167688568,1.5410291805196925,9.74332055472972e-05,0.0001125938788514542,1.3942082297983873
2013-04-15,9.593981606210937e-05,0.6084312488119328,0.0003993031405504135,1.6662011600858984,0.00011908644064382444,0.00010056571154925849,1.2412619236911027
2013-04-16,8.836558039441448e-05,0.6244016196458066,0.000392696986798264,1.5326551556098942,0.00011631463776425387,9.402019349107287e-05,1.3162889582696162
2013-04-17,8.959564094882932e-05,0.6302313412712842,0.00037742563525090627,1.6538952126837907,0.00011589351483955908,0.00011753925527149792,1.2935173364711934
2013-04-18,9.719405369416862e-05,0.6391729381179979,0.0003709181668658072,1.6209099397177558,0.0001213604782954806,0.00011370142848486105,1.2486409783602008
2013-04-19,7.72897485213767e-05,0.6341403104189138,0.00038624367071321515,1.643862631203217,0.00010956629997720262,0.00011929185711022988,1.4176045604146184
2013-04-22,7.797978274745508e-05,0.6293223875856896,0.00038687000079270747,1.645854797963217,0.0001093066839599359,0.00012204097338883118,1.401731065524201
2013-04-23,8.499754389235151e-05,0.6311929996189968,0.0003957641315038063,1.5961028434822793,0.00011576667966734331,0.00011804507590817322,1.3620002927844665
2013-04-24,7.773768893068322e-05,0.6347470703225834,0.0003969623667073143,1.6185313911676926,0.0001115041896476822,0.00012080017006306225,1.4343646071998324
2013-04-25,6.90805921567358e-05,0.6384947534050417,0.00039583019024687756,1.5926444290451944,0.00010558198344771803,0.00011909553737913926,1.5283885119016472
2013-04-26,7.034557142953508e-05,0.6276134403696626,0.0004163500525652726,1.6001951089076203,0.00010740881576050499,0.00012059455089552115,1.526873882431903
2013-04-29,6.776168711759701e-05,0.6188179338297516,0.0004245419022935049,1.601904572880505,0.00010495793496155069,0.0001193255825035216,1.5489274164529205
2013-04-30,5.8041023931509805e-05,0.6032604791076321,0.00039638746570670556,1.6049237139470214,9.150237444108929e-05,0.00011938485960370403,1.5765120641059833
2013-05-01,6.311211636341748e-05,0.6018178043300545,0.0003993460193614006,1.6210961442375629,9.55423861869671e-05,0.00012134182361643123,1.5138517243948362
2013-05-02,6.214021471172626e-05,0.600335188521945,0.0004006299705504662,1.6164042818919524,9.472222533690732e-05,0.00011918949066480538,1.5243305124762083
2013-05-03,7.476459886581012e-05,0.6025816443439979,0.0004290551253418214,1.5904661248323682,0.0001079246003446466,0.00011559404082738802,1.4435254382672889
2013-05-06,7.535412832838797e-05,0.6043743905016501,0.00044422938801204755,1.5900785599194736,0.00011057659731955285,0.00011541268387163503,1.4674258699890714
2013-05-07,7.392273390092128e-05,0.6063235761669122,0.00045710865600838435,1.575365465756758,0.00011145593213085461,0.00011963315054816794,1.507735526668144
2013-05-08,6.958015556766957e-05,0.6121180692553928,0.00047041633764503235,1.5736372479538625,0.00011074371689526417,0.00011894929973771572,1.5915991562789962
2013-05-09,7.111722928104653e-05,0.6133284323260939,0.00047568212924400667,1.593224497950168,0.00011280774814279726,0.00012037219988524607,1.5862224848073725
2013-05-10,7.562958883543677e-05,0.6058092479129213,0.0004901827717475876,1.5990169271535883,0.00011664356644836639,0.00012126032853084619,1.5423006821070042
2013-05-13,7.357910230951406e-05,0.599504224229175,0.0004998874758726176,1.605071870492243,0.00011497558239713425,0.00012185815279151171,1.562611920888677
2013-05-14,7.590263764609063e-05,0.5973973931532343,0.0005079942328840005,1.6227073238361565,0.0001173062490465908,0.00012059052139070272,1.5454831700783809
2013-05-15,7.650099964197039e-05,0.5974173980792563,0.0005041540307864529,1.6076259967955029,0.00011732567000801946,0.00011865814880696001,1.533648848474022
2013-05-16,7.639729836462006e-05,0.5989662226048824,0.0005179923228816107,1.5994597002145872,0.00011915245475359036,0.00011716799098057509,1.5596422557367606
2013-05-17,7.425705624970095e-05,0.5977768189952963,0.0005296223688271296,1.575801932151456,0.00011854714348933997,0.00011263024822386317,1.5964428092962195
2013-05-20,7.217439206379002e-05,0.5983660392286912,0.0005304718391170668,1.570509747227314,0.00011708187555739637,0.00011279790213850542,1.6222079910824283
2013-05-21,7.13709588975209e-05,0.5971331014563939,0.0005280034748227623,1.5490608036488671,0.00011591784607493233,0.000111377097713955,1.6241598524881073
2013-05-22,7.35750525384875e-05,0.5989362638334517,0.0005286332251837157,1.5656964319858595,0.00011811991543060141,0.00011044284333839633,1.6054343334489942
2013-05-23,7.454058968752127e-05,0.5940256637766892,0.0005887288401095047,1.5493269196565105,0.00012443979182560664,0.00010933199845237041,1.669423227630287
2013-05-24,7.630250921850573e-05,0.5834981184156282,0.0005966258910337283,1.536480846365576,0.00012449729570982536,0.00010837448022659443,1.6316278060175626
2013-05-28,7.438631671877e-05,0.5824118310153925,0.0005693776669548697,1.531664239442441,0.00011986073328634032,0.0001069453563365151,1.6113277088243798
2013-05-29,7.273626036607267e-05,0.5795715198968543,0.0005654886385622232,1.5680834020157322,0.00011754237520057729,0.00011201478525763996,1.6160079526910092
2013-05-30,7.309916508279677e-05,0.5750979283693697,0.0005352895225342837,1.5819399472805944,0.00011376073330974937,0.00011271969823606025,1.5562521566545489
2013-05-31,7.696255068093324e-05,0.5806028984947507,0.0005262033024350004,1.5790884633858735,0.00011684111979869748,0.00010429485952345835,1.5181555024480728
2013-06-03,7.835861755638394e-05,0.5755842577310039,0.0005194402018555693,1.6068804685134184,0.00011612348724468118,0.00010689174922306109,1.481949157169893
2013-06-04,7.696792659140356e-05,0.5663543618475481,0.0004668115531488196,1.7017615668081978,0.00010735293966273686,0.00011262364643829757,1.3947749980668824
2013-06-05,8.390672708275947e-05,0.5806357977797515,0.000514080590353449,1.578231099257147,0.0001205918066931758,9.660310274583793e-05,1.43721261555385
2013-06-06,8.864935953499249e-05,0.5674030645278976,0.0005086966035056436,1.6846968962775986,0.00012049218978878583,0.00010126055158205298,1.359199777875711
2013-06-07,8.584609796353898e-05,0.5891155176626248,0.0004135879082454475,1.6186457873684117,0.00011100554127399568,9.220300841245698e-05,1.2930761433227
2013-06-10,7.344670994631798e-05,0.590495448254676,0.00044907606070734006,1.6431138729402412,0.00010724145054234447,9.378748933134546e-05,1.4601259963955768
2013-06-11,7.540176794643908e-05,0.5987165808479229,0.0004913096177186548,1.4953243043190678,0.00011523640016321512,8.23395745024928e-05,1.5282983847947993
2013-06-12,7.564969572692771e-05,0.5968522490793371,0.0004933340271924243,1.5471991226122308,0.0001153030945621912,9.003111017941032e-05,1.5241712931457139
2013-06-13,7.668406692361186e-05,0.5936465352782627,0.0004835180291665718,1.6289367449780912,0.00011431068900462838,8.733458762629035e-05,1.490670664591876
2013-06-14,7.978958283363962e-05,0.5951603495798472,0.0004975995480758579,1.5299322033653269,0.00011858972884207961,8.206761171195259e-05,1.4862808480818588
2013-06-17,6.406673037804978e-05,0.5954762411678887,0.00047566783968009784,1.4319417181622704,0.00010395194346886785,7.568696778756285e-05,1.6225573375675706
2013-06-18,5.269216623890948e-05,0.5858999524430394,0.00045116289715873393,1.3795768659090322,9.033648285918708e-05,7.218498846899292e-05,1.7144196055557097
2013-06-19,5.313666894497608e-05,0.5696462766434469,0.00042721000027767195,1.5270556825714665,8.582684162142747e-05,7.591558272889565e-05,1.6152092956805897
2013-06-20,6.610900161714408e-05,0.5907558375500197,0.00043178449772082717,1.5000586954673152,9.980949172662802e-05,5.220130384983773e-05,1.5097715785310601
2013-06-21,6.524441916700448e-05,0.5750050278906587,0.0004343480106200833,1.6269455901416952,9.679707747816626e-05,5.7090258697204294e-05,1.4836070075265326
2013-06-24,5.5679700730278476e-05,0.5751815453186957,0.0003986094709975047,1.4749519340379798,8.568941859232995e-05,5.536298248784682e-05,1.538970530883839
2013-06-25,5.683904438603972e-05,0.5778952233346981,0.0003749546995895809,1.4895067150955603,8.436491810344606e-05,5.3544019104900924e-05,1.484277559813567
2013-06-26,5.616484134519195e-05,0.5814760065220678,0.00035513716899245566,1.601705715206425,8.21224942646835e-05,5.4543859491175635e-05,1.4621690776255292
2013-06-27,5.600093181678947e-05,0.5869983995765508,0.0003420976792955226,1.593808192486422,8.124742542388906e-05,5.369426010157778e-05,1.4508227414803572
2013-06-28,5.651835513949762e-05,0.5886485148404256,0.00033279572338989675,1.7406491174397534,8.073087842272678e-05,5.847448496709808e-05,1.4284010605663988
2013-07-01,4.0959150997653995e-05,0.5918414283462096,0.00031690859583852486,1.7219930263473988,6.742917478050505e-05,5.9061544795132336e-05,1.646254210307415
2013-07-02,4.708768430286185e-05,0.5938852459604903,0.000304579209691705,1.7442580565861818,7.112238805479454e-05,5.974634854351916e-05,1.5104244158057256
2013-07-03,4.5307854285029834e-05,0.5938456377418748,0.0002905728009435983,1.7443362887247376,6.813775149537702e-05,5.974831633996297e-05,1.5038838755577622
2013-07-05,5.048108536897671e-05,0.5969245864649027,0.00028171529338360044,1.7926987193088992,7.11850871683986e-05,6.049314095890564e-05,1.4101338481154289
2013-07-08,5.858594159480322e-05,0.596550741908474,0.0002723879783991051,1.8400482475104696,7.53595099312684e-05,6.291870423530678e-05,1.2863070538743897
2013-07-09,6.185296409698371e-05,0.6060236190082966,0.0002653876090854146,1.8446006741449943,7.764439848257503e-05,6.15204695205019e-05,1.2553060247982746
2013-07-10,6.043816195282401e-05,0.61015221426292,0.00026206269347286363,1.8513321954705344,7.67885409894595e-05,6.217304950115142e-05,1.2705307128532142
2013-07-11,6.428746384905295e-05,0.6151130466996856,0.0002590963333488205,1.9495768184190203,7.938687720337999e-05,5.797504354718204e-05,1.234873371109809
2013-07-12,6.999194674271863e-05,0.6148967820544706,0.0002524949608097452,1.9436412558745453,8.174338432328685e-05,5.911582715138309e-05,1.1678969956895897
2013-07-15,7.060701256657018e-05,0.6142161687549486,0.0002493930994143505,1.91592507907388,8.150558695485144e-05,5.847306018177839e-05,1.1543554102080977
2013-07-16,3.5042919617133015e-05,0.6253411953908522,0.0002473348533060904,1.862660774066228,5.821834299908979e-05,6.114979740046283e-05,1.6613439643489625
2013-07-17,3.792838595062833e-05,0.6330410766187679,0.000244787449353211,1.8284908134699165,6.099702386669031e-05,6.0115187451177007e-05,1.6082156500434952
2013-07-18,3.7451029819475974e-05,0.6362587807558926,0.00024295283357681554,1.7025575345751711,6.0691330083434326e-05,6.0863677306418304e-05,1.6205517011410058
2013-07-19,4.0860668714576163e-05,0.6373714978999403,0.00024117097212874493,1.7015175874954762,6.327146504773288e-05,6.162134490442282e-05,1.5484686628528461
2013-07-22,3.950888193740232e-05,0.6367566239003039,0.00024018080753244672,1.700496109178157,6.202831613308124e-05,6.166945153402792e-05,1.569984091965918
2013-07-23,3.3171208880188284e-05,0.6328852347052537,0.00023597610365086154,1.7074424980668474,5.59937593122753e-05,6.207079453468004e-05,1.6880228729233298
2013-07-24,3.471216593235655e-05,0.6212110351502376,0.00023442066796856026,1.7446369661090575,5.603739886044471e-05,6.343034987566598e-05,1.614344635527629
2013-07-25,3.488954269695917e-05,0.610391840628468,0.000234150759095483,1.8086352050137704,5.517014725951947e-05,6.643291017144956e-05,1.5812803205450978
2013-07-26,3.343176772700175e-05,0.6037296176094651,0.00023656872633989647,1.8226362935819536,5.369091659006389e-05,6.804073176317003e-05,1.6059849729902103
2013-07-29,3.360094972876798e-05,0.6023536923342586,0.00023061289134855423,1.6591412546250948,5.3023591843619676e-05,6.394328075359055e-05,1.578038486162869
2013-07-30,3.816574763863081e-05,0.6299793251630863,0.00022477250659234236,1.6659390575463466,5.8349182856728945e-05,6.42453345587877e-05,1.5288363641976386
2013-07-31,3.750748633018741e-05,0.6443572499053534,0.00022456208085860487,1.6481632259400334,5.913626768737448e-05,6.673002067380225e-05,1.5766523825879377
2013-08-01,4.226173154810077e-05,0.6606714879420573,0.00022874527864917186,1.4933225102267322,6.495839378957751e-05,5.7862042654191895e-05,1.5370499837576277
2013-08-02,4.130983358011611e-05,0.6668750227471542,0.0002299408866809339,1.5498040966034423,6.499489928855116e-05,6.235041498032141e-05,1.5733517580626497
2013-08-05,3.7225611971094185e-05,0.6631054982431177,0.00022609624051757868,1.4673198890004535,6.083453916251267e-05,6.314330007201703e-05,1.6342119294036295
2013-08-06,4.1983018398946586e-05,0.6633685760582079,0.00021984314150418936,1.5030132672517094,6.373062614109812e-05,6.385947411382425e-05,1.5180096279760869
2013-08-07,4.81253999850549e-05,0.6720879849023782,0.0002175035047124839,1.3971992571340175,6.876167338815906e-05,7.390318175333992e-05,1.4288021171670813
2013-08-08,4.5117615842124565e-05,0.6622379675309817,0.0002009552952794826,1.3983593171385686,6.30575182853677e-05,7.484504388403984e-05,1.3976252314842696
2013-08-09,4.7210405389653165e-05,0.6759699664938523,0.00020044567725343567,1.385935908619771,6.575739691678878e-05,7.435834061669137e-05,1.3928581289242743
2013-08-12,4.729046229109182e-05,0.6667657439993286,0.00019609575665824414,1.4062608503333671,6.420874138915152e-05,7.71552869966269e-05,1.3577524574388995
2013-08-13,5.1414947954433665e-05,0.6749348473196995,0.00020084642717091124,1.359413318820174,6.858649462552715e-05,8.012564155313403e-05,1.3339796567782527
2013-08-14,5.361675369996386e-05,0.662140190176433,0.00018326678121931864,1.3323501565971427,6.563599648552564e-05,7.875074251463081e-05,1.2241695357540805
2013-08-15,5.120699157562921e-05,0.6668707961914454,0.00020382632978533416,1.2927451050435992,6.81296992975067e-05,7.091370065225428e-05,1.3304765072340523
2013-08-16,4.9139520575593413e-05,0.666869863598481,0.0002115024900432613,1.3046466103465242,6.798518624185453e-05,7.102469890730912e-05,1.3835134214887186
2013-08-19,5.1240075352845624e-05,0.6611663030425465,0.00019027494778908584,1.3035585995779244,6.528394599234033e-05,6.982872537025156e-05,1.2740798201951664
2013-08-20,5.687877447837599e-05,0.6513438434629513,0.0001916179173714607,1.3881468548977147,6.799915024690805e-05,7.511364389089366e-05,1.1955101155134729
2013-08-21,5.746511661394483e-05,0.6454051696432591,0.00018912889629239582,1.4009538127833665,6.728426769032926e-05,7.416691770620911e-05,1.1708715070109446
2013-08-22,5.43081375808944e-05,0.6573792580863324,0.00020392979271663926,1.3621463431926066,6.918131145600494e-05,7.057995977353157e-05,1.2738663953068963
2013-08-23,4.6628310947370826e-05,0.6316862867319089,0.00018250490621446377,1.3516201334819442,5.82724882340822e-05,6.990220299958029e-05,1.2497233343891463
2013-08-26,5.7057237442025364e-05,0.65489175231128,0.0001539709546353527,1.337991347324851,6.138246041512927e-05,6.889430993616844e-05,1.0758049840302673
2013-08-27,6.26349019454684e-05,0.6529634244662861,0.00015360062631625027,1.290855280969083,6.404622685455938e-05,5.844455825409542e-05,1.022532563558888
2013-08-28,6.352118414260544e-05,0.6556210232235185,0.00016841093083502185,1.2955199455519528,6.781055550560074e-05,5.9134636279758875e-05,1.0675266278626927
2013-08-29,6.345432123592429e-05,0.6691192033802045,0.0001846733458088637,1.292147522502026,7.243295518599886e-05,5.900055489906223e-05,1.1414975966205967
2013-08-30,6.533098257867051e-05,0.6717744574519328,0.00019810724111014486,1.2482632295631575,7.642461451663388e-05,5.643651139287994e-05,1.1698065986471977
2013-09-03,6.741624909395761e-05,0.6827555834844022,0.0002411923820321134,1.2217022947118812,8.706214171878405e-05,5.5647839922031236e-05,1.2914118315518575
2013-09-04,5.29054408502055e-05,0.6703119051749903,0.00023138265112725793,1.2175407603820638,7.41638894779754e-05,5.4561529673506534e-05,1.4018197048572054
2013-09-05,5.526096611110341e-05,0.6663772274443116,0.00021727141551953894,1.27050325286112,7.30181256815717e-05,6.26340580657742e-05,1.3213327746526748
2013-09-06,5.903493096893949e-05,0.6605322980514552,0.00021326840599793375,1.3056744850279067,7.41159789893907e-05,6.868318255928403e-05,1.2554597383773671
2013-09-09,5.950680039687122e-05,0.658830291712077,0.0002182576331173906,1.2418761580368902,7.50829935016973e-05,6.346806657624641e-05,1.2617548414793456
2013-09-10,6.058865375686932e-05,0.6628797483660401,0.00022042433542686328,1.204812200022748,7.660553898549979e-05,6.0796849682662546e-05,1.2643545323337793
2013-09-11,5.2548421709793746e-05,0.6648965713866978,0.000219421775697972,1.2150741475348483,7.139598578409829e-05,6.251399400972841e-05,1.3586704121846502
2013-09-12,5.463125330927889e-05,0.6697428572890277,0.0002172012725417052,1.2173636317017664,7.295580523311441e-05,6.260042097552708e-05,1.3354225066025196
2013-09-13,5.629719144726608e-05,0.6726130768715095,0.00021262009285059823,1.22765819591673,7.358864782967463e-05,6.335813399341708e-05,1.3071459861120347
2013-09-16,5.4138744378514925e-05,0.6749675809601441,0.00021557597454996844,1.224838010759904,7.291840871199947e-05,6.327880103344023e-05,1.3468803081612897
2013-09-17,5.7555509167455784e-05,0.6723951821155146,0.00021595962840453405,1.2266142002334652,7.496427218260413e-05,6.335063904371871e-05,1.302469099256826
2013-09-18,6.204530316157312e-05,0.6711364995078986,0.00021342025831459497,1.207863801701622,7.72294842338857e-05,5.969453372962326e-05,1.2447273250123578
2013-09-19,6.178297806302708e-05,0.6669121285203301,0.00020776139894165168,1.2390891349173725,7.55588718968077e-05,6.25424339938043e-05,1.2229723180343837
2013-09-20,6.675064824066973e-05,0.6644933229640874,0.00020493026372831458,1.2786996030388786,7.771796398944586e-05,6.0097499395428904e-05,1.1643027601654659
2013-09-23,6.644616634370019e-05,0.6689653538847681,0.0002027383722799677,1.294771272736738,7.764376173524332e-05,5.996679106685802e-05,1.1685213159420262
2013-09-24,6.687102886618699e-05,0.6687976995098239,0.00020265740691712027,1.3101337878931307,7.785652465855092e-05,6.0297807616261805e-05,1.1642788510753526
2013-09-25,5.221698153901886e-05,0.6715641869374149,0.0002016998250812431,1.3127170061611988,6.892014310780227e-05,5.987451373186833e-05,1.3198798757891064
2013-09-26,5.0374063840171386e-05,0.6732766553070021,0.00020670455051040152,1.2880255020521252,6.87024253982015e-05,5.872098578542373e-05,1.3638452044723448
2013-09-27,5.122431082106018e-05,0.6858062108987771,0.00020278263281561643,1.245053605759587,6.989640749489573e-05,5.618511001731977e-05,1.3645163082635126
2013-09-30,5.1567877421329924e-05,0.7023166715095401,0.0001862183351096936,1.2664918420971052,6.88230357847677e-05,5.678612560924058e-05,1.3346105992002797
2013-10-01,5.3629225784131454e-05,0.6920218688288908,0.00017578497364014432,1.3376648827863826,6.719105446073144e-05,5.877411140054179e-05,1.2528813063829993
2013-10-02,4.9785428743887e-05,0.6915303926445443,0.0001786078694757577,1.3481958152509717,6.520977366393641e-05,6.00764574294317e-05,1.3098164525085731
2013-10-03,5.1677659876475144e-05,0.693355532077418,0.00018310249284276368,1.4074090782493187,6.744574141756583e-05,6.200164599154913e-05,1.305123753257811
2013-10-04,4.988490741732951e-05,0.677561424410326,0.00016302024075540237,1.417685277614496,6.110180258639496e-05,6.135688742437933e-05,1.2248554873566593
2013-10-07,5.300164613196136e-05,0.680254068237597,0.00018302418076798218,1.3376955841386453,6.699926873824917e-05,5.5485726016214936e-05,1.2640978842701809
2013-10-08,5.7418241986777646e-05,0.6869534376550146,0.00018812291723954038,1.3953900300096844,7.139587149615866e-05,5.752648380781466e-05,1.243435344338822
2013-10-09,4.671951297786224e-05,0.6774279850164282,0.00020481117339840688,1.3736267870708383,6.626574882186604e-05,5.737350710702949e-05,1.418374135305427
2013-10-10,5.493659376391755e-05,0.6845215191998536,0.00020202156151171265,1.4256189002755202,7.211354269731911e-05,4.672688843458371e-05,1.3126686195219373
2013-10-11,5.397060840252837e-05,0.6838886003696535,0.00020512282507495494,1.3802338009186357,7.195666324348482e-05,4.516411248919659e-05,1.3332564774295532
2013-10-14,5.390763459317086e-05,0.6820867351895912,0.00020704321730781792,1.3822232630757825,7.20601638857403e-05,4.5520461433011956e-05,1.3367339233034914
2013-10-15,5.553151341989191e-05,0.6864598288426214,0.0002117970816458602,1.4548834447249823,7.444660002877154e-05,5.363619078467557e-05,1.3406189646922908
2013-10-16,4.144281603770634e-05,0.6985215742721654,0.0002019854614153091,1.5040203838230113,6.390936589259349e-05,5.030644133191164e-05,1.5421096345008547
2013-10-17,4.1583055321708076e-05,0.6937819549927767,0.00019469211076623955,1.5500278783484245,6.24245434285319e-05,5.078032683067262e-05,1.5012014616430482
2013-10-18,4.3823960134694674e-05,0.6830820440484051,0.00018314867434819626,1.5864001072306348,6.119706148560344e-05,5.1470602872944045e-05,1.3964292888527612
2013-10-21,4.4710412594374516e-05,0.6841380314050001,0.00018217830952550775,1.5632699735841744,6.174423389101449e-05,5.073390551876644e-05,1.3809810804291969
2013-10-22,4.4371990394003997e-05,0.6762730312237875,0.00018160511274689626,1.6134865814108714,6.070724991415447e-05,5.2130161052839593e-05,1.3681434926650904
2013-10-23,3.6244305626284386e-05,0.69226968640829,0.00018914294906999113,1.5235087435081802,5.731790190417263e-05,4.8064561345602386e-05,1.5814319218908048
2013-10-24,4.040389782719303e-05,0.695562045007275,0.00018566540446122575,1.5101594144524708,6.024388929322675e-05,4.753000367685802e-05,1.4910415215603485
2013-10-25,3.967999624918889e-05,0.690409669234943,0.00018064435107868868,1.5435133690189162,5.845273935529315e-05,4.862092976149109e-05,1.4731034496125488
2013-10-28,4.081308187982178e-05,0.6900342222979031,0.00017674855131923482,1.584012603999126,5.860683343720676e-05,5.391367142810917e-05,1.4359815710506858
2013-10-29,4.2024721372673885e-05,0.6862831873979824,0.00017498593213315482,1.5708855218555753,5.885147453650199e-05,5.2759547519525114e-05,1.4004013022384847
2013-10-30,3.243679795796633e-05,0.6750435638139947,0.0001625970869852746,1.6328844176339714,4.902382226032716e-05,5.4114546492781764e-05,1.511364417778085
2013-10-31,3.3498134377451295e-05,0.6770316646698222,0.00016430908824133003,1.622790400323126,5.0228485581129025e-05,5.430197863551867e-05,1.499441282764078
2013-11-01,3.528785039280735e-05,0.6772879612352215,0.00016589895040913588,1.6283828229946054,5.182123717392734e-05,5.4428956585361136e-05,1.4685291565532697
2013-11-04,3.477448195487655e-05,0.6741997360661951,0.0001576066060432034,1.6383812146201089,4.991213198672105e-05,5.450523554891009e-05,1.4353091456973293
2013-11-05,3.766596277267884e-05,0.6845888734020351,0.000141877398725576,1.6113968161983083,5.004503315610707e-05,5.311924065619082e-05,1.3286540279917507
2013-11-06,3.8333959556374354e-05,0.7023891078631086,0.00014482959843945114,1.5665159916627525,5.233572824021382e-05,5.813853044765259e-05,1.3652575639427047
2013-11-07,4.0431492315281525e-05,0.7287968079452695,0.0001591455637685887,1.4947663127509003,5.846064679496237e-05,5.267057331631275e-05,1.4459186007553455
2013-11-08,4.3778322206368926e-05,0.7442137417846848,0.0001699873607032644,1.4790136435708374,6.420007819674803e-05,4.758674254983326e-05,1.4664810107183166
2013-11-11,4.088414418239951e-05,0.7417042537485657,0.0001572154226636802,1.4838451444236946,5.946422993945601e-05,4.788637209710338e-05,1.4544570059767856
2013-11-12,3.99781619662566e-05,0.7310787532832316,0.00015827056868882378,1.479835086250206,5.815347287808386e-05,4.835736614172361e-05,1.4546309789621659
2013-11-13,4.4902541372157916e-05,0.7306565144649927,0.00015368456910213934,1.499882397976061,6.069652862962849e-05,4.739727581462432e-05,1.3517392729860882
2013-11-14,4.545126757048379e-05,0.7245275604495709,0.0001529261148329499,1.4825810285634686,6.0404422657900316e-05,4.6223475355605716e-05,1.3289931367530694
2013-11-15,4.488960878325864e-05,0.7201288346177586,0.0001555218428497503,1.563211017233474,6.016983325423307e-05,5.0896702055753933e-05,1.3403955811856645
2013-11-18,4.304897041106976e-05,0.7185658410728601,0.00015300363460735497,1.4699914920228303,5.83174903737544e-05,6.315341404328574e-05,1.3546779357761003
2013-11-19,4.253689180732228e-05,0.7178062718738688,0.00015149281586402513,1.462372072287507,5.762171021729757e-05,6.345928505900941e-05,1.3546290706501174
2013-11-20,3.986505410246521e-05,0.7189975927035069,0.0001484570184751323,1.471773008685051,5.531258842430462e-05,6.473387587273543e-05,1.3874956316912197
2013-11-21,3.485111027762049e-05,0.7233582731761361,0.0001529793028182802,1.429590921442583,5.2817531592389736e-05,6.366674752223101e-05,1.5155193384558057
2013-11-22,3.677714977289896e-05,0.7222095639072582,0.00015342037173598206,1.42291860644224,5.4249255802102206e-05,6.625239958599946e-05,1.4750804816875291
2013-11-25,4.464079349966786e-05,0.7228081885591416,0.00015558898986883739,1.473676715798696,6.02390962179931e-05,6.965730884030468e-05,1.3494181329559316
2013-11-26,4.5604254902161166e-05,0.7263600368853055,0.00015706828263361522,1.44829801499365,6.14750473429109e-05,8.466129818415272e-05,1.3480112212072919
2013-11-27,5.098239319509307e-05,0.7316509642005007,0.00016436904737051586,1.4284103475049708,6.697675115618592e-05,8.510010869224635e-05,1.3137231690926636
2013-11-29,5.306536742177139e-05,0.7370647447064355,0.0001625986772020991,1.4281234365731568,6.846517623214067e-05,8.509119265601949e-05,1.2902045073573
2013-12-02,5.1303727815654587e-05,0.7340037460228453,0.0001610815667325561,1.4314580088016804,6.672608744866398e-05,9.121885423102348e-05,1.3006089477245255
2013-12-03,5.129816798105141e-05,0.731714555765762,0.00016759047640088376,1.435698010760211,6.784491299224116e-05,9.60399277779868e-05,1.322560154922137
2013-12-04,4.926678581923591e-05,0.7411584182388241,0.00017008928899420541,1.4316616926745085,6.784637422232576e-05,9.587742771867405e-05,1.3771219919087063
2013-12-05,6.186383108747796e-05,0.7646595085872547,0.00018004620914675244,1.4308477625362312,8.070092077982349e-05,9.884108491216951e-05,1.3044927764934107
2013-12-06,6.149224160789946e-05,0.7806800069603,0.00019359665092067056,1.3983745098660232,8.517892206541166e-05,9.285239361543263e-05,1.385197869489756
2013-12-09,5.694825981469449e-05,0.7904464764296475,0.00019744143872207098,1.3717667451845117,8.381694940072015e-05,9.16841426431839e-05,1.4718087905311668
2013-12-10,5.3452041059883435e-05,0.7881850976812217,0.00018449808305700678,1.3504449750266443,7.8271975504693e-05,9.06272410579425e-05,1.4643402562870007
2013-12-11,5.2671389427449466e-05,0.7998285827112332,0.00019158562598126726,1.379588736443125,8.034627902235151e-05,8.820733077209853e-05,1.5254254709384862
2013-12-12,5.926873458923956e-05,0.8070034511449444,0.00017644255552645303,1.3995291547512676,8.252582775862424e-05,9.067409905265469e-05,1.3924007038545259
2013-12-13,5.102150798536989e-05,0.7939748760170602,0.00016857380594851,1.379466602832466,7.36340098735046e-05,9.020786883206037e-05,1.443195483258133
2013-12-16,5.265033739264804e-05,0.7805963115971003,0.00017456104912958888,1.3985970120817566,7.483430779259443e-05,9.058681526043638e-05,1.4213452657388688
2013-12-17,5.547285481711756e-05,0.7802074239380054,0.00017872086953493732,1.408788404392453,7.768514329890813e-05,9.153386588522278e-05,1.4004172591264654
2013-12-18,5.7755345996717895e-05,0.7933502873628464,0.000199919430309067,1.3543084235956804,8.524886021148709e-05,7.978849425251233e-05,1.4760341010913793
2013-12-19,6.478693026373803e-05,0.7839097263906571,0.000200590886290216,1.3514378332104298,8.936456649907124e-05,7.954907698806811e-05,1.3793610244424497
2013-12-20,6.101338500649426e-05,0.7740831206287317,0.00020113605287156236,1.3420818803762586,8.575217006212684e-05,7.969285025204274e-05,1.4054648836972312
2013-12-23,6.0371580554275465e-05,0.774358836408627,0.00020251645285648885,1.3398288939464007,8.562265444436769e-05,7.897148694756048e-05,1.4182609376508026
2013-12-24,6.05937066863415e-05,0.7481650272505795,0.0002247728850824858,1.4059932908690382,8.731384702492615e-05,8.45165501693223e-05,1.4409722032173957
2013-12-26,6.0130930524985e-05,0.7479879672448249,0.00023332091727019976,1.4469236947029778,8.859728457449386e-05,9.234360511589719e-05,1.4734061788330517
2013-12-27,6.1029823506439453e-05,0.7552673332435994,0.0002098271276067743,1.4475680021917408,8.54678099802724e-05,9.238278772930897e-05,1.4004269563593679
2013-12-30,6.103786899254316e-05,0.7589237612603154,0.00020858617035317623,1.462873665829162,8.563288722262597e-05,9.345335201009245e-05,1.402946869476841
2013-12-31,6.15980310886923e-05,0.7691939698452265,0.00020396402645892866,1.465112535580184,8.62176288241959e-05,9.299542504867846e-05,1.3996815693679383
2014-01-02,6.274975633376732e-05,0.7822229504673448,0.00021618190331801367,1.4463289556440089,9.110584572254166e-05,8.844922673425104e-05,1.4518916254901082
2014-01-03,6.287727487442676e-05,0.7842241329761115,0.000214233736728547,1.4560043965638907,9.10187757433205e-05,9.003329653576895e-05,1.4475623494353977
2014-01-06,6.194585296328845e-05,0.7942728869478919,0.00021468180375053733,1.451933878021922,9.159536008369124e-05,8.93958029795624e-05,1.4786358682957235
2014-01-07,5.985294868622432e-05,0.7907901147507574,0.0002128426233073599,1.494546229648687,8.925515505754589e-05,9.553601166929483e-05,1.4912407327742692
2014-01-08,5.957982003469859e-05,0.7893796413669313,0.00021086907200034926,1.501618325801517,8.847935710706608e-05,9.629174857953517e-05,1.48505579666969
2014-01-09,5.8876921963223624e-05,0.787535374427431,0.00021152710673084558,1.50471550702468,8.788720106361694e-05,9.911607096115578e-05,1.492727509065675
2014-01-10,5.8643073362417135e-05,0.7839755949567794,0.00020635176588292638,1.4830478832020222,8.624124145269284e-05,9.9034561137601e-05,1.4706125806148946
2014-01-13,6.549653155125348e-05,0.7842201507647927,0.00021666177974953089,1.467989709183598,9.341966413861855e-05,9.269589356832486e-05,1.4263299433728667
2014-01-14,6.384952094066409e-05,0.7620017667922231,0.00020760474417556973,1.4321307634367912,8.773107213077594e-05,8.786502726384536e-05,1.3740286667507682
2014-01-15,6.070372053025981e-05,0.7475336729576293,0.00020075404189999244,1.3907301102575431,8.252215567966109e-05,8.686551548613921e-05,1.3594250065533486
2014-01-16,6.085694586035492e-05,0.7433899139008214,0.00020367517732820524,1.3726804068501466,8.276387051840483e-05,8.624821548437094e-05,1.3599741056397823
2014-01-17,6.130074788390541e-05,0.7397113000501608,0.00020728160011230148,1.3945112517290412,8.338261593003551e-05,8.762733026220862e-05,1.3602218375532695
2014-01-21,6.022038567812545e-05,0.7307195410979235,0.00020972734785443178,1.348550742919254,8.212020413775201e-05,8.619703170792588e-05,1.3636612122791747
2014-01-22,6.0180607898710316e-05,0.7201088126673094,0.00020788515528367537,1.3319233300279876,8.054491918833285e-05,8.526702326846617e-05,1.3383865999475713
2014-01-23,6.197862719476769e-05,0.7222215705325459,0.00022564106931408833,1.2981578493940638,8.5408384287492e-05,8.168270316075556e-05,1.3780296233263825
2014-01-24,8.312838911315208e-05,0.7264813052703782,0.0002394056542637132,1.3185549818242257,0.00010248642097196213,6.985436094723252e-05,1.232869084380553
2014-01-27,7.785643656399444e-05,0.7249392783895994,0.0002375237508426706,1.3299648663346135,9.858308709183862e-05,7.026629691988562e-05,1.266216275012893
2014-01-28,5.7778264472590076e-05,0.7292339333882556,0.00023338540543119915,1.330333340177779,8.468099704964214e-05,6.974810678295703e-05,1.465620295497361
2014-01-29,5.541992369045716e-05,0.7302628237925294,0.0002247332329441702,1.352432290508427,8.149778467063298e-05,6.744329801661587e-05,1.4705502866772477
2014-01-30,5.718939038351772e-05,0.7340544440693294,0.0002262237941513692,1.3279076948305164,8.349397679046996e-05,6.865109601258753e-05,1.4599557056046772
2014-01-31,5.786696567157789e-05,0.7345123843716903,0.00024243892352817232,1.2305046184531547,8.69992785631775e-05,6.634209587346383e-05,1.5034359855144146
2014-02-03,7.055814511505822e-05,0.7455755323506792,0.00025963118779598733,1.137813458777072,0.00010091219549481238,4.6918967246301717e-05,1.4301990979249273
2014-02-04,5.3287933521446234e-05,0.7068927780050626,0.00024436983373844393,1.1662664809950871,8.06662338035221e-05,4.956580245185463e-05,1.5137804841138607
2014-02-05,5.1744253938995175e-05,0.6854068569798419,0.0002336297278048068,1.2125124478739784,7.536046355045697e-05,6.528096952265244e-05,1.456402553205319
2014-02-06,5.460185755120456e-05,0.670458527612824,0.00023370817554759096,1.1510503171023037,7.573778161281773e-05,6.047326789840609e-05,1.3870916670150335
2014-02-07,6.356327391387762e-05,0.6748724753159827,0.0002337791477421936,1.1402339386058582,8.226739211504587e-05,5.767215815178394e-05,1.2942598303937365
2014-02-10,6.2547563500994e-05,0.6761073343164599,0.00022910349337388635,1.1335287333076651,8.09350615193604e-05,5.8341807346381e-05,1.293976247661097
2014-02-11,5.609995653519849e-05,0.6559922127303219,0.00022528890308540897,1.139454438964694,7.374793199413414e-05,5.839063822100591e-05,1.3145809114462126
2014-02-12,5.280573476410588e-05,0.6432942080689967,0.00020879277872027263,1.1409031017385842,6.754728898744431e-05,5.848643224752088e-05,1.2791657816938253
2014-02-13,5.31879934714369e-05,0.6320962603714549,0.00020589765408024778,1.1658635952535528,6.614784857792447e-05,5.9428893625257005e-05,1.2436612900888484
2014-02-14,5.362200748552388e-05,0.6283756721205882,0.00020411976293303134,1.178303427180664,6.574056388176346e-05,5.982697600311054e-05,1.2259996774554025
2014-02-18,5.088126402858046e-05,0.6197115015097338,0.00020937650637867136,1.1650698043805146,6.396353787099759e-05,5.934212190756187e-05,1.2571137744350984
2014-02-19,5.093399391722896e-05,0.6221777726646629,0.00020776785052423243,1.1556038760969374,6.40040611244851e-05,5.75897583132848e-05,1.2566079390612064
2014-02-20,5.128532994270177e-05,0.6169679636933435,0.00020486450937664286,1.1572569202195808,6.324010096510655e-05,5.8855892969418134e-05,1.2331031317486147
2014-02-21,5.0142924359823583e-05,0.6223038012032766,0.0002038234003085845,1.1668217792192737,6.29121177023456e-05,5.949810276355767e-05,1.254655936117543
2014-02-24,5.289213529725008e-05,0.6282116778523175,0.00020366262871393548,1.151757936805908,6.520144607097225e-05,5.85159415574956e-05,1.2327247842149822
2014-02-25,4.99909412374215e-05,0.6252621002136861,0.00018501479316005906,1.138981800851197,6.013273943326931e-05,5.802738895520638e-05,1.202872719432936
2014-02-26,4.8822079787728685e-05,0.6199963349851975,0.00018352477193498082,1.137231239007623,5.8687364491213676e-05,5.793774558422886e-05,1.2020660477058294
2014-02-27,4.902946505121921e-05,0.6197694700396924,0.00018304650598066478,1.1466183850381448,5.871370387244424e-05,5.78715497146418e-05,1.1975187534905445
2014-02-28,4.913560627678946e-05,0.6342179897098831,0.00018163280457082073,1.1428028870362554,5.991476506324695e-05,5.7616499972135414e-05,1.2193757155602518
2014-03-03,5.060228536900576e-05,0.6606056624499315,0.00018038320021381655,1.0730204022500311,6.311395582084533e-05,5.4766787909577545e-05,1.2472550470912733
2014-03-04,5.593664385448813e-05,0.6810943085438325,0.00019130742959110522,0.9462180764185232,7.045654978824976e-05,4.489036679568336e-05,1.2595777103026287
2014-03-05,4.9068183379191435e-05,0.6798077019712878,0.00018616453653293896,0.9512561138287142,6.497324345722881e-05,4.51385571522562e-05,1.3241420199954317
2014-03-06,4.928243059442446e-05,0.6769181116379176,0.00019159640255212525,0.9355055207990098,6.577727367223179e-05,4.4328283230428626e-05,1.3347002751052108
2014-03-07,4.8971813978785636e-05,0.6796029852169369,0.00018891039267555167,0.926544247491467,6.536666062837532e-05,4.5836149667739336e-05,1.3347812816713684
2014-03-10,4.912023117884392e-05,0.6778585795210249,0.00018091707326626768,0.929389089881876,6.39012089945811e-05,4.59768683620146e-05,1.300914255918717
2014-03-11,5.148937537691702e-05,0.6794981277738886,0.00018292465370604006,0.9167662184377436,6.594520109156027e-05,4.530897954062658e-05,1.2807535653486268
2014-03-12,4.8906113932888686e-05,0.651725790983,0.00017649578022700782,0.9264786987616962,6.054993045850133e-05,4.746924268004521e-05,1.2380850897618005
2014-03-13,5.192240840939531e-05,0.6628045343879547,0.0001824007191312731,0.8285935492769778,6.450244222588254e-05,4.018631688121472e-05,1.2422852522035726
2014-03-14,5.053194068255615e-05,0.6650588731302554,0.0001781862312756808,0.8046928685967017,6.310738029373822e-05,3.9029880103568354e-05,1.2488612042466671
2014-03-17,5.312543808337814e-05,0.6697330204928194,0.00017624764236966477,0.806795073209257,6.480591281528316e-05,3.855640856971419e-05,1.2198659465842523
2014-03-18,5.3640183376897774e-05,0.6696010342514934,0.00017279080945786042,0.8431492713353559,6.446464008760386e-05,4.066518948184021e-05,1.2017975336633182
2014-03-19,4.9711758607667365e-05,0.6538467841030169,0.00016393826588400863,0.8866739519763803,5.902632218111503e-05,4.222665071756883e-05,1.1873714355382112
2014-03-20,4.924048797705463e-05,0.6545347939937217,0.00015996370536335434,0.9553829319617264,5.8090436482067525e-05,4.513983587637649e-05,1.1797290983212199
2014-03-21,5.1299807125194504e-05,0.6471875043459696,0.00015498986060629442,0.9612216586709376,5.770847973557977e-05,4.444724698032568e-05,1.124925861704416
2014-03-24,5.150721281894852e-05,0.6478430954464787,0.0001534666365105276,0.9798005962146968,5.759845667658267e-05,4.4834952012547853e-05,1.1182600168843402
2014-03-25,5.187847468728203e-05,0.6640884630741886,0.00015158720782977795,0.9904110588654348,5.8891255288458344e-05,4.540163470550139e-05,1.1351770776501935
2014-03-26,4.894688218699071e-05,0.6455173739314012,0.00014842091424486926,1.033344610713186,5.501967283301176e-05,4.587134666485386e-05,1.1240689983648253
2014-03-27,4.819111839496585e-05,0.6297510060336214,0.0001500779680760436,1.0632393046263209,5.3556334225133755e-05,4.697373799144521e-05,1.111332046419748
2014-03-28,4.77393720640184e-05,0.6241475927697907,0.00014007202305961326,1.0428045940785995,5.103890537838081e-05,4.57391658578592e-05,1.0691155574886435
2014-03-31,4.471229395078723e-05,0.614314799881099,0.0001318300942124061,1.0545113719584454,4.716411997561758e-05,4.498699673945701e-05,1.0548356124946074
2014-04-01,4.637295349124256e-05,0.6155080648922164,0.0001339159092510026,1.0283560167774173,4.850452025683302e-05,4.384175559790541e-05,1.0459657322881752
2014-04-02,4.141854620280984e-05,0.6189178432241665,0.0001327843826245899,1.014596974644946,4.589907447010524e-05,4.3469446555983814e-05,1.1081768598384905
2014-04-03,4.131197301210188e-05,0.626635099710447,0.00013256244533093418,1.0129200307290906,4.6372759391891264e-05,4.329756081598499e-05,1.1225016868186588
2014-04-04,4.5815215175484866e-05,0.6321130173449003,0.00014257716231015115,1.0241380487839835,5.1088668345508415e-05,3.996198828748212e-05,1.115102660760727
2014-04-07,4.72141155464609e-05,0.6337617563287071,0.00013914778545384734,1.0463336760386908,5.136888123746658e-05,3.776032264477919e-05,1.0879983802072326
2014-04-08,4.530353492960697e-05,0.5974026226680792,0.00014777553628247622,1.079707092870887,4.888036521049557e-05,4.04022858283482e-05,1.078952564881445
2014-04-09,4.691297863661334e-05,0.6083164990773792,0.00014576357463973261,1.059935932493894,5.030377819440989e-05,3.746481188158771e-05,1.072278496406327
2014-04-10,5.810324280314903e-05,0.622938726175116,0.00015416274805888042,0.8732578049531635,5.89569811752237e-05,2.0977460976090527e-05,1.0146934720144123
2014-04-11,5.691804938589508e-05,0.6069661074749245,0.00014595747363808397,0.941079694031974,5.5322604008748375e-05,2.03024807822061e-05,0.9719694298318299
2014-04-14,5.793906540801691e-05,0.5951639933581828,0.00013973260811502104,0.9349352825771456,5.355145491287798e-05,2.002697995768055e-05,0.9242719836048335
2014-04-15,5.375893588153699e-05,0.5901517575217379,0.00013676906381103674,0.954331718509701,5.060378171732919e-05,1.9820715266071906e-05,0.9413092146920377
2014-04-16,3.1303883437837385e-05,0.5835339282818031,0.00012611929449949207,0.8388573445465419,3.666536286526231e-05,1.615197323318455e-05,1.1712720224655717
2014-04-17,3.0074876652121772e-05,0.5815250752987674,0.0001191691332518173,0.8727604712105068,3.481386684566511e-05,1.6843491736364282e-05,1.1575730550239514
2014-04-21,3.398061258211898e-05,0.5820723822353097,0.00011212701336293468,0.8384070866917647,3.592921451454821e-05,1.7007380332675135e-05,1.0573445204297056
2014-04-22,3.465237531876505e-05,0.5811657181239626,0.00010710571578934938,0.8695262264882586,3.540566997955807e-05,1.7635113756420062e-05,1.021738615430068
2014-04-23,3.661275306357103e-05,0.5869796425704771,9.84628781485681e-05,0.8863517083951373,3.5243213101764995e-05,1.781628394272999e-05,0.9625939093018192
2014-04-24,2.8915216768426475e-05,0.5812380129956256,9.334601418674696e-05,0.883098239169607,3.019709219608325e-05,1.7747377123353536e-05,1.0443322088131983
2014-04-25,3.367547480592454e-05,0.578885766875876,9.011301396408302e-05,0.8981102458205847,3.1889190382333155e-05,1.635207963577846e-05,0.9469559246339972
2014-04-28,3.364553762091845e-05,0.5789765500928578,8.717146715846233e-05,0.9670321307458558,3.1355366977360244e-05,1.8192309894620125e-05,0.9319324104919537
2014-04-29,3.9441733334885286e-05,0.5790714159625194,8.458946372450138e-05,0.973919433088782,3.344785408572525e-05,1.804543518293223e-05,0.8480320527937197
2014-04-30,4.001418281063408e-05,0.5775802696284092,8.310862249592304e-05,0.9755927014081168,3.330752535291452e-05,1.831803789588385e-05,0.8323929920183897
2014-05-01,2.1991126094734782e-05,0.5582536170590101,8.019191948165919e-05,1.0228802745672192,2.3443399286022163e-05,1.967058851086133e-05,1.066039055254887
2014-05-02,2.5114593555483047e-05,0.5482319565173059,7.753539924850804e-05,1.0202000545582055,2.4192315511227884e-05,2.077228211051026e-05,0.9632772060508297
2014-05-05,2.3421323104644024e-05,0.5398676306208677,7.600769003513532e-05,1.035541334973041,2.2778324127006493e-05,2.1352193210519715e-05,0.9725464281089211
2014-05-06,2.3724080850696792e-05,0.5349123434084506,7.076049979379647e-05,1.1405661556815456,2.1916578895420957e-05,2.1682594822901966e-05,0.9238115075289525
2014-05-07,2.503936026433856e-05,0.5199909376348546,6.30767396030555e-05,1.1830593457764615,2.0665313956660324e-05,2.187029038878783e-05,0.8253131764748871
2014-05-08,2.245244272166245e-05,0.5329323884732801,6.610717640903382e-05,1.2036202552724304,2.053185636372632e-05,2.2547524323771374e-05,0.9144598036950733
2014-05-09,2.6257615904936162e-05,0.5437878159471967,6.575240466033969e-05,1.1826563653538238,2.2595030833808535e-05,2.23892567191654e-05,0.8605134188729183
2014-05-12,2.5472098693136958e-05,0.5512432942379295,7.088959732638328e-05,1.2470725276900216,2.3424317097232835e-05,2.168880611885668e-05,0.9196068757202223
2014-05-13,2.7268227179962204e-05,0.554306519365405,7.584574823264251e-05,1.2224289287501255,2.5208329002333853e-05,2.541594748020779e-05,0.9244579354560297
2014-05-14,2.54765910501542e-05,0.5569045176780504,7.607754333025685e-05,1.137446077220252,2.4517695044689825e-05,2.5099220123128646e-05,0.9623616831790149
2014-05-15,2.174205444419079e-05,0.5698556494804561,7.763719634237358e-05,1.1240374764570942,2.341262286317404e-05,2.252582580957648e-05,1.0768358125158501
2014-05-16,2.0552751262807784e-05,0.5677039865482705,6.992416078723897e-05,1.1216411761582556,2.1521401934842623e-05,2.260189372943125e-05,1.0471299759165436
2014-05-19,2.1296152341554682e-05,0.5720522286454336,6.953237015909531e-05,1.13784380324457,2.201302724350229e-05,2.2794769832441703e-05,1.0336621794608778
2014-05-20,2.0908636850371392e-05,0.5744348081299655,7.329238822396094e-05,1.0907438155566676,2.2487078958023923e-05,2.0478076950238112e-05,1.0754923488770858
2014-05-21,2.119414789263069e-05,0.5833513570577313,7.55321013665969e-05,1.0401104873036204,2.334016792973248e-05,1.908472071349539e-05,1.1012553110402694
2014-05-22,2.007249814887391e-05,0.5823821581120093,7.88750640897484e-05,1.0143651526345014,2.3172806613257975e-05,1.857009931782283e-05,1.1544555361963251
2014-05-23,2.2049522594442057e-05,0.5961294848938858,7.85640636438937e-05,0.9494400579594856,2.4811451260985576e-05,1.7740983870304004e-05,1.1252602479130187
2014-05-27,2.174082787467674e-05,0.5996137419075036,7.887821627144007e-05,0.9560115337259631,2.4830653911259303e-05,1.72278671693888e-05,1.142120900565223
2014-05-28,2.1661197917021908e-05,0.6054470067586164,7.912273294922177e-05,0.9240768052008822,2.5065017462848406e-05,2.5328229188411436e-05,1.1571390261455343
2014-05-29,2.1856321025887475e-05,0.6100907827895226,8.047202077936712e-05,0.9096640837098724,2.558617982521332e-05,2.461256625092535e-05,1.1706535512041598
2014-05-30,2.8179051435749515e-05,0.6045611436537984,7.909105478297786e-05,0.8821518364206601,2.8540862901650935e-05,2.4836780714898902e-05,1.0128397319095845
2014-06-02,2.8496658002674943e-05,0.6028413991613263,7.817326051789362e-05,0.9181406136380456,2.845307099029627e-05,2.7813474081852415e-05,0.9984704517850976
2014-06-03,3.418588872187905e-05,0.5990108932182474,7.539032907004104e-05,0.9153529301661624,3.0409968973771845e-05,2.7729131692349718e-05,0.8895474159286486
2014-06-04,2.793146765100254e-05,0.6040685716389179,7.550907576805308e-05,0.9121039674680153,2.7741676067900248e-05,2.8105529122977403e-05,0.9932050980824318
2014-06-05,4.136471088316827e-05,0.6042676606114645,7.48039321118289e-05,0.8968936101934014,3.361294481327292e-05,2.9511921623696938e-05,0.8125995346180548
2014-06-06,3.9833023701562004e-05,0.6067231213756428,7.345683167000247e-05,0.9117192632514172,3.281922181802589e-05,2.9691094424816244e-05,0.823919922924127
2014-06-09,5.1073182956276414e-05,0.60883289662289,7.581929589061457e-05,0.9125588253233368,3.7886496474841655e-05,2.971367575772918e-05,0.7418080151236347
2014-06-10,4.95066057749403e-05,0.6049735121720476,7.969620465443704e-05,0.9259979629137736,3.8000276424332956e-05,3.1153675619565025e-05,0.7675799184675327
2014-06-11,4.7157992518462575e-05,0.6038200036162976,8.36424207280014e-05,0.9205544906031742,3.792262990881243e-05,3.117951690766426e-05,0.8041612435891019
2014-06-12,4.667919578081926e-05,0.6463098231757123,7.546917194564111e-05,0.94926535493819,3.8360762560216874e-05,3.101249124656641e-05,0.8217957040292353
2014-06-13,3.72024477228719e-05,0.6519821034624221,7.512678088844149e-05,0.9402040118253208,3.446821731085293e-05,3.193661015456323e-05,0.9265040184348414
2014-06-16,2.938646502467408e-05,0.6154489073872564,6.276631611113751e-05,0.9341173053612948,2.6431937472591663e-05,3.221340525803845e-05,0.8994595794491894
2014-06-17,3.191330809025626e-05,0.6233464284673222,6.564586025361124e-05,0.9348201494811804,2.8531135733685764e-05,3.2227320017286056e-05,0.8940200010915466
2014-06-18,3.560112133469648e-05,0.6249426277448399,6.837648041424556e-05,0.9124031742228718,3.0833679864893164e-05,3.060400243072403e-05,0.8660873227844927
2014-06-19,3.687128606172102e-05,0.6243887800022285,7.195668548407562e-05,0.90984093485893,3.21613898563727e-05,3.05782723952492e-05,0.872261135739498
2014-06-20,3.6786047916274955e-05,0.6098157021261574,7.090801915837837e-05,0.9216649399506844,3.1144964887902676e-05,3.1224841772312944e-05,0.8466515609066952
2014-06-23,3.78482539714106e-05,0.6078235862809687,7.98488627683662e-05,0.911068675138782,3.3414490301768175e-05,3.085330593090149e-05,0.8828542084664842
2014-06-24,3.933090292313687e-05,0.6063190061752751,8.365149658705322e-05,0.9428973345182282,3.4778031631169694e-05,3.101632664988346e-05,0.8842418822455028
2014-06-25,4.004889359785303e-05,0.6097300981178922,8.626806700102785e-05,0.9497614833403076,3.58391687758297e-05,3.093380329089322e-05,0.8948853652663951
2014-06-26,4.4267929857314866e-05,0.6099261012658419,8.950492394480645e-05,0.9443104967510584,3.839240245508804e-05,3.083453499888385e-05,0.8672734997736528
2014-06-27,3.536085878696092e-05,0.6379248310588483,8.778136409782922e-05,0.9389120368664728,3.55411987597661e-05,3.0641812987721706e-05,1.0050999884898635
2014-06-30,3.524942345217237e-05,0.6510364442411402,8.702079680972393e-05,0.9421363168156944,3.605726961635705e-05,3.0748759096252725e-05,1.022917996524987
2014-07-01,3.707778978776346e-05,0.6667766270185015,9.290805571981414e-05,0.8893199648876052,3.9134876948048394e-05,2.831419784691151e-05,1.055480306999416
2014-07-02,3.729144432547138e-05,0.672798261049474,9.57340722688245e-05,0.8624119015076342,4.019969230336874e-05,2.7777889208266435e-05,1.0779870029306138
2014-07-03,3.7850371933542936e-05,0.6793577547652403,9.688636728481757e-05,0.8507367264411083,4.1140062689285345e-05,2.7167394695793955e-05,1.0869130364562438
2014-07-07,3.637233936281704e-05,0.6822776570054113,9.789260652264814e-05,0.8486509922997006,4.071193203120931e-05,2.7670202867471314e-05,1.1193102435646076
2014-07-08,3.904012916123487e-05,0.6882064218204307,9.827993572711614e-05,0.8838567163260096,4.262916005716788e-05,2.8135894199382516e-05,1.091931839700386
2014-07-09,3.921043801203444e-05,0.6939839897267064,9.834415694404808e-05,0.8729713946786067,4.309477117914218e-05,2.747018703407948e-05,1.099063753532046
2014-07-10,3.784415060760939e-05,0.6967617546194302,0.0001070071612596967,0.8064578015778189,4.433943009709726e-05,2.5741320434999555e-05,1.1716323232310002
2014-07-11,4.137743263306523e-05,0.7033218522234234,0.00010844086138025843,0.8082782349071568,4.7112088878960986e-05,2.5797642974670658e-05,1.1385938150573682
2014-07-14,3.5819786180035966e-05,0.6857043120059534,0.00010514586312600537,0.7741974819655787,4.208181572315739e-05,2.5231424049424606e-05,1.1748204054498668
2014-07-15,3.740515266448331e-05,0.6714193343623491,0.00010020725699157987,0.7792227209010214,4.110637180075457e-05,2.532431374699698e-05,1.0989494460688465
2014-07-16,4.331224214055195e-05,0.6623429137189699,9.738392659254579e-05,0.7989301786016116,4.301618272281911e-05,2.6205860340007014e-05,0.9931645326332426
2014-07-17,4.7474517764657056e-05,0.6600387139722814,9.856380318609253e-05,0.7371253141865195,4.515006884290322e-05,2.241118121655603e-05,0.951037966656624
2014-07-18,4.82618636397603e-05,0.6538632223472481,9.735928645088313e-05,0.720254547368068,4.48205979018371e-05,2.1401599100706958e-05,0.9286959624350658
2014-07-21,3.56854935741795e-05,0.6272837743374292,8.872399075834221e-05,0.7158075066846512,3.529640239355322e-05,2.176344480545296e-05,0.9890966568861524
2014-07-22,3.6878426197529086e-05,0.6215120025431972,8.3396231264447e-05,0.7249399389451051,3.44674315771705e-05,2.271837153111754e-05,0.9346231694529272
2014-07-23,3.8554343811198455e-05,0.6206433336738324,7.901590836222087e-05,0.7161826113379517,3.425595042903062e-05,2.663890563377229e-05,0.8885107887397288
2014-07-24,3.79220014302475e-05,0.6108756462412323,7.397424314104096e-05,0.7474506210214735,3.235479867595378e-05,2.8911651383962978e-05,0.8531933298791242
2014-07-25,3.58816002468109e-05,0.5941645064411551,7.087835764919896e-05,0.7692499704297616,2.996397523436618e-05,2.943307091751472e-05,0.8350791221199599
2014-07-28,3.90148494586092e-05,0.5935514696636496,6.629893112046481e-05,0.7705339416707372,3.0187462998078164e-05,2.959524893348029e-05,0.7737429060210523
2014-07-29,3.5953585678647994e-05,0.585871595849478,6.290806208579956e-05,0.878740706714815,2.7862924694447283e-05,3.7027661118806946e-05,0.7749692880005131
2014-07-30,3.539196672747045e-05,0.5882739780418076,6.274330754505428e-05,0.8711211310412322,2.7721433932957195e-05,3.6706629830029795e-05,0.7832691002006521
2014-07-31,4.5379445989039353e-05,0.6061252259444024,6.483489596524558e-05,0.9801681178470592,3.2877316533575606e-05,3.50437234176004e-05,0.7244979707666896
2014-08-01,4.584672797284814e-05,0.6074227166240591,6.411783790225102e-05,0.986360953293934,3.2933253524173895e-05,3.505101565494347e-05,0.7183337825913769
2014-08-11,3.847004227028839e-05,0.6390197994830742,6.604940160779917e-05,1.0562705306216364,3.221143627832369e-05,6.205562492258754e-05,0.8373122143201175
2014-08-12,3.841634430365733e-05,0.6437000549668288,7.347033683635343e-05,1.0729572546795731,3.419775363045872e-05,6.391061405878179e-05,0.8901876076533137
2014-08-13,3.776559449586869e-05,0.6532105217936407,8.068211031140877e-05,1.0668953874062457,3.605703064423653e-05,6.212640467337586e-05,0.9547587195583782
2014-08-14,3.862814115860239e-05,0.655342619843971,8.808753165984444e-05,1.065272876372334,3.8227644460459924e-05,6.514620289296544e-05,0.9896319966187843
2014-08-15,3.923523389055349e-05,0.6638340820396883,9.48237748988704e-05,1.0881074993269946,4.0490793617548076e-05,6.920875104167927e-05,1.0320008217740453
2014-08-18,5.8802594173761744e-05,0.6942647243460526,0.00010148931919328991,0.9525957485657351,5.363317557507817e-05,6.765716461715048e-05,0.9120885962376433
2014-08-19,5.790352204668287e-05,0.7136951080651077,0.00010742269591374807,0.9381920426711632,5.628766513892787e-05,6.687350118264148e-05,0.9720939789042147
2014-08-20,5.609710643686182e-05,0.7270638134316507,0.00011261566231146781,0.967156181976794,5.778859794430289e-05,7.19324363354207e-05,1.0301529190163288
2014-08-21,5.441563613273725e-05,0.7332455061401253,0.00011468259427929911,0.9514322824721934,5.7924196696815875e-05,7.193201492725777e-05,1.0644770660315377
2014-08-22,5.0059045313325706e-05,0.7376267959696013,0.00011585565604032021,0.9510538813537728,5.6174159993491e-05,7.189468933894206e-05,1.1221580364126011
2014-08-25,6.652021183637015e-05,0.7382051821602019,0.00011768345685711084,0.94529798997844,6.531480128216748e-05,7.377815493420403e-05,0.9818790331400657
2014-08-26,6.338834696697776e-05,0.7514289678821431,0.00011215462405461248,0.9406073992402832,6.335796774286987e-05,7.343133267606059e-05,0.9995207443392756
2014-08-27,6.228211919321129e-05,0.7535564566944598,0.00011595602293841236,0.948144111559954,6.40389410450003e-05,7.494657020354181e-05,1.0282074835369523
2014-08-28,6.139493236265438e-05,0.7508917091811825,0.0001185533111628924,1.111424815138714,6.406198861303315e-05,9.108987656401837e-05,1.0434409836079743
2014-08-29,6.15753093611576e-05,0.7486182424792678,0.00012116694891965676,1.116905691425162,6.466299160514248e-05,9.135795574714512e-05,1.0501448108993605
2014-09-02,7.761239871585492e-05,0.7177919138677539,0.0001448684337439826,1.1450518208203506,7.611162546760812e-05,9.398104749801762e-05,0.9806632281300666
2014-09-03,7.595624179294328e-05,0.7074568672202924,0.00015803704621886834,1.1440676243549208,7.751060963860524e-05,9.487806214994579e-05,1.020463990963365
2014-09-04,7.498131031863036e-05,0.6962390210988366,0.00014989561753235833,1.132972412891459,7.381240236776391e-05,9.424117671326724e-05,0.9844106758617684
2014-09-05,7.387822741090312e-05,0.6867198829458772,0.0001502219610838506,1.1443088078034476,7.234434165993473e-05,9.473633303134653e-05,0.9792376481580009
2014-09-08,7.348698808482049e-05,0.6749417104598413,0.0001514944158392466,1.156606919888814,7.121472541727173e-05,9.574484408563667e-05,0.969079387701588
2014-09-09,8.133593066383054e-05,0.6705589090338323,0.0001664820498106958,1.1534720278167585,7.80300462485506e-05,9.427794042757337e-05,0.9593551781076498
2014-09-10,8.008754908927675e-05,0.6639094697624615,0.00018765407583695148,1.1427437815415125,8.138987205332066e-05,9.31838137008453e-05,1.0162612413396763
2014-09-11,7.945435898388616e-05,0.6590276899063034,0.00019600784184432263,1.1450629172834337,8.224305797878119e-05,9.337211546201602e-05,1.0350981246410986
2014-09-12,7.986652544186676e-05,0.6594506516748208,0.00018970279740280756,1.153100422096492,8.117112494505287e-05,9.297123418062896e-05,1.0163347472043929
2014-09-15,7.976789477234261e-05,0.6584121122512315,0.00019683477023473898,1.1520222086338276,8.250167873191651e-05,9.283828423128407e-05,1.0342717325983857
2014-09-16,8.12776222335961e-05,0.6541595266400115,0.0002017343445561699,1.170078053388572,8.376432366371046e-05,9.373029691914759e-05,1.0305951547520356
2014-09-17,8.038458733415224e-05,0.6541927200121197,0.00021017567608333157,1.1670625341812313,8.503218261782533e-05,9.359095707950953e-05,1.0578169949962348
2014-09-18,8.052555846541116e-05,0.6538464739363652,0.00022086584899985357,1.1587849299166977,8.719808419101339e-05,9.234825168173085e-05,1.0828622098717682
2014-09-19,7.686942885417954e-05,0.6390141877993024,0.00021957234607092486,1.1669581069573458,8.301874216037577e-05,9.262629908504326e-05,1.0799968647856277
2014-09-22,7.562338268336147e-05,0.6329799867484935,0.00022338371064979868,1.196576966860442,8.227043226463631e-05,9.311429234430546e-05,1.0878967502565489
2014-09-23,7.716105522203933e-05,0.6298085071122411,0.00022890742319128996,1.2026382893132073,8.370232854395449e-05,9.244095842888238e-05,1.084774285461648
2014-09-24,7.845740621167833e-05,0.6283187933681061,0.00023510556453247374,1.2021138980817276,8.533525236525294e-05,9.118731774098387e-05,1.0876634404025307
2014-09-25,8.684570042440597e-05,0.633785206822136,0.00024214854839388296,1.2524836322483404,9.190882081305625e-05,8.676684475703761e-05,1.0583001848555234
2014-09-26,7.784867175631449e-05,0.6376150032371262,0.00024917963495721347,1.2123117256752007,8.880561040523615e-05,8.444413579272195e-05,1.140746635770737
2014-09-29,7.945972408695768e-05,0.637520318595294,0.00025061842582224864,1.2206071684379098,8.996509773359522e-05,8.563545590297168e-05,1.1322100443633665
2014-09-30,7.034453028421699e-05,0.6387010550951027,0.0002421568122419212,1.2198795148137824,8.336066031002786e-05,8.540409919591678e-05,1.1850340029739495
2014-10-01,6.051441443903661e-05,0.652733601174031,0.00025712438859489824,1.1799547261956498,8.142111086263769e-05,7.675294948782407e-05,1.3454829170438871
2014-10-02,5.727685640094654e-05,0.6351681957284865,0.0002564742355770943,1.1693985560835205,7.698395216380974e-05,7.601957024488742e-05,1.3440673423993557
2014-10-03,5.732458945014978e-05,0.6343666719233251,0.00025223147998255116,1.1682180953451156,7.627996388220618e-05,7.518045063814324e-05,1.3306674258616409
2014-10-06,5.950629355094935e-05,0.6321674337088948,0.00024187810003299358,1.165032113603364,7.584236090070056e-05,7.492206836530536e-05,1.2745267159979348
2014-10-07,5.823383972398379e-05,0.6451509852679924,0.0002443049940723846,1.262368112306594,7.695117412736761e-05,8.177004677651221e-05,1.3214167997868604
2014-10-08,6.403572465426801e-05,0.6382910307824838,0.00023534737348677063,1.3557165042942425,7.835822398514168e-05,8.00790425116203e-05,1.2236642031959746
2014-10-09,6.579132724406009e-05,0.6642282558308095,0.0002566286062258523,1.279869485263965,8.63086259790433e-05,7.145688940711237e-05,1.3118541545585796
2014-10-10,6.388921163395802e-05,0.6706499224367228,0.00025751436449275545,1.3467425388783527,8.602216587362454e-05,7.233831189646986e-05,1.3464270989360985
2014-10-13,7.100010076144222e-05,0.6810589473363879,0.00026216874930799,1.3874508553080342,9.291902550392881e-05,6.731825162258797e-05,1.3087168117709211
2014-10-14,5.126108009219706e-05,0.6779020467206514,0.00025568272557984384,1.4352734467176538,7.760889770515085e-05,8.02129102523434e-05,1.5139926346765458
2014-10-15,4.732231652345586e-05,0.6789042153230841,0.0002553762406099243,1.2548697117921808,7.463314586558833e-05,8.23528096517567e-05,1.577123677548531
2014-10-16,5.30327919984953e-05,0.6762626357088746,0.00024898177073467623,1.362315700230855,7.770901684112749e-05,8.948716243533662e-05,1.4653012581976135
2014-10-17,4.626798859027275e-05,0.6785298287378666,0.0002507614706539849,1.374392819282113,7.308691965804594e-05,8.762120677282588e-05,1.5796433319215333
2014-10-20,4.9165393824874467e-05,0.6814595592527986,0.0002570199447125177,1.3599176621291988,7.660432005373642e-05,8.491819476811514e-05,1.5580943036193
2014-10-21,6.127847379397686e-05,0.6385681338549161,0.00028458841938936954,1.5493288195587975,8.432761630228015e-05,8.55773802214822e-05,1.3761376725176993
2014-10-22,6.0122674099070425e-05,0.6190446466170235,0.00030862640533648025,1.6019811968485778,8.432525376680446e-05,8.577905575907102e-05,1.402553280112806
2014-10-23,6.055871725038731e-05,0.6163309215269678,0.00034097367222827077,1.5956429759541355,8.85651197374661e-05,8.187018319726328e-05,1.4624669041664629
2014-10-24,5.99990058104541e-05,0.6099508685690809,0.0003551910729533261,1.6487871313259903,8.904261424830515e-05,8.482322174283199e-05,1.4840681615559463
2014-10-27,5.8561423507449295e-05,0.606104524142515,0.0003678233224797068,1.581290145535838,8.895553371528531e-05,8.55573168193056e-05,1.5190124895780537
2014-10-28,5.4522480778452264e-05,0.5943711530814125,0.00037468703613071,1.616334845635768,8.49532231963198e-05,8.347996562858946e-05,1.5581320215696057
2014-10-29,5.3729820257279105e-05,0.5841029878582382,0.0003852813601244349,1.5742550897880958,8.404001492235887e-05,9.381017594475095e-05,1.5641223908798292
2014-10-30,5.3551839514494966e-05,0.5816563396956478,0.0003971514519645457,1.5929677087103578,8.48265375004672e-05,9.694780492587417e-05,1.584007912137305
2014-10-31,5.56093263598845e-05,0.5632794742148517,0.0005526491218213725,1.398884157262895,9.874667594448277e-05,8.589756526209644e-05,1.7757214914891817
2014-11-03,5.4562010343014535e-05,0.5634145278542205,0.0005597443990357326,1.3702447590504565,9.846187490458395e-05,9.348771558578401e-05,1.804586639780765
2014-11-04,6.02491600622342e-05,0.571568861767886,0.0005359232382083444,1.3677856251021483,0.00010270589084058735,9.507039187091096e-05,1.7046858534541824
2014-11-05,6.0354415020847636e-05,0.5771145170124924,0.0004984422801659493,1.334626761031686,0.00010009766769105972,9.360353341345935e-05,1.658497852335806
2014-11-06,5.86925643313682e-05,0.577790436252516,0.0004682836584766031,1.3380098219465302,9.578916613376919e-05,9.357942610232948e-05,1.6320494295147832
2014-11-07,5.828791566618652e-05,0.5800635803727083,0.0004489966747723373,1.3402761809139274,9.38396596596211e-05,9.474523371361202e-05,1.609933355603905
2014-11-10,5.7340540123530906e-05,0.5859652355689938,0.0004324291787279329,1.3025099763505106,9.226993951641651e-05,9.39909561214812e-05,1.6091571393927555
2014-11-11,6.57571982494724e-05,0.5804758566308875,0.0004149267926363931,1.3289082032460695,9.588298611832937e-05,0.00010129686680186585,1.458136731351669
2014-11-12,6.673646336542344e-05,0.5775049657314902,0.0003929827127266627,1.340496060551161,9.35242081853261e-05,0.00010232831123654453,1.4013959306357482
2014-11-13,7.11343776232816e-05,0.5749550385849491,0.00038376485408660833,1.3221469334893192,9.499620404139825e-05,0.00010169777494926462,1.3354471806091532
2014-11-14,6.859476809423724e-05,0.5741192181217137,0.0003740723735767299,1.2913032699464406,9.19655978588565e-05,0.00010568427917584084,1.340708634403601
2014-11-17,6.853595565786147e-05,0.5720092144982006,0.0003744302680663431,1.2908581699639174,9.163212026520378e-05,0.00010657072629804917,1.3369933983650966
2014-11-18,7.650833651469074e-05,0.5789717011206513,0.00037294565423305056,1.2871565882155158,9.779901754025563e-05,0.0001054609851437248,1.2782792306754278
2014-11-19,7.466095393809579e-05,0.5817073171381009,0.00036795897302713856,1.2476550700146218,9.641641804643088e-05,0.0001070578160660896,1.291390117066725
2014-11-20,7.31046489834875e-05,0.582178199071827,0.0003621999185376886,1.2166290478270436,9.473328788891676e-05,0.00010856604247843062,1.2958585973145789
2014-11-21,7.04730363634149e-05,0.5841659991662964,0.0003578103466301749,1.236150779643718,9.276287811735416e-05,0.00011200708885360889,1.3162889369346191
2014-11-24,6.987047932397521e-05,0.5882131643530704,0.00035471668033912026,1.2478859087146803,9.260243504200996e-05,0.00011679229121997148,1.3253442074245876
2014-11-25,8.166110492431963e-05,0.5896335477297142,0.0003561875001495534,1.2450710368778874,0.00010056089925471781,0.00012132338332479978,1.2314418148996855
2014-11-26,7.228929035700332e-05,0.5893475511969055,0.0003553366874735696,1.184733145581597,9.445576913819461e-05,0.00012109359088813168,1.3066357225492369
2014-11-28,6.63644735069259e-05,0.5904238150296025,0.0003510873660088226,1.1799817548549214,9.012375827733918e-05,0.00012084848235409873,1.3580121036887864
2014-12-01,6.796408095783602e-05,0.5850410134833594,0.0003438163578932349,1.1991519607833387,8.94312507682283e-05,0.00012437527073638245,1.3158605179066605
2014-12-02,6.956629167082881e-05,0.583538178648498,0.00034480125131897664,1.1800716722238889,9.037600063440852e-05,0.000121465738483449,1.299134946879824
2014-12-03,9.973973303376368e-05,0.5837764758529161,0.0003492143614738644,1.1782236863948037,0.00010894987569482857,0.0001212955765884429,1.092341761712427
2014-12-04,7.195368455764464e-05,0.5762547506946493,0.00033593216988495744,1.2024023044537937,8.959150565857701e-05,0.0001269614942408824,1.2451274206368417
2014-12-05,6.914099334132158e-05,0.5787697724395288,0.0003238519843084874,1.1987102152900757,8.660579039791071e-05,0.00012650198261031237,1.2525968490266313
2014-12-08,6.652863915801598e-05,0.5778264029020607,0.0003250877984138941,1.155559801641762,8.497712566722293e-05,0.00012311657198106713,1.2773014260127717
2014-12-09,5.578278936298998e-05,0.5775783816646906,0.00032531461008715635,1.162299394062493,7.780595310546725e-05,0.00012419235047377939,1.394802124346419
2014-12-10,7.622608908783083e-05,0.5900752559861784,0.0003635954632990188,1.1177257487432988,9.823549783436299e-05,0.00011236198749453843,1.2887385278440826
2014-12-11,6.0199482263474304e-05,0.5987775400211907,0.0003738341402699246,1.1060428934447846,8.982585509004954e-05,0.00011071772600743497,1.4921366714901279
2014-12-12,5.635062229218622e-05,0.5902954281372588,0.00035193065363721486,1.1232564340446327,8.312799886307749e-05,0.00010503207074689754,1.475192206965287
2014-12-15,5.5088696774690915e-05,0.5919635119507172,0.000372722497871857,1.085252068129792,8.482404743591335e-05,0.00010047264469648063,1.5397722654946446
2014-12-16,5.154869882225274e-05,0.5875745308105886,0.00036501577892591964,1.0876199792972727,8.0598625479807e-05,9.855896047680574e-05,1.5635433545611412
2014-12-17,8.951914955443635e-05,0.5885296740078143,0.0003897942166219724,1.0179658312679185,0.00010993703871536249,8.467994798596897e-05,1.228084038583388
2014-12-18,9.913276275332198e-05,0.5701560234995376,0.00038036848775099336,1.0888643782969574,0.00011071452132492588,7.682452442323431e-05,1.1168307858061364
2014-12-19,7.377698274922788e-05,0.5372975259630204,0.0005387538778033684,1.030577533369432,0.00010711998183439314,7.270591821177661e-05,1.451943110746342
2014-12-22,6.996587850894997e-05,0.5311469284697173,0.0005086812198275522,1.0365787505738178,0.00010020298801243821,7.306868987174748e-05,1.4321693680959118
2014-12-23,6.063494070426503e-05,0.5162313348241404,0.00047700710370772746,1.033720040313543,8.779469295024643e-05,7.366347490937351e-05,1.4479224673187647
2014-12-24,5.292955813268682e-05,0.5621328359077864,0.0004013159503659348,1.0378769974589188,8.192780120111959e-05,7.443826199848227e-05,1.54786482433385
2014-12-26,5.0003308753932844e-05,0.5887834709118583,0.0003395800168112524,1.0333636220253894,7.672308258089518e-05,7.438551919041307e-05,1.5343601152165913
2014-12-29,4.966432774890378e-05,0.6087118781006043,0.00030301960936389124,1.0389123849506916,7.467400148501516e-05,7.477280262192707e-05,1.5035741923772121
2014-12-30,4.653062419950052e-05,0.6229325916305927,0.0002812447975163733,0.929106323642044,7.12611360599338e-05,7.052719132333105e-05,1.5314889341350968
2014-12-31,4.3755181092948726e-05,0.6307797181053191,0.0002589904988772431,0.9331847854161258,6.714820066801125e-05,6.900296454225351e-05,1.5346342762327723
2015-01-02,6.483180836307134e-05,0.644693942386752,0.00023992087302054205,0.9316283381185216,8.040474406668668e-05,7.463045327905412e-05,1.240205172380874
2015-01-05,8.284505496642122e-05,0.658402309484822,0.0002261839435479298,0.8777587561689849,9.012712689500691e-05,6.371791224449383e-05,1.0878998985701351
2015-01-06,7.372029621424698e-05,0.6659280528857027,0.00021612534961835633,0.8499268059228712,8.405696412087748e-05,6.258144726376719e-05,1.1402146822170915
2015-01-07,7.097584833724285e-05,0.6641459949292787,0.0001804971173217765,0.8243495308818483,7.51716337652869e-05,5.894624005680711e-05,1.059115678450333
2015-01-08,6.58935484829367e-05,0.6784272466700267,0.00017877765876821223,0.7824536591173924,7.363450169109243e-05,5.363873217265085e-05,1.1174766481146523
2015-01-09,5.142752848602693e-05,0.6775915374515206,0.0001707914568386481,0.7304333796624407,6.350367685478514e-05,4.90872417026258e-05,1.2348187580517185
2015-01-12,5.214866604959718e-05,0.6699686902403438,0.00016645028399202367,0.7047682136833693,6.241922603332659e-05,4.826543308002942e-05,1.1969477028225681
2015-01-13,5.1084978694142575e-05,0.6683135899515235,0.00016534011988107557,0.7148324473679147,6.142087864094743e-05,4.9212170160649516e-05,1.202327576736172
2015-01-14,5.779000718727771e-05,0.6653006494940742,0.0001602634441082901,0.6969003935668543,6.402676472669976e-05,4.739267235383663e-05,1.1079210376148743
2015-01-15,5.577655409897309e-05,0.6588891090283792,0.00015499990703736797,0.6914652496913077,6.126379387460234e-05,4.5498077418582176e-05,1.0983789670099084
2015-01-16,7.006830803083834e-05,0.6444381851710284,0.00014973884771184151,0.6466660545081275,6.600993796279039e-05,4.106283918696634e-05,0.9420798049488823
2015-01-20,6.698197984101967e-05,0.6275752580751944,0.00014540883829541754,0.6340850583201295,6.193557955867011e-05,4.362797271388023e-05,0.9246603296240707
2015-01-21,5.396910834789416e-05,0.6149639013646663,0.0001406692203599505,0.6589736738610985,5.358235346463563e-05,4.511369067095311e-05,0.9928337729657225
2015-01-22,5.806897077464812e-05,0.6083675070205008,0.00013827000137945134,0.667743456286798,5.4513247911660206e-05,4.2524348485763604e-05,0.9387672484021314
2015-01-23,5.910063936486745e-05,0.6061337944551225,0.00013673217590298747,0.6553059144849386,5.448788498107274e-05,4.338963251576754e-05,0.9219508547899605
2015-01-26,6.288399592442454e-05,0.6024128148199199,0.0001322208166782697,0.6882451519965456,5.493058003077083e-05,4.67700241717698e-05,0.8735224157317815
2015-01-27,6.964065036165525e-05,0.6059629771374554,0.00013006702247755396,0.69528930832136,5.767148030434889e-05,4.459508627429148e-05,0.8281295479702083
2015-01-28,7.988841611727443e-05,0.6055440883308967,0.00012883088660579564,0.7009637674432726,6.143242680415108e-05,4.224250999873283e-05,0.7689779043055458
2015-01-29,8.021798542057233e-05,0.6128864329795672,0.00012957693963509665,0.6860999808042771,6.248557096264634e-05,4.0784488660356795e-05,0.7789471480122908
2015-01-30,7.830236811365751e-05,0.6189089058095767,0.00013125179016043622,0.5853587153395303,6.27432192913253e-05,3.256047225855085e-05,0.801294019617034
2015-02-02,6.708254753246161e-05,0.6125900036958359,0.0001298407081727589,0.5657644998327788,5.717156978104281e-05,2.9841004073360848e-05,0.8522569861166523
2015-02-03,8.067150173734702e-05,0.6029437364043987,0.00012779134850179072,0.6518892369836911,6.121919086441786e-05,3.1781878008088786e-05,0.7588701033945958
2015-02-04,7.910110058857453e-05,0.6067996735405117,0.0001260143630714419,0.641523952112046,6.0582421171486e-05,3.1350661075697116e-05,0.7658859449578457
2015-02-05,8.520627788871464e-05,0.6133492762195147,0.00012406268465532216,0.6575800364959195,6.306149199249867e-05,3.114370968229521e-05,0.7401038228058899
2015-02-06,8.507292515013707e-05,0.6126650997702963,0.00012046314670069462,0.658635485073792,6.202202279761073e-05,3.1081750782526206e-05,0.729045377106218
2015-02-09,6.296753465448077e-05,0.6015958219397284,0.00011108832174774664,0.6356827509879109,5.031498635510948e-05,2.9862385206966642e-05,0.7990623522296194
2015-02-10,6.653518645016198e-05,0.5982159171313204,0.00010584337814918942,0.5777855604973905,5.0201361973695595e-05,2.5811951051454808e-05,0.7545084736675204
2015-02-11,6.58212274519105e-05,0.5943350129541641,9.83327039452728e-05,0.5903456479566339,4.781490475223401e-05,2.824431344434424e-05,0.7264359326505716
2015-02-12,6.625281595902424e-05,0.5886256878774425,9.242643785434568e-05,0.6628840482524859,4.606164985967224e-05,3.158258752877518e-05,0.6952406353287723
2015-02-13,6.59493776327874e-05,0.5903210087507061,8.93945795563821e-05,0.6418542753546762,4.5326186692832356e-05,3.03613546410469e-05,0.6872875578176493
2015-02-17,5.2818371217651516e-05,0.5786707562361159,8.187024893573147e-05,0.6479538039362596,3.805284158232441e-05,3.0965613726575385e-05,0.7204470850779933
2015-02-18,4.925751255554142e-05,0.5748064002047344,7.93361507289219e-05,0.6392273461537058,3.593299327951878e-05,3.063445294719882e-05,0.7294926482331345
2015-02-19,5.2538640297651296e-05,0.5719928641577651,7.889428962387913e-05,0.6381721890149233,3.6825852589075234e-05,3.064186010067075e-05,0.7009289235587909
2015-02-20,5.811623348480445e-05,0.5695860211325862,7.432209473163096e-05,0.631723721682698,3.7434067830279426e-05,3.0086794544086025e-05,0.6441241213621878
2015-02-23,5.7842904366347e-05,0.5686444410066006,7.496569425999055e-05,0.6207181224290755,3.7445283865449015e-05,2.9705626229307984e-05,0.6473617512061631
2015-02-24,5.363774172174018e-05,0.558287541948733,6.790655881705313e-05,0.6288445227020005,3.369372606476036e-05,3.0211533119433313e-05,0.6281719733756761
2015-02-25,4.6420168910813084e-05,0.5694220899018785,6.652723410494113e-05,0.6848075428154428,3.1643710535143074e-05,3.44006031132776e-05,0.6816802109432223
2015-02-26,6.082008377129165e-05,0.6335025769239175,1.8228874259622923e-05,0.7446529680301845,2.1093653973327432e-05,3.943303794291092e-05,0.34682053468798535
2015-02-27,6.477291200020017e-05,0.6457609782570063,2.5108686726428585e-05,0.7405627100264398,2.6042370201531294e-05,3.915656530078467e-05,0.40205649857846154
2015-03-02,7.10002492943561e-05,0.6586218748949343,3.2505894708744275e-05,0.8116198991040007,3.1640777724768926e-05,4.454571266544572e-05,0.44564319194980756
2015-03-03,6.22129036386534e-05,0.6524068663971949,5.064866112445943e-05,0.804509526836908,3.6622057795710454e-05,4.4157247647296114e-05,0.5886569450032366
2015-03-04,6.357489191775788e-05,0.6490999351437268,6.998512420147362e-05,0.8012622260782319,4.32969445903379e-05,4.401315039572111e-05,0.6810384301769312
2015-03-05,6.337223751236057e-05,0.6482750297999506,8.05271987656847e-05,0.8536274007692186,4.631056828994074e-05,5.019078512553222e-05,0.7307706040978591
2015-03-06,6.737776824421294e-05,0.6363123211980231,8.283575477388626e-05,0.9717505949617868,4.753763376808104e-05,5.3122265365944724e-05,0.7055388595802004
2015-03-09,6.459093954914395e-05,0.6350348736627948,9.121322378033904e-05,0.9822122184245128,4.874300270006742e-05,5.358915888029737e-05,0.754641487495028
2015-03-10,6.248974140729342e-05,0.6672913731855068,9.93975118567205e-05,1.0018031041333266,5.2590540052599845e-05,4.8300534441958315e-05,0.8415867767771207
2015-03-11,5.4252554100076106e-05,0.6710934146039825,9.071911673643154e-05,1.0003835806910968,4.708065302969421e-05,5.015988977538192e-05,0.8678052823623316
2015-03-12,5.508043688697334e-05,0.6804887384352201,8.730830794499562e-05,0.9613270659099842,4.718972172206032e-05,4.509024522864165e-05,0.8567419648267315
2015-03-13,5.707193087433516e-05,0.6810667428986181,8.557324188104162e-05,0.9885760900803644,4.7595944497803076e-05,4.545220347271775e-05,0.8339641531071211
2015-03-16,5.2149496476829495e-05,0.673038313190663,8.465210922069689e-05,1.053113607947496,4.4718140796948164e-05,4.460171813540826e-05,0.8574989945840963
2015-03-17,4.691748238540657e-05,0.6813701955786351,7.626423706080915e-05,1.055354565505882,4.075782005587112e-05,4.4442076824173764e-05,0.8687128546468772
2015-03-18,5.051902620859181e-05,0.6840075172313334,7.927947520589147e-05,1.1128351056463346,4.328812183679816e-05,4.3656622221227386e-05,0.8568677008551704
2015-03-19,5.142834644805491e-05,0.689336272548587,8.322970778558147e-05,1.1060176786378892,4.509948647659747e-05,4.2969955898299075e-05,0.8769382955399919
2015-03-20,5.066833282542825e-05,0.6896167756304078,8.605360649057762e-05,1.0312410952441144,4.553660652642395e-05,4.250443140038328e-05,0.8987192588971685
2015-03-23,5.007282454924587e-05,0.6871722231385008,9.108511046485035e-05,1.0525952892700483,4.640773108337669e-05,4.5342993262588715e-05,0.9268047389205174
2015-03-24,4.2218867344400384e-05,0.6874386162489662,8.714851396989339e-05,1.0629358038606205,4.169819025159237e-05,4.4979468586177046e-05,0.9876671941821511
2015-03-25,4.692159710753298e-05,0.7035840023785529,8.736294738691234e-05,1.1495684319513713,4.5047011876248524e-05,4.375326855868093e-05,0.96004856298927
2015-03-26,4.732340893496746e-05,0.7142987043321571,9.382983259457492e-05,1.144198677208432,4.759796045053446e-05,4.3365602296722434e-05,1.0058016005555368
2015-03-27,4.354358066573599e-05,0.715002557487928,9.678870486101828e-05,1.1607625354326894,4.641752756589404e-05,4.399136090521812e-05,1.0660016208180034
2015-03-30,4.5502666776921666e-05,0.7145101043502908,9.904803754933876e-05,1.199176503108419,4.796779305145274e-05,4.188559174806405e-05,1.05417542419253
2015-03-31,3.983451498744685e-05,0.7254404883416263,0.00010435390142564655,1.1245820921263576,4.677199589289948e-05,3.9145587681096006e-05,1.174157534179564
2015-04-01,4.176214734580363e-05,0.7238499083940487,0.00010466936290588884,1.116601837551162,4.785746879202345e-05,3.858501914574491e-05,1.1459532575216655
2015-04-02,4.894523588776545e-05,0.7190777484589534,0.0001055271838636238,1.1535873170475466,5.167889715999975e-05,4.069420546950607e-05,1.0558514270623347
2015-04-06,4.8199312485919956e-05,0.7162923685471974,0.00010477029239455135,1.1489299086121572,5.090141130941449e-05,3.9397293102663535e-05,1.0560609412070738
2015-04-07,4.533264144371158e-05,0.6976419439207984,9.378798581812035e-05,1.0487811126465107,4.5489556293607964e-05,3.902517808208191e-05,1.0034614098119832
2015-04-08,4.177649686660928e-05,0.6875829174103968,9.40304204964944e-05,1.0682834770402438,4.309484047021051e-05,3.973272978236039e-05,1.0315570644377063
2015-04-09,4.664355209638432e-05,0.7029736985693487,9.525990675475446e-05,1.0621300083005647,4.685867030480997e-05,4.060160826443343e-05,1.0046119602551096
2015-04-10,4.853778747139849e-05,0.6976101356380506,9.777139227846994e-05,1.0763764208887687,4.805722280000935e-05,4.0877405998559386e-05,0.9900991640446668
2015-04-13,4.467938122611643e-05,0.6968825252914684,0.00010125230466645093,1.0331427395033208,4.687222913287987e-05,3.944137948473088e-05,1.0490796391218071
2015-04-14,4.646938254229903e-05,0.695850130410392,0.00010248252098766701,1.0259962239465783,4.802021099717313e-05,3.914590632627914e-05,1.0333731237651467
2015-04-15,4.691423215315267e-05,0.6859147882617758,0.00010120037434552237,0.93942112995822,4.726215630016302e-05,3.7654458844647115e-05,1.0074161748160888
2015-04-16,4.176974619173272e-05,0.6722720364515863,9.611018241763091e-05,0.892918416456708,4.259520040058945e-05,3.759827547812884e-05,1.0197620116020745
2015-04-17,4.332386275975345e-05,0.6751607045502936,9.902733409032347e-05,0.9310642276619764,4.422300878761522e-05,3.676066620063719e-05,1.020754059554843
2015-04-20,4.305137811564542e-05,0.6996167602785176,9.99070464406089e-05,0.9349597100211696,4.588299875893832e-05,3.528274157723898e-05,1.0657730545973823
2015-04-21,4.4326391543702614e-05,0.6930151479991044,0.0001044293768855447,0.9653402873300216,4.7150386824415795e-05,3.7607371505272455e-05,1.0637091173534603
2015-04-22,3.760113128202133e-05,0.6790508526584101,0.00010685097620448146,0.9536417130028048,4.304195625384321e-05,3.683413667955912e-05,1.1446984382202183
2015-04-23,3.981692672329287e-05,0.6672766497298691,0.000108499723054797,0.963367696278894,4.38585339436052e-05,3.7059123215238806e-05,1.1015047506905646
2015-04-24,4.472325784062566e-05,0.6630681410380198,0.00010898380066433256,1.132373949112594,4.6291990160583626e-05,5.4494420247121814e-05,1.0350764321675368
2015-04-27,4.8016264703360416e-05,0.655982068984941,0.0001092337378603002,1.141414975315946,4.750775978783667e-05,5.4785681318664014e-05,0.989409736082862
2015-04-28,4.837591330570472e-05,0.6467942117969334,0.00011067285585700452,1.1623170525105442,4.7326160451186856e-05,5.732636706449543e-05,0.9783000922817912
2015-04-29,4.7158652268819175e-05,0.6503070395865459,0.00011353656547752448,1.1602055127561912,4.758466586276096e-05,5.686075494602925e-05,1.0090336252934748
2015-04-30,4.7296624411946914e-05,0.6530612468004204,0.00012195014567451341,1.1390107686509152,4.959754131206575e-05,5.350638615001981e-05,1.0486486494274554
2015-05-01,5.0018555724514286e-05,0.6663615602768715,0.00012288118203097282,1.0694489773529563,5.2241808187769634e-05,4.831585658549543e-05,1.0444485537627333
2015-05-04,4.992916004912971e-05,0.6619782852593593,0.00012131222150956142,1.3731430588847566,5.151967936316327e-05,7.009347562266467e-05,1.0318555191489005
2015-05-05,5.102770643270727e-05,0.6657694742331566,0.00013054894761060733,1.3555389132486393,5.4339243815917464e-05,6.568279031773983e-05,1.0648968494709297
2015-05-06,5.61480236098465e-05,0.6664425012990538,0.00013094682570521539,1.422070463636023,5.714489120198409e-05,7.368019626048943e-05,1.0177542774980735
2015-05-07,5.2055366505413186e-05,0.6637526802792,0.00013213985185324038,1.4193857159343417,5.5049825906507296e-05,7.690844952524521e-05,1.0575245090394805
2015-05-08,4.9463315458690945e-05,0.6732106545995743,0.0001411353414800683,1.399178794950771,5.624843991306517e-05,7.096785680642385e-05,1.1371748818584713
2015-05-11,4.237087867236375e-05,0.6990829237411316,0.0001421751695196187,1.3925708608180387,5.4259314969565495e-05,6.991853421896791e-05,1.2805803577766237
2015-05-12,4.7490306282055044e-05,0.7044998115539218,0.0001434111517028927,1.3643570097168625,5.81399733417835e-05,7.012556659289911e-05,1.224249281452889
2015-05-13,4.663897325113825e-05,0.7043920408635898,0.0001475124910330858,1.3649044974660596,5.842561990955924e-05,7.016461072073996e-05,1.252720972113882
2015-05-14,4.9144732522979803e-05,0.7184120893593766,0.0001528594608414622,1.3978585113050792,6.226704867025129e-05,6.854188305069658e-05,1.2670136853656813
2015-05-15,5.102390807027307e-05,0.712883040174491,0.00015124006834637359,1.4012416107872545,6.262367858229788e-05,6.916434832180622e-05,1.2273399069324313
2015-05-18,5.1224895533544154e-05,0.7149722798918484,0.0001668268376703044,1.3880442298476716,6.609410158133492e-05,6.827200935077944e-05,1.2902730380007081
2015-05-19,5.107054978153525e-05,0.7279033103314788,0.00017773776671137703,1.3825058133363697,6.935037606793946e-05,6.891748639516967e-05,1.3579328275219265
2015-05-20,4.960583034370502e-05,0.725576803159541,0.00018432272964011417,1.3645843127706778,6.93807832311112e-05,7.113443180681009e-05,1.3986417070411084
2015-05-21,4.7917991249736124e-05,0.7271959816819865,0.0001832018110050272,1.367180116812452,6.813427728015897e-05,7.173185651705396e-05,1.421893437165611
2015-05-22,4.8649795894238564e-05,0.722403369198537,0.0001812675958770954,1.3132413349541625,6.783914433950412e-05,7.365648463721046e-05,1.3944384162881573
2015-05-26,5.2044924254716454e-05,0.7116627290481912,0.00017962495409683545,1.3740403109496433,6.880923779907832e-05,7.509350905348615e-05,1.3221123632021163
2015-05-27,5.41376103742017e-05,0.7196265535030943,0.00018195561339889255,1.3685324732015445,7.142322402329312e-05,7.196379553877768e-05,1.3192902961474
2015-05-28,5.2639353679274204e-05,0.7197702376590023,0.00018296363671720567,1.3636151492897342,7.063688690480011e-05,7.173235487943584e-05,1.341902625461226
2015-05-29,4.7121939363217764e-05,0.7283030399945056,0.00018423704802689614,1.3660305405898272,6.78597388534103e-05,7.103879910333795e-05,1.4400879881098434
2015-06-01,4.566975475334599e-05,0.7283497106126074,0.0001847359656015681,1.3561567733791997,6.69006009922911e-05,7.046972735112366e-05,1.4648776056190589
2015-06-02,4.848176142599366e-05,0.7267632428452764,0.00019083067667034586,1.3623077671415342,6.990467875760476e-05,7.114265649902244e-05,1.441875804457161
2015-06-03,4.583723039523311e-05,0.7256872910609952,0.0001896936222709157,1.3269417634738558,6.766826890206555e-05,7.095473115195118e-05,1.4762730714441852
2015-06-04,5.208668778062701e-05,0.7126575495810199,0.0001838053828756387,1.34946765377336,6.973059545326653e-05,7.018642652019082e-05,1.3387412105555683
2015-06-05,5.356843740955158e-05,0.7045653310523027,0.0001857090147061151,1.3315094615461045,7.027360794894201e-05,7.39710468964219e-05,1.3118472620672672
2015-06-08,5.4875341169450945e-05,0.7023739363305056,0.0001948897280074361,1.3082823894967592,7.263592622083974e-05,7.400114990695753e-05,1.3236532962327368
2015-06-10,5.7400521339002106e-05,0.682719877051738,0.00019805449931343334,1.3857170327823656,7.279353703233488e-05,7.391540807106548e-05,1.2681685694529334
2015-06-11,5.7399555912391706e-05,0.6809069944761339,0.00020368403580869776,1.3648390759991609,7.362419467241568e-05,7.289664804611312e-05,1.2826613987186148
2015-06-12,5.544172754801711e-05,0.6880551595166907,0.000205957072232174,1.372663560576038,7.35241458265548e-05,7.251188061936366e-05,1.3261517827502185
2015-06-15,5.424960916028536e-05,0.693624848949908,0.0002071709769771851,1.388649419835487,7.35338673171785e-05,7.303304632007908e-05,1.3554727574150085
2015-06-16,5.423174022350414e-05,0.6869022365160686,0.00020593449603129515,1.4299792326150438,7.259158035944693e-05,7.624436019044149e-05,1.338544182065277
2015-06-17,5.412494915971205e-05,0.6836354111149895,0.00020833564844449464,1.4680828180787944,7.25947301783778e-05,9.235360584835666e-05,1.3412433878536323
2015-06-18,5.572982074389677e-05,0.6668871121310852,0.00021219214738912585,1.4814621432930792,7.252050198305218e-05,0.00011984362507778578,1.3012871926560832
2015-06-19,6.241618085312648e-05,0.6933157041893572,0.0002159780904393394,1.576740830030766,8.049788718397145e-05,0.00018224027409125603,1.2896958141894908
2015-06-22,6.257165974145031e-05,0.7061832864391132,0.0002186070861882487,1.525603479713958,8.259207742441583e-05,0.00017745428074659403,1.3199598311071026
2015-06-23,5.295413252336654e-05,0.7103082477736259,0.00022050206756294433,1.4937871829536031,7.675437144533504e-05,0.0002277836625050139,1.4494500766576885
2015-06-24,5.124155217210486e-05,0.7297756916094288,0.00021460577572430715,1.4589921119180205,7.652815347628483e-05,0.0002438176069137313,1.493478441465823
2015-06-25,5.1531038942745836e-05,0.7283404009884098,0.00021186182094087762,1.4617504725883674,7.610184757315571e-05,0.0002442140996396711,1.4768157043701284
2015-06-26,9.885673436567757e-05,0.7795882890709239,0.00024555567529994303,1.4678536535699596,0.00012146283806416899,0.0002467736797249894,1.2286754042963828
2015-06-29,0.00010219846828200267,0.8422891281677879,0.000316769217295377,1.5036482239675235,0.0001515496278440153,0.000267932958987045,1.482895295708688
2015-06-30,8.697755639475864e-05,0.8616019130680865,0.0003351572729751439,1.4963583111930456,0.0001471074203053305,0.00028003497161090265,1.6913262041723138
2015-07-01,9.667073925185136e-05,0.8896847660866297,0.0003541330911980877,1.496457199861141,0.00016461406111373754,0.00027729150398527483,1.7028323398342584
2015-07-02,9.521395937942913e-05,0.9059333098240672,0.00036255187003830016,1.524179980556727,0.00016831840834641252,0.00028899073974577043,1.7677912928256772
2015-07-06,0.000172264093177785,0.9030883079220418,0.0003708756442366184,1.5186837583455708,0.00022826627807060148,0.0003114708900553529,1.3250949391700537
2015-07-07,0.00016730584927433944,0.8864101187204776,0.00036697236626773605,1.4914662174998643,0.00021963773104635573,0.0003090395639772046,1.3127917045279462
2015-07-08,0.00018325021701855255,0.9032411368471157,0.0005373140223873904,1.425306903079078,0.00028342623310975717,0.000288766424613572,1.5466624690603374
2015-07-09,0.00017483634785152047,0.8928230367520595,0.0005345291682670053,1.4151414723718003,0.00027293985397617264,0.0002874267203215855,1.5611161942593679
2015-07-10,0.0001852458943863911,0.9043076196626603,0.0005718774885470455,1.398622291461552,0.0002943350532172302,0.00027841595150639886,1.588888402586121
2015-07-13,0.00021177015433928543,0.9124180780650529,0.0005625085864888912,1.395203498849683,0.0003149131790708552,0.0002789219709358075,1.4870517521856277
2015-07-14,0.0001959846645507268,0.9088696315465954,0.000530773578194762,1.3997380128893775,0.0002931347363247405,0.0002819252831092815,1.495702416292211
2015-07-15,0.00017788056160659394,0.9095707942663392,0.000525262370229308,1.400098179198093,0.0002780282316769245,0.0002820141858574984,1.5630051376373557
2015-07-16,0.00018174519139179188,0.9087718539302951,0.0005191806344798511,1.407555802555425,0.0002791551052879756,0.0002936223051164918,1.5359696900381543
2015-07-17,0.00017984339911716185,0.9084128592762188,0.0005164675131536148,1.408911513452716,0.00027685478172821763,0.0002952264421673001,1.5394214249023184
2015-07-20,0.0001933298802508964,0.9096378330478035,0.0005085844325501741,1.4088496854389188,0.00028523284726964985,0.00029902376274120525,1.4753686646858994
2015-07-21,0.00019419877324157122,0.9104768737425878,0.0005023300591628704,1.4085003319247018,0.0002843719418695093,0.00029883453252512696,1.4643343885379145
2015-07-22,0.00018582236281108658,0.9097823504860715,0.00048217826597840325,1.409317113953205,0.00027232675543332243,0.00029908942280891846,1.46552197116436
2015-07-23,0.00018795658724473803,0.9106659712105297,0.00046944098322920124,1.415957434820674,0.00027050692337775176,0.00030015874418993176,1.4391989519660997
2015-07-24,0.00019329917782205091,0.911492244112903,0.0004623674998335455,1.4198539590621193,0.00027249694066350114,0.00031631322639832113,1.4097159839673958
