Date,Predicted_Index_Var,Predicted_Corr,Predicted_Var,Future_Beta_45d_BRK.B,Predicted_Covariance,Future_Cov_45_BRK.B,Beta_Predicted
2013-02-28,5.497886498863307e-05,0.8351947726229685,0.00010420379042236885,1.171829597802575,6.321605799339371e-05,6.417961208352218e-05,1.1498247191254982
2013-03-01,5.488021190183326e-05,0.8372991480268281,9.863344558409153e-05,1.1803262586138477,6.160282681867862e-05,6.458347558297212e-05,1.1224961545132226
2013-03-04,5.501029900576039e-05,0.8375894232101654,9.584358121559622e-05,1.1816743864322654,6.081835983227775e-05,6.460481205386054e-05,1.1055813353406636
2013-03-05,5.845535101370509e-05,0.8354509497623318,9.591171897065195e-05,1.1990872069222482,6.255599420861508e-05,6.426480786801851e-05,1.0701500054964785
2013-03-06,5.9250468430820016e-05,0.8367613128595697,9.519422284265549e-05,1.1977104642801393,6.284240294635045e-05,6.463352848980097e-05,1.0606228880658441
2013-03-07,5.369174155549812e-05,0.8401453887065242,9.548477420654742e-05,1.2033497704847405,6.015548827729946e-05,6.504337989918472e-05,1.1203862369619755
2013-03-08,4.524810700565277e-05,0.8490096480348276,6.944417373132994e-05,1.208033066575154,4.759164763062876e-05,6.503420894776073e-05,1.051793119758208
2013-03-11,4.8373919939468494e-05,0.849358065288567,7.774254110052249e-05,1.1923344739016857,5.208657750152526e-05,6.62417518693321e-05,1.0767491567088734
2013-03-12,5.1431479865635213e-05,0.8524399225696451,9.503373501508559e-05,1.1714433945091072,5.9596010832836916e-05,6.515815741819338e-05,1.1587457912650296
2013-03-13,5.5261000285198275e-05,0.852440890423647,0.00010695678153012313,1.1852065706392174,6.553567968688161e-05,6.690953021006808e-05,1.1859300292911168
2013-03-14,6.195858588029715e-05,0.8437854630046027,0.00012165915289139481,1.195348739825413,7.325802085392825e-05,6.892477814111721e-05,1.1823707693306849
2013-03-15,6.386120353979619e-05,0.8390160546077052,0.00012936643741272378,1.1811786741029011,7.626049675114069e-05,6.67690087589448e-05,1.194160030254013
2013-03-18,6.402550064969363e-05,0.8376035528102871,0.0001298658187002872,1.180759228548286,7.637697106074641e-05,6.53777600438513e-05,1.1929148587003182
2013-03-19,6.71640875084588e-05,0.8375624578626798,0.00013329839125836716,1.1757079790372074,7.92498075257161e-05,6.687987971079242e-05,1.1799431878790163
2013-03-20,6.839791392936718e-05,0.8349076025708594,0.00013524129192501801,1.185309276984156,8.029980660008669e-05,6.712259617873944e-05,1.1740095857749449
2013-03-21,6.814178529168062e-05,0.8335765214727455,0.00013141991487438428,1.2148062359417886,7.88828909332609e-05,6.616494082190465e-05,1.1576287676585375
2013-03-22,6.79733209422515e-05,0.8322043447687953,0.00012828743406735174,1.236030561898771,7.771257194994527e-05,6.669590708547887e-05,1.143280494062781
2013-03-25,7.243408887933498e-05,0.8341024623394716,0.00012571894189673165,1.1958500613013523,7.959600354376664e-05,6.53891169193088e-05,1.098874918912315
2013-03-26,7.339742545776695e-05,0.8330478414928876,0.00012769226303393667,1.1962599799247553,8.064782300806447e-05,6.437468977020683e-05,1.0987827230325595
2013-03-27,7.311742529462491e-05,0.8360709401161626,0.00012543163746677507,1.1344919677718184,8.006765691710664e-05,6.733580518751031e-05,1.0950557489473396
2013-03-28,6.422356192814954e-05,0.8330889543212722,0.0001244317753771235,1.117847777150644,7.44739209367841e-05,6.67541544245776e-05,1.1596043368024682
2013-04-01,6.678777769649997e-05,0.8311917098205385,0.00012247376321340288,1.11390804391732,7.517461813613827e-05,6.675413974224979e-05,1.1255744797760776
2013-04-02,6.451960799026473e-05,0.8331631497166727,0.00012528524114981978,1.1105276714756034,7.490759776499441e-05,7.174862451452464e-05,1.161005159490385
2013-04-03,6.836168011312682e-05,0.8316673914700241,0.00012462411766148276,1.1291268482238663,7.676390969705489e-05,7.154111957437448e-05,1.1229084710911703
2013-04-04,6.901245142532413e-05,0.8343695587599691,0.0001225264236630395,1.143368200648993,7.672502820943276e-05,7.565831480017651e-05,1.1117563080983166
2013-04-05,6.697476452894188e-05,0.8379316157262545,0.00012190540722370438,1.1344691523402208,7.571390737304129e-05,7.424383894747888e-05,1.1304841145103683
2013-04-08,7.273438811092278e-05,0.838155380269604,0.00012066899419381515,1.1426154605103571,7.852216734889032e-05,7.741295874396094e-05,1.0795741792608602
2013-04-09,7.022991067372413e-05,0.843323444998882,0.00011550188227833977,1.136246601024859,7.595384484569253e-05,7.895532848882243e-05,1.0815027972705362
2013-04-10,6.636144982931065e-05,0.8404169131551503,0.00010843012613339624,1.1476244323817084,7.128984955476952e-05,8.171135470476643e-05,1.0742660044067043
2013-04-11,6.716170407401359e-05,0.8377518216544896,0.00010484652283895798,1.150211756481205,7.029966415631489e-05,8.298990689883328e-05,1.0467224607470236
2013-04-12,6.98842565011876e-05,0.8378380007723357,0.00010908275156077417,1.1483682766331855,7.315226386303935e-05,8.390447127839943e-05,1.0467631413063143
2013-04-15,9.593981606210937e-05,0.8262011810159993,0.00012712671653664035,1.1531076619110876,9.1243863726988e-05,6.959729430689616e-05,0.9510531442745177
2013-04-16,8.836558039441448e-05,0.8263859680322845,0.00014025748411020054,1.0928599788805398,9.199993566366922e-05,6.704111247523903e-05,1.041128630095938
2013-04-17,8.959564094882932e-05,0.8274604157803632,0.0001457485700782861,1.033234001845637,9.455681140431819e-05,7.343001791573879e-05,1.0553728998749208
2013-04-18,9.719405369416862e-05,0.838366051912481,0.0001496993551461445,0.990175737018648,0.00010112615541653894,6.945752690595142e-05,1.0404561963712624
2013-04-19,7.72897485213767e-05,0.8426689162196186,0.00014418460603558015,0.9729687964513182,8.895643480608893e-05,7.060641956075603e-05,1.1509473961024141
2013-04-22,7.797978274745508e-05,0.8392773859643538,0.00012627120390972684,0.9881848166309548,8.32815294673115e-05,7.327440856808825e-05,1.0679887341700685
2013-04-23,8.499754389235151e-05,0.838914949450458,0.00012132763415909199,0.9648854633123978,8.51924261287359e-05,7.136130245273206e-05,1.0022927984440493
2013-04-24,7.773768893068322e-05,0.8368370557415499,0.00010987187613336276,0.955398526350042,7.733925525750018e-05,7.130680633745344e-05,0.9948746395903497
2013-04-25,6.90805921567358e-05,0.8358292087350389,0.00010414473298978804,0.9617386468604204,7.089477444310374e-05,7.191735887639072e-05,1.0262618230349236
2013-04-26,7.034557142953508e-05,0.835447837730077,0.00010192316867453683,0.9661691739566052,7.074148605274487e-05,7.281283199392628e-05,1.005628138561734
2013-04-29,6.776168711759701e-05,0.8394015119074106,9.778004593325133e-05,0.9909221523295222,6.832615326505089e-05,7.38136122738839e-05,1.008330166668877
2013-04-30,5.8041023931509805e-05,0.8433226254986389,8.049273630751045e-05,0.9948725269506294,5.764207823262248e-05,7.400521029219676e-05,0.9931264875795767
2013-05-01,6.311211636341748e-05,0.8402202603173852,8.38897082700474e-05,1.038320573775676,6.113696332015127e-05,7.772007377122968e-05,0.9687040594250917
2013-05-02,6.214021471172626e-05,0.8341428038494925,7.684181722938282e-05,1.0271129197160347,5.764021548301161e-05,7.573666262063148e-05,0.9275831400069902
2013-05-03,7.476459886581012e-05,0.8309141361611136,8.756431693562354e-05,1.0206501204567129,6.723071553480245e-05,7.418018520010061e-05,0.8992319433890132
2013-05-06,7.535412832838797e-05,0.8364883299490106,9.848774966138263e-05,1.0150650321933945,7.206170257286e-05,7.36764727370576e-05,0.9563072942575912
2013-05-07,7.392273390092128e-05,0.8372857722627963,0.0001015831511068476,1.038695336892563,7.255603836197068e-05,7.887845602382535e-05,0.9815118372004155
2013-05-08,6.958015556766957e-05,0.8387853955979554,0.00010527096403733992,1.0339155581261794,7.178733943981798e-05,7.815240252284872e-05,1.0317214564144201
2013-05-09,7.111722928104653e-05,0.8394663368547461,0.00010515786046553781,1.03004545064359,7.259581247794334e-05,7.782257744296641e-05,1.0207907874342745
2013-05-10,7.562958883543677e-05,0.8458866909622645,0.00010621222725466511,1.020601802418707,7.581328578413815e-05,7.739662273667636e-05,1.0024289031783722
2013-05-13,7.357910230951406e-05,0.8493429175114002,0.0001057195458285485,1.0210707161630257,7.490968252807884e-05,7.752038623851341e-05,1.0180836701835208
2013-05-14,7.590263764609063e-05,0.8502375290076358,0.00010573122476273826,1.0319795261675493,7.616761134184845e-05,7.669093945473563e-05,1.003490968218961
2013-05-15,7.650099964197039e-05,0.849796337757103,0.00010149847437289873,1.0401412532847885,7.488212622877427e-05,7.67723561689975e-05,0.9788385325581032
2013-05-16,7.639729836462006e-05,0.8497872633242446,0.00010484820294321814,1.0279566867085683,7.60553402579239e-05,7.5302691140347e-05,0.9955239502702818
2013-05-17,7.425705624970095e-05,0.8502188679481927,0.00010792970249638596,1.0244768416788617,7.611497215394533e-05,7.322435556374159e-05,1.0250200586729004
2013-05-20,7.217439206379002e-05,0.8507553864573489,0.00010304247466663217,1.038970227832088,7.336761724553018e-05,7.46214165755583e-05,1.0165325283333948
2013-05-21,7.13709588975209e-05,0.8518462280877575,0.00010241837801399351,1.0422831978247875,7.283010187090809e-05,7.493991023225083e-05,1.0204444916521622
2013-05-22,7.35750525384875e-05,0.8493938544777215,0.00010363865627627611,1.0413575346274302,7.417119765074177e-05,7.34564406653474e-05,1.0081025441598213
2013-05-23,7.454058968752127e-05,0.8513466049558899,0.00010513201434208149,1.044510471342341,7.536510583097272e-05,7.370840575183651e-05,1.0110613042760712
2013-05-24,7.630250921850573e-05,0.8548145683897691,0.00010617402175388566,1.0437842946817733,7.693969480519312e-05,7.362251255679145e-05,1.0083507815563797
2013-05-28,7.438631671877e-05,0.8592729537658399,0.00010904688563639248,1.0322123135188104,7.738990313537673e-05,7.207213620420611e-05,1.0403782113310207
2013-05-29,7.273626036607267e-05,0.8649896457498848,0.00010832171494961937,1.0617023186634982,7.677930148588959e-05,7.584185705923093e-05,1.0555849462079683
2013-05-30,7.309916508279677e-05,0.8691261669558727,0.00010935640782469097,1.0511537292677515,7.770718055859854e-05,7.489900698597987e-05,1.0630378674035803
2013-05-31,7.696255068093324e-05,0.8651838299342697,0.00010838330840332345,1.0927922378018309,7.901859841362347e-05,7.217620517946643e-05,1.0267149115316367
2013-06-03,7.835861755638394e-05,0.867162200355242,0.00010543605900892902,1.0940002946862282,7.882033994405214e-05,7.277430240828039e-05,1.0058924264116318
2013-06-04,7.696792659140356e-05,0.8665399703048978,0.0001040989478859696,1.1012861639081672,7.756515482781114e-05,7.288380814946524e-05,1.0077594429635355
2013-06-05,8.390672708275947e-05,0.861700836200834,0.00010844705696240246,1.0970525797873516,8.219848066527335e-05,6.715029448644529e-05,0.9796411267978402
2013-06-06,8.864935953499249e-05,0.8634692361413231,0.00011002249918468908,1.0903936231254374,8.527572553243507e-05,6.553930262660197e-05,0.9619440679520562
2013-06-07,8.584609796353898e-05,0.8627936590687117,0.00011460375600303428,1.0587341021750305,8.557889019267948e-05,6.030872850082092e-05,0.9968873626501582
2013-06-10,7.344670994631798e-05,0.8684880869877488,0.00011642549377169042,1.0569952280700006,8.03108242160538e-05,6.033235450596387e-05,1.0934570694147197
2013-06-11,7.540176794643908e-05,0.8700788617489952,0.00012571268476735327,1.0436270116781217,8.471082920662084e-05,5.746700152781603e-05,1.1234594561071083
2013-06-12,7.564969572692771e-05,0.8683940723310605,0.00013054673021569682,1.0595899186866378,8.629853880692447e-05,6.165725879756566e-05,1.1407651805822965
2013-06-13,7.668406692361186e-05,0.8679530898946055,0.00013252516279147185,1.0342287123751586,8.749797367838218e-05,5.544962895889997e-05,1.1410189520274465
2013-06-14,7.978958283363962e-05,0.8648279307759789,0.00013685276006580134,1.0366453546372043,9.037110339791403e-05,5.560704471755628e-05,1.1326178203780908
2013-06-17,6.406673037804978e-05,0.8632403211713855,0.000126331026022086,1.0431313475003636,7.766100557048109e-05,5.513593723477914e-05,1.2121893081200366
2013-06-18,5.269216623890948e-05,0.8689815813688816,0.00010014606728930755,1.0698208340558495,6.312487740938426e-05,5.597731194145849e-05,1.1979935902269083
2013-06-19,5.313666894497608e-05,0.8639741413136469,8.784513417893418e-05,1.079672552322233,5.9027822461636884e-05,5.367451357629202e-05,1.1108679492642113
2013-06-20,6.610900161714408e-05,0.8551453738947044,9.392788545762626e-05,1.1651457565325665,6.738566562221839e-05,4.054649851361801e-05,1.0193115003077466
2013-06-21,6.524441916700448e-05,0.8493566139616119,8.60334175479105e-05,1.184196582901048,6.363489693821003e-05,4.15539952139874e-05,0.9753308827123651
2013-06-24,5.5679700730278476e-05,0.8404768730730628,8.7426647489378e-05,1.196560262555215,5.864029229283184e-05,4.491342621595676e-05,1.0531718296564658
2013-06-25,5.683904438603972e-05,0.8317516694547522,9.181488648170908e-05,1.1921054447908737,6.0086044609291576e-05,4.285319163992063e-05,1.0571262282525171
2013-06-26,5.616484134519195e-05,0.8279478891096425,8.823756211582748e-05,1.21106313134287,5.828570068782718e-05,4.124106984434108e-05,1.0377613341699004
2013-06-27,5.600093181678947e-05,0.8272285032010097,9.02715226807407e-05,1.2364991832997476,5.88164083964044e-05,4.16567746837269e-05,1.050275530929127
2013-06-28,5.651835513949762e-05,0.820111656274157,9.24194531199987e-05,1.232556876222103,5.9271980480845096e-05,4.1405891519223483e-05,1.048720903758629
2013-07-01,4.0959150997653995e-05,0.8322806264311235,9.093528607360575e-05,1.1725621738102765,5.0793890345199795e-05,4.02169650480349e-05,1.2401109180243775
2013-07-02,4.708768430286185e-05,0.8355688628302592,8.921509423439326e-05,1.1702641891445795,5.4157060451385254e-05,4.008524533891185e-05,1.1501321683830128
2013-07-03,4.5307854285029834e-05,0.8375871244022899,8.682390562937476e-05,1.1708165056197113,5.2533507608631344e-05,4.0103686087365115e-05,1.1594790448063426
2013-07-05,5.048108536897671e-05,0.8399662358557487,9.14840847895648e-05,1.092320134151635,5.7081968935966554e-05,3.685944276959092e-05,1.1307595412963611
2013-07-08,5.858594159480322e-05,0.8445618230665313,8.740416925074526e-05,1.113157480064039,6.043579339186036e-05,3.806336401788828e-05,1.031575011798073
2013-07-09,6.185296409698371e-05,0.8503495315688036,8.209209137913124e-05,1.1201495376458903,6.0593828730636017e-05,3.7358831347651965e-05,0.9796430876881921
2013-07-10,6.043816195282401e-05,0.8534196222350785,7.888373425156101e-05,1.1280696261595982,5.892668078062882e-05,3.788381624840705e-05,0.9749912783023581
2013-07-11,6.428746384905295e-05,0.8507738601117993,8.189674253039363e-05,1.089908742853042,6.173203564942079e-05,3.241088334267339e-05,0.9602499764863597
2013-07-12,6.999194674271863e-05,0.8502818242092424,7.919590043910313e-05,1.1141897653715451,6.330503928667334e-05,3.388806930521103e-05,0.9044617592846003
2013-07-15,7.060701256657018e-05,0.8502003910221638,7.817100009373553e-05,1.1230760281323733,6.316377135297625e-05,3.427570989020093e-05,0.894582125159647
2013-07-16,3.5042919617133015e-05,0.8480459490768937,7.320837024378413e-05,1.1318139960413185,4.2953632248548485e-05,3.715662965395852e-05,1.2257435372921326
2013-07-17,3.792838595062833e-05,0.8444418113903747,7.053205234901429e-05,1.1186488431956514,4.367623258820234e-05,3.6777753765758784e-05,1.1515447202276423
2013-07-18,3.7451029819475974e-05,0.8440668667005771,6.948783156674207e-05,0.9538394004619336,4.3058918194588253e-05,3.4098215357138126e-05,1.1497392301932365
2013-07-19,4.0860668714576163e-05,0.8455590312448691,6.873304565540483e-05,0.9955727616460152,4.481046614464343e-05,3.605518566113597e-05,1.0966650217513025
2013-07-22,3.950888193740232e-05,0.8476406196938544,6.559627873692543e-05,0.9996891803021852,4.315178164458353e-05,3.6254292568498015e-05,1.092204575997696
2013-07-23,3.3171208880188284e-05,0.8295546582655888,6.379285246022992e-05,0.9816067325532244,3.816029003236617e-05,3.568442854102145e-05,1.150403959355176
2013-07-24,3.471216593235655e-05,0.8220541663061102,6.89448775340483e-05,0.9538060182153184,4.021539081818996e-05,3.467784451675512e-05,1.158538792899225
2013-07-25,3.488954269695917e-05,0.8128601167406561,6.927969329681648e-05,0.9589342562564506,3.9963768266956986e-05,3.522257729453258e-05,1.1454368609549035
2013-07-26,3.343176772700175e-05,0.8136127645288403,6.706132906027786e-05,0.9772607647365884,3.8524188750135455e-05,3.6482065999813586e-05,1.1523228165712793
2013-07-29,3.360094972876798e-05,0.8135473700250325,6.659793993926108e-05,0.9620323892838514,3.8484781008003786e-05,3.7076714830965297e-05,1.145348013037097
2013-07-30,3.816574763863081e-05,0.7975761132162795,6.580463993107041e-05,0.959478863673988,3.9970288635451076e-05,3.700137788329977e-05,1.0472816886467522
2013-07-31,3.750748633018741e-05,0.788423105923888,6.432913594402312e-05,0.9588135069599732,3.872774252589502e-05,3.8819968880975106e-05,1.0325336703442456
2013-08-01,4.226173154810077e-05,0.7766732910997484,6.744216815590868e-05,0.9328524024007688,4.1464628230329156e-05,3.614540404241491e-05,0.981138886444717
2013-08-02,4.130983358011611e-05,0.7702668808394443,6.633577006183615e-05,0.9253296609036732,4.0321978629749614e-05,3.722708468598572e-05,0.9760866877265276
2013-08-05,3.7225611971094185e-05,0.7716723559314577,6.798145195513228e-05,0.9387077631809636,3.8819423690797936e-05,4.039549004603522e-05,1.0428149232561
2013-08-06,4.1983018398946586e-05,0.772339781479247,6.838955230341407e-05,0.9502948911020742,4.1384728933254234e-05,4.037577932348966e-05,0.9857492508040497
2013-08-07,4.81253999850549e-05,0.7735415386485225,6.94394947633051e-05,1.0110434421826937,4.471714749785641e-05,5.347793228964116e-05,0.9291797577109612
2013-08-08,4.5117615842124565e-05,0.7765416415991288,6.532953402620348e-05,1.011366281459409,4.2159223253413715e-05,5.413183349295526e-05,0.9344293235914138
2013-08-09,4.7210405389653165e-05,0.7770224247583715,6.4092393919565e-05,1.00214470768316,4.2742081110258455e-05,5.3767145405251786e-05,0.9053529779607864
2013-08-12,4.729046229109182e-05,0.7839981928053882,5.8582675418170404e-05,1.0177121060679664,4.126543638518431e-05,5.583734312521118e-05,0.8725953265413002
2013-08-13,5.1414947954433665e-05,0.798219998169917,6.240737421731507e-05,1.041115092578494,4.5215283629827795e-05,6.136471782982233e-05,0.8794190294600648
2013-08-14,5.361675369996386e-05,0.8079901686899038,6.327090308724482e-05,1.0299476758104116,4.706069654667675e-05,6.087674761749041e-05,0.877723720649437
2013-08-15,5.120699157562921e-05,0.8155435256962473,7.012471292100012e-05,1.0142960410618498,4.8870560877657996e-05,5.5639341079694646e-05,0.9543728185140408
2013-08-16,4.9139520575593413e-05,0.821561670051636,7.005307869140631e-05,1.0288235194842488,4.820246409120231e-05,5.6008945350126884e-05,0.9809306954277344
2013-08-19,5.1240075352845624e-05,0.8222200861955465,7.42107092678961e-05,1.0263458465373925,5.070213567942885e-05,5.497905677271673e-05,0.9895015830926779
2013-08-20,5.687877447837599e-05,0.8266513970040142,7.589223673173548e-05,1.0320177867916789,5.431205001568604e-05,5.584323895748787e-05,0.9548737734554081
2013-08-21,5.746511661394483e-05,0.8296925343400114,7.822101227125862e-05,1.0275777053946629,5.5626411529464334e-05,5.440027388292351e-05,0.9680031087932343
2013-08-22,5.43081375808944e-05,0.8319225019208281,7.83181568739211e-05,1.030311457801547,5.425584793490039e-05,5.3385850653463404e-05,0.9990371673873714
2013-08-23,4.6628310947370826e-05,0.8493677237008068,7.117999427929405e-05,1.0363932183450624,4.893274395635944e-05,5.359950428491647e-05,1.0494213271329862
2013-08-26,5.7057237442025364e-05,0.8411886853774869,7.302377025361214e-05,1.0373473688269248,5.4297635617441444e-05,5.341389634717824e-05,0.9516344998758853
2013-08-27,6.26349019454684e-05,0.835097909406152,7.990749286244268e-05,1.0222575248805514,5.90798453403699e-05,4.6283568998312596e-05,0.9432416034083742
2013-08-28,6.352118414260544e-05,0.834091022873395,8.062806664541965e-05,1.034750909960524,5.9691963232408496e-05,4.723170716958386e-05,0.9397174192848748
2013-08-29,6.345432123592429e-05,0.8366170383009381,8.287029767869381e-05,1.034821545727335,6.0667591793948976e-05,4.7250831933799e-05,0.9560829051875884
2013-08-30,6.533098257867051e-05,0.8374685555672235,8.433365160326647e-05,1.0228364176789209,6.216251217578329e-05,4.6244508187259844e-05,0.9515012590072129
2013-09-03,6.741624909395761e-05,0.8364196528688332,8.650913644064891e-05,1.017115399637466,6.387597022984144e-05,4.632902400711845e-05,0.9474862676031989
2013-09-04,5.29054408502055e-05,0.8305385809411772,8.517430986929658e-05,1.0433358123019727,5.575249301885789e-05,4.675490113734071e-05,1.0538139768405566
2013-09-05,5.526096611110341e-05,0.8245994781493694,8.53809050870149e-05,1.0123846717383245,5.6641229169889454e-05,4.99091680180761e-05,1.0249771792988742
2013-09-06,5.903493096893949e-05,0.8211419984940596,8.558287950562262e-05,1.0376343225369926,5.836684824933723e-05,5.458330420163177e-05,0.9886832641516298
2013-09-09,5.950680039687122e-05,0.8129988817587058,7.924435157983266e-05,1.0456059856797004,5.582868596612692e-05,5.343736561988943e-05,0.9381900151543404
2013-09-10,6.058865375686932e-05,0.8086230759187296,8.238708839265822e-05,1.0556583841189933,5.71309386699912e-05,5.327029730800615e-05,0.9429313101962412
2013-09-11,5.2548421709793746e-05,0.8122314779462394,8.304592386980293e-05,1.0456765081190382,5.365606448014078e-05,5.379870446366517e-05,1.0210785164293639
2013-09-12,5.463125330927889e-05,0.8105005227295976,8.393753309501952e-05,1.0443033835740416,5.488478684049082e-05,5.370115365325597e-05,1.0046408148423143
2013-09-13,5.629719144726608e-05,0.8145723875730522,7.903190114773737e-05,1.046473597443918,5.433432342008946e-05,5.400738953884039e-05,0.9651338197036836
2013-09-16,5.4138744378514925e-05,0.8165383307405065,8.219080463782134e-05,1.0315217882289665,5.446810703982469e-05,5.329150583635361e-05,1.0060836775047275
2013-09-17,5.7555509167455784e-05,0.8156960171284221,8.320569741286398e-05,1.0259314641477628,5.644796949778391e-05,5.2986027600567716e-05,0.9807570172570357
2013-09-18,6.204530316157312e-05,0.8148494474349204,8.584912745049575e-05,1.0307981864553604,5.947025128553925e-05,5.094367181391396e-05,0.9584972311388641
2013-09-19,6.178297806302708e-05,0.8197987986338352,8.601144111039687e-05,1.0577051131573545,5.9761268714441505e-05,5.338716187594068e-05,0.9672772434743571
2013-09-20,6.675064824066973e-05,0.8323141592482367,8.45589309944323e-05,1.184907193494963,6.253091284108443e-05,5.568935751248346e-05,0.9367836041925611
2013-09-23,6.644616634370019e-05,0.8349125923592567,9.001674809326916e-05,1.1589976831881748,6.457101834075035e-05,5.367849393801706e-05,0.9717794403178894
2013-09-24,6.687102886618699e-05,0.8313796777889972,8.78675600160848e-05,1.1521844845851532,6.372835236892737e-05,5.302832354372064e-05,0.9530039158878756
2013-09-25,5.221698153901886e-05,0.838982352942711,8.557829870761215e-05,1.1706436609067628,5.608420033202696e-05,5.3394387077422636e-05,1.0740605580603761
2013-09-26,5.0374063840171386e-05,0.8325564073163866,7.995999788134321e-05,1.1691948820072502,5.2838873313418724e-05,5.330350675305131e-05,1.0489301296212228
2013-09-27,5.122431082106018e-05,0.8347769886057621,7.938922025702629e-05,1.1773089111456905,5.323402436899098e-05,5.312801825647987e-05,1.0392335888119852
2013-09-30,5.1567877421329924e-05,0.8414383487176665,8.161873162635765e-05,1.1580544823811767,5.458921508720394e-05,5.192408281916064e-05,1.058589529314703
2013-10-01,5.3629225784131454e-05,0.8434728275321282,8.165647377678125e-05,1.1607174698949334,5.581708740754774e-05,5.0999423516341243e-05,1.0407960695204306
2013-10-02,4.9785428743887e-05,0.8558692014594073,8.137439542515765e-05,1.15604514609357,5.447564885455681e-05,5.151410219506043e-05,1.0942086917599503
2013-10-03,5.1677659876475144e-05,0.8621078121869538,8.238538232902264e-05,1.1878855656368357,5.625201461625631e-05,5.233081231130086e-05,1.0885170642539779
2013-10-04,4.988490741732951e-05,0.865591911676276,8.044542124592241e-05,1.2023824871344715,5.4833812158514975e-05,5.203866335431886e-05,1.0992064533624106
2013-10-07,5.300164613196136e-05,0.8683300764899565,8.146417703799581e-05,1.2461942515877218,5.705751595720429e-05,5.169037980423776e-05,1.0765234690097132
2013-10-08,5.7418241986777646e-05,0.8728416038210448,8.385872575374552e-05,1.2238812636232232,6.056678397432225e-05,5.045584688176419e-05,1.0548352209785463
2013-10-09,4.671951297786224e-05,0.880660527490643,8.29665014317993e-05,1.2141543012032925,5.482884192547002e-05,5.0712676168512245e-05,1.173574774879403
2013-10-10,5.493659376391755e-05,0.8747524133653548,9.48039602835373e-05,1.178048028625252,6.31290499221299e-05,3.86123660352109e-05,1.1491256664622913
2013-10-11,5.397060840252837e-05,0.876698302198257,9.1270866530675e-05,1.14604318584787,6.153113261541461e-05,3.750090986661864e-05,1.1400859548682067
2013-10-14,5.390763459317086e-05,0.8793209665354565,8.638710163506218e-05,1.1418373079610151,6.0006323388826895e-05,3.760388247565159e-05,1.1131321906754303
2013-10-15,5.553151341989191e-05,0.8792020653878798,8.521293015825665e-05,1.1699719506374795,6.047991945640304e-05,4.3132554009488255e-05,1.089109871706442
2013-10-16,4.144281603770634e-05,0.8746063773578083,8.524893364070664e-05,1.135983777984616,5.198544266084415e-05,3.799636088436893e-05,1.2543897261601553
2013-10-17,4.1583055321708076e-05,0.8748431623520021,8.10923681648728e-05,1.1548594231591425,5.0801717078488165e-05,3.783424786784431e-05,1.2216927468522873
2013-10-18,4.3823960134694674e-05,0.8819022742682947,7.76254571108381e-05,1.2015659075941003,5.143732296254285e-05,3.898469331511026e-05,1.1737260349007301
2013-10-21,4.4710412594374516e-05,0.881016718244982,7.493486425835981e-05,1.203372412903779,5.099533521930835e-05,3.9053895572608044e-05,1.1405695510339486
2013-10-22,4.4371990394003997e-05,0.8818591863234886,7.274154974832693e-05,1.2051629321042592,5.010083605119217e-05,3.8937626423004516e-05,1.1291095036828078
2013-10-23,3.6244305626284386e-05,0.8707111544530893,7.679353786028712e-05,1.1942272606375894,4.5936334542728076e-05,3.767619298155848e-05,1.267408321085755
2013-10-24,4.040389782719303e-05,0.8604132739391244,7.779065382748618e-05,1.191559658311591,4.823723933808967e-05,3.750255396797238e-05,1.1938758865394559
2013-10-25,3.967999624918889e-05,0.8546947372013203,7.59965713865966e-05,1.1980025240494834,4.693467778358322e-05,3.773728024974747e-05,1.1828296930482354
2013-10-28,4.081308187982178e-05,0.8481076588263111,7.498224108416397e-05,1.174009578643078,4.691696265093574e-05,3.995875191688213e-05,1.1495569677655673
2013-10-29,4.2024721372673885e-05,0.8446933929670664,7.410573353129218e-05,1.1772592068903756,4.713868073623414e-05,3.953926763254069e-05,1.121689310399225
2013-10-30,3.243679795796633e-05,0.8479956454904845,6.78044389978598e-05,1.1844946531198317,3.976872554324385e-05,3.9254701854269656e-05,1.2260373417492902
2013-10-31,3.3498134377451295e-05,0.84781549304573,7.066801459637367e-05,1.1426395095514776,4.124991935949619e-05,3.823512033557068e-05,1.2314094538728366
2013-11-01,3.528785039280735e-05,0.8462203217676205,7.122223553690537e-05,1.1460594038335064,4.2423241862928126e-05,3.830721907320516e-05,1.2022053310330054
2013-11-04,3.477448195487655e-05,0.845388335403245,7.195004128301564e-05,1.157877794596894,4.228653590242983e-05,3.851997408673258e-05,1.216022023197957
2013-11-05,3.766596277267884e-05,0.8447871218940939,7.760698896449755e-05,1.1517958656099574,4.5674335542445734e-05,3.796862520585451e-05,1.2126156396983379
2013-11-06,3.8333959556374354e-05,0.841887664332222,7.804590401723915e-05,1.08285789334117,4.6049089121402646e-05,4.018839701449395e-05,1.2012609616724392
2013-11-07,4.0431492315281525e-05,0.8387703053898089,8.029813138935306e-05,1.1114499280233232,4.7792049169943676e-05,3.9163783945349376e-05,1.182050090985144
2013-11-08,4.3778322206368926e-05,0.8337206741218365,8.498514976577822e-05,1.0852744911121033,5.0853593798048786e-05,3.4918324133755216e-05,1.1616158691127396
2013-11-11,4.088414418239951e-05,0.8334415713012774,8.268144015251935e-05,1.0890959952394064,4.845701200064739e-05,3.5147101618716874e-05,1.1852275000416415
2013-11-12,3.99781619662566e-05,0.8362703769347348,8.30184869101173e-05,1.055795550529027,4.81776410460512e-05,3.4500798421468403e-05,1.2050989509401493
2013-11-13,4.4902541372157916e-05,0.829164505190804,7.728323155187336e-05,1.0660641763904664,4.884485224356988e-05,3.368833308041499e-05,1.0877970544860167
2013-11-14,4.545126757048379e-05,0.8243676588258093,7.325672642292627e-05,1.056479711478019,4.7568307472560544e-05,3.2938613786606226e-05,1.0465782367630065
2013-11-15,4.488960878325864e-05,0.821040156774138,7.119777279872279e-05,1.0881965232868207,4.641629944457889e-05,3.543067034024385e-05,1.0340098900993235
2013-11-18,4.304897041106976e-05,0.8184171736542514,6.757732279141897e-05,0.9838953804026416,4.41424678842431e-05,4.2269872085000485e-05,1.0254012456681696
2013-11-19,4.253689180732228e-05,0.8175378194757075,6.635022459092343e-05,0.9793560521894252,4.343220987658498e-05,4.24989208067535e-05,1.0210480369209436
2013-11-20,3.986505410246521e-05,0.8169169197192139,6.446665178115745e-05,0.9705421112323132,4.141347059212107e-05,4.2687936378115474e-05,1.0388414495983365
2013-11-21,3.485111027762049e-05,0.8138904353465688,6.681370062919612e-05,0.9285270006440156,3.927417015201964e-05,4.135189530857078e-05,1.1269130262756477
2013-11-22,3.677714977289896e-05,0.799168234701445,6.702690100367112e-05,0.9595404415826364,3.9678186786685466e-05,4.467708586200125e-05,1.078881507449614
2013-11-25,4.464079349966786e-05,0.7978216640059126,6.266977383318815e-05,0.9729896187417996,4.219887193195741e-05,4.5990981362811976e-05,0.9452984282699048
2013-11-26,4.5604254902161166e-05,0.8075821571492251,6.425647182333159e-05,0.9781598097189336,4.3716746683187156e-05,5.71790325368441e-05,0.9586111378637049
2013-11-27,5.098239319509307e-05,0.8226583340720577,6.492972535829421e-05,0.9660871367457964,4.733162268093375e-05,5.7556374109759904e-05,0.9283915429354404
2013-11-29,5.306536742177139e-05,0.8360616248309967,6.653690423043867e-05,0.9663007848855384,4.967926625909629e-05,5.757463545844284e-05,0.9361899987281372
2013-12-02,5.1303727815654587e-05,0.8435422692932574,6.828064917829592e-05,0.9644621565823434,4.992638619808492e-05,6.145980694625596e-05,0.9731531864016051
2013-12-03,5.129816798105141e-05,0.8440840820505264,6.67270320076447e-05,1.0097687918788003,4.938414532865928e-05,6.754771624511364e-05,0.9626882844412858
2013-12-04,4.926678581923591e-05,0.8480353594710656,6.710985503489994e-05,1.009137411450915,4.8762304941038924e-05,6.758125870075368e-05,0.9897602234485527
2013-12-05,6.186383108747796e-05,0.8538135377510884,7.04757880617895e-05,1.006888850770577,5.637692869364001e-05,6.955455989232905e-05,0.9113067797873811
2013-12-06,6.149224160789946e-05,0.8593822788961625,7.27714306690169e-05,0.9910662252194108,5.7487975261766406e-05,6.580702851330596e-05,0.9348817632691625
2013-12-09,5.694825981469449e-05,0.8622490340480774,7.20534251735874e-05,1.0025867716827863,5.523320703735858e-05,6.700943065562487e-05,0.9698840178274707
2013-12-10,5.3452041059883435e-05,0.868447756493734,7.322226594654424e-05,0.9859615550870192,5.433096595810105e-05,6.616706136062453e-05,1.0164432429667734
2013-12-11,5.2671389427449466e-05,0.8690700452122292,7.08574121795397e-05,0.9944043602122438,5.3092700046808485e-05,6.357963935585837e-05,1.007998851443616
2013-12-12,5.926873458923956e-05,0.8681555677981212,7.190489447236133e-05,1.0103595041478894,5.6674749467955314e-05,6.54601852679366e-05,0.9562334991752095
2013-12-13,5.102150798536989e-05,0.8747987557672098,6.204999273505433e-05,0.9965038296521448,4.922159349123486e-05,6.516467058450691e-05,0.964722436376221
2013-12-16,5.265033739264804e-05,0.8748664436029049,6.47129936853681e-05,1.0069177142016534,5.106673408206123e-05,6.521783485228406e-05,0.9699222571210353
2013-12-17,5.547285481711756e-05,0.8718391365672782,6.946763952849764e-05,1.0005347530633708,5.41212588711648e-05,6.500821103784036e-05,0.9756350029143318
2013-12-18,5.7755345996717895e-05,0.8661663470977662,7.828049685887012e-05,0.9614881255158164,5.8240378390140515e-05,5.6645656513674944e-05,1.0083980519041507
2013-12-19,6.478693026373803e-05,0.8672963382736366,7.535951001213495e-05,0.9639671287368852,6.060106369448342e-05,5.674156328426335e-05,0.9353902623227468
2013-12-20,6.101338500649426e-05,0.8670420637231917,7.624563992427564e-05,0.9701182006166846,5.9137128709598324e-05,5.7605639133472155e-05,0.9692484477513216
2013-12-23,6.0371580554275465e-05,0.8695892994939716,7.831782776923849e-05,0.9621792572612552,5.979443639218285e-05,5.67122615427491e-05,0.9904401349642693
2013-12-24,6.05937066863415e-05,0.8690697916272346,7.761236509241824e-05,0.9334955896418696,5.959830020884536e-05,5.611394261066706e-05,0.9835724445337404
2013-12-26,6.0130930524985e-05,0.869818275385576,7.780382891760106e-05,0.9752357512773984,5.949465844471756e-05,6.224017578850425e-05,0.9894185558960698
2013-12-27,6.1029823506439453e-05,0.8650897434468685,7.569727005441145e-05,0.9757740872799506,5.879932340309217e-05,6.227322670883654e-05,0.9634522930725511
2013-12-30,6.103786899254316e-05,0.8618415574242597,7.57767479013692e-05,0.9863352749049848,5.8613154381116184e-05,6.301045660933471e-05,0.9602752413960718
2013-12-31,6.15980310886923e-05,0.8600978831024992,7.635909303010278e-05,0.986848677223886,5.8987728783812395e-05,6.263847313327337e-05,0.9576236081130345
2014-01-02,6.274975633376732e-05,0.8563187172821048,7.802468531916761e-05,0.9824812034085,5.991802248686368e-05,6.008294474317863e-05,0.9548725921445561
2014-01-03,6.287727487442676e-05,0.8570368614224211,7.771594380229384e-05,0.9643872099459986,5.9910289708917996e-05,5.963372078633761e-05,0.9528130764026562
2014-01-06,6.194585296328845e-05,0.8428931586549797,8.071785523784793e-05,0.9524564633180334,5.960235974239365e-05,5.864289802052833e-05,0.9621686826673669
2014-01-07,5.985294868622432e-05,0.8299416917834646,7.972297631023144e-05,0.9803500698278884,5.733002210190966e-05,6.26670047758154e-05,0.9578479149366398
2014-01-08,5.957982003469859e-05,0.8237875988213366,8.224962931309856e-05,0.9882896016145994,5.766759212076999e-05,6.33743822962778e-05,0.9679047719040618
2014-01-09,5.8876921963223624e-05,0.8183895543551161,8.330002867558366e-05,0.9789743949788946,5.731327183706666e-05,6.4485343009289e-05,0.9734420537959905
2014-01-10,5.8643073362417135e-05,0.8170621824904958,8.358863895055222e-05,0.9643321192851172,5.72054093947338e-05,6.439590340002855e-05,0.9754845050702151
2014-01-13,6.549653155125348e-05,0.8145860941919038,8.661686506937156e-05,0.9844683130244511,6.135463454209463e-05,6.216403929442646e-05,0.9367615824676508
2014-01-14,6.384952094066409e-05,0.8137300930984541,8.74572707023035e-05,1.013383414522797,6.08075014507717e-05,6.217376486773867e-05,0.9523564242131219
2014-01-15,6.070372053025981e-05,0.815376991979458,8.463934629224583e-05,0.970850255898685,5.8445658702494256e-05,6.063966496193291e-05,0.9628019204088166
2014-01-16,6.085694586035492e-05,0.8137440305146749,8.777322482222396e-05,0.9750494675961178,5.947355783620526e-05,6.126427984946953e-05,0.9772681983199741
2014-01-17,6.130074788390541e-05,0.8067907608843959,8.685067814494678e-05,0.9689558839204496,5.886815295382463e-05,6.0886577390130105e-05,0.9603170432000641
2014-01-21,6.022038567812545e-05,0.7979467670389521,8.975309110897008e-05,0.988860240336472,5.866382725176676e-05,6.320623672378469e-05,0.9741523006066681
2014-01-22,6.0180607898710316e-05,0.7930806337877372,9.186389937488404e-05,0.9857081433301876,5.896822675277652e-05,6.310303100666124e-05,0.9798542888105359
2014-01-23,6.197862719476769e-05,0.7971846464639457,9.768245706012329e-05,0.948886947316494,6.20280587497437e-05,5.970587543490689e-05,1.0007975580811217
2014-01-24,8.312838911315208e-05,0.7921065445237289,0.0001011808837530029,0.9935205928000872,7.264529940952386e-05,5.263470014875533e-05,0.8738927842164855
2014-01-27,7.785643656399444e-05,0.7944145490418882,9.95891994751538e-05,0.9749307147611544,6.995207011571118e-05,5.1508707345422485e-05,0.8984751062709346
2014-01-28,5.7778264472590076e-05,0.7841021444273,9.561085394340053e-05,0.972806649093539,5.827851626782854e-05,5.100332374672306e-05,1.0086581312160352
2014-01-29,5.541992369045716e-05,0.7769258781698286,8.96763828458428e-05,0.9826031493143844,5.477111602511809e-05,4.9000602467397495e-05,0.9882928805719234
2014-01-30,5.718939038351772e-05,0.7736639615523961,9.289396816393073e-05,0.9253957612976482,5.639022901286441e-05,4.7841753990735554e-05,0.9860260554397581
2014-01-31,5.786696567157789e-05,0.7725243351551412,9.176490403006356e-05,0.8886288411420833,5.629448253542434e-05,4.791001910182383e-05,0.9728258926677074
2014-02-03,7.055814511505822e-05,0.7608665044481907,9.774463871693997e-05,0.815102624729532,6.318711344373732e-05,3.361163735324775e-05,0.8955325191825684
2014-02-04,5.3287933521446234e-05,0.7369376442475015,9.273151336019665e-05,0.8169165299788643,5.1803470405026304e-05,3.47185861931305e-05,0.9721426030562342
2014-02-05,5.1744253938995175e-05,0.7267614133162001,8.778006976983324e-05,0.7985702792991914,4.8980237477293176e-05,4.299456237008853e-05,0.9465831227374408
2014-02-06,5.460185755120456e-05,0.722395055660833,8.595639889418273e-05,0.7937437209234244,4.949001437598069e-05,4.170128443986491e-05,0.9063796836869499
2014-02-07,6.356327391387762e-05,0.725407418430848,9.158204618778517e-05,0.7272922395902445,5.534651666275716e-05,3.678588370689823e-05,0.8707310567065282
2014-02-10,6.2547563500994e-05,0.7270772519025703,8.737100182046015e-05,0.744389319632782,5.374887927617778e-05,3.831311637773164e-05,0.8593281059672869
2014-02-11,5.609995653519849e-05,0.7054300464521721,8.215818402993475e-05,0.7857657699906265,4.7891741724541134e-05,4.026608105863403e-05,0.8536858971449056
2014-02-12,5.280573476410588e-05,0.6925679476197304,7.397105971165649e-05,0.7882233116991648,4.3284644357034744e-05,4.040691031986751e-05,0.8196959014091213
2014-02-13,5.31879934714369e-05,0.6886386893514198,7.391159423715126e-05,0.7618941046870816,4.317720315690495e-05,3.883689643067698e-05,0.811784772066877
2014-02-14,5.362200748552388e-05,0.6894487298260992,6.94484960576133e-05,0.7702722286366673,4.207314072593748e-05,3.9109669950440184e-05,0.784624498388946
2014-02-18,5.088126402858046e-05,0.7052283512206172,6.811248221705344e-05,0.7715986871365461,4.151662706914008e-05,3.93009098541678e-05,0.8159511730254937
2014-02-19,5.093399391722896e-05,0.7029756794642648,7.279050072960253e-05,0.7386964799846384,4.2803720516089104e-05,3.6813091950568106e-05,0.8403762835808227
2014-02-20,5.128532994270177e-05,0.7119973705319318,7.346522692105606e-05,0.7362199586148679,4.370346578566632e-05,3.74427513278247e-05,0.8521631007247835
2014-02-21,5.0142924359823583e-05,0.7165765151296948,7.455647141318302e-05,0.7340412963360522,4.38137143800064e-05,3.742993596787332e-05,0.8737766083525756
2014-02-24,5.289213529725008e-05,0.7197144400761197,7.467472081005129e-05,0.7493009459407584,4.523166453459379e-05,3.806880678698927e-05,0.8551680562789725
2014-02-25,4.99909412374215e-05,0.7256041113621721,6.764288224508882e-05,0.7485149691309795,4.2194558202277034e-05,3.8134383903322846e-05,0.8440440839447856
2014-02-26,4.8822079787728685e-05,0.7256231815797123,6.887010558158247e-05,0.7479085047598245,4.207602080614868e-05,3.8103185335348676e-05,0.8618236049977616
2014-02-27,4.902946505121921e-05,0.7404522851457455,7.099537238771254e-05,0.7518087903032789,4.368583849903169e-05,3.794491729041429e-05,0.8910119344234076
2014-02-28,4.913560627678946e-05,0.7511647094770825,7.169358174524695e-05,0.7339360483639277,4.458342969143128e-05,3.700272968313543e-05,0.9073548302281043
2014-03-03,5.060228536900576e-05,0.7639819600036415,7.34556391768012e-05,0.7958780082683944,4.657798969346756e-05,4.0621484912432666e-05,0.920472056821309
2014-03-04,5.593664385448813e-05,0.7741433436760355,8.108748578507078e-05,0.7813575087202567,5.213705596581737e-05,3.706907111495441e-05,0.9320733668155906
2014-03-05,4.9068183379191435e-05,0.7284821843116427,7.977367151260405e-05,0.7844056170236876,4.557731272738981e-05,3.7221245950330775e-05,0.9288567374743689
2014-03-06,4.928243059442446e-05,0.7268180780628213,8.382826682281319e-05,0.7694229028639392,4.671614781678353e-05,3.645857304294734e-05,0.9479270249724399
2014-03-07,4.8971813978785636e-05,0.7250452914892913,8.282666149436502e-05,0.7292506254063222,4.61767443785111e-05,3.6076032960017336e-05,0.9429249322582711
2014-03-10,4.912023117884392e-05,0.7351578278217801,7.94792820067712e-05,0.7341921754911227,4.593436896350719e-05,3.632047908940558e-05,0.9351415467949002
2014-03-11,5.148937537691702e-05,0.7426854157894238,7.799075386124509e-05,0.7525474877136948,4.706361324926798e-05,3.719286120977974e-05,0.9140451385309846
2014-03-12,4.8906113932888686e-05,0.7107192918274859,7.254864630352934e-05,0.7636093902923786,4.2334490601751354e-05,3.91244391360515e-05,0.8656277752888887
2014-03-13,5.192240840939531e-05,0.7077126480487107,7.564821007024467e-05,0.7427413493236331,4.435409271810673e-05,3.6022533907903946e-05,0.8542379692479923
2014-03-14,5.053194068255615e-05,0.7092686319708543,7.55553912877596e-05,0.7302922194024817,4.38254588247525e-05,3.5421238184394685e-05,0.8672823214937645
2014-03-17,5.312543808337814e-05,0.7129840570468822,7.450601893364054e-05,0.7440677258406787,4.485664213212078e-05,3.555869413893941e-05,0.8443533597166797
2014-03-18,5.3640183376897774e-05,0.7191029232383971,7.248283674979226e-05,0.7574864159739491,4.483877840720037e-05,3.6533659795157194e-05,0.835917694243229
2014-03-19,4.9711758607667365e-05,0.7084766632503942,7.07685721654494e-05,0.7528373623685259,4.202186562191044e-05,3.585286370149089e-05,0.8453103812631794
2014-03-20,4.924048797705463e-05,0.7020324324417228,7.290797576369861e-05,0.7179946931301887,4.206354494315719e-05,3.392374044348567e-05,0.8542471179968445
2014-03-21,5.1299807125194504e-05,0.6982619771132048,7.226906882065443e-05,0.7726294941520585,4.25160089081249e-05,3.572667515455648e-05,0.8287752194538821
2014-03-24,5.150721281894852e-05,0.6946577639561315,7.236822575439515e-05,0.7634201001098677,4.2411036016187026e-05,3.493354023877345e-05,0.8233999413881082
2014-03-25,5.187847468728203e-05,0.6942107236729617,7.192698238693539e-05,0.7707516090890327,4.2406344540312974e-05,3.533218121031913e-05,0.8174169498223289
2014-03-26,4.894688218699071e-05,0.6866859314651005,7.258006597050995e-05,0.7445919115721081,4.092883149324595e-05,3.305328478560232e-05,0.8361887349001399
2014-03-27,4.819111839496585e-05,0.6801534176210579,7.071645585512342e-05,0.7522705674108771,3.9705496462523795e-05,3.323519021397878e-05,0.8239173064444074
2014-03-28,4.77393720640184e-05,0.6753886722466415,6.460559869346732e-05,0.7641137629823581,3.750828446923934e-05,3.351531661615279e-05,0.78568868519973
2014-03-31,4.471229395078723e-05,0.6783924508364808,6.153220509423053e-05,0.7432898014306395,3.558325900476752e-05,3.1709829559571085e-05,0.7958271844413167
2014-04-01,4.637295349124256e-05,0.6772275378783104,6.216527836512686e-05,0.7694787916487061,3.636142787700197e-05,3.2805079730025006e-05,0.7841085188561205
2014-04-02,4.141854620280984e-05,0.6731387184159057,6.363856247488742e-05,0.777193527592133,3.455908039153849e-05,3.329812068791682e-05,0.8343866108268667
2014-04-03,4.131197301210188e-05,0.6713525129406968,6.397389712042574e-05,0.7759382557282322,3.451357851248639e-05,3.316770603564837e-05,0.8354376708751243
2014-04-04,4.5815215175484866e-05,0.6667901387676147,6.22635903751735e-05,0.8193978120791457,3.5613209442963237e-05,3.197299993684927e-05,0.7773227585323971
2014-04-07,4.72141155464609e-05,0.6639733017718484,6.074945979895514e-05,0.8338477166993897,3.555967281009941e-05,3.0092082038671838e-05,0.7531576605540143
2014-04-08,4.530353492960697e-05,0.613248873813758,5.358119205589573e-05,0.8463510169569897,3.0214053243928352e-05,3.1670177888049146e-05,0.6669248501441492
2014-04-09,4.691297863661334e-05,0.6320087780226603,5.7850707870353076e-05,0.8460782820893497,3.2924861229049046e-05,2.990573552968677e-05,0.7018284105147987
2014-04-10,5.810324280314903e-05,0.6619564021611261,6.472807937465527e-05,0.9352604182539764,4.0595316615262125e-05,2.246689215386651e-05,0.6986755756954408
2014-04-11,5.691804938589508e-05,0.6612046731221969,6.586914434480316e-05,0.9794150221715338,4.04857257937571e-05,2.1129511976023934e-05,0.7112985464289279
2014-04-14,5.793906540801691e-05,0.6390058604306059,6.253317342022678e-05,1.009317049990178,3.846323588006557e-05,2.1620290417728097e-05,0.663856684763567
2014-04-15,5.375893588153699e-05,0.6510597042945316,6.445737693257308e-05,0.974751254473649,3.832502637946281e-05,2.024481288365794e-05,0.7129052268429515
2014-04-16,3.1303883437837385e-05,0.6586888869886325,6.633775759653937e-05,0.8843847745268094,3.0016485328972684e-05,1.702859168946627e-05,0.9588741725472755
2014-04-17,3.0074876652121772e-05,0.6588956299357747,6.625023176518522e-05,0.8800300090311135,2.9411166889678123e-05,1.698378727477104e-05,0.9779314219599027
2014-04-21,3.398061258211898e-05,0.6411645440244328,6.573085449651801e-05,0.845100173774623,3.0301891520670144e-05,1.7143151939839242e-05,0.8917405902392523
2014-04-22,3.465237531876505e-05,0.6449992068304571,6.488624601271385e-05,0.8355269728655419,3.058454400027423e-05,1.6945565026312784e-05,0.8826103180208832
2014-04-23,3.661275306357103e-05,0.6471017631235587,6.403575105488131e-05,0.8449334641953546,3.13328594196387e-05,1.6983748514543458e-05,0.8557908596831054
2014-04-24,2.8915216768426475e-05,0.6198269235572883,5.8192492431567244e-05,0.8495334099962599,2.5425361850171163e-05,1.707283418464219e-05,0.8793073229848304
2014-04-25,3.367547480592454e-05,0.6170047859942577,5.634548100098468e-05,0.9774959581949724,2.6876638008342733e-05,1.779747177636468e-05,0.7981071733430857
2014-04-28,3.364553762091845e-05,0.609198030802783,5.5088414365734106e-05,0.97397006426331,2.622722626694129e-05,1.8322829897590927e-05,0.7795157432893874
2014-04-29,3.9441733334885286e-05,0.6154913438343577,5.435033594039209e-05,0.9610961379850508,2.849712596693901e-05,1.7807836534867382e-05,0.7225120084094776
2014-04-30,4.001418281063408e-05,0.6162601630151137,5.3697701852104596e-05,0.9982207225628712,2.856596633636463e-05,1.8742908795823356e-05,0.7138960321032222
2014-05-01,2.1991126094734782e-05,0.6319136670468549,5.2029741921760484e-05,1.0018372384525471,2.1375058826636932e-05,1.9265918565880713e-05,0.9719856425067132
2014-05-02,2.5114593555483047e-05,0.6349786840151871,5.200459540884613e-05,0.9568937409902208,2.2947907174523356e-05,1.9483302954966072e-05,0.9137279934006076
2014-05-05,2.3421323104644024e-05,0.6134535454853133,5.2477889270705175e-05,0.9722711166198308,2.1506788930524733e-05,2.0047602190225355e-05,0.9182567882452519
2014-05-06,2.3724080850696792e-05,0.6442030836665679,5.4984946604329956e-05,0.8847265823158593,2.326694701826687e-05,1.6818987585987687e-05,0.9807312310514025
2014-05-07,2.503936026433856e-05,0.6086861886172182,5.5243337295339004e-05,0.7822664077418586,2.2638362784891862e-05,1.4461145638877334e-05,0.9041110693684041
2014-05-08,2.245244272166245e-05,0.6254892593661879,5.084433805563708e-05,0.7665612127760384,2.1133574246365858e-05,1.4360058760240178e-05,0.9412594659901247
2014-05-09,2.6257615904936162e-05,0.6500288779834529,4.484151571077558e-05,0.7707871347233309,2.230490811436387e-05,1.45920248186273e-05,0.8494643304676711
2014-05-12,2.5472098693136958e-05,0.6500175785088094,4.12906260197134e-05,0.8343830740620433,2.1080611255095457e-05,1.4511403563438527e-05,0.8275961674400737
2014-05-13,2.7268227179962204e-05,0.6750077340239207,3.939305022702477e-05,0.8636492680211069,2.2123152118607236e-05,1.795643404789811e-05,0.8113161142673853
2014-05-14,2.54765910501542e-05,0.6987070320620944,3.9178238822283405e-05,0.931268086416272,2.2074365376509212e-05,2.0549635857666043e-05,0.8664567929458366
2014-05-15,2.174205444419079e-05,0.7269226799158983,3.950049301335214e-05,0.912209635048826,2.13029509085467e-05,1.8280774236900287e-05,0.9798039538181079
2014-05-16,2.0552751262807784e-05,0.7163200133973868,3.9393209909486664e-05,0.8921292904782684,2.0382279532143783e-05,1.797706061876765e-05,0.991705649113144
2014-05-19,2.1296152341554682e-05,0.7198637300675699,4.0699103640922604e-05,0.8889366796926131,2.1193041426944474e-05,1.7808337973479094e-05,0.9951582373681179
2014-05-20,2.0908636850371392e-05,0.722249457419663,4.2917214555904065e-05,0.8668612234950913,2.1635445773045523e-05,1.6274812276474347e-05,1.034761181605257
2014-05-21,2.119414789263069e-05,0.7332777826339726,4.3579272999489026e-05,0.8939048866370767,2.228519801560148e-05,1.6402031624662832e-05,1.0514788388048455
2014-05-22,2.007249814887391e-05,0.7345445540581084,4.18613529128387e-05,0.8873937895605782,2.1292442668673634e-05,1.6245619995284812e-05,1.06077691529732
2014-05-23,2.2049522594442057e-05,0.7222570042699491,3.8519189347600656e-05,0.9261052955431238,2.1048925303041456e-05,1.730495671916855e-05,0.9546204555171268
2014-05-27,2.174082787467674e-05,0.7623064042551263,3.749116358177058e-05,0.9199547174643832,2.1763666732917633e-05,1.6578102998987567e-05,1.0010505054532672
2014-05-28,2.1661197917021908e-05,0.746350178229507,3.642256642388115e-05,0.9098926805565936,2.096375850349942e-05,2.4939453322806457e-05,0.9678023617994633
2014-05-29,2.1856321025887475e-05,0.7520450936728797,3.6337767189312046e-05,0.8890760055533429,2.1193931767849023e-05,2.405551948313371e-05,0.9696934695800866
2014-05-30,2.8179051435749515e-05,0.7563070597534682,3.5591204422081895e-05,1.027481879992456,2.3951498055691746e-05,2.8928514444236483e-05,0.8499753127000415
2014-06-02,2.8496658002674943e-05,0.768437037872619,3.6119477611374127e-05,1.057280469378078,2.4653352459095814e-05,3.2028474174315154e-05,0.8651313587993945
2014-06-03,3.418588872187905e-05,0.7720462937413125,3.7029139951630336e-05,1.057573963128687,2.7468730745483044e-05,3.2037487106390974e-05,0.8035107985331675
2014-06-04,2.793146765100254e-05,0.7514857509659421,3.6262073799358497e-05,1.0425701564095975,2.391629750096953e-05,3.2125708185503175e-05,0.8562492239863059
2014-06-05,4.136471088316827e-05,0.7699907745689174,3.706068044603915e-05,1.0611476714846213,3.0147910189620005e-05,3.4916635101536515e-05,0.7288316428651144
2014-06-06,3.9833023701562004e-05,0.772419870211005,4.130234798655029e-05,1.0777364787624917,3.133014792405097e-05,3.509761924069608e-05,0.786537024123087
2014-06-09,5.1073182956276414e-05,0.7667085918351442,4.5190781425133835e-05,1.0768323840285074,3.683424037113903e-05,3.506255971291347e-05,0.721205106849767
2014-06-10,4.95066057749403e-05,0.7718276225327176,4.8546293580319396e-05,1.0387442243100196,3.7838153269087146e-05,3.494683780299472e-05,0.7643051402291935
2014-06-11,4.7157992518462575e-05,0.7688923833235837,5.0708804719461934e-05,1.0779376129588056,3.759974505914234e-05,3.651014075944001e-05,0.7973143692327842
2014-06-12,4.667919578081926e-05,0.7803657103686958,5.384699275102138e-05,1.076412087962865,3.91237601261433e-05,3.516637395643748e-05,0.838141263398104
2014-06-13,3.72024477228719e-05,0.7610389138462793,5.672567035325652e-05,1.0688228675993232,3.496088677466702e-05,3.6305502654187634e-05,0.9397469498538727
2014-06-16,2.938646502467408e-05,0.740683966093532,5.707737932086877e-05,1.0463342623061194,3.033462489615941e-05,3.6083251464869435e-05,1.0322651897970447
2014-06-17,3.191330809025626e-05,0.7432445393951855,5.8359889101505406e-05,1.0483346221742438,3.2075605879845664e-05,3.6140658042897987e-05,1.0050855833914303
2014-06-18,3.560112133469648e-05,0.754420204195863,6.0346155288012797e-05,1.0638507404399795,3.4967932277241794e-05,3.5683885771313506e-05,0.9822143507362621
2014-06-19,3.687128606172102e-05,0.7347466365718383,6.0017758786520946e-05,1.074144495292427,3.456381218278433e-05,3.6100247538326097e-05,0.9374181341254527
2014-06-20,3.6786047916274955e-05,0.6659761876112849,5.979257460982073e-05,1.0601863285206528,3.123373305117713e-05,3.591777111430339e-05,0.849064654139121
2014-06-23,3.78482539714106e-05,0.678395408984538,6.202477546588129e-05,1.0593047894181926,3.286914635875153e-05,3.587331628651395e-05,0.8684455135917198
2014-06-24,3.933090292313687e-05,0.663826617071299,6.480830633757227e-05,1.0868311743206442,3.351482502870665e-05,3.5750987389554405e-05,0.8521244756115466
2014-06-25,4.004889359785303e-05,0.6531517843100287,6.790966496592537e-05,1.0980083630076285,3.4062394371949966e-05,3.576221536545887e-05,0.8505202344410335
2014-06-26,4.4267929857314866e-05,0.6580298504708114,7.087766541899816e-05,1.1043256698428856,3.685911503194054e-05,3.6059504404633473e-05,0.8326369710701507
2014-06-27,3.536085878696092e-05,0.6746501434191391,7.226119899186283e-05,1.1024074377028348,3.410300122431568e-05,3.597755829726123e-05,0.9644279690653593
2014-06-30,3.524942345217237e-05,0.7493402445873252,7.379406338953095e-05,1.0992876949807306,3.821780843395903e-05,3.587775134779141e-05,1.0842108803797674
2014-07-01,3.707778978776346e-05,0.761262769232712,7.476333741288889e-05,1.1115647621962936,4.008075090448824e-05,3.539003490207123e-05,1.0809908339713343
2014-07-02,3.729144432547138e-05,0.7584812957101712,7.491313260837539e-05,1.0952549646032133,4.0089298483382726e-05,3.527765677672829e-05,1.075026704074326
2014-07-03,3.7850371933542936e-05,0.7695334072397931,7.74732034275955e-05,1.070505330897513,4.167142107473275e-05,3.418547706304715e-05,1.1009514291668983
2014-07-07,3.637233936281704e-05,0.7682475762205828,7.685435466555848e-05,1.085647026815106,4.061823576721412e-05,3.539744105293227e-05,1.116734212832557
2014-07-08,3.904012916123487e-05,0.7482384913579965,7.544945027519243e-05,1.0979799337128715,4.060913216527097e-05,3.495209877049318e-05,1.0401894931637177
2014-07-09,3.921043801203444e-05,0.7610139454539927,7.312632428291881e-05,1.1031137082176696,4.075025531578837e-05,3.471217965366746e-05,1.039270596856922
2014-07-10,3.784415060760939e-05,0.7383999264241824,6.993054736755007e-05,1.1089899176738065,3.798608096966729e-05,3.539784074774141e-05,1.0037503910057202
2014-07-11,4.137743263306523e-05,0.7429980552508563,6.540912956979924e-05,1.1051577085066668,3.865348286698255e-05,3.527308142602042e-05,0.9341682266698698
2014-07-14,3.5819786180035966e-05,0.7410356812751336,6.964575142033138e-05,1.0942233444388003,3.701245809983151e-05,3.566120253739413e-05,1.0332964555902424
2014-07-15,3.740515266448331e-05,0.7442487079853692,7.405842451355838e-05,1.092024005289156,3.9171575514436924e-05,3.549018501054171e-05,1.0472240513438904
2014-07-16,4.331224214055195e-05,0.7505244859418063,7.818196783474029e-05,1.1268689061416677,4.367405308170363e-05,3.696264074982525e-05,1.0083535490953708
2014-07-17,4.7474517764657056e-05,0.7540804677682624,8.402160147446596e-05,1.1176526951118155,4.7625927917789954e-05,3.398054117157229e-05,1.003189293125282
2014-07-18,4.82618636397603e-05,0.7612450929166519,8.785684522233457e-05,1.1261629127836352,4.9569478797554866e-05,3.346273518098766e-05,1.0270941704107195
2014-07-21,3.56854935741795e-05,0.7618171649966782,8.419396736986782e-05,1.124290868751932,4.175775050722655e-05,3.418299198996385e-05,1.170160374002524
2014-07-22,3.6878426197529086e-05,0.7594494402811525,8.234772820725535e-05,1.13686958282662,4.18514844813874e-05,3.56275384725872e-05,1.1348500680918838
2014-07-23,3.8554343811198455e-05,0.7588583431356954,8.095378231870704e-05,1.184802432315376,4.239512728828612e-05,4.4069542724795106e-05,1.099619993427876
2014-07-24,3.79220014302475e-05,0.7546594581517282,7.914217719376964e-05,1.186441719772485,4.1342871854719975e-05,4.589198058672311e-05,1.0902080664377567
2014-07-25,3.58816002468109e-05,0.7562191367723189,8.064809585521037e-05,1.1818284551200884,4.067997000699265e-05,4.521916421063102e-05,1.1337278640633712
2014-07-28,3.90148494586092e-05,0.7598538649133391,8.318279622648612e-05,1.1807630907124815,4.3287429992830365e-05,4.535163957259408e-05,1.1095116498848454
2014-07-29,3.5953585678647994e-05,0.7660368659000707,8.568857323818343e-05,1.1470700252309394,4.2518920644434937e-05,4.8334303679386496e-05,1.1826058470069634
2014-07-30,3.539196672747045e-05,0.7658476266144595,8.64799993488365e-05,1.1481518004283997,4.236942382517305e-05,4.837993434579266e-05,1.1971480463753617
2014-07-31,4.5379445989039353e-05,0.7621379753465466,9.249819478600686e-05,1.1747690441234029,4.937758271867784e-05,4.200124520704204e-05,1.0881045733921955
2014-08-01,4.584672797284814e-05,0.766834301998456,9.132957784167237e-05,1.188708632380354,4.962053353052448e-05,4.2241579762042625e-05,1.082313519950896
2014-08-11,3.847004227028839e-05,0.7863491535619876,8.864853795929732e-05,0.98732424101959,4.59211276416769e-05,5.800504795076687e-05,1.1936853960034044
2014-08-12,3.841634430365733e-05,0.7863374514943082,8.809692133430249e-05,1.0065326325730997,4.574539100050247e-05,5.995403669381009e-05,1.190779389077565
2014-08-13,3.776559449586869e-05,0.7833009774076857,8.702622092407465e-05,1.0300189856224118,4.4905743744074565e-05,5.997905425161584e-05,1.1890649238683892
2014-08-14,3.862814115860239e-05,0.7894162123033741,9.03918266359619e-05,1.028186048066386,4.664687210304543e-05,6.287817739915613e-05,1.2075878026726454
2014-08-15,3.923523389055349e-05,0.7888791144925118,8.87602219179419e-05,0.9923675449364848,4.655408239896031e-05,6.311923996648404e-05,1.1865376546198938
2014-08-18,5.8802594173761744e-05,0.802689761102131,8.651318099161977e-05,0.9533042882783224,5.7251531240501037e-05,6.770748794479951e-05,0.973622542422579
2014-08-19,5.790352204668287e-05,0.8103069520063632,8.503164714210437e-05,0.9739495590630886,5.6858101095591666e-05,6.942226540783721e-05,0.9819454687013967
2014-08-20,5.609710643686182e-05,0.8180132222115142,8.339264971288233e-05,0.9594720957858204,5.594927205842471e-05,7.136093087329508e-05,0.9973646701616686
2014-08-21,5.441563613273725e-05,0.8228095550757125,8.440875960685824e-05,0.941783599142645,5.576413126672366e-05,7.120253659645503e-05,1.0247813906042924
2014-08-22,5.0059045313325706e-05,0.8269783402644025,8.488757753910709e-05,0.9387452967108352,5.390852962081231e-05,7.096422484428414e-05,1.0768988757854292
2014-08-25,6.652021183637015e-05,0.8327767182072481,8.375156937872163e-05,0.9251607431153068,6.215869154271956e-05,7.220649294532087e-05,0.9344331568820122
2014-08-26,6.338834696697776e-05,0.8381811511947985,8.308533099144926e-05,0.9265422918704056,6.082817415553325e-05,7.233329796015634e-05,0.9596113018568188
2014-08-27,6.228211919321129e-05,0.8444303581683219,8.237762632179613e-05,0.9080762248864088,6.048534551111653e-05,7.177938217286794e-05,0.9711510509698488
2014-08-28,6.139493236265438e-05,0.8478777657372207,8.247864162135397e-05,0.8873759233007591,6.0335130889528014e-05,7.272733361568815e-05,0.9827379649697109
2014-08-29,6.15753093611576e-05,0.8504060982915289,8.327795894249406e-05,0.8837823154033945,6.089683244624378e-05,7.228949255125411e-05,0.9889813478494384
2014-09-02,7.761239871585492e-05,0.8505473742034901,8.387023279976491e-05,0.872564608006333,6.862272904879962e-05,7.161644074010689e-05,0.8841722480454808
2014-09-03,7.595624179294328e-05,0.8494315129040073,8.317172821097109e-05,0.8706412338172589,6.751464147904266e-05,7.220268394448769e-05,0.8888623223761857
2014-09-04,7.498131031863036e-05,0.8506977826829434,8.329805678538741e-05,0.8701679776908581,6.723095009541221e-05,7.23809805275874e-05,0.8966361058471334
2014-09-05,7.387822741090312e-05,0.8499862003952104,8.406210694616676e-05,0.8745140786073835,6.698387130910336e-05,7.24002615610213e-05,0.9066794596538699
2014-09-08,7.348698808482049e-05,0.8461123619140484,8.286412475015939e-05,0.8820499860725686,6.602623570555691e-05,7.301680194026022e-05,0.898475191680843
2014-09-09,8.133593066383054e-05,0.8478058601816723,8.628828492085332e-05,0.8717621232781609,7.102537784901798e-05,7.125264899660806e-05,0.8732349561791196
2014-09-10,8.008754908927675e-05,0.8493407226954861,8.748513268614643e-05,0.8682715945019731,7.10937751635714e-05,7.080227414991053e-05,0.8877007221724361
2014-09-11,7.945435898388616e-05,0.8520877403523776,8.84008331154392e-05,0.8690238129294512,7.141202690121246e-05,7.086299850893263e-05,0.8987804799444077
2014-09-12,7.986652544186676e-05,0.855287765293589,9.006036459073862e-05,0.866192179371544,7.253731993684132e-05,6.983863192710047e-05,0.9082318222249417
2014-09-15,7.976789477234261e-05,0.8561932013593416,9.059399705052127e-05,0.8687056430193293,7.278393821597131e-05,7.00065856330928e-05,0.9124465227983828
2014-09-16,8.12776222335961e-05,0.8500663976448154,9.013979807111466e-05,0.8696916505067473,7.276066080322288e-05,6.966753747241682e-05,0.8952114838461314
2014-09-17,8.038458733415224e-05,0.8465755183250491,8.938045067691259e-05,0.8687200792552183,7.175850275482461e-05,6.966579876435095e-05,0.8926898194616626
2014-09-18,8.052555846541116e-05,0.8501691770694695,9.022995933194676e-05,0.8586706619872899,7.246822250065962e-05,6.84309334352674e-05,0.8999406384966274
2014-09-19,7.686942885417954e-05,0.8468815278505988,8.66160948375499e-05,0.8598786899011812,6.910329991923099e-05,6.825213367368384e-05,0.8989698629128516
2014-09-22,7.562338268336147e-05,0.8458370716742906,8.723202026100924e-05,0.8528762767046285,6.869936627315569e-05,6.636846033478735e-05,0.908440800126636
2014-09-23,7.716105522203933e-05,0.8402058236692622,8.790952367347333e-05,0.8528526882052447,6.9199463909823e-05,6.555463982554883e-05,0.8968185273088091
2014-09-24,7.845740621167833e-05,0.8393640321955306,8.847703098865542e-05,0.8502938040323524,6.99330707881678e-05,6.449972120380265e-05,0.8913507871964076
2014-09-25,8.684570042440597e-05,0.8361704537442467,9.807201039145041e-05,0.8031957935638175,7.71687592793864e-05,5.564205625949374e-05,0.8885731694519203
2014-09-26,7.784867175631449e-05,0.8375177713661436,9.71107774139134e-05,0.7839927545595087,7.282044861639914e-05,5.4609379109701184e-05,0.9354102899063592
2014-09-29,7.945972408695768e-05,0.8391469305100963,9.298614882973858e-05,0.7877027881336353,7.213078642191084e-05,5.526371556886113e-05,0.9077653773750041
2014-09-30,7.034453028421699e-05,0.8422129390652501,8.714304229661294e-05,0.7830760107374914,6.594068209042996e-05,5.4823366149546684e-05,0.9373960110900748
2014-10-01,6.051441443903661e-05,0.8415839225071341,8.320313795326953e-05,0.7746174436176182,5.9716823818802423e-05,5.038682603870699e-05,0.9868198242083679
2014-10-02,5.727685640094654e-05,0.8438099366534125,8.118337967472043e-05,0.7777183988581838,5.75397255196071e-05,5.0557458058395634e-05,1.0045894473820356
2014-10-03,5.732458945014978e-05,0.8571450041523748,7.465045338365439e-05,0.7285258360163085,5.60713483344744e-05,4.688413993198388e-05,0.9781378091374695
2014-10-06,5.950629355094935e-05,0.8612274889723948,7.475930126848411e-05,0.7329665141210804,5.7442317131000215e-05,4.7136354989056614e-05,0.9653149894442349
2014-10-07,5.823383972398379e-05,0.8237603573239392,6.715899689739895e-05,0.6804519150455263,5.1515830065086345e-05,4.407635489205576e-05,0.8846373570635321
2014-10-08,6.403572465426801e-05,0.8055133173043839,7.447407976516197e-05,0.618886622037626,5.562710543318e-05,3.655620327630653e-05,0.8686886223824818
2014-10-09,6.579132724406009e-05,0.7905856328204274,8.422357248194329e-05,0.6503071081512317,5.885048834354128e-05,3.6307548263983824e-05,0.8945022210181136
2014-10-10,6.388921163395802e-05,0.7961791190961847,8.336940564882964e-05,0.6681310812699287,5.810692598481522e-05,3.588768688102997e-05,0.9094951166047973
2014-10-13,7.100010076144222e-05,0.8056554278441216,7.881441432891775e-05,0.7356400158142866,6.0267287633595196e-05,3.569279553129543e-05,0.8488338324489301
2014-10-14,5.126108009219706e-05,0.7705781186570022,7.23672709279924e-05,0.7849457751082495,4.6933359964389296e-05,4.386814593114959e-05,0.9155749328725805
2014-10-15,4.732231652345586e-05,0.7450821857296417,7.00414113535927e-05,0.8242703041108572,4.289578523533367e-05,5.4094042447714154e-05,0.9064599619520288
2014-10-16,5.30327919984953e-05,0.7257680085601227,6.895932822852918e-05,0.82525153533093,4.389010075614595e-05,5.4208740440747744e-05,0.8276030565652897
2014-10-17,4.626798859027275e-05,0.7075135651007393,6.825043977450165e-05,0.7987053309527778,3.9758300140473464e-05,5.091959443627347e-05,0.8593047018437308
2014-10-20,4.9165393824874467e-05,0.700375324341348,6.554999864816645e-05,0.8196980538436823,3.9760051777073106e-05,5.118492165059459e-05,0.8086999550679309
2014-10-21,6.127847379397686e-05,0.7236381313670962,6.700746845383668e-05,0.8515909428956483,4.6369991776315244e-05,4.703773724037782e-05,0.7567093125102116
2014-10-22,6.0122674099070425e-05,0.7392824091835994,6.814294637368172e-05,0.8332379155425674,4.7319480788093615e-05,4.461623005220203e-05,0.7870488380160927
2014-10-23,6.055871725038731e-05,0.753352897203035,6.830861303010033e-05,0.8455963797449849,4.845343046098684e-05,4.338635369185149e-05,0.8001066181876062
2014-10-24,5.99990058104541e-05,0.7515378997808603,6.52751538310062e-05,0.8396359285251872,4.703237022640254e-05,4.319576687335226e-05,0.7838858259582648
2014-10-27,5.8561423507449295e-05,0.7543538925686587,6.386882269295512e-05,0.8656644896113266,4.613445596247535e-05,4.683766050524615e-05,0.7877960131315256
2014-10-28,5.4522480778452264e-05,0.7686515243578346,6.455365760454928e-05,0.8881213641282321,4.560135253449855e-05,4.586941941617216e-05,0.8363770665497777
2014-10-29,5.3729820257279105e-05,0.7779764183079154,6.531954975691138e-05,0.8799215034864953,4.608883369182561e-05,5.243469854097738e-05,0.8577887190229652
2014-10-30,5.3551839514494966e-05,0.7897715176393708,6.577286846371837e-05,0.8794857291637682,4.687184569814867e-05,5.352538563075325e-05,0.8752611697953305
2014-10-31,5.56093263598845e-05,0.7981797698678716,6.55339589045242e-05,0.915598126465203,4.818454202680216e-05,5.622170314358463e-05,0.8664831095951122
2014-11-03,5.4562010343014535e-05,0.7994021215840217,6.417148290015829e-05,0.9109742866148736,4.7302219161708206e-05,6.215306021095889e-05,0.8669442138281515
2014-11-04,6.02491600622342e-05,0.8105179096537112,6.662127531540554e-05,0.9433810762426194,5.135048917136635e-05,6.557139288204578e-05,0.852302158541696
2014-11-05,6.0354415020847636e-05,0.8138720889660215,6.794428391506188e-05,0.9499594283353542,5.2117927855248745e-05,6.662503831624279e-05,0.8635313230564187
2014-11-06,5.86925643313682e-05,0.8156790144716749,6.886261357610497e-05,0.9489005180283848,5.185642609471144e-05,6.636540662767116e-05,0.8835263322614243
2014-11-07,5.828791566618652e-05,0.8171923151734638,6.958538588119633e-05,0.949933332895676,5.2044226303179855e-05,6.71515743689331e-05,0.8928819242951811
2014-11-10,5.7340540123530906e-05,0.8210729958000256,7.110793296423332e-05,0.9259074905206586,5.2429013458903706e-05,6.681478982442639e-05,0.9143446041134926
2014-11-11,6.57571982494724e-05,0.8289673698081863,7.058520710934206e-05,0.9189954262534512,5.6476260533112e-05,7.00510065761723e-05,0.8588605055654898
2014-11-12,6.673646336542344e-05,0.834262515956705,7.195841217132247e-05,0.915363495865296,5.781294735236066e-05,6.98753270941825e-05,0.8662872504315818
2014-11-13,7.11343776232816e-05,0.8369306525284614,7.366960659990518e-05,0.8909306166300637,6.058615862144654e-05,6.852919221794323e-05,0.8517141872288944
2014-11-14,6.859476809423724e-05,0.8408220370769605,7.466114749981714e-05,0.9176214936434394,6.0172341541095027e-05,7.5100999408131e-05,0.8772147382790002
2014-11-17,6.853595565786147e-05,0.8420635217883058,7.556526456005417e-05,0.9215541592442738,6.059896325091315e-05,7.608170933015476e-05,0.8841922851915773
2014-11-18,7.650833651469074e-05,0.8443799497266625,7.83349168887121e-05,0.9268126006005892,6.536872065617655e-05,7.59368135919373e-05,0.8543999730490126
2014-11-19,7.466095393809579e-05,0.8425481126531044,8.024901582146211e-05,0.93389744541549,6.521707772191194e-05,8.013514579370941e-05,0.8735098372301253
2014-11-20,7.31046489834875e-05,0.8425271704117026,8.008468466715602e-05,0.9604153508677844,6.446606299378143e-05,8.570278176859016e-05,0.8818326042211446
2014-11-21,7.04730363634149e-05,0.8306787282341731,8.224231535032669e-05,0.96143266008257,6.324005593368008e-05,8.711499855678407e-05,0.8973652789353954
2014-11-24,6.987047932397521e-05,0.8241139274498114,8.207184554917748e-05,0.9741272767605104,6.240669951697307e-05,9.117063971810908e-05,0.8931769199350399
2014-11-25,8.166110492431963e-05,0.8308367766395863,8.736300514518434e-05,0.9955877276132834,7.01757593049921e-05,9.701299599224336e-05,0.8593535364238373
2014-11-26,7.228929035700332e-05,0.8363970780024866,9.102076168011674e-05,0.9824062356603206,6.784529268501216e-05,0.00010041341312232827,0.9385248125961078
2014-11-28,6.63644735069259e-05,0.844150450162499,8.431641615911465e-05,0.9857516887379264,6.314569570441354e-05,0.00010095630298674823,0.9514984805510972
2014-12-01,6.796408095783602e-05,0.848941112818578,8.776659364919735e-05,1.003825677456895,6.556648653599799e-05,0.00010411615415637201,0.9647226242443349
2014-12-02,6.956629167082881e-05,0.8491816589867117,9.305920459397233e-05,0.9967528953490956,6.832500941886649e-05,0.00010259658745212521,0.9821568431757758
2014-12-03,9.973973303376368e-05,0.8536659156452845,0.00010296853111575345,1.0039500520239515,8.651159141310063e-05,0.00010335448339088788,0.8673734005666018
2014-12-04,7.195368455764464e-05,0.8585410322565412,0.00010557382817617368,0.9916758348624356,7.482827092813101e-05,0.00010471091524887181,1.03995050966686
2014-12-05,6.914099334132158e-05,0.8597650111705955,0.00010504120847168097,0.9903983162231816,7.327020882538053e-05,0.00010451846407751627,1.0597216684995348
2014-12-08,6.652863915801598e-05,0.8604103454937446,0.00010283779464801401,0.9953242214985792,7.116825560244323e-05,0.00010604462528596904,1.0697386344158857
2014-12-09,5.578278936298998e-05,0.8547048804356343,0.00010644653999524979,0.9828643398350048,6.586156891525147e-05,0.0001050196130054987,1.1806790170831511
2014-12-10,7.622608908783083e-05,0.8499707374216724,0.000105807519300663,1.0117687839803362,7.633330376527445e-05,0.00010171041651387424,1.0014065351997803
2014-12-11,6.0199482263474304e-05,0.8279361812591332,0.00010053945644262211,1.009448214735593,6.441121723404685e-05,0.00010104835130733481,1.069962976627259
2014-12-12,5.635062229218622e-05,0.8122928374120941,0.00011283352653123901,0.9808633473035518,6.477106871524468e-05,9.171735443888113e-05,1.1494295196847555
2014-12-15,5.5088696774690915e-05,0.8124340322493351,0.00011784289967890725,0.9952153898768492,6.545925628783518e-05,9.213704834111163e-05,1.1882520393531755
2014-12-16,5.154869882225274e-05,0.8274767654730513,0.00012436294292801923,1.0058729744853323,6.625370310156464e-05,9.115113424179758e-05,1.285264315400411
2014-12-17,8.951914955443635e-05,0.8525380238404706,0.00013441484093124255,0.9941893764010457,9.351802857287293e-05,8.270209283644019e-05,1.0446706546961204
2014-12-18,9.913276275332198e-05,0.8648046254110381,0.00014280030350082704,0.9573662615369808,0.00010289426610666584,6.754671124099325e-05,1.037944098891946
2014-12-19,7.377698274922788e-05,0.8767051014947818,0.00012864826999882736,0.9549101055961554,8.541142228507208e-05,6.736767859675932e-05,1.1576974159459774
2014-12-22,6.996587850894997e-05,0.8876846927796129,0.00011127407438868342,0.9590063364910068,7.832472377983392e-05,6.760059141412221e-05,1.119470311086206
2014-12-23,6.063494070426503e-05,0.8938833556785397,0.00010280265617887913,0.9457969696294865,7.057396167338599e-05,6.739802714914076e-05,1.1639157365980874
2014-12-24,5.292955813268682e-05,0.8797591732444757,9.75242515207658e-05,0.9497896941807444,6.320759281563014e-05,6.81204943090407e-05,1.1941832700960353
2014-12-26,5.0003308753932844e-05,0.8692490362928144,9.52778291184007e-05,0.955238951833974,5.999837884917166e-05,6.87618025916246e-05,1.1998881742891203
2014-12-29,4.966432774890378e-05,0.8693617304418638,9.50549041256823e-05,0.9558786606877911,5.973241354980807e-05,6.87966833983911e-05,1.202722683609193
2014-12-30,4.653062419950052e-05,0.8661503913088135,9.443227722367875e-05,0.927073750695751,5.741468369582625e-05,7.037290148866499e-05,1.2339117448685024
2014-12-31,4.3755181092948726e-05,0.8630736961332339,9.920941169438001e-05,0.9224550095947256,5.686421665386953e-05,6.820956718717296e-05,1.2995996184560041
2015-01-02,6.483180836307134e-05,0.8515560099421263,0.00010006949513463226,0.941888779087558,6.858957952822549e-05,7.545239195248315e-05,1.0579618440397323
2015-01-05,8.284505496642122e-05,0.8399149846963354,0.00010407309031577167,0.9574738698456464,7.798980778199066e-05,6.95045598650519e-05,0.9413936391689463
2015-01-06,7.372029621424698e-05,0.8328444126153814,0.00010155463764840864,1.000589867543742,7.206216284808224e-05,7.367500541456139e-05,0.9775077766732536
2015-01-07,7.097584833724285e-05,0.8253424985110753,0.00010231127989400773,1.001082266580644,7.033172401567898e-05,7.158375590915804e-05,0.9909247393774949
2015-01-08,6.58935484829367e-05,0.8252603417604788,0.00010526106427884651,1.0077669464453975,6.87299933115762e-05,6.908439969954163e-05,1.0430458655504646
2015-01-09,5.142752848602693e-05,0.8249417802908141,0.00010477859748576114,1.0029625128121102,6.055603296833193e-05,6.740198990883076e-05,1.177502297913952
2015-01-12,5.214866604959718e-05,0.8267185218143576,0.0001036226590162669,0.9974979034904706,6.0772434710331114e-05,6.831276918232134e-05,1.1653689214702463
2015-01-13,5.1084978694142575e-05,0.8299113357600767,0.00010066332295035528,1.0085549798385007,5.9513286813989704e-05,6.94333049191277e-05,1.1649860357250872
2015-01-14,5.779000718727771e-05,0.8322316850148709,9.929719333773854e-05,1.0149712300257523,6.304332453538629e-05,6.902306182808393e-05,1.0909035593486667
2015-01-15,5.577655409897309e-05,0.8356257398938475,9.626290663495199e-05,1.0438006523490573,6.123040535556802e-05,6.868157569935066e-05,1.0977803549304481
2015-01-16,7.006830803083834e-05,0.8332615408208334,9.800990245528169e-05,1.0515179470677147,6.905213821906377e-05,6.677064933537169e-05,0.985497440421605
2015-01-20,6.698197984101967e-05,0.8309173477143962,9.752163341653559e-05,0.9938855538286582,6.71563833692621e-05,6.838390410591363e-05,1.0026037380300847
2015-01-21,5.396910834789416e-05,0.8361266347057862,9.855277512293e-05,1.0158874337272212,6.0978832974953314e-05,6.954819784096347e-05,1.1298840177583307
2015-01-22,5.806897077464812e-05,0.8307278872479207,0.00010539409994163959,0.988710427871948,6.498887270814762e-05,6.296470057548112e-05,1.119166946498053
2015-01-23,5.910063936486745e-05,0.8290839462745351,0.00010297116244204524,1.0011210706618157,6.467737767590606e-05,6.628701862694125e-05,1.0943600335118153
2015-01-26,6.288399592442454e-05,0.8301404761158164,9.918245327497861e-05,1.004768992699979,6.556002015129459e-05,6.827955117344384e-05,1.042554932897174
2015-01-27,6.964065036165525e-05,0.8294773006351331,9.995139508543777e-05,1.0091928713026364,6.920386414986785e-05,6.472851318798044e-05,0.9937279992429838
2015-01-28,7.988841611727443e-05,0.832311508351202,0.00010444809647668916,0.978263876887848,7.602878844452833e-05,5.8953577232047544e-05,0.9516872675622927
2015-01-29,8.021798542057233e-05,0.8326152673941878,0.00010183352715135554,0.9608297237745044,7.525331551488748e-05,5.7115508045749036e-05,0.9381102644294078
2015-01-30,7.830236811365751e-05,0.832875524724375,0.00010327417592963206,0.9448237877221652,7.489682667800835e-05,5.2555651642603776e-05,0.9565078104572017
2015-02-02,6.708254753246161e-05,0.8318686151520339,0.00010428215779624173,0.9002631915856495,6.95768107092907e-05,4.7483993030924464e-05,1.0371819984269695
2015-02-03,8.067150173734702e-05,0.8308620905530754,9.945645087070856e-05,0.9076936645046596,7.442271227097236e-05,4.425323763203014e-05,0.9225403106202277
2015-02-04,7.910110058857453e-05,0.8220983621291502,9.449962890859216e-05,0.8956059712245726,7.107716507823655e-05,4.3767405985066166e-05,0.8985610130499629
2015-02-05,8.520627788871464e-05,0.8173902926074734,9.42103131784133e-05,0.8532468647248145,7.323429355336285e-05,4.0410704655695665e-05,0.8594941049885075
2015-02-06,8.507292515013707e-05,0.8153343434793597,8.830828568550883e-05,0.8601120378641808,7.066952072122647e-05,4.05896563604525e-05,0.8306934385588434
2015-02-09,6.296753465448077e-05,0.8061513053600304,8.360807211231229e-05,0.8510664299250067,5.8492342070301435e-05,3.998043603926846e-05,0.9289285723391287
2015-02-10,6.653518645016198e-05,0.799387484497555,7.977237212634778e-05,0.8635092935801815,5.8238380139854626e-05,3.857635278939894e-05,0.8753019754964984
2015-02-11,6.58212274519105e-05,0.7934786958243369,7.58482559863173e-05,0.8547193619402941,5.606490091236023e-05,4.089292713370678e-05,0.8517753782899549
2015-02-12,6.625281595902424e-05,0.7866437870859145,7.235341323891898e-05,0.896855857996425,5.446403331290629e-05,4.2729989823315404e-05,0.8220636741929728
2015-02-13,6.59493776327874e-05,0.7883375081983978,7.057014736894125e-05,0.9234160930237154,5.378089845365608e-05,4.36799512880875e-05,0.815487581294753
2015-02-17,5.2818371217651516e-05,0.7931014041827117,6.848517414073638e-05,0.925567464113307,4.770012347840229e-05,4.423272831721499e-05,0.903097206118716
2015-02-18,4.925751255554142e-05,0.7967031331183717,6.710758084636202e-05,0.9277364253757976,4.5805597764072154e-05,4.446101694739347e-05,0.9299210493510613
2015-02-19,5.2538640297651296e-05,0.8031855628410937,5.794777829345319e-05,0.9215399514059892,4.431734178543642e-05,4.4247773178189846e-05,0.8435190087593035
2015-02-20,5.811623348480445e-05,0.8048835531204226,6.0430746270991207e-05,0.9148449534853436,4.7699163386283356e-05,4.3570870002935516e-05,0.820754555588245
2015-02-23,5.7842904366347e-05,0.8083413276977623,6.263671331641759e-05,0.9266471245685002,4.86557654941724e-05,4.4346430584584825e-05,0.8411708579847923
2015-02-24,5.363774172174018e-05,0.8183977247692472,5.921715115873087e-05,0.9070736045617284,4.612362269870831e-05,4.357847330566117e-05,0.859909854855312
2015-02-25,4.6420168910813084e-05,0.8206624155169556,5.023302641828284e-05,0.9003540131214193,3.9628950814976944e-05,4.522835852464296e-05,0.8537011334688573
2015-02-26,6.082008377129165e-05,0.8186867299747052,5.347267628249726e-05,0.9290185762303892,4.668820944067728e-05,4.919610387516383e-05,0.7676446092419736
2015-02-27,6.477291200020017e-05,0.8165216788530888,5.8034950151181875e-05,0.9460488002769252,5.006212021605222e-05,5.002145142367459e-05,0.77288666929005
2015-03-02,7.10002492943561e-05,0.8224455791443057,6.255151948249626e-05,0.966818255575145,5.4809525117248604e-05,5.306376576042916e-05,0.7719624319911434
2015-03-03,6.22129036386534e-05,0.8242083538053793,6.806666467656e-05,0.9629820662610816,5.363453045450385e-05,5.285535616586395e-05,0.8621126376937062
2015-03-04,6.357489191775788e-05,0.8258927552041504,7.014414171644424e-05,0.969701074496744,5.5152115364885135e-05,5.326545772613328e-05,0.867514103464483
2015-03-05,6.337223751236057e-05,0.8290540317882111,7.18099096625158e-05,1.0050587054050333,5.5927389249984325e-05,5.909450127312333e-05,0.8825219282982686
2015-03-06,6.737776824421294e-05,0.8291941955205082,7.283925682062328e-05,1.0784575705240622,5.808945704438451e-05,5.895556899509188e-05,0.8621457575418253
2015-03-09,6.459093954914395e-05,0.8318504842905076,7.159834119801654e-05,1.0837639869076747,5.656952798964084e-05,5.912978824097512e-05,0.8758121244946433
2015-03-10,6.248974140729342e-05,0.8298128551364563,7.91426334408927e-05,1.0667523407343935,5.835657176870979e-05,5.143197097523058e-05,0.9338584294717336
2015-03-11,5.4252554100076106e-05,0.8346883736239089,7.589963350610642e-05,1.072680915643231,5.356169326027194e-05,5.3784925633874906e-05,0.9872658375026956
2015-03-12,5.508043688697334e-05,0.8323552239465293,8.13106203771088e-05,1.0576049254542836,5.570331416369034e-05,4.960607802986607e-05,1.0113085028355016
2015-03-13,5.707193087433516e-05,0.8343810021993939,7.986086319143456e-05,1.043470204301311,5.633038119885365e-05,4.7976094626935535e-05,0.9870067533352901
2015-03-16,5.2149496476829495e-05,0.8349105128016593,7.782215218804029e-05,1.037435833583776,5.3188361012947956e-05,4.3937729304683616e-05,1.0199208929386314
2015-03-17,4.691748238540657e-05,0.8337387802226938,7.660579544004375e-05,1.0300164246898422,4.998367288047625e-05,4.337506139871012e-05,1.0653528352157149
2015-03-18,5.051902620859181e-05,0.8338885062962761,7.741148534755968e-05,1.0417684459178456,5.214806203814377e-05,4.0868670708420574e-05,1.0322459863502853
2015-03-19,5.142834644805491e-05,0.8321327989139102,7.931597485591636e-05,1.0372849115556828,5.3146449201020546e-05,4.029961524522029e-05,1.033407699675917
2015-03-20,5.066833282542825e-05,0.8334160060479658,8.01357973797014e-05,1.006999430247078,5.310597976282009e-05,4.150526816721734e-05,1.0481098706324217
2015-03-23,5.007282454924587e-05,0.832868362750422,8.049899539840156e-05,1.0030582816525082,5.287771024162251e-05,4.320907130269784e-05,1.0560161268637458
2015-03-24,4.2218867344400384e-05,0.8315866678515027,7.766380343361401e-05,0.9931263864729204,4.761788859817343e-05,4.2025395080510074e-05,1.1278817171889177
2015-03-25,4.692159710753298e-05,0.8361597891507742,7.673650845671067e-05,1.1065222337695964,5.017376472172668e-05,4.211490426723946e-05,1.0693106759929871
2015-03-26,4.732340893496746e-05,0.8328169507575536,7.47385676719065e-05,1.1066487743108702,4.9529044753452246e-05,4.1942445472848834e-05,1.0466077120842203
2015-03-27,4.354358066573599e-05,0.8357386347529646,6.866443225242696e-05,1.1028618516036128,4.56981338664561e-05,4.1797001765228764e-05,1.0494803864950755
2015-03-30,4.5502666776921666e-05,0.8348975163504996,7.444476640454496e-05,1.0873236794543886,4.8592436961738906e-05,3.7978725915305596e-05,1.0679030571980526
2015-03-31,3.983451498744685e-05,0.8259170881318426,7.6743980741946e-05,1.0968227912763302,4.566551709928567e-05,3.817931393994464e-05,1.1463806478797685
2015-04-01,4.176214734580363e-05,0.8262524345698312,7.482542510767964e-05,1.0956987457751848,4.618795768460799e-05,3.786269703480312e-05,1.105976598908032
2015-04-02,4.894523588776545e-05,0.8256501375274946,6.939278260630652e-05,1.1054427053725009,4.8118094630157154e-05,3.8995845327364146e-05,0.9831006788994748
2015-04-06,4.8199312485919956e-05,0.8258727106183633,6.845722836511759e-05,1.1280675628165937,4.7439837594388844e-05,3.86819144307741e-05,0.9842430347579548
2015-04-07,4.533264144371158e-05,0.8329375366448419,6.662789444373317e-05,1.0980329042837251,4.577685913479175e-05,4.08578387930034e-05,1.0097990692122307
2015-04-08,4.177649686660928e-05,0.8238717447303251,6.350476388564183e-05,1.1018573480658511,4.243544603589725e-05,4.0981444729168395e-05,1.015773203085744
2015-04-09,4.664355209638432e-05,0.8193791151195892,6.598958286577688e-05,1.0985268103113957,4.545884423842274e-05,4.199293388914323e-05,0.9746008225206885
2015-04-10,4.853778747139849e-05,0.8152296770274002,6.901026858441757e-05,1.1221314010075312,4.7182052305213366e-05,4.261503687050492e-05,0.9720684597132901
2015-04-13,4.467938122611643e-05,0.8109084229725934,6.863538092611813e-05,1.1263526860876496,4.490548699223543e-05,4.299977343593966e-05,1.0050606288608768
2015-04-14,4.646938254229903e-05,0.8070776854298327,7.165897993915213e-05,1.1338658000463515,4.657298795922642e-05,4.326156701089088e-05,1.0022295415015054
2015-04-15,4.691423215315267e-05,0.8092740152673187,7.2696619564315e-05,1.1908413106115483,4.72612289422043e-05,4.773203805083914e-05,1.0073964077237554
2015-04-16,4.176974619173272e-05,0.8100793964255201,7.348617651890887e-05,1.1936269563454844,4.488087656003508e-05,5.0260263754985195e-05,1.0744828650387666
2015-04-17,4.332386275975345e-05,0.8091509283286035,7.602357670676383e-05,1.2172786107742743,4.643733323833885e-05,4.8061101859982627e-05,1.0718650249598178
2015-04-20,4.305137811564542e-05,0.8090533931678181,7.74562700518591e-05,1.2213449808860086,4.6719587808773604e-05,4.609011369728764e-05,1.0852053953598086
2015-04-21,4.4326391543702614e-05,0.8049105965570966,7.59061655275458e-05,1.2155856851729103,4.66892997752138e-05,4.735633958179563e-05,1.0533070288200999
2015-04-22,3.760113128202133e-05,0.8191778247666601,7.572391093018448e-05,1.2156655002391084,4.37114447596853e-05,4.6954730043672194e-05,1.162503447883909
2015-04-23,3.981692672329287e-05,0.8300070179608402,7.504468729158196e-05,1.2150463785126124,4.5370713449548444e-05,4.6740775746847106e-05,1.1394830586712914
2015-04-24,4.472325784062566e-05,0.8376294705989735,7.371730840371049e-05,1.1994935135176716,4.809538434912408e-05,5.772448550282664e-05,1.07539984051509
2015-04-27,4.8016264703360416e-05,0.8425344095540332,7.307311281405912e-05,1.1894687343564396,4.9906904904663754e-05,5.709216755363515e-05,1.03937499538924
2015-04-28,4.837591330570472e-05,0.8445929419784405,7.414355171373172e-05,1.1825472959084429,5.05823182393441e-05,5.83241381600213e-05,1.0456095768093578
2015-04-29,4.7158652268819175e-05,0.8497442741747064,7.350463236830135e-05,1.1901426899655565,5.002951517953479e-05,5.8327952333355505e-05,1.060876695422736
2015-04-30,4.7296624411946914e-05,0.8541320558258741,7.555780195712573e-05,1.2086661077440364,5.105987556533638e-05,5.6778528585812007e-05,1.0795670135063358
2015-05-01,5.0018555724514286e-05,0.8569139156275996,8.033764112067121e-05,1.208182801444725,5.432031842443313e-05,5.458361099951723e-05,1.0860033369138353
2015-05-04,4.992916004912971e-05,0.8718590241845756,8.557729637593871e-05,1.112498161017583,5.6990527658918005e-05,5.678859331152139e-05,1.1414277268602155
2015-05-05,5.102770643270727e-05,0.8682697604272588,8.552584256819548e-05,1.1344698375555766,5.735963522430455e-05,5.4970863420941966e-05,1.1240880540054745
2015-05-06,5.61480236098465e-05,0.8707312465321098,8.16781514472585e-05,1.117286061984987,5.89663595956623e-05,5.788873226132419e-05,1.0501947496032888
2015-05-07,5.2055366505413186e-05,0.872618825055866,8.004838725573852e-05,1.1068776594301148,5.6329205452523005e-05,5.9975413057376545e-05,1.0821017934176946
2015-05-08,4.9463315458690945e-05,0.8697569493932478,8.402086668515563e-05,1.0556029423118245,5.607032811879414e-05,5.354131918291454e-05,1.1335739951686217
2015-05-11,4.237087867236375e-05,0.8746310905758456,8.515047723678822e-05,1.0354048318830114,5.25354176910863e-05,5.198585594845087e-05,1.239894459053367
2015-05-12,4.7490306282055044e-05,0.8773268020238045,8.398036467924242e-05,1.031926119677978,5.5405484945349254e-05,5.303919964426846e-05,1.1666693538736996
2015-05-13,4.663897325113825e-05,0.884046559421237,7.311267507140692e-05,1.0316215611469486,5.162332409398884e-05,5.30317874865068e-05,1.10687093851769
2015-05-14,4.9144732522979803e-05,0.8833786229071815,7.332320443972863e-05,1.0320383175996646,5.302810305610754e-05,5.060444179197419e-05,1.0790190592921
2015-05-15,5.102390807027307e-05,0.8866640452041525,6.906630362499549e-05,1.0379806394542008,5.263553776509833e-05,5.123402983884201e-05,1.0315857752919597
2015-05-18,5.1224895533544154e-05,0.8842975047502797,6.83434644524739e-05,1.035540240078692,5.232237334046474e-05,5.093383296692155e-05,1.021424695853248
2015-05-19,5.107054978153525e-05,0.8841227102798432,6.805269034263206e-05,1.0438185395950936,5.2121926848495384e-05,5.203403074882245e-05,1.0205867583462018
2015-05-20,4.960583034370502e-05,0.8809273919049746,6.888758582455475e-05,1.0233511169869316,5.1496410570848305e-05,5.334628250117002e-05,1.0381120568700086
2015-05-21,4.7917991249736124e-05,0.8823832048691166,7.011338911469494e-05,1.0295659354498308,5.114545132881851e-05,5.401824898442726e-05,1.0673538267132632
2015-05-22,4.8649795894238564e-05,0.8789548670430576,7.093128747033188e-05,1.053393178495889,5.163283933959666e-05,5.9082239039888796e-05,1.0613166692794156
2015-05-26,5.2044924254716454e-05,0.8723323218853559,7.228327884363663e-05,1.0463864328027064,5.350447129873451e-05,5.7186698555305036e-05,1.0280439844022982
2015-05-27,5.41376103742017e-05,0.8684745666919433,7.377101359877427e-05,1.054607805845334,5.488447585100235e-05,5.545617805904667e-05,1.013795686060731
2015-05-28,5.2639353679274204e-05,0.8704835367141969,7.274968397868675e-05,1.0545688483218596,5.3868066983346577e-05,5.54751147433522e-05,1.0233421046838604
2015-05-29,4.7121939363217764e-05,0.8696530949702248,7.490391410658362e-05,1.03901636176605,5.16665997673828e-05,5.403281434447965e-05,1.0964446808764516
2015-06-01,4.566975475334599e-05,0.8678967190266753,7.51280694933018e-05,1.035378410952392,5.083741987630142e-05,5.380117974358497e-05,1.1131528984743853
2015-06-02,4.848176142599366e-05,0.8664207466075493,7.491026797067673e-05,1.038141728417145,5.221421022353294e-05,5.421400520753918e-05,1.0769866582351135
2015-06-03,4.583723039523311e-05,0.8683181571959355,7.209220042331205e-05,1.0162560496676134,4.9915130114039354e-05,5.434162731975085e-05,1.0889647931091038
2015-06-04,5.208668778062701e-05,0.8715061905696803,7.35188999865639e-05,0.9975794979409468,5.3930363462665395e-05,5.1884563468047415e-05,1.0353962933831264
2015-06-05,5.356843740955158e-05,0.8711397796192047,7.463220791090465e-05,0.9241780708611488,5.5081464640910914e-05,5.134204554651412e-05,1.028244752031717
2015-06-08,5.4875341169450945e-05,0.8705931376407121,7.708270333242501e-05,0.9019816383486778,5.6621624436078134e-05,5.101932042243455e-05,1.03182273183933
2015-06-10,5.7400521339002106e-05,0.870607707038637,7.862822669251161e-05,0.907356078876318,5.848838995160938e-05,4.8399199294852074e-05,1.0189522427188844
2015-06-11,5.7399555912391706e-05,0.8713994463203186,7.855507163336819e-05,0.9081153775739518,5.851384815033612e-05,4.850283687533578e-05,1.0194129069507984
2015-06-12,5.544172754801711e-05,0.8628615944670451,7.721557017692057e-05,0.8876071240056507,5.645624091687577e-05,4.688844642002793e-05,1.0182987329891553
2015-06-15,5.424960916028536e-05,0.8599615089374569,7.622827982603179e-05,0.8880330857942034,5.5301304971417706e-05,4.6704200903532694e-05,1.0193862375676295
2015-06-16,5.423174022350414e-05,0.8578575055249802,7.497136775324725e-05,0.8931899142731946,5.470029174308313e-05,4.7623554237062035e-05,1.0086398024044214
2015-06-17,5.412494915971205e-05,0.8522897247539435,7.372337962569008e-05,0.8663757012078105,5.38379631989177e-05,5.450163917226987e-05,0.9946977139886541
2015-06-18,5.572982074389677e-05,0.8497648389058997,7.933340368579041e-05,0.8637254057203445,5.6502885098926465e-05,6.987150104505192e-05,1.01387164617992
2015-06-19,6.241618085312648e-05,0.8473912155071033,7.930964616004268e-05,0.8524578589751669,5.962049252017845e-05,9.852738694402191e-05,0.9552089170670879
2015-06-22,6.257165974145031e-05,0.8528311763940798,7.589825289135067e-05,0.8605707358787714,5.877163803187572e-05,0.00010009937903102256,0.939269283805536
2015-06-23,5.295413252336654e-05,0.8548201775551096,7.270496117260132e-05,0.8903722989909488,5.3040391047062916e-05,0.00013577052044063951,1.0016289290294447
2015-06-24,5.124155217210486e-05,0.8511831062447143,7.233741403887852e-05,0.905232242579986,5.182217342574239e-05,0.00015127673226200688,1.011331062956239
2015-06-25,5.1531038942745836e-05,0.85049222136145,7.226001250680529e-05,0.9039638734808182,5.18983811656106e-05,0.00015102490309307,1.0071285623267348
2015-06-26,9.885673436567757e-05,0.8660970594488254,8.659472187354203e-05,0.9088808071808884,8.013373857537062e-05,0.00015279987938440377,0.8106047513055676
2015-06-29,0.00010219846828200267,0.8624301098426302,0.00010987501458983882,0.8978211627412073,9.138934754953527e-05,0.00015998148831627016,0.8942340241084523
2015-06-30,8.697755639475864e-05,0.8675809732865136,0.00011619797387449263,0.8914870135566971,8.721936044837582e-05,0.00016683673867777963,1.0027800741207276
2015-07-01,9.667073925185136e-05,0.8659511163668974,0.00012153936352673607,0.8879023939469425,9.38640686181715e-05,0.00016452711793729855,0.9709666993818286
2015-07-02,9.521395937942913e-05,0.8685500606946133,0.00012479820913637222,0.8975983325040601,9.467805864196562e-05,0.00017018830414644974,0.9943716158748537
2015-07-06,0.000172264093177785,0.8847015197618225,0.00012661770974568243,0.9041513559943068,0.00013065961715888976,0.00018543480566559126,0.758484340808288
2015-07-07,0.00016730584927433944,0.8972780504311753,0.00012946663214520186,0.90704740530072,0.00013205703186577338,0.00018794494394293228,0.78931509232073
2015-07-08,0.00018325021701855255,0.8883848368234815,0.00012516186648156086,0.9112811265345796,0.00013454247160078243,0.0001846250741919115,0.734200885487416
2015-07-09,0.00017483634785152047,0.8948190224896629,0.00013283208162131275,0.9096361273988212,0.00013636488803003163,0.00018475448136366895,0.7799573126855711
2015-07-10,0.0001852458943863911,0.8897168434718927,0.0001424326537234175,0.9102673708625544,0.00014452097773900787,0.00018120185680659359,0.7801575209951047
2015-07-13,0.00021177015433928543,0.897335753227292,0.0001540417119091162,0.90628556706503,0.00016207144968836222,0.0001811799904493275,0.7653177105811666
2015-07-14,0.0001959846645507268,0.9032300300589405,0.00014638077820606932,0.9041065527696291,0.00015298591175294453,0.0001820987166908342,0.7806014419732679
2015-07-15,0.00017788056160659394,0.9108558502724393,0.000151958264935035,0.9037675800860554,0.00014975318266364655,0.0001820410040446949,0.8418749148928664
2015-07-16,0.00018174519139179188,0.9030190616261957,0.00015949909147226464,0.8963193801879145,0.00015374729697568905,0.00018697614833710805,0.8459497376425923
2015-07-17,0.00017984339911716185,0.8974827185738357,0.00016639765343220045,0.9043276283308584,0.00015525548230421315,0.00018949481618717117,0.8632815163989949
2015-07-20,0.0001933298802508964,0.9064716354740016,0.0001713586463357926,0.9038045813775448,0.00016498965766294723,0.00019182958231775833,0.8534100235764369
2015-07-21,0.00019419877324157122,0.9096863330150111,0.00017638263569612767,0.9034002414375536,0.00016836151498663367,0.0001916699504530257,0.8669545753371077
2015-07-22,0.00018582236281108658,0.9151193821172822,0.00017847954772403694,0.9031429752371052,0.0001666560066223503,0.0001916676584022267,0.8968565682903221
2015-07-23,0.00018795658724473803,0.9166076154426575,0.0001833609102415307,0.90290737082998,0.0001701631884923272,0.00019140091070780148,0.9053324014164926
2015-07-24,0.00019329917782205091,0.919510067950365,0.00018545162222669367,0.8692106919260832,0.00017409520530382356,0.00019364163238638212,0.9006515561286748
