Date,Predicted_Index_Var,Predicted_Corr,Predicted_Var,Future_Beta_45d_IWR,Predicted_Covariance,Future_Cov_45_IWR,Beta_Predicted
2013-02-28,5.497886498863307e-05,0.9680246764083583,8.113238509664324e-05,1.1190264633550608,6.465192119039733e-05,6.128765177462537e-05,1.1759413586250675
2013-03-01,5.488021190183326e-05,0.9678223092792398,7.96726287456175e-05,1.121344888159405,6.399677542365241e-05,6.13562137383799e-05,1.1661174985644436
2013-03-04,5.501029900576039e-05,0.9674199833356045,7.867539337754639e-05,1.1256502949799971,6.364386097332233e-05,6.154184822869888e-05,1.1569444653747087
2013-03-05,5.845535101370509e-05,0.9674663680174949,8.060473882250989e-05,1.12204375699034,6.640920794773689e-05,6.0135681580305134e-05,1.136067217048564
2013-03-06,5.9250468430820016e-05,0.9676170239664036,7.77639712103275e-05,1.1223411513350416,6.568082664920239e-05,6.056628120360349e-05,1.108528394604852
2013-03-07,5.369174155549812e-05,0.9681300590105139,7.16743517678511e-05,1.1248692093616923,6.005778860815371e-05,6.0801353950427225e-05,1.118566596430391
2013-03-08,4.524810700565277e-05,0.9693670055575677,5.9484986729138455e-05,1.1216127414821209,5.029121470478846e-05,6.038178871611294e-05,1.1114545565078702
2013-03-11,4.8373919939468494e-05,0.9702860459107949,6.21026006033217e-05,1.1253236906284465,5.318146783718609e-05,6.251887731079481e-05,1.0993830540037566
2013-03-12,5.1431479865635213e-05,0.970796728092435,6.424935511545122e-05,1.1266292210373736,5.580552532903669e-05,6.266549837608824e-05,1.085046074404794
2013-03-13,5.5261000285198275e-05,0.9716080571670767,6.741794065035448e-05,1.1283793187061368,5.930457797637741e-05,6.370141035639483e-05,1.0731723579072132
2013-03-14,6.195858588029715e-05,0.9717716138380498,7.057793968869305e-05,1.127892428413165,6.426129089492321e-05,6.503519249685876e-05,1.0371652287073634
2013-03-15,6.386120353979619e-05,0.9715589084615492,7.212017823941582e-05,1.1393876327691432,6.593501108004553e-05,6.440666810207644e-05,1.0324736682884001
2013-03-18,6.402550064969363e-05,0.9718251800501584,7.395727999101014e-05,1.1437859706315776,6.687366174694607e-05,6.333057825972926e-05,1.044484792283558
2013-03-19,6.71640875084588e-05,0.972247299714657,7.552556245170597e-05,1.15853705451128,6.924561697121284e-05,6.590311559309237e-05,1.03099170315523
2013-03-20,6.839791392936718e-05,0.9724512266819767,7.741010091952334e-05,1.1528707100254996,7.076004061165562e-05,6.52856403117248e-05,1.03453506907722
2013-03-21,6.814178529168062e-05,0.97246022516727,8.061289004317274e-05,1.1624038902838028,7.20743686334833e-05,6.331082467003808e-05,1.0577117744269433
2013-03-22,6.79733209422515e-05,0.9723909585979865,8.041453292556503e-05,1.1737491331645895,7.189148064457097e-05,6.333521640997913e-05,1.0576426110716033
2013-03-25,7.243408887933498e-05,0.9726624160037788,8.253249156498043e-05,1.1714618954841307,7.52048957967894e-05,6.40555712870625e-05,1.038252802793864
2013-03-26,7.339742545776695e-05,0.9728234103640399,8.606498539193373e-05,1.178182097761861,7.731925771412708e-05,6.340185938595209e-05,1.0534328313547832
2013-03-27,7.311742529462491e-05,0.9728248652956009,8.74713351714037e-05,1.147879169769654,7.779971130981994e-05,6.813037936814775e-05,1.0640378951573837
2013-03-28,6.422356192814954e-05,0.9731246958154134,8.83302416947262e-05,1.1335004034045644,7.329433313479034e-05,6.768887724772233e-05,1.1412374358306188
2013-04-01,6.678777769649997e-05,0.9733081338742737,9.075347306661456e-05,1.1290168045377336,7.577579061249143e-05,6.765957562925562e-05,1.1345757146889242
2013-04-02,6.451960799026473e-05,0.9732331295637447,8.858694260460466e-05,1.1246226525715195,7.357793598676339e-05,7.265926864538755e-05,1.1403965132253355
2013-04-03,6.836168011312682e-05,0.9736837497736522,9.517735325219326e-05,1.1184487900577798,7.854003628517336e-05,7.086456119009382e-05,1.1488897896482813
2013-04-04,6.901245142532413e-05,0.9737855952929573,9.438828430263515e-05,1.1136072969691364,7.859340762906841e-05,7.368899309080038e-05,1.138829385217702
2013-04-05,6.697476452894188e-05,0.9733482207415611,9.174485844669603e-05,1.1178378851476272,7.629827240557574e-05,7.315542757869695e-05,1.1392092669859986
2013-04-08,7.273438811092278e-05,0.9730983196993256,9.226499589092112e-05,1.1144904516587038,7.971592700599725e-05,7.550747065531367e-05,1.095986768795351
2013-04-09,7.022991067372413e-05,0.9728246499625428,8.728069034982316e-05,1.1132389614014464,7.616487099066953e-05,7.735657717675636e-05,1.0845075874369
2013-04-10,6.636144982931065e-05,0.9719037196573765,8.722669695401534e-05,1.1214563270891145,7.394450238944288e-05,7.984817431823758e-05,1.1142689404712633
2013-04-11,6.716170407401359e-05,0.971656524987604,8.61302008040948e-05,1.1134659993511695,7.39011768994127e-05,8.033863251742878e-05,1.1003469598980407
2013-04-12,6.98842565011876e-05,0.9726289357646739,8.694010036306233e-05,1.1105625595036015,7.581356670861183e-05,8.114223134927278e-05,1.0848447204603726
2013-04-15,9.593981606210937e-05,0.9747550325813589,0.00011854006478562099,1.082818847829028,0.00010395072124716568,6.535492263446764e-05,1.0834992760447886
2013-04-16,8.836558039441448e-05,0.9746609105739822,0.00011954871792208742,1.0784526302525494,0.00010017689750120116,6.615729872187194e-05,1.1336642282443863
2013-04-17,8.959564094882932e-05,0.974631638764371,0.00012193395130729925,1.085054305469133,0.00010186999140936527,7.711279046936682e-05,1.1369971834628227
2013-04-18,9.719405369416862e-05,0.9742818274698616,0.00012006305599391275,1.086953948540933,0.00010524685973713245,7.624619580523016e-05,1.0828528674017737
2013-04-19,7.72897485213767e-05,0.9738649568279107,0.0001132645523094885,1.0770635963906303,9.111852735370925e-05,7.816037313605528e-05,1.1789212553655521
2013-04-22,7.797978274745508e-05,0.9734165438688237,0.0001072047271305122,1.0850164994858098,8.900137197149435e-05,8.04545272791127e-05,1.1413390604040758
2013-04-23,8.499754389235151e-05,0.972387821915265,0.00010746795319533474,1.0801327695441647,9.293561733042342e-05,7.988479896042584e-05,1.0933917978633052
2013-04-24,7.773768893068322e-05,0.9719493699056119,0.00010302800724954431,1.0877282041818217,8.698354537102374e-05,8.118332011636541e-05,1.118936600348189
2013-04-25,6.90805921567358e-05,0.9709867379817438,9.297467735650144e-05,1.0853473618267708,7.781685310005222e-05,8.116063130128966e-05,1.126464766305055
2013-04-26,7.034557142953508e-05,0.9708718137962847,9.039740081286331e-05,1.0899114157156031,7.742090533882812e-05,8.213834485711599e-05,1.1005796635880678
2013-04-29,6.776168711759701e-05,0.9718637487331945,9.14073793390306e-05,1.0929110924643397,7.648708627039305e-05,8.14107500163777e-05,1.1287659667867116
2013-04-30,5.8041023931509805e-05,0.972175831920651,8.171488334851055e-05,1.0911377586506212,6.695190454457676e-05,8.11660560516239e-05,1.1535272813860429
2013-05-01,6.311211636341748e-05,0.972902273336621,8.870520544247522e-05,1.0810714186416066,7.279476412068274e-05,8.092004774909326e-05,1.1534197918749836
2013-05-02,6.214021471172626e-05,0.9725580681102906,8.921164021382455e-05,1.0815803921306324,7.241235600355533e-05,7.975295382180093e-05,1.1653058545015076
2013-05-03,7.476459886581012e-05,0.9729715052470979,9.475973637061576e-05,1.079266375018829,8.189550159724384e-05,7.844037635866174e-05,1.0953780644798548
2013-05-06,7.535412832838797e-05,0.9735228358873889,9.549396694292131e-05,1.0781683844720955,8.258242580682607e-05,7.825670382208715e-05,1.0959243725431698
2013-05-07,7.392273390092128e-05,0.9739924271147774,9.459480587161726e-05,1.075159665457849,8.144758946845325e-05,8.16475547527944e-05,1.101793523730028
2013-05-08,6.958015556766957e-05,0.9741275984548786,9.131713509355413e-05,1.0753548035603375,7.764878853940657e-05,8.128474400273026e-05,1.115961697784506
2013-05-09,7.111722928104653e-05,0.9741843807325924,9.030258424393153e-05,1.0741459323171894,7.806900886654742e-05,8.115448201879988e-05,1.0977509902421578
2013-05-10,7.562958883543677e-05,0.9736538274984269,9.053886676091847e-05,1.0740785910657715,8.056899979857636e-05,8.145199754228332e-05,1.06531056216486
2013-05-13,7.357910230951406e-05,0.9729380413953499,8.868586089614659e-05,1.074682559000628,7.85940411680532e-05,8.159063396762946e-05,1.0681571084877275
2013-05-14,7.590263764609063e-05,0.97218736776524,9.165570729961971e-05,1.0752847732469364,8.108829415939596e-05,7.990914291480934e-05,1.0683198459780063
2013-05-15,7.650099964197039e-05,0.9715955432906028,9.257160704943342e-05,1.0752918371006583,8.176321701928457e-05,7.936680488616737e-05,1.0687862564141868
2013-05-16,7.639729836462006e-05,0.9707744881124679,9.412425331520372e-05,1.073787719957724,8.232052415474447e-05,7.866003117814041e-05,1.0775318750390195
2013-05-17,7.425705624970095e-05,0.970069431179907,9.415075024580595e-05,1.0726650494659888,8.111171352127827e-05,7.666860175597532e-05,1.0923098439093446
2013-05-20,7.217439206379002e-05,0.9700033260161107,9.168352124924163e-05,1.077359708209023,7.89060735525144e-05,7.737864419439385e-05,1.0932696666537172
2013-05-21,7.13709588975209e-05,0.9696426980507623,8.923584309726551e-05,1.0791818332690204,7.73823942327917e-05,7.759291321038021e-05,1.0842280309544727
2013-05-22,7.35750525384875e-05,0.9698482563052654,9.515362149789213e-05,1.0652482709247026,8.114873249514413e-05,7.514167210115775e-05,1.102938152204442
2013-05-23,7.454058968752127e-05,0.9690224779622079,9.329895463781288e-05,1.065592726094494,8.08106597133978e-05,7.519612600938285e-05,1.084116184915642
2013-05-24,7.630250921850573e-05,0.9699063014922676,9.007257495364006e-05,1.0641838031708415,8.040730017889361e-05,7.50613760054379e-05,1.0537962775068521
2013-05-28,7.438631671877e-05,0.9685718628837406,8.970937665532586e-05,1.0650353403520916,7.912200709948388e-05,7.43639376384461e-05,1.063663461098873
2013-05-29,7.273626036607267e-05,0.9670965477049652,8.997382989727884e-05,1.0806909662706885,7.823542047029767e-05,7.719829593315704e-05,1.0756041082748604
2013-05-30,7.309916508279677e-05,0.9648875860280615,8.961749268280449e-05,1.078527278572209,7.809609556624472e-05,7.684948445040737e-05,1.0683582429127352
2013-05-31,7.696255068093324e-05,0.9625197522973954,9.376899952599293e-05,1.094287652003633,8.176717963801756e-05,7.227497356244352e-05,1.0624281408889769
2013-06-03,7.835861755638394e-05,0.9628613308051277,9.119559760945473e-05,1.1102947768275937,8.139431357439602e-05,7.385823225427932e-05,1.0387410614515717
2013-06-04,7.696792659140356e-05,0.9632170274559918,8.891087284653949e-05,1.1117822849237646,7.968131301265883e-05,7.357844801282244e-05,1.0352534690931678
2013-06-05,8.390672708275947e-05,0.9630339425947128,9.322199857177995e-05,1.12326084212242,8.51724597271281e-05,6.875449520225691e-05,1.0150849960232653
2013-06-06,8.864935953499249e-05,0.9626633701294072,8.815958635610951e-05,1.117967045282667,8.510342134684693e-05,6.719663335642953e-05,0.9600004082742879
2013-06-07,8.584609796353898e-05,0.9625892337947736,9.03682844387899e-05,1.1239263294334052,8.47831012791125e-05,6.402227690358996e-05,0.9876174140742197
2013-06-10,7.344670994631798e-05,0.9646384485553476,8.81805917524741e-05,1.1203849662424568,7.76313691413919e-05,6.395058480057368e-05,1.0569754478877607
2013-06-11,7.540176794643908e-05,0.9659292862900227,8.929404906600209e-05,1.11774912943047,7.925877514716934e-05,6.154851322352228e-05,1.0511527422469729
2013-06-12,7.564969572692771e-05,0.9664464599542614,9.05384440716331e-05,1.1201765511607238,7.998303980977037e-05,6.518277901274289e-05,1.0572817119910793
2013-06-13,7.668406692361186e-05,0.9672344215666377,9.26054319666158e-05,1.1195370893572083,8.150843289470086e-05,6.002339276388778e-05,1.0629122341137012
2013-06-14,7.978958283363962e-05,0.9676761528444441,9.08232442272924e-05,1.126416994915699,8.237617858221482e-05,6.042251569131248e-05,1.0324177123969709
2013-06-17,6.406673037804978e-05,0.9677872565045524,8.858578380900599e-05,1.1408217671702223,7.290850541146607e-05,6.029947954444469e-05,1.1380088383040945
2013-06-18,5.269216623890948e-05,0.9663574933935307,6.595663634435278e-05,1.1446016716366123,5.696919660881456e-05,5.9890144949796975e-05,1.0811701373314728
2013-06-19,5.313666894497608e-05,0.9667530093235114,6.966081640153772e-05,1.152497662529224,5.881755610700344e-05,5.7294919002078454e-05,1.1069108635302303
2013-06-20,6.610900161714408e-05,0.9675407624830191,8.768476594152529e-05,1.163070021409714,7.366507640818876e-05,4.047426395360563e-05,1.1142972152991213
2013-06-21,6.524441916700448e-05,0.9675185763313338,8.820106463009104e-05,1.159015251155839,7.339524262425781e-05,4.067037086146745e-05,1.1249275196456248
2013-06-24,5.5679700730278476e-05,0.9631371719680303,8.824199880613686e-05,1.1821174170088946,6.75109562089085e-05,4.4371307529508036e-05,1.2124877706498918
2013-06-25,5.683904438603972e-05,0.9606882896789841,8.769431494893811e-05,1.1713816342827723,6.782528083250406e-05,4.210822278914175e-05,1.1932867901833106
2013-06-26,5.616484134519195e-05,0.9588405105852275,8.254657905194626e-05,1.188725434303557,6.528722094237563e-05,4.048039065271332e-05,1.1624215323803209
2013-06-27,5.600093181678947e-05,0.959428343084619,8.324109052959022e-05,1.1837457622339451,6.55056938902411e-05,3.987954959145505e-05,1.1697250700139605
2013-06-28,5.651835513949762e-05,0.9594048867440146,8.09233850346218e-05,1.185416334712703,6.48834155685602e-05,3.982227604025389e-05,1.1480060841901023
2013-07-01,4.0959150997653995e-05,0.9583081731196365,7.839629117556364e-05,1.1683140966908314,5.4303575258058275e-05,4.0071262949800764e-05,1.3257983609369395
2013-07-02,4.708768430286185e-05,0.9578863152060642,7.508824815027886e-05,1.1635241565311831,5.695785443731733e-05,3.9854377930162204e-05,1.2096125617682074
2013-07-03,4.5307854285029834e-05,0.9590358541872153,7.257936210175389e-05,1.1632430676203966,5.4995627897527786e-05,3.984427500230706e-05,1.2138210640378724
2013-07-05,5.048108536897671e-05,0.9591615772264676,7.120525230733595e-05,1.1841073032342375,5.750586360486112e-05,3.995672515046596e-05,1.1391566402453284
2013-07-08,5.858594159480322e-05,0.960368135008901,7.198229340352782e-05,1.1908789705827827,6.236591358599291e-05,4.072097665456354e-05,1.0645201201566927
2013-07-09,6.185296409698371e-05,0.9605787406354889,7.144200287528119e-05,1.193990402586267,6.385428403068648e-05,3.9821545768504903e-05,1.0323560877464943
2013-07-10,6.043816195282401e-05,0.9600045582722991,7.194958553841482e-05,1.1989239275293289,6.330573675218224e-05,4.0263307080580545e-05,1.047446426342293
2013-07-11,6.428746384905295e-05,0.9596784710921993,7.794151168223558e-05,1.219150817359072,6.793182952943588e-05,3.625418657998382e-05,1.0566885900016199
2013-07-12,6.999194674271863e-05,0.9598515811157378,7.910554588310866e-05,1.2171681005876205,7.1421930874013e-05,3.7020154223953664e-05,1.0204306952134194
2013-07-15,7.060701256657018e-05,0.9596566895492661,8.024740379061826e-05,1.2219548741002528,7.22362693478677e-05,3.729344204169996e-05,1.023074999523049
2013-07-16,3.5042919617133015e-05,0.9598854236847365,7.569095967241371e-05,1.1967467347813918,4.943579740753768e-05,3.928832420290461e-05,1.410721422405905
2013-07-17,3.792838595062833e-05,0.9596291389523004,7.22194419245855e-05,1.1968708759576567,5.022415881126936e-05,3.9349455044025774e-05,1.3241839206299613
2013-07-18,3.7451029819475974e-05,0.9598408601355363,6.81046164770136e-05,1.154552572212438,4.847517568516643e-05,4.127338651493317e-05,1.2943616215316323
2013-07-19,4.0860668714576163e-05,0.9601337396602367,6.561645535668234e-05,1.1550840671021518,4.97153898312212e-05,4.183197059824345e-05,1.2167052423566016
2013-07-22,3.950888193740232e-05,0.9598239218779184,6.366814858210777e-05,1.154546151628974,4.81393309610608e-05,4.187026806905897e-05,1.2184432613743035
2013-07-23,3.3171208880188284e-05,0.9592717622415323,5.990690943233654e-05,1.149771110783175,4.276227160232859e-05,4.179772171545128e-05,1.2891381727082194
2013-07-24,3.471216593235655e-05,0.9598558680557123,6.128009668061934e-05,1.1405346533480138,4.426970232742215e-05,4.146679997760832e-05,1.2753367915355767
2013-07-25,3.488954269695917e-05,0.9601478130738043,6.20491552968607e-05,1.1360727059213307,4.467387991077602e-05,4.172904287801502e-05,1.2804375310619827
2013-07-26,3.343176772700175e-05,0.9584046895941832,5.684549782397162e-05,1.1302329828357207,4.178078905164686e-05,4.2192663169172645e-05,1.2497331697450709
2013-07-29,3.360094972876798e-05,0.9576833837476446,5.6309520695820905e-05,1.1370588018962469,4.165706270796363e-05,4.382223032566446e-05,1.2397584902875018
2013-07-30,3.816574763863081e-05,0.9585152418442944,5.559327847973632e-05,1.1370531696102086,4.415166170890824e-05,4.384935989214922e-05,1.1568399531159341
2013-07-31,3.750748633018741e-05,0.9588865614151949,5.479214402611411e-05,1.128299828683022,4.3469571518363505e-05,4.568204757227412e-05,1.158957204854797
2013-08-01,4.226173154810077e-05,0.9595218707228136,5.865843185513656e-05,1.0923672721997435,4.777423549523736e-05,4.232615611511003e-05,1.130437247722859
2013-08-02,4.130983358011611e-05,0.9595413802521503,5.720484550146738e-05,1.1001659013175595,4.664518712213146e-05,4.4260949267513146e-05,1.1291545639289007
2013-08-05,3.7225611971094185e-05,0.960197506783071,5.367033884420746e-05,1.1155905734078768,4.291890820299675e-05,4.800730288075934e-05,1.152940299176906
2013-08-06,4.1983018398946586e-05,0.9615050557060301,5.622521867232953e-05,1.1081962217331771,4.671474455437521e-05,4.708463290161756e-05,1.1127057161651663
2013-08-07,4.81253999850549e-05,0.9623146795015223,5.7733845567961526e-05,1.070466061071952,5.072470498679854e-05,5.662102056542532e-05,1.0540110835972447
2013-08-08,4.5117615842124565e-05,0.9626690805310097,6.489423309567585e-05,1.069222020224035,5.208985474789285e-05,5.722847342927916e-05,1.1545347371670862
2013-08-09,4.7210405389653165e-05,0.9633740944525484,7.193153584039937e-05,1.070148506056578,5.614014050198753e-05,5.741569045789796e-05,1.1891476050381775
2013-08-12,4.729046229109182e-05,0.9634411479772825,7.411105176398293e-05,1.072800216356869,5.703657767046281e-05,5.8859783064739096e-05,1.2060905076245552
2013-08-13,5.1414947954433665e-05,0.9663336741355423,7.302740298552469e-05,1.0716046969440285,5.921268331873833e-05,6.316181594315397e-05,1.1516628076958355
2013-08-14,5.361675369996386e-05,0.9679386452538769,6.945491734436653e-05,1.0748925954596291,5.906763556333904e-05,6.35332908520978e-05,1.1016637802034415
2013-08-15,5.120699157562921e-05,0.9693573448540176,7.327511248394808e-05,1.0664625032361124,5.937816648329997e-05,5.850093913818276e-05,1.1595714697592123
2013-08-16,4.9139520575593413e-05,0.9703718423036103,6.630977090932762e-05,1.0655584478646858,5.539140832164152e-05,5.800878745825844e-05,1.1272272841252198
2013-08-19,5.1240075352845624e-05,0.9710634094489292,6.734146719614023e-05,1.0601436011641,5.704187030443573e-05,5.678952707050285e-05,1.1132276818806024
2013-08-20,5.687877447837599e-05,0.9726725737417842,6.889958261499393e-05,1.0548169953516833,6.089057582178749e-05,5.7076920845487075e-05,1.070532485627599
2013-08-21,5.746511661394483e-05,0.9730912125555603,6.834678628331198e-05,1.0534353869533124,6.098383702567611e-05,5.576918734940214e-05,1.0612322852378482
2013-08-22,5.43081375808944e-05,0.9739984777443902,6.673086489235234e-05,1.049183517890598,5.863461930453494e-05,5.436371125455487e-05,1.0796654408779174
2013-08-23,4.6628310947370826e-05,0.9759051442425888,5.044571268525354e-05,1.0501099479709426,4.7330880120722886e-05,5.430889710546331e-05,1.0150674377664044
2013-08-26,5.7057237442025364e-05,0.9764994370172123,5.83771665317634e-05,1.0563522697840386,5.635713063122236e-05,5.439247482562909e-05,0.9877297457397167
2013-08-27,6.26349019454684e-05,0.9778573887393258,6.950463577863658e-05,1.047568893167633,6.451944286437193e-05,4.7429562480428326e-05,1.030087712447355
2013-08-28,6.352118414260544e-05,0.978167414498535,6.968777463612986e-05,1.047910267038714,6.508048518831336e-05,4.7832372406090705e-05,1.024547732646282
2013-08-29,6.345432123592429e-05,0.9795493705520704,7.231844633179855e-05,1.0479155937775568,6.635619503720245e-05,4.784871730476825e-05,1.0457316971446113
2013-08-30,6.533098257867051e-05,0.9791547483110422,7.228363564808404e-05,1.0405845284127748,6.728696246738156e-05,4.704693625684564e-05,1.0299395449372843
2013-09-03,6.741624909395761e-05,0.9792545384303932,7.438079013514654e-05,1.0436286325121902,6.934390258316201e-05,4.753668658188358e-05,1.028593306734076
2013-09-04,5.29054408502055e-05,0.9774108052193192,7.677860552034837e-05,1.0326757174733527,6.229417156886224e-05,4.627719139714971e-05,1.1774624796198114
2013-09-05,5.526096611110341e-05,0.9763767526004044,7.873678465008362e-05,1.056394152986276,6.440439498936793e-05,5.207877474495491e-05,1.1654590848064699
2013-09-06,5.903493096893949e-05,0.9758814953243731,8.479532703539638e-05,1.054161192711691,6.90458487544267e-05,5.545267712295238e-05,1.1695761750065286
2013-09-09,5.950680039687122e-05,0.9756615199077118,9.159552206121389e-05,1.0433145448601857,7.203102546628795e-05,5.332025787323754e-05,1.21046712284795
2013-09-10,6.058865375686932e-05,0.9750072196539377,9.726463187649587e-05,1.039521714686661,7.484813038625405e-05,5.245601383225974e-05,1.2353489596683445
2013-09-11,5.2548421709793746e-05,0.9735141228638667,8.932432462955054e-05,1.0423669730339429,6.66971021509024e-05,5.362843316219414e-05,1.2692503405572633
2013-09-12,5.463125330927889e-05,0.9729369209702129,8.519300814168255e-05,1.0383078196965745,6.637541400063748e-05,5.339284411209581e-05,1.214971467428588
2013-09-13,5.629719144726608e-05,0.9734903386534893,7.60573394017045e-05,1.0386266143756402,6.370090097190818e-05,5.3602415087207566e-05,1.1315111701722669
2013-09-16,5.4138744378514925e-05,0.9727280651223463,7.549131978329396e-05,1.044899613413805,6.218620366554727e-05,5.398264436299556e-05,1.1486451039715282
2013-09-17,5.7555509167455784e-05,0.9725208497288296,7.494808516758364e-05,1.0480356177251344,6.387378348591296e-05,5.4127635332143413e-05,1.1097770554001074
2013-09-18,6.204530316157312e-05,0.9706480741964174,7.475205898951904e-05,1.046399770175079,6.610401410591865e-05,5.171472668308079e-05,1.0654152810532036
2013-09-19,6.178297806302708e-05,0.970460104394064,7.327498683797153e-05,1.0528166304667228,6.529651157194302e-05,5.314041804017218e-05,1.0568689567753056
2013-09-20,6.675064824066973e-05,0.969100552847584,7.260387019243543e-05,1.0730417419084308,6.746468096723665e-05,5.0431802185873634e-05,1.010697015615376
2013-09-23,6.644616634370019e-05,0.9692970272342298,7.174481451998524e-05,1.0739688056408467,6.692480337631519e-05,4.9740416964968014e-05,1.0072033807058063
2013-09-24,6.687102886618699e-05,0.969476856298512,7.028166924129673e-05,1.0745650161089877,6.646262381765358e-05,4.9455952675415084e-05,0.9938926459565823
2013-09-25,5.221698153901886e-05,0.9689264911088117,6.859118301506759e-05,1.0816341619731993,5.798702904445929e-05,4.933456272750495e-05,1.1105013605799636
2013-09-26,5.0374063840171386e-05,0.9680806123117461,6.605442577342325e-05,1.081566080213255,5.584264460368534e-05,4.930851626851463e-05,1.108559451960534
2013-09-27,5.122431082106018e-05,0.967470809394035,6.528596521066067e-05,1.0814113417621585,5.594816499536264e-05,4.880048130443024e-05,1.0922189893545686
2013-09-30,5.1567877421329924e-05,0.9671053724781811,6.501022787984362e-05,1.0853750111905438,5.5995647121943435e-05,4.866532864241806e-05,1.0858629426306785
2013-10-01,5.3629225784131454e-05,0.9675585230014105,6.717805909468691e-05,1.076025104329859,5.807533619558024e-05,4.7278223541256087e-05,1.082904616772677
2013-10-02,4.9785428743887e-05,0.9680557272688917,6.617969321722573e-05,1.0668820449725032,5.5566604506940696e-05,4.7540938068469036e-05,1.11612184345733
2013-10-03,5.1677659876475144e-05,0.9681940234442786,6.674749874751447e-05,1.0675337119724997,5.686320247126232e-05,4.7028861982399444e-05,1.1003439901725842
2013-10-04,4.988490741732951e-05,0.966711742415496,6.041999766858024e-05,1.0657958312581437,5.30727915229919e-05,4.612724408474873e-05,1.0639047814400664
2013-10-07,5.300164613196136e-05,0.9670148872413389,6.351362675867065e-05,1.0556933102341868,5.610625684203905e-05,4.3788669457649894e-05,1.0585757412580725
2013-10-08,5.7418241986777646e-05,0.9678199137665462,6.818994124387218e-05,1.056307287896712,6.0559134212687175e-05,4.354742601453519e-05,1.054701992210643
2013-10-09,4.671951297786224e-05,0.9664041391997751,6.509951028069664e-05,1.044100607248455,5.329626756010877e-05,4.360989038235299e-05,1.1407710432547293
2013-10-10,5.493659376391755e-05,0.9642257230228126,7.212797030882444e-05,1.0620869110273006,6.069619033412568e-05,3.481155909886781e-05,1.1048408023795433
2013-10-11,5.397060840252837e-05,0.9636107545635811,6.948766300575462e-05,1.0557593764829722,5.90111595147454e-05,3.4546636380927024e-05,1.0933943726300646
2013-10-14,5.390763459317086e-05,0.9631748743953882,6.697498396497113e-05,1.0473167195067097,5.787441205377533e-05,3.449105626566196e-05,1.0735847063322455
2013-10-15,5.553151341989191e-05,0.9628722656909059,6.681737360962098e-05,0.9994793744999336,5.86520414480885e-05,3.684712106003797e-05,1.056193822858766
2013-10-16,4.144281603770634e-05,0.9580201775565297,6.665214513394815e-05,0.9950472603948162,5.035079717073154e-05,3.328231928632005e-05,1.2149463280902622
2013-10-17,4.1583055321708076e-05,0.9563653884164705,6.483815754548523e-05,0.9811339774137762,4.965893267412419e-05,3.2142843837644716e-05,1.194210773834124
2013-10-18,4.3823960134694674e-05,0.9559393831558934,5.8336400917718964e-05,0.9725124212636634,4.833436083883805e-05,3.155307440772245e-05,1.1029208836965094
2013-10-21,4.4710412594374516e-05,0.956246682013353,5.743077957499813e-05,0.9732199366361174,4.8455896811638836e-05,3.158459456690754e-05,1.083772079028758
2013-10-22,4.4371990394003997e-05,0.9557986438793091,5.587612538271551e-05,0.9714195245803074,4.759200557020564e-05,3.138560732371446e-05,1.072568644038938
2013-10-23,3.6244305626284386e-05,0.9441661898659659,5.35440250576646e-05,0.9679859552917464,4.1593344585426666e-05,3.0538597515801944e-05,1.147582878653996
2013-10-24,4.040389782719303e-05,0.9377948084847694,5.237052779910092e-05,0.9664532242415258,4.313829059845315e-05,3.0417666414618442e-05,1.0676764599038213
2013-10-25,3.967999624918889e-05,0.932775529424295,5.002264223217028e-05,0.9644206576959216,4.1557199129246535e-05,3.0379412319680106e-05,1.047308544795944
2013-10-28,4.081308187982178e-05,0.9298122384098259,4.9772286237899055e-05,0.9672500926983234,4.1907210008596624e-05,3.2921457540734336e-05,1.0268082702501276
2013-10-29,4.2024721372673885e-05,0.928723563353543,4.918623436256527e-05,0.9647922902597325,4.2224126428398784e-05,3.24033826629853e-05,1.0047449465269878
2013-10-30,3.243679795796633e-05,0.9233178311994753,4.356392617520125e-05,0.9621077742007031,3.470832994708966e-05,3.188469760369848e-05,1.0700294767710095
2013-10-31,3.3498134377451295e-05,0.9203457175667872,4.487004152515452e-05,0.9706383210117514,3.568120739502076e-05,3.2479598942599474e-05,1.0651699880647372
2013-11-01,3.528785039280735e-05,0.918097509031022,4.5399196623771745e-05,0.9691605338436176,3.674730506000024e-05,3.239434601982054e-05,1.041358559701057
2013-11-04,3.477448195487655e-05,0.9160228531282936,4.508001272602825e-05,0.96329009774194,3.6268421816824484e-05,3.204648174114409e-05,1.0429608085574495
2013-11-05,3.766596277267884e-05,0.915233858551421,4.6759880693973184e-05,0.9625837936679128,3.840991197122887e-05,3.1731302726678704e-05,1.0197512327785143
2013-11-06,3.8333959556374354e-05,0.9132536241186875,4.4355388096128644e-05,0.9835575122862662,3.7657929344127006e-05,3.650303519364444e-05,0.982364717340165
2013-11-07,4.0431492315281525e-05,0.9130969483884617,4.830482325082248e-05,0.9525469827203604,4.035264675963668e-05,3.356457478511953e-05,0.998049897465322
2013-11-08,4.3778322206368926e-05,0.9124022973073951,4.9230461949316894e-05,0.9440623484464608,4.235774994777958e-05,3.037487322838263e-05,0.9675507834244347
2013-11-11,4.088414418239951e-05,0.913342803882695,4.658870182070791e-05,0.9451624451035566,3.986131039581747e-05,3.0502105094002416e-05,0.9749821402150723
2013-11-12,3.99781619662566e-05,0.9155687149204099,4.558574249240195e-05,0.9439835894730312,3.908560803013498e-05,3.084705890005335e-05,0.9776739626780496
2013-11-13,4.4902541372157916e-05,0.917361497596269,4.6354179740352875e-05,0.9388577341363484,4.185240502600674e-05,2.9668525369456138e-05,0.9320720775941997
2013-11-14,4.545126757048379e-05,0.9201812592201389,4.635522527376702e-05,0.9385753909510526,4.22372594873583e-05,2.9262627550981428e-05,0.9292867227929045
2013-11-15,4.488960878325864e-05,0.9221681452075898,4.768508401593185e-05,0.9438633099014864,4.266525075860951e-05,3.073131466948869e-05,0.950448264421527
2013-11-18,4.304897041106976e-05,0.923571225791413,4.8752064243830555e-05,0.9873775885317704,4.2310512212841355e-05,4.2419473856818254e-05,0.9828460892054572
2013-11-19,4.253689180732228e-05,0.9260774023233467,4.961992842940674e-05,0.986395466946767,4.2545950448816655e-05,4.2804394520454736e-05,1.0002129596477196
2013-11-20,3.986505410246521e-05,0.9324060615787413,4.717262499988997e-05,1.0009591765993784,4.043396111565515e-05,4.4025788426131754e-05,1.0142708200452377
2013-11-21,3.485111027762049e-05,0.9364684449860403,4.7088558315148535e-05,0.9932159774595042,3.793666541272893e-05,4.423281508261852e-05,1.0885353468090173
2013-11-22,3.677714977289896e-05,0.9387297298016257,4.502188826376387e-05,1.012804502675798,3.819807344305004e-05,4.715710955635753e-05,1.0386360465377378
2013-11-25,4.464079349966786e-05,0.9404047973896293,4.456552768294355e-05,1.0094324482769563,4.194501126897439e-05,4.771355009497047e-05,0.9396116865459946
2013-11-26,4.5604254902161166e-05,0.9416595609802348,4.473419506408703e-05,1.054578190336258,4.2532059828518894e-05,6.164612373024163e-05,0.9326335869266295
2013-11-27,5.098239319509307e-05,0.9446786713779914,4.707612825668145e-05,1.065724574355286,4.628013188131849e-05,6.34924531819922e-05,0.9077669560198842
2013-11-29,5.306536742177139e-05,0.9464631365043336,4.9237810187101154e-05,1.0659996256255526,4.8379197053264e-05,6.351494359129355e-05,0.9116906073360236
2013-12-02,5.1303727815654587e-05,0.9470064116925716,5.030889251327613e-05,1.0608711468382337,4.811159548678507e-05,6.760341547311321e-05,0.9377797196270116
2013-12-03,5.129816798105141e-05,0.9474734406696594,5.119100017624837e-05,1.0593445211398669,4.8552855849203274e-05,7.086404699300723e-05,0.9464832324448272
2013-12-04,4.926678581923591e-05,0.946864915179192,5.065418076675781e-05,1.0589392916688989,4.7301268484525593e-05,7.091645736904637e-05,0.9601046160810659
2013-12-05,6.186383108747796e-05,0.9503507966877609,5.5020805509274806e-05,1.0527147329964923,5.544543829570487e-05,7.27201516728536e-05,0.896249671594098
2013-12-06,6.149224160789946e-05,0.9525222622809874,5.7388708171607754e-05,1.0645187347834255,5.658463536641778e-05,7.068429228060144e-05,0.9201914564641398
2013-12-09,5.694825981469449e-05,0.9539457260503245,5.850993915343898e-05,1.0681279363749676,5.5065389903363464e-05,7.138997531726844e-05,0.9669371826732239
2013-12-10,5.3452041059883435e-05,0.9529981529328374,5.7952496333218574e-05,1.065527113072959,5.304082611948146e-05,7.150663989721696e-05,0.992306843064397
2013-12-11,5.2671389427449466e-05,0.9521629908494714,5.9003726186745066e-05,1.0530254567896735,5.3080915419281454e-05,6.732772044657517e-05,1.007775112756349
2013-12-12,5.926873458923956e-05,0.955068532840004,6.168813440725099e-05,1.0490653613235696,5.774949383220536e-05,6.796789917696847e-05,0.9743669108584272
2013-12-13,5.102150798536989e-05,0.9581882180803577,5.567517092542129e-05,1.0529979800462792,5.1069105514491237e-05,6.885900932244261e-05,1.0009328914608913
2013-12-16,5.265033739264804e-05,0.9598005344784697,5.865948269535756e-05,1.055226314575952,5.33397137969228e-05,6.834677207994406e-05,1.0130934850261952
2013-12-17,5.547285481711756e-05,0.9610345449974227,6.144428457898104e-05,1.0595827327622085,5.610738180341437e-05,6.884476295556957e-05,1.011438513276245
2013-12-18,5.7755345996717895e-05,0.9591478437922023,6.54322933056518e-05,1.096860745417639,5.896274865742996e-05,6.462107578804295e-05,1.0209054701322484
2013-12-19,6.478693026373803e-05,0.9610557119245542,6.482453035483302e-05,1.095448937889876,6.228191465844689e-05,6.448091784561594e-05,0.9613345532024192
2013-12-20,6.101338500649426e-05,0.9615090661872744,6.682185937260464e-05,1.0915609548775265,6.139389989653805e-05,6.481691243282664e-05,1.0062365805470928
2013-12-23,6.0371580554275465e-05,0.9638791713020138,6.7969447165992e-05,1.0978197872900928,6.174413878277749e-05,6.470711401617319e-05,1.0227351713488446
2013-12-24,6.05937066863415e-05,0.9655424891253993,6.989420539285529e-05,1.0942273022419822,6.28355955956534e-05,6.577578804050682e-05,1.0369987088084387
2013-12-26,6.0130930524985e-05,0.9673592194179023,7.109968898501561e-05,1.0981668706107086,6.325146484843798e-05,7.008571925546682e-05,1.051895659957505
2013-12-27,6.1029823506439453e-05,0.9693619743851795,7.110189712623911e-05,1.0973025271482912,6.385540015385328e-05,7.002908760547976e-05,1.0462982929504243
2013-12-30,6.103786899254316e-05,0.9712362231934778,7.216912961517874e-05,1.0960878385688615,6.446148210441407e-05,7.002182417009854e-05,1.056089984273356
2013-12-31,6.15980310886923e-05,0.9706741821964111,7.297920526509567e-05,1.0985785834338166,6.508133585342336e-05,6.973033117578664e-05,1.05654896273739
2014-01-02,6.274975633376732e-05,0.9694948654640024,7.656766372528357e-05,1.1011233299296437,6.720076749893931e-05,6.733842027518137e-05,1.0709327242881546
2014-01-03,6.287727487442676e-05,0.9702629799778026,7.569021713458057e-05,1.101742246650962,6.693545076011975e-05,6.812718878651922e-05,1.0645412176942726
2014-01-06,6.194585296328845e-05,0.9707571236353947,7.487226678101363e-05,1.09926085616699,6.611152812535075e-05,6.768166815897207e-05,1.0672470385472137
2014-01-07,5.985294868622432e-05,0.9702345043795183,7.606775865256884e-05,1.0945335500445832,6.546660215924593e-05,6.996596554532392e-05,1.0937907587886917
2014-01-08,5.957982003469859e-05,0.9695927417658622,7.580124085677012e-05,1.0903116135997597,6.515940453507577e-05,6.991657598082114e-05,1.0936488981861257
2014-01-09,5.8876921963223624e-05,0.968722313669783,7.480072247260735e-05,1.0791473435689625,6.428723519228125e-05,7.108376579053194e-05,1.091891917047516
2014-01-10,5.8643073362417135e-05,0.9679385770202177,7.380410949083308e-05,1.0782816774642523,6.367902900229011e-05,7.200519546262125e-05,1.0858746881963453
2014-01-13,6.549653155125348e-05,0.9665971191081814,7.892254145939823e-05,1.0821083500998243,6.949525908966556e-05,6.832949837641102e-05,1.0610525083344746
2014-01-14,6.384952094066409e-05,0.9652574625638436,7.325954539800807e-05,1.075383412600014,6.601674375715156e-05,6.59776294731884e-05,1.0339426636967486
2014-01-15,6.070372053025981e-05,0.9641035624911296,6.987709424221276e-05,1.0609512911290917,6.279119683990835e-05,6.626740884508972e-05,1.034387946758683
2014-01-16,6.085694586035492e-05,0.9629559729058247,7.096020841892362e-05,1.0686911603195308,6.328036115751172e-05,6.714797196893578e-05,1.0398215070259635
2014-01-17,6.130074788390541e-05,0.9621209008273783,7.196892405139202e-05,1.0579808119442495,6.39050296578013e-05,6.64806640350663e-05,1.0424836868031042
2014-01-21,6.022038567812545e-05,0.9603310276359034,7.216841148529475e-05,1.0639377141603366,6.330912340023288e-05,6.800505903412463e-05,1.0512905669288894
2014-01-22,6.0180607898710316e-05,0.9597454123110383,7.303405383942876e-05,1.062496139339618,6.362781851239391e-05,6.801884237122172e-05,1.0572810866165656
2014-01-23,6.197862719476769e-05,0.9593193611300632,7.551221336415445e-05,1.0626113465605416,6.562854650716786e-05,6.686164339480684e-05,1.0588899670354155
2014-01-24,8.312838911315208e-05,0.9604407241580424,9.122255303462734e-05,1.0532111282431167,8.363659819856463e-05,5.5796983303760436e-05,1.0061135442516609
2014-01-27,7.785643656399444e-05,0.9613437147746416,8.822441530934474e-05,1.0559352003682023,7.967468349069638e-05,5.57884333604368e-05,1.023353842109219
2014-01-28,5.7778264472590076e-05,0.9563224567646489,8.614436891770946e-05,1.0466573651201625,6.74683434890822e-05,5.4875246273098464e-05,1.1677114933261639
2014-01-29,5.541992369045716e-05,0.9525941812277255,8.10032061258091e-05,1.0528013028743275,6.382517149980837e-05,5.25012546064997e-05,1.1516647308339494
2014-01-30,5.718939038351772e-05,0.9504221385487324,8.901915868791494e-05,1.0562774878252763,6.781347820892924e-05,5.460816856090494e-05,1.185770258332277
2014-01-31,5.786696567157789e-05,0.9491275325551191,9.314729510097046e-05,1.0823553130250252,6.968271296777923e-05,5.8354693569638635e-05,1.204188126318239
2014-02-03,7.055814511505822e-05,0.9510010837487707,0.0001099230039107991,1.0452378246668967,8.375271289273285e-05,4.310151095668327e-05,1.1870027585923415
2014-02-04,5.3287933521446234e-05,0.9458789400903572,0.0001025446972480779,1.0335288064092425,6.992083388039473e-05,4.392451080568887e-05,1.3121325834910529
2014-02-05,5.1744253938995175e-05,0.9422961421763808,9.245450847704239e-05,1.0527986847490542,6.517522286586229e-05,5.668207280931316e-05,1.2595644521747633
2014-02-06,5.460185755120456e-05,0.9408486757472294,9.093344720027871e-05,1.0649904766062894,6.629569293976055e-05,5.595190187966305e-05,1.2141655231708872
2014-02-07,6.356327391387762e-05,0.9400146534729,8.793709696932194e-05,1.060238829401403,7.027871544692866e-05,5.362606687769891e-05,1.1056497112176733
2014-02-10,6.2547563500994e-05,0.940122202055531,8.38779283240352e-05,1.0606980230676633,6.809470695261911e-05,5.4593269580317004e-05,1.0886868031484065
2014-02-11,5.609995653519849e-05,0.9415514002456502,8.040689643200223e-05,1.0700844616381953,6.323710004876336e-05,5.483581662309151e-05,1.127221908079142
2014-02-12,5.280573476410588e-05,0.9436773008594517,7.457869848885931e-05,1.070692626819081,5.9220415981625995e-05,5.488721319185493e-05,1.1214769806002287
2014-02-13,5.31879934714369e-05,0.945198885750424,7.246235888986432e-05,1.0666205648608378,5.867947751468252e-05,5.437006554256501e-05,1.1032466856677845
2014-02-14,5.362200748552388e-05,0.9462945969571719,7.023960861279009e-05,1.0765974395717466,5.8074962274830104e-05,5.4662973642011964e-05,1.0830434181433504
2014-02-18,5.088126402858046e-05,0.9474153701028516,6.34992790853102e-05,1.0741831863045146,5.385223959697879e-05,5.4712867291783774e-05,1.0583903648055895
2014-02-19,5.093399391722896e-05,0.9483761682061793,6.380434479888256e-05,1.0864591874845289,5.4064180544044886e-05,5.414391844704498e-05,1.0614557466650403
2014-02-20,5.128532994270177e-05,0.9497085229823226,6.427137200756184e-05,1.088136331390945,5.452500297246455e-05,5.5340550864304986e-05,1.063169585403512
2014-02-21,5.0142924359823583e-05,0.9511042416224335,6.368739832865245e-05,1.082554234077773,5.374767740172988e-05,5.520116629069155e-05,1.0718895654357679
2014-02-24,5.289213529725008e-05,0.9528485629341525,6.40060523573494e-05,1.080662653605126,5.5440859512949215e-05,5.490389140021353e-05,1.0481872059310042
2014-02-25,4.99909412374215e-05,0.9571331687493072,6.144219363029321e-05,1.0854144069066984,5.304584596671678e-05,5.529830583780161e-05,1.0611091660544387
2014-02-26,4.8822079787728685e-05,0.9583444627213427,6.112914501672789e-05,1.085669504859485,5.235449040317686e-05,5.531086502336475e-05,1.0723527271022986
2014-02-27,4.902946505121921e-05,0.9591363065519193,6.025840067348883e-05,1.0861191202244764,5.21335991798686e-05,5.481806107618158e-05,1.0633116050808757
2014-02-28,4.913560627678946e-05,0.9599986837927964,6.0712724778342395e-05,1.0881722764561856,5.243347717943124e-05,5.486219771347774e-05,1.0671177411359147
2014-03-03,5.060228536900576e-05,0.9594051824400848,6.200478077895211e-05,1.0877671699058709,5.3740253904614724e-05,5.551946054736293e-05,1.0620123876367646
2014-03-04,5.593664385448813e-05,0.9595137628722884,6.573496515091965e-05,1.076036767247928,5.8183203557835086e-05,5.10492098716105e-05,1.0401625758812254
2014-03-05,4.9068183379191435e-05,0.954846023156788,6.56855124908708e-05,1.0780862099598905,5.420859233129053e-05,5.115683914762848e-05,1.1047605311241053
2014-03-06,4.928243059442446e-05,0.9516683535700197,6.526608314994676e-05,1.0795909493637614,5.3972863772600725e-05,5.1155671786447814e-05,1.095174550475741
2014-03-07,4.8971813978785636e-05,0.9496558589901801,6.459216340891996e-05,1.0937430642106565,5.3410822133801655e-05,5.4107476167427295e-05,1.0906441439342838
2014-03-10,4.912023117884392e-05,0.9485042646222245,6.22801383600578e-05,1.0920316731553563,5.2461931167369805e-05,5.402279522153168e-05,1.0680310313760322
2014-03-11,5.148937537691702e-05,0.9475702529563335,6.323998529675816e-05,1.0961091356897692,5.407121274238537e-05,5.417257464819443e-05,1.0501431090699502
2014-03-12,4.8906113932888686e-05,0.9466289758726911,6.253250151537467e-05,1.0893586046878456,5.234970909562928e-05,5.581458919739672e-05,1.0704123653632767
2014-03-13,5.192240840939531e-05,0.9460788567373389,6.446894931565119e-05,1.0999837468649138,5.4736881066400555e-05,5.33485874398509e-05,1.05420535647757
2014-03-14,5.053194068255615e-05,0.9456694195154064,6.415643735565713e-05,1.1088458116342517,5.384463704285325e-05,5.378215810076846e-05,1.0655564839891585
2014-03-17,5.312543808337814e-05,0.9453172686273138,6.41854312718296e-05,1.1265942112776437,5.520101781345828e-05,5.383947937300974e-05,1.039069413918481
2014-03-18,5.3640183376897774e-05,0.9457170797188775,6.449916999116731e-05,1.1159855755335886,5.5626716113592056e-05,5.382411683307217e-05,1.037034413598777
2014-03-19,4.9711758607667365e-05,0.9472917224042254,6.126754438685849e-05,1.119414338744223,5.22791530244524e-05,5.331059763854407e-05,1.051645616423416
2014-03-20,4.924048797705463e-05,0.94830390911106,5.926018252079565e-05,1.1305954876192272,5.122597194193165e-05,5.341826093638887e-05,1.0403221829524156
2014-03-21,5.1299807125194504e-05,0.9490091575934295,5.982257846718761e-05,1.16322080257746,5.2572766764173114e-05,5.3787762519105446e-05,1.0248141213449793
2014-03-24,5.150721281894852e-05,0.9498369526905788,6.196030537151235e-05,1.1545067409170544,5.365866471272417e-05,5.282937622936177e-05,1.0417699148532489
2014-03-25,5.187847468728203e-05,0.9517375568291586,6.159808290886989e-05,1.168448046655804,5.380150256755275e-05,5.35630644587049e-05,1.0370679340875484
2014-03-26,4.894688218699071e-05,0.9572227265788424,6.352079129505808e-05,1.162957905560158,5.337445673536603e-05,5.162502875566762e-05,1.090456722686866
2014-03-27,4.819111839496585e-05,0.958315125815449,6.259759547173266e-05,1.1658332718304405,5.263452054689623e-05,5.150632262594859e-05,1.0922037566240534
2014-03-28,4.77393720640184e-05,0.9584108281544409,6.033692801825725e-05,1.164390461265968,5.143771410608866e-05,5.107212677578513e-05,1.0774694320886917
2014-03-31,4.471229395078723e-05,0.9583622693307867,5.0440084334400376e-05,1.15592615056886,4.5512541205837145e-05,4.9313499455313276e-05,1.0178977007068952
2014-04-01,4.637295349124256e-05,0.9581832405502445,5.3007385295970214e-05,1.1489504921678704,4.750607390154479e-05,4.898304269135204e-05,1.0244349415983656
2014-04-02,4.141854620280984e-05,0.9610234756648941,5.432034614289681e-05,1.1508817841654366,4.558402672514523e-05,4.9308440158262793e-05,1.1005704184289502
2014-04-03,4.131197301210188e-05,0.9631018591408455,5.537040418127638e-05,1.14929514943446,4.606266241333295e-05,4.912695486171513e-05,1.114995461481334
2014-04-04,4.5815215175484866e-05,0.9649522293575767,6.07932689897702e-05,1.1454858550159372,5.092586654680757e-05,4.469699409759811e-05,1.1115492168212568
2014-04-07,4.72141155464609e-05,0.9662550786764529,6.758980903929665e-05,1.1190869234222334,5.4584373323653266e-05,4.0385858033316626e-05,1.1561028453437763
2014-04-08,4.530353492960697e-05,0.9657729149912806,5.121043633836569e-05,1.1069987869748046,4.651792185405063e-05,4.142353208412155e-05,1.0268055666369211
2014-04-09,4.691297863661334e-05,0.9652457901072371,5.3395269838544324e-05,1.111210274849094,4.830986380627601e-05,3.9277170092871154e-05,1.0297760920380457
2014-04-10,5.810324280314903e-05,0.9665553910767514,6.977488848034285e-05,1.1039826732246456,6.154269476834633e-05,2.6519950138999638e-05,1.0591955250561487
2014-04-11,5.691804938589508e-05,0.967766450397092,6.993367428465125e-05,1.0869386779662735,6.105746084669472e-05,2.3449184761707394e-05,1.0727258137877338
2014-04-14,5.793906540801691e-05,0.9682018691193539,6.881874392145165e-05,1.090254761133665,6.113712757452884e-05,2.3354033864037094e-05,1.0551969926333922
2014-04-15,5.375893588153699e-05,0.9676094772833046,6.929711411662835e-05,1.0913587224790826,5.905858258224755e-05,2.2666657800268902e-05,1.0985816890495905
2014-04-16,3.1303883437837385e-05,0.9602216824109425,6.195387438396402e-05,1.0709827193477897,4.2286803017929124e-05,2.0621485081542355e-05,1.3508484690693854
2014-04-17,3.0074876652121772e-05,0.9557905034622718,5.676098463856457e-05,1.0711353374660575,3.949022415161549e-05,2.0671948146452887e-05,1.313063544978146
2014-04-21,3.398061258211898e-05,0.9551541903182406,5.190403491831761e-05,1.0682897970272012,4.011341599482123e-05,2.1670631334056998e-05,1.1804794836432528
2014-04-22,3.465237531876505e-05,0.9549178595496568,4.928109179504286e-05,1.0569205520697806,3.946141745806722e-05,2.143571245979045e-05,1.1387795813436765
2014-04-23,3.661275306357103e-05,0.9542421685733049,4.7158551311700907e-05,1.0591090771216256,3.965108039720187e-05,2.128882684559533e-05,1.0829854921959945
2014-04-24,2.8915216768426475e-05,0.9450877309825232,4.496868808549265e-05,1.0617048084191556,3.4079283886207236e-05,2.1336783149302373e-05,1.1785934084166916
2014-04-25,3.367547480592454e-05,0.9387677950581917,4.4398341688343185e-05,1.019535571102854,3.6299314277060755e-05,1.856289573330765e-05,1.0779154410222183
2014-04-28,3.364553762091845e-05,0.9337978966021439,4.3376597837242337e-05,1.0222458364299567,3.567338906787349e-05,1.9231018756817747e-05,1.0602710371224464
2014-04-29,3.9441733334885286e-05,0.9311474772359781,4.1892722355901194e-05,1.023302925661273,3.784998911608449e-05,1.8960445792688207e-05,0.95964314739198
2014-04-30,4.001418281063408e-05,0.9306178521270121,4.164279094824277e-05,1.0140444070404018,3.798816098085511e-05,1.904001931283889e-05,0.9493674070674625
2014-05-01,2.1991126094734782e-05,0.9209669948727012,3.949109078989607e-05,1.0377480620834754,2.7140470090278083e-05,1.9956504798007445e-05,1.234155539528109
2014-05-02,2.5114593555483047e-05,0.9157684139036724,3.795309906593014e-05,1.055060900025343,2.82730303332623e-05,2.1482083402344085e-05,1.1257610150370003
2014-05-05,2.3421323104644024e-05,0.9120289374399886,3.773785269937717e-05,1.055205874583645,2.711458259795299e-05,2.1757663311017964e-05,1.1576879101495618
2014-05-06,2.3724080850696792e-05,0.9161998816019504,3.798911611591778e-05,1.0757268143470446,2.7505182035179114e-05,2.044997437406912e-05,1.1593781950195667
2014-05-07,2.503936026433856e-05,0.9149151318048169,3.443179415418138e-05,1.0921167755242107,2.686409728292039e-05,2.0189106408271625e-05,1.0728747459726695
2014-05-08,2.245244272166245e-05,0.9122618540542679,3.386735652318338e-05,1.0772368649329662,2.5156021876478206e-05,2.017997313367056e-05,1.1204135865451872
2014-05-09,2.6257615904936162e-05,0.9098851879660806,3.338914803514657e-05,1.083362283633951,2.6941198368554146e-05,2.050948779266504e-05,1.0260336835641455
2014-05-12,2.5472098693136958e-05,0.9110216096770188,3.528702331366327e-05,1.044644844883975,2.7312946576872263e-05,1.8168229193309123e-05,1.0722691877851154
2014-05-13,2.7268227179962204e-05,0.9104570624629467,3.471136238153799e-05,1.049971091685402,2.80106863593105e-05,2.1830316261656054e-05,1.0272279959547164
2014-05-14,2.54765910501542e-05,0.9102858779239489,3.419664387078787e-05,1.051893075631891,2.6868301058169684e-05,2.3211382394321064e-05,1.0546270105476714
2014-05-15,2.174205444419079e-05,0.9092996138375322,3.3601147915997165e-05,1.066491776181252,2.4577310336808083e-05,2.137260409975467e-05,1.1304042311132578
2014-05-16,2.0552751262807784e-05,0.9098511675312827,3.165362804275875e-05,1.0639809023243134,2.3206897667608263e-05,2.1439996850726848e-05,1.129138253602252
2014-05-19,2.1296152341554682e-05,0.9105851119007193,3.144344564834593e-05,1.060278769157896,2.3563303833570246e-05,2.12408859917867e-05,1.1064582679375243
2014-05-20,2.0908636850371392e-05,0.9115111429546683,3.123227690219642e-05,1.0352821335391225,2.329306642636774e-05,1.943681632061427e-05,1.114040412728006
2014-05-21,2.119414789263069e-05,0.9181844735103707,3.054644917607361e-05,1.0516423087146771,2.3362444982863885e-05,1.9296315148542885e-05,1.1023064055803407
2014-05-22,2.007249814887391e-05,0.9240645707106602,3.0068127083928434e-05,1.0482726481424405,2.2701587144323e-05,1.9190847731316484e-05,1.1309796606256797
2014-05-23,2.2049522594442057e-05,0.9333453940597984,3.0063799266442103e-05,1.03587619262453,2.403056132528674e-05,1.9356106444971583e-05,1.0898449715797491
2014-05-27,2.174082787467674e-05,0.9405208084060812,3.0319825170775397e-05,1.0298953507796178,2.4147367609946154e-05,1.8559295234076484e-05,1.110692184729198
2014-05-28,2.1661197917021908e-05,0.9429677509842531,2.952507678161135e-05,1.0093823298094118,2.3846991309632202e-05,2.766638751698553e-05,1.1009082415932612
2014-05-29,2.1856321025887475e-05,0.9362936431228742,2.9774467723365907e-05,1.0055823460791966,2.3884854963992537e-05,2.7207804020026544e-05,1.0928122320175655
2014-05-30,2.8179051435749515e-05,0.9328712671319004,2.8921718702513426e-05,0.9973360734339332,2.663158107550766e-05,2.807976624006589e-05,0.9450843700764658
2014-06-02,2.8496658002674943e-05,0.9314197774532893,2.9356736832455142e-05,0.970006353757861,2.6939920534381815e-05,2.938465653161096e-05,0.9453712267541338
2014-06-03,3.418588872187905e-05,0.9304632030602554,2.961215895031025e-05,0.9705369665090524,2.9604496286614167e-05,2.940084252719642e-05,0.8659858612266299
2014-06-04,2.793146765100254e-05,0.9308541770546421,2.885292440363008e-05,0.96536659711884,2.6425514332341076e-05,2.974676130944977e-05,0.9460839889447267
2014-06-05,4.136471088316827e-05,0.9313763576417324,2.8810676423051316e-05,0.9641646384381944,3.215266188189343e-05,3.1725447609992866e-05,0.7772969082923454
2014-06-06,3.9833023701562004e-05,0.9309678273560698,3.02802445939998e-05,0.9637327134957596,3.233225531477779e-05,3.138496700688478e-05,0.8116947273954983
2014-06-09,5.1073182956276414e-05,0.9307168392481446,3.100603094224172e-05,0.9655328501019974,3.703711260199474e-05,3.143855414603182e-05,0.7251772938001944
2014-06-10,4.95066057749403e-05,0.9312769860003928,2.9123075079772053e-05,0.9723362855031656,3.536136828601173e-05,3.271265212763663e-05,0.7142757563862572
2014-06-11,4.7157992518462575e-05,0.9310088312001475,2.6874058459730604e-05,0.9763503247836316,3.3143478275398375e-05,3.30693421955372e-05,0.7028178364976531
2014-06-12,4.667919578081926e-05,0.9345194919683368,2.8789303408143487e-05,0.9785793977466524,3.4258285562782855e-05,3.1970180781183596e-05,0.7339090785462884
2014-06-13,3.72024477228719e-05,0.9368062180105065,3.0008952883914512e-05,0.9835645819753468,3.130119679698286e-05,3.3409470945991444e-05,0.8413746598114034
2014-06-16,2.938646502467408e-05,0.9408626648221468,2.452232240872254e-05,0.9834770736817458,2.525693855435839e-05,3.391559641885272e-05,0.8594752221184695
2014-06-17,3.191330809025626e-05,0.9433722189458161,2.5516320835831302e-05,0.9784653741065396,2.6920183894277437e-05,3.373196090677532e-05,0.8435410023349063
2014-06-18,3.560112133469648e-05,0.9439774825713045,2.9154462809383142e-05,0.9822246738966598,3.0412070971144305e-05,3.2945968576943866e-05,0.8542447493502127
2014-06-19,3.687128606172102e-05,0.9452609975123774,3.23894859099879e-05,0.9809215342944062,3.2666146784731066e-05,3.29671756070976e-05,0.885950838005739
2014-06-20,3.6786047916274955e-05,0.9468271486906108,3.447648544656827e-05,0.992917013441998,3.3718928218565004e-05,3.363877185067157e-05,0.916622744995855
2014-06-23,3.78482539714106e-05,0.9476783151078354,3.6426010248626614e-05,0.992969773486044,3.518760195243981e-05,3.362688350231786e-05,0.9297021199186477
2014-06-24,3.933090292313687e-05,0.9480294824415525,3.794382544909696e-05,0.9935506915336674,3.662345889430957e-05,3.268255372423067e-05,0.9311624237531904
2014-06-25,4.004889359785303e-05,0.9477663429682167,3.840415150169752e-05,0.9920888048071916,3.7169406831527914e-05,3.23124073499693e-05,0.9281007162085626
2014-06-26,4.4267929857314866e-05,0.9478916249207581,3.928678438843453e-05,0.9934279994712372,3.9529974514422765e-05,3.243836696082216e-05,0.8929709304644794
2014-06-27,3.536085878696092e-05,0.9472783612538037,4.020186261279777e-05,0.9906990014944356,3.5715941774205305e-05,3.2331903670367315e-05,1.0100416958022334
2014-06-30,3.524942345217237e-05,0.9469757367638588,3.886161458302232e-05,0.9950818236265624,3.5048971708249374e-05,3.247675599553255e-05,0.9943133326933709
2014-07-01,3.707778978776346e-05,0.9448582121933277,4.060360729251133e-05,0.9989506872103838,3.6661131972624086e-05,3.180462433513202e-05,0.9887626037710349
2014-07-02,3.729144432547138e-05,0.9481635162634273,4.331538942320732e-05,1.003353275918779,3.8107368014750014e-05,3.2317545811346094e-05,1.021879648376111
2014-07-03,3.7850371933542936e-05,0.9481951548955543,4.442037905651815e-05,1.0024525295693976,3.887979242843128e-05,3.2012281459314844e-05,1.0271971038143506
2014-07-07,3.637233936281704e-05,0.9535788838560365,4.557711143143056e-05,0.9991460569396092,3.8825373406026845e-05,3.257708332471928e-05,1.0674422950567075
2014-07-08,3.904012916123487e-05,0.9543473159314513,4.580283415389906e-05,0.988329519119921,4.0356013181092656e-05,3.146158678261139e-05,1.0337059340767858
2014-07-09,3.921043801203444e-05,0.9564289686187918,4.4652635659092405e-05,0.988407887539222,4.00200030915786e-05,3.1102679540442466e-05,1.0206466726868926
2014-07-10,3.784415060760939e-05,0.9582539965552311,4.3194608395222466e-05,0.9973848444530492,3.8743137762364814e-05,3.183551926442701e-05,1.023754983011157
2014-07-11,4.137743263306523e-05,0.9583993535447013,4.2517678508464996e-05,1.0017515371957368,4.019879678274575e-05,3.1972688846275266e-05,0.9715150076909891
2014-07-14,3.5819786180035966e-05,0.9608937342973829,4.176736148258135e-05,1.0088499623735276,3.7166817616628694e-05,3.287884783384536e-05,1.0376057922239494
2014-07-15,3.740515266448331e-05,0.9627088818058367,4.2772066977464404e-05,1.005347531453476,3.85071000607152e-05,3.2673246850216887e-05,1.0294597753982222
2014-07-16,4.331224214055195e-05,0.9635378747058603,4.075262582679687e-05,1.0020402356833342,4.048106430994451e-05,3.286811185095992e-05,0.9346333117223528
2014-07-17,4.7474517764657056e-05,0.9614922068052587,4.491664375385366e-05,0.9860611874274596,4.439966550582469e-05,2.9979700244641682e-05,0.9352315220119735
2014-07-18,4.82618636397603e-05,0.9615285747257386,4.6210445217635436e-05,0.9998448316604356,4.540820303469172e-05,2.9709327526363205e-05,0.9408713134998459
2014-07-21,3.56854935741795e-05,0.962882810647427,4.2932403921065704e-05,1.0016253826985473,3.768876365761977e-05,3.0453464833114587e-05,1.056136818712513
2014-07-22,3.6878426197529086e-05,0.953862488031516,4.148544140522917e-05,0.9829343920272144,3.730953334788772e-05,3.0803474204058544e-05,1.0116899552071317
2014-07-23,3.8554343811198455e-05,0.9475511469058054,4.1113959747579415e-05,0.9798800631326468,3.772541037820194e-05,3.644731402433885e-05,0.9784996098739012
2014-07-24,3.79220014302475e-05,0.9442033481880824,3.925089209847012e-05,0.9793048267730594,3.642805026837461e-05,3.787985313545077e-05,0.960604633048685
2014-07-25,3.58816002468109e-05,0.9389532658329349,3.938357803704624e-05,0.9766264918600712,3.529697305410276e-05,3.7367719076780504e-05,0.9837067692442146
2014-07-28,3.90148494586092e-05,0.9463688262953341,3.938703677692486e-05,0.983684514651036,3.7098132505671586e-05,3.778209694433855e-05,0.9508721171673093
2014-07-29,3.5953585678647994e-05,0.949874656432612,3.9547969066217705e-05,0.9831212031633748,3.581784873534501e-05,4.142596157351019e-05,0.9962246618594264
2014-07-30,3.539196672747045e-05,0.9484486961514308,3.9108981459793684e-05,0.9833150272944596,3.528616374134992e-05,4.143416963156507e-05,0.997010536686609
2014-07-31,4.5379445989039353e-05,0.9425696500786016,4.4608511330864156e-05,0.9781434970891988,4.2408402353572495e-05,3.49713376211515e-05,0.9345288693875975
2014-08-01,4.584672797284814e-05,0.9402616527658336,4.300989655194445e-05,0.9810720360118688,4.1752943364403375e-05,3.486307033752954e-05,0.9107071586249463
2014-08-11,3.847004227028839e-05,0.9434245009458354,4.431820673877915e-05,1.0280708017348323,3.89546738076411e-05,6.039889802546535e-05,1.0125976346464014
2014-08-12,3.841634430365733e-05,0.9453191239953905,4.557793152556268e-05,1.0176986188431667,3.955612741879925e-05,6.061913778332641e-05,1.029669223758842
2014-08-13,3.776559449586869e-05,0.9467695844038946,4.748963902790752e-05,1.014546119417986,4.009515480015238e-05,5.907805349875833e-05,1.0616847248237684
2014-08-14,3.862814115860239e-05,0.9483121030846041,4.840769704640399e-05,1.00212863359125,4.100722765508852e-05,6.128464991158495e-05,1.0615894636689325
2014-08-15,3.923523389055349e-05,0.9498993030219504,4.839952422913999e-05,1.006764359014597,4.1393889712030756e-05,6.40349450066034e-05,1.0550182987948746
2014-08-18,5.8802594173761744e-05,0.9533923942382684,5.2615109664512724e-05,1.0216708969834871,5.3030432121842797e-05,7.25631582608239e-05,0.9018383094653579
2014-08-19,5.790352204668287e-05,0.955230578230944,5.517481160188887e-05,1.0271544924085974,5.399221397906296e-05,7.321466612237874e-05,0.9324512926093417
2014-08-20,5.609710643686182e-05,0.9565091463457609,5.645949648475712e-05,1.0315170322289415,5.3830431083182136e-05,7.671928756951342e-05,0.9595937206452732
2014-08-21,5.441563613273725e-05,0.9579763572454499,5.7285055265856024e-05,1.0290510618063495,5.3485654469294196e-05,7.780029929868182e-05,0.9829096610912619
2014-08-22,5.0059045313325706e-05,0.9591008680202059,5.83227270260889e-05,1.0295291838211182,5.1823229849368835e-05,7.782701094793242e-05,1.0352420731358516
2014-08-25,6.652021183637015e-05,0.960107597490949,6.247185131325175e-05,1.038940573629161,6.189262553810047e-05,8.108672547837654e-05,0.9304333800130875
2014-08-26,6.338834696697776e-05,0.9615470431426892,6.585543308651079e-05,1.0394680858805825,6.212566564430638e-05,8.114918815447887e-05,0.9800802295202748
2014-08-27,6.228211919321129e-05,0.9627102783305646,6.736251755880205e-05,1.0391167456573398,6.235717819331466e-05,8.213755185375012e-05,1.0012051452499637
2014-08-28,6.139493236265438e-05,0.9633605724380758,6.968635667826885e-05,1.0400216880659603,6.301283368723474e-05,8.523783696336356e-05,1.0263523594264028
2014-08-29,6.15753093611576e-05,0.9639392313507256,7.238078945796697e-05,1.0396523406420464,6.43523802378162e-05,8.503897263483135e-05,1.0451003966601329
2014-09-02,7.761239871585492e-05,0.9632375943828234,7.528630308536342e-05,1.0413231240001528,7.363036668944401e-05,8.546743142797596e-05,0.9486933519347929
2014-09-03,7.595624179294328e-05,0.9620898038782804,7.740617564466381e-05,1.0382394337323986,7.377091187664697e-05,8.61016808999637e-05,0.9712290936898441
2014-09-04,7.498131031863036e-05,0.961908100915939,7.8261690263328e-05,1.0402810376610914,7.368595333724267e-05,8.65310646456773e-05,0.9827242685426125
2014-09-05,7.387822741090312e-05,0.9593091524335244,7.829711165897025e-05,1.0398888001881488,7.296081759264903e-05,8.60914912289246e-05,0.9875821354896408
2014-09-08,7.348698808482049e-05,0.9580870667607508,7.875735461366716e-05,1.0405776673041474,7.288795435807021e-05,8.613984993675171e-05,0.9918484381744037
2014-09-09,8.133593066383054e-05,0.9583841928780108,8.138752892885978e-05,1.038644637642074,7.797579182190607e-05,8.489263277444108e-05,0.9586881367865298
2014-09-10,8.008754908927675e-05,0.9583980302033909,8.048351329370472e-05,1.0381554008617209,7.694526099339145e-05,8.465526658646769e-05,0.9607643368835964
2014-09-11,7.945435898388616e-05,0.9582598802484723,8.171232989470326e-05,1.037311738355341,7.721220709499699e-05,8.45857375537077e-05,0.9717806308229874
2014-09-12,7.986652544186676e-05,0.9588618209880132,8.380889707188145e-05,1.0329521516563955,7.844829063373505e-05,8.328401806880535e-05,0.9822424376134402
2014-09-15,7.976789477234261e-05,0.959688669021212,8.524608539367534e-05,1.0312655464609348,7.913737758015091e-05,8.310683874211851e-05,0.9920956019462317
2014-09-16,8.12776222335961e-05,0.9612233285562705,8.805650599549664e-05,1.032956048181039,8.131871773672958e-05,8.274599871354509e-05,1.0005056189145811
2014-09-17,8.038458733415224e-05,0.9627421587965049,8.80587522471495e-05,1.0339700447082605,8.099955764798927e-05,8.291778995688507e-05,1.0076503510714143
2014-09-18,8.052555846541116e-05,0.9636585256167841,8.860389065000761e-05,1.037524095754832,8.13985065813171e-05,8.268448600510816e-05,1.0108406341109812
2014-09-19,7.686942885417954e-05,0.9643258430529561,8.428068231813358e-05,1.0405246027601804,7.761839429724804e-05,8.259074810483584e-05,1.0097433460119662
2014-09-22,7.562338268336147e-05,0.9659788897474183,8.601141483068983e-05,1.0327667454050808,7.790650670777357e-05,8.036703640338534e-05,1.030190715403087
2014-09-23,7.716105522203933e-05,0.9656750541989396,8.837236009491945e-05,1.0314861086624258,7.974221933838214e-05,7.928532239339023e-05,1.033451643564428
2014-09-24,7.845740621167833e-05,0.9649403372981378,8.91785790974626e-05,1.0380478731081044,8.071378411854115e-05,7.874195730247335e-05,1.0287592722702952
2014-09-25,8.684570042440597e-05,0.9643778775139094,9.773413638468386e-05,1.045739658373719,8.884736254703232e-05,7.244448410995209e-05,1.0230484884438082
2014-09-26,7.784867175631449e-05,0.9640196661062378,9.753019262115951e-05,1.0568341617870087,8.400033888771126e-05,7.361427393488684e-05,1.079020836099208
2014-09-29,7.945972408695768e-05,0.9635950375668766,9.489377779214047e-05,1.0545295682631963,8.367330999424299e-05,7.398377027143957e-05,1.053027945361025
2014-09-30,7.034453028421699e-05,0.9635860303602173,9.292940102168945e-05,1.0517858843311552,7.790803149223601e-05,7.363581805207643e-05,1.107520814730865
2014-10-01,6.051441443903661e-05,0.9637382984045401,9.470415254283488e-05,1.056332975238118,7.295802124852985e-05,6.871167994061724e-05,1.2056304588723927
2014-10-02,5.727685640094654e-05,0.9643800784416332,9.204710614847828e-05,1.0571583134089266,7.002335048532771e-05,6.872312288062793e-05,1.2225417888711245
2014-10-03,5.732458945014978e-05,0.9645893589962893,8.114402960388404e-05,1.0645923109968911,6.578717364922621e-05,6.851163323489198e-05,1.147625727113765
2014-10-06,5.950629355094935e-05,0.9648737684556037,8.086053888446997e-05,1.062388985307511,6.692991376483463e-05,6.832118982675134e-05,1.124753530608139
2014-10-07,5.823383972398379e-05,0.9632536882130296,8.170900002099354e-05,1.0682989247480832,6.644515849866472e-05,6.919919173840196e-05,1.141005965150175
2014-10-08,6.403572465426801e-05,0.9615167596723072,8.131305632944375e-05,1.0894329810442651,6.938221581352902e-05,6.43502898476704e-05,1.083492319141026
2014-10-09,6.579132724406009e-05,0.9599779862892639,8.975519764957415e-05,1.0659063482310067,7.37692557311499e-05,5.951103055494234e-05,1.121261096580326
2014-10-10,6.388921163395802e-05,0.9578693063552733,8.727798992210548e-05,1.0408254098159435,7.15273918639288e-05,5.5906419342589505e-05,1.1195535213946979
2014-10-13,7.100010076144222e-05,0.9566148717502325,8.254574387556263e-05,1.0353763370278208,7.323420199156992e-05,5.023581520992895e-05,1.0314661698528318
2014-10-14,5.126108009219706e-05,0.9545097438995392,7.64369623542913e-05,1.0493159120715572,5.9748354943865625e-05,5.864295983029447e-05,1.1655695673287325
2014-10-15,4.732231652345586e-05,0.9540084440567378,7.088410666513425e-05,1.0122799942586027,5.525348201217574e-05,6.643247573678473e-05,1.1675988428163424
2014-10-16,5.30327919984953e-05,0.9541033290833563,6.765108629592534e-05,1.0175887022004932,5.7148527457557275e-05,6.684289513124447e-05,1.0776073690251637
2014-10-17,4.626798859027275e-05,0.9537102531218008,6.643916352636823e-05,1.0276979590654582,5.2877247439380206e-05,6.551848504150401e-05,1.1428473346363919
2014-10-20,4.9165393824874467e-05,0.9509111128685299,6.78155336576104e-05,1.0252033110757357,5.490782942165985e-05,6.401741581217501e-05,1.1167983239845438
2014-10-21,6.127847379397686e-05,0.9544667927640724,7.518629433641831e-05,1.0106855275752815,6.478644259882193e-05,5.582534745741669e-05,1.057246347496172
2014-10-22,6.0122674099070425e-05,0.9572068984304064,7.350784523286384e-05,1.000191411016072,6.363437900732515e-05,5.355585632594728e-05,1.058408993959053
2014-10-23,6.055871725038731e-05,0.9575134554490083,7.42424995201577e-05,0.9949036684096284,6.420361942156593e-05,5.1047099397419766e-05,1.0601879025295124
2014-10-24,5.99990058104541e-05,0.9574241857602103,7.275883007688262e-05,0.9979925345148732,6.325855610595668e-05,5.134255383517349e-05,1.0543267384429666
2014-10-27,5.8561423507449295e-05,0.9572527690828654,7.117279309519496e-05,0.994840069664486,6.1800138529156e-05,5.382683707042384e-05,1.055304581544107
2014-10-28,5.4522480778452264e-05,0.9590876595067203,7.223463399890546e-05,0.9822680113911516,6.0189238025176645e-05,5.073187653560881e-05,1.1039343251777334
2014-10-29,5.3729820257279105e-05,0.9601123485837991,6.979414878988768e-05,0.975051603407973,5.8794845949441085e-05,5.8103520239039405e-05,1.094268427996012
2014-10-30,5.3551839514494966e-05,0.9606682281828594,6.80830158123174e-05,0.9796160346444976,5.8006948138185104e-05,5.9619302833113064e-05,1.0831924479920856
2014-10-31,5.56093263598845e-05,0.9607101911111955,6.803612213717609e-05,0.9815770055708792,5.90929935031701e-05,6.02730929920398e-05,1.0626453757188228
2014-11-03,5.4562010343014535e-05,0.9605453911685454,6.520429327188638e-05,0.9792153404407288,5.729294813041309e-05,6.680894390561106e-05,1.0500520008377623
2014-11-04,6.02491600622342e-05,0.9624480638959403,6.508722613604131e-05,0.9778129251936132,6.0269929470011145e-05,6.796464026857715e-05,1.0003447252668003
2014-11-05,6.0354415020847636e-05,0.963965422245502,6.607352162663548e-05,0.9823155057066144,6.087370084863074e-05,6.889431933006567e-05,1.0086039410307222
2014-11-06,5.86925643313682e-05,0.9649763377936444,6.685575662118076e-05,0.9789138578059308,6.044739792316301e-05,6.846451761006358e-05,1.0298987378007087
2014-11-07,5.828791566618652e-05,0.9653452111097812,6.510906829456388e-05,0.9767304227914688,5.9469275767642645e-05,6.9045882856375e-05,1.020267667628085
2014-11-10,5.7340540123530906e-05,0.9653198381265591,6.404496010961826e-05,0.9801878192602056,5.8498482584247846e-05,7.073173486857346e-05,1.0201941324274648
2014-11-11,6.57571982494724e-05,0.9668287582169819,6.239079220222543e-05,0.9811562434305388,6.192720232074556e-05,7.478925411087921e-05,0.9417554879057279
2014-11-12,6.673646336542344e-05,0.9671028205403358,6.232980875719519e-05,0.9797825043634484,6.237379104674262e-05,7.479282632833773e-05,0.9346283560938419
2014-11-13,7.11343776232816e-05,0.9673311667290764,6.263796818784679e-05,0.9840006564769268,6.457044503142733e-05,7.56880152860313e-05,0.9077248889894559
2014-11-14,6.859476809423724e-05,0.9656497831291816,6.167454706405053e-05,0.9838493886743434,6.280845749386453e-05,8.052129649137512e-05,0.9156450154853891
2014-11-17,6.853595565786147e-05,0.9625640439757831,6.166361823935573e-05,0.9831125975623406,6.257536239136181e-05,8.11638536229808e-05,0.9130296906304837
2014-11-18,7.650833651469074e-05,0.9663378389364699,6.394694184671408e-05,0.9851617094836118,6.759168220995374e-05,8.071754855565532e-05,0.8834551277555895
2014-11-19,7.466095393809579e-05,0.9686542555866269,6.621151710049572e-05,0.964152745793887,6.810552225018246e-05,8.273126908193258e-05,0.9121973221324137
2014-11-20,7.31046489834875e-05,0.9693871792164626,6.739452837400782e-05,0.9643045013389042,6.804278623410093e-05,8.604983058844751e-05,0.9307586751352857
2014-11-21,7.04730363634149e-05,0.9666209989691134,6.819554361921657e-05,0.9588598057889494,6.701094079930066e-05,8.68818733391985e-05,0.9508734724262351
2014-11-24,6.987047932397521e-05,0.963456088145036,6.583661381965848e-05,0.9604946885705766,6.534502516530332e-05,8.989473685003306e-05,0.9352308127487107
2014-11-25,8.166110492431963e-05,0.963892261924796,6.820313954200989e-05,0.9514908441346238,7.193467785888089e-05,9.271606598644545e-05,0.8808927815212295
2014-11-26,7.228929035700332e-05,0.9635450516561341,7.034094293370896e-05,0.9571586597308952,6.870891634257088e-05,9.783281542240147e-05,0.9504715844248763
2014-11-28,6.63644735069259e-05,0.9628226769206433,6.612688328206397e-05,0.9572447090779548,6.378273885134887e-05,9.803674493914919e-05,0.961097639758905
2014-12-01,6.796408095783602e-05,0.9637958671145427,7.021113169162705e-05,0.9530290481090372,6.657754403832742e-05,9.884756040491083e-05,0.9795989749295839
2014-12-02,6.956629167082881e-05,0.9642169103423608,7.175204641889884e-05,0.9578593334971228,6.812261589913826e-05,9.859324144882819e-05,0.9792474812582841
2014-12-03,9.973973303376368e-05,0.9655772584065878,7.541567196769119e-05,0.9561112402288658,8.374365885872364e-05,9.842958133112185e-05,0.83962184689601
2014-12-04,7.195368455764464e-05,0.9654487907870222,7.424683760973059e-05,0.9568592969318336,7.05658768025279e-05,0.0001010346417889905,0.9807124852097752
2014-12-05,6.914099334132158e-05,0.9641900574778689,7.682459043504688e-05,0.9572930591514692,7.027171989528616e-05,0.00010102480847920951,1.0163539240517216
2014-12-08,6.652863915801598e-05,0.9651424988740442,7.972133946067888e-05,0.957089807090405,7.028830220916e-05,0.00010197102387914437,1.056511948819729
2014-12-09,5.578278936298998e-05,0.9649169602559795,8.143480773807915e-05,0.9579514484779662,6.503469250662934e-05,0.00010235765641278782,1.1658558714845781
2014-12-10,7.622608908783083e-05,0.9664836057662867,8.558844433019579e-05,0.9490523226200246,7.806455294537622e-05,9.54056979771561e-05,1.0241185646482143
2014-12-11,6.0199482263474304e-05,0.9695180407749745,8.088472250043384e-05,0.9492703336223386,6.765276059801741e-05,9.502439130334798e-05,1.1238096750055497
2014-12-12,5.635062229218622e-05,0.970195426217381,7.343009174129306e-05,0.9472810207908554,6.240876903124955e-05,8.857717986500747e-05,1.107508071652713
2014-12-15,5.5088696774690915e-05,0.9689228693774703,6.868094860562993e-05,0.9510949764319871,5.9598948600121e-05,8.805238012983923e-05,1.0818725453585645
2014-12-16,5.154869882225274e-05,0.9687636084842798,6.361175880300411e-05,0.9511995703059626,5.547475229443642e-05,8.619668876983365e-05,1.076162028564897
2014-12-17,8.951914955443635e-05,0.9691328246996739,8.004798287105539e-05,0.9329119504303632,8.203826623693587e-05,7.76047024481515e-05,0.916432591744503
2014-12-18,9.913276275332198e-05,0.9662536365027998,9.014364716868281e-05,0.9610320138391812,9.134132538105651e-05,6.780534737868238e-05,0.92140401260022
2014-12-19,7.377698274922788e-05,0.9645978849513229,8.840670816902766e-05,0.9640336836578266,7.790213500850871e-05,6.801133528329894e-05,1.055913810860258
2014-12-22,6.996587850894997e-05,0.9633240347851998,8.585408107625493e-05,0.9615520801700296,7.466138016779812e-05,6.778004150922846e-05,1.0671113085251622
2014-12-23,6.063494070426503e-05,0.9620711951949126,8.112319741315912e-05,0.9608207686488528,6.747474009168534e-05,6.846863156711352e-05,1.1128029368541825
2014-12-24,5.292955813268682e-05,0.9634106144338879,6.784390041224029e-05,0.9610946975083072,5.77319152051241e-05,6.893130792342009e-05,1.0907311007660117
2014-12-26,5.0003308753932844e-05,0.9640931237479625,6.586498843349516e-05,0.9641937991344308,5.532808855558512e-05,6.940640721241612e-05,1.10648854914493
2014-12-29,4.966432774890378e-05,0.9642592691749031,6.456539793417582e-05,0.9642359507954672,5.4602938971620905e-05,6.93981758945126e-05,1.0994398081392762
2014-12-30,4.653062419950052e-05,0.965741533671256,6.760479625678307e-05,0.968638243777444,5.416504433193588e-05,7.352800535701335e-05,1.1640730220962157
2014-12-31,4.3755181092948726e-05,0.9657073048571544,7.254155308581629e-05,0.9671167388525492,5.4406862755842897e-05,7.151201249975838e-05,1.2434381802755405
2015-01-02,6.483180836307134e-05,0.9678359018704303,6.829877245531038e-05,0.9583670078996862,6.440242864081572e-05,7.677242230704368e-05,0.9933770207387862
2015-01-05,8.284505496642122e-05,0.9682632752275472,7.807176184610987e-05,0.9550151124699156,7.787064022778513e-05,6.932607473391974e-05,0.9399552002149999
2015-01-06,7.372029621424698e-05,0.969430333137311,7.993099540877559e-05,0.9509991447812022,7.441624483411124e-05,7.002356251417412e-05,1.0094403936989302
2015-01-07,7.097584833724285e-05,0.9688028577394902,8.044884765654622e-05,0.9476907538801704,7.320666474749415e-05,6.776592280956092e-05,1.031430641021035
2015-01-08,6.58935484829367e-05,0.9686046306251705,8.805316257223232e-05,0.9434471331587816,7.37803087489688e-05,6.467515041292279e-05,1.1196894149367962
2015-01-09,5.142752848602693e-05,0.9692490834266172,8.324922781498156e-05,0.9386991039222332,6.341957577504374e-05,6.308330243829123e-05,1.2331834261153558
2015-01-12,5.214866604959718e-05,0.9691162380863336,8.063846605367693e-05,0.9348193937547103,6.284469187704757e-05,6.40202864078834e-05,1.2051064128328361
2015-01-13,5.1084978694142575e-05,0.9690267790407319,7.872595404402801e-05,0.9353800090968072,6.145275440771907e-05,6.439562213779856e-05,1.2029515520726892
2015-01-14,5.779000718727771e-05,0.9690436164604742,7.83277101797107e-05,0.9415547166770656,6.519697029936431e-05,6.40303759369379e-05,1.1281703095845474
2015-01-15,5.577655409897309e-05,0.9691753993836065,8.079093988482569e-05,0.9342128500032912,6.505932484821467e-05,6.147075155817243e-05,1.1664278279502478
2015-01-16,7.006830803083834e-05,0.9693927051218529,8.37164815706282e-05,0.935424504558444,7.424480078621482e-05,5.939879746965798e-05,1.0596060169390467
2015-01-20,6.698197984101967e-05,0.9692795749153159,8.117995691763013e-05,0.9700986605258408,7.147471947939124e-05,6.674725628028501e-05,1.0670738555210668
2015-01-21,5.396910834789416e-05,0.9689749244314375,7.933561572661192e-05,0.9684964267460144,6.340437970261961e-05,6.630378411953497e-05,1.1748272603264829
2015-01-22,5.806897077464812e-05,0.9694712855653436,8.164296051982369e-05,0.97208030765066,6.675232347947358e-05,6.190563362245896e-05,1.149535157744116
2015-01-23,5.910063936486745e-05,0.9698318448293269,7.936376060138781e-05,0.9727213422497792,6.642073070902674e-05,6.440659339025716e-05,1.1238580736659634
2015-01-26,6.288399592442454e-05,0.9689368660776727,7.798710278651556e-05,0.9625674651480932,6.785423194605524e-05,6.541172644854524e-05,1.0790381709776211
2015-01-27,6.964065036165525e-05,0.9701116097881188,7.718408016371148e-05,0.990465740211088,7.112413171873869e-05,6.352737573814127e-05,1.0213019457655763
2015-01-28,7.988841611727443e-05,0.9691035751374323,7.974042823930088e-05,0.9925224125100924,7.73484086412571e-05,5.981284608668021e-05,0.9682055597110767
2015-01-29,8.021798542057233e-05,0.9684990730752309,7.99166838130793e-05,1.0006537472928851,7.754500209584771e-05,5.948280505935813e-05,0.9666785034464463
2015-01-30,7.830236811365751e-05,0.9686036174804094,8.272775117668404e-05,1.0013601100293874,7.79577227819851e-05,5.570047430577545e-05,0.9955985324585311
2015-02-02,6.708254753246161e-05,0.9687116680024264,8.184103115002342e-05,1.021541625733996,7.177692530667259e-05,5.3880771634921974e-05,1.0699791219458288
2015-02-03,8.067150173734702e-05,0.9686711831907975,8.381352062291307e-05,1.0117082249439286,7.96514145357312e-05,4.932431088097925e-05,0.9873550488134327
2015-02-04,7.910110058857453e-05,0.9682031822557365,8.076416140780135e-05,1.0041448628875054,7.738683995162824e-05,4.907159765998917e-05,0.9783282328034523
2015-02-05,8.520627788871464e-05,0.9678792219393563,7.792476680899755e-05,0.9994624010194628,7.886689073600756e-05,4.733563236132848e-05,0.9255995296381005
2015-02-06,8.507292515013707e-05,0.9671240120297976,7.607453304156047e-05,0.9935233875514364,7.78032066529745e-05,4.688548829862261e-05,0.9145472136483737
2015-02-09,6.296753465448077e-05,0.9641699664574559,7.093681317998135e-05,0.9920186151725624,6.443884999044623e-05,4.6601928356127456e-05,1.0233662528482168
2015-02-10,6.653518645016198e-05,0.9622584197061717,7.005875688512743e-05,0.9921249467491504,6.56974665471312e-05,4.432211933501912e-05,0.9874093701735056
2015-02-11,6.58212274519105e-05,0.9605654334538165,6.709601750458358e-05,0.989602176627706,6.383491939330698e-05,4.734621853929793e-05,0.969822682810728
2015-02-12,6.625281595902424e-05,0.9597343697291735,6.54694060516752e-05,0.975920973583026,6.320805393203699e-05,4.64969848808514e-05,0.9540432812867854
2015-02-13,6.59493776327874e-05,0.9592397064955533,6.351974279562042e-05,0.9741725993284585,6.208502547894388e-05,4.608086431060698e-05,0.9414042665366668
2015-02-17,5.2818371217651516e-05,0.9582385423418233,5.576674793507983e-05,0.969647186853242,5.200604134894539e-05,4.633929156176639e-05,0.9846203158109758
2015-02-18,4.925751255554142e-05,0.9574260378294291,5.510371137460914e-05,0.9708152681516874,4.988062631034164e-05,4.65255356041414e-05,1.0126501262949
2015-02-19,5.2538640297651296e-05,0.9570071525701085,5.019077965781113e-05,0.9658222814546872,4.914355493633187e-05,4.63739908129295e-05,0.9353792686280996
2015-02-20,5.811623348480445e-05,0.9568728534601081,5.3219831287483057e-05,0.9692944589602948,5.321569157386508e-05,4.616410978169246e-05,0.9156768837708537
2015-02-23,5.7842904366347e-05,0.9567258221809325,5.476686455982682e-05,0.9645663401400836,5.384823594035773e-05,4.616112553866477e-05,0.9309393525489469
2015-02-24,5.363774172174018e-05,0.9550931016780071,4.853588456289063e-05,0.9704908192363052,4.8731796860839776e-05,4.662522208427958e-05,0.9085355814129671
2015-02-25,4.6420168910813084e-05,0.9541541735431344,4.588386970080863e-05,0.9711086957243344,4.403539855227694e-05,4.8782647288201135e-05,0.9486264179021408
2015-02-26,6.082008377129165e-05,0.9542253466132177,4.959289930756347e-05,0.9672752395356792,5.240638520402578e-05,5.1221982399058346e-05,0.8616624962421161
2015-02-27,6.477291200020017e-05,0.9545196054919011,5.291002227464204e-05,0.9680003083512052,5.587924586196456e-05,5.118211701988124e-05,0.8626946687496755
2015-03-02,7.10002492943561e-05,0.954720156104678,5.679900351530488e-05,0.9748757273076872,6.062843899417252e-05,5.350599964479306e-05,0.8539186777051492
2015-03-03,6.22129036386534e-05,0.9543517301666286,5.803708844649601e-05,0.9712013554296918,5.734578596412997e-05,5.3306489651790544e-05,0.9217667495027599
2015-03-04,6.357489191775788e-05,0.9540903905573828,5.885572633476559e-05,0.9704672171923024,5.8361534035497084e-05,5.330754176876845e-05,0.9179965907137533
2015-03-05,6.337223751236057e-05,0.9540700380518186,5.894600932758945e-05,0.9559877815541352,5.831187176914019e-05,5.620927501083091e-05,0.9201485391417121
2015-03-06,6.737776824421294e-05,0.9540800506389137,6.22460447706384e-05,0.9455783917914428,6.178726992461212e-05,5.169152096585388e-05,0.9170275527776777
2015-03-09,6.459093954914395e-05,0.9538563423143376,5.94450102544946e-05,0.9463730533549084,5.910530677957817e-05,5.163378643122218e-05,0.9150711723988465
2015-03-10,6.248974140729342e-05,0.9536194757282344,6.260526866094484e-05,0.9613503082439578,5.964649352302051e-05,4.635015950993177e-05,0.9545005656889939
2015-03-11,5.4252554100076106e-05,0.9530186263020877,5.529612168322987e-05,0.964271265607208,5.219859568926979e-05,4.8349194578954946e-05,0.9621407978872752
2015-03-12,5.508043688697334e-05,0.9527892527434753,5.515942058897764e-05,0.9592921099192826,5.251766223404606e-05,4.499479731304241e-05,0.9534721436907596
2015-03-13,5.707193087433516e-05,0.9530411268997164,5.3323099452124166e-05,0.9649608948795572,5.2575161799480976e-05,4.4366437118376924e-05,0.9212087447197911
2015-03-16,5.2149496476829495e-05,0.9533210436310292,5.092316142500631e-05,0.971017410034223,4.91271893825599e-05,4.1124760424783825e-05,0.942045325488187
2015-03-17,4.691748238540657e-05,0.9528262695094856,4.981439469169508e-05,0.975348329542109,4.606366622996524e-05,4.1072931134818964e-05,0.9818017482603265
2015-03-18,5.051902620859181e-05,0.9519039180162642,5.034201875848199e-05,0.9728911266032076,4.8004938014387745e-05,3.8166607218804515e-05,0.9502348247208199
2015-03-19,5.142834644805491e-05,0.9515862819849463,5.068518925220577e-05,0.9739992726431168,4.858363320440063e-05,3.78409012792576e-05,0.9446858893951106
2015-03-20,5.066833282542825e-05,0.9515331398732433,5.089346374042992e-05,0.9582525899410622,4.831958887407771e-05,3.9496080655850775e-05,0.9536447358660317
2015-03-23,5.007282454924587e-05,0.951549333271194,4.8156856784529315e-05,0.9594475550105738,4.672630297872428e-05,4.1330437696354135e-05,0.933166910382091
2015-03-24,4.2218867344400384e-05,0.9500947466753482,4.5437303135824573e-05,0.9599501169485722,4.1612755905259184e-05,4.062149941018172e-05,0.9856435883464887
2015-03-25,4.692159710753298e-05,0.949557595997673,5.3028613464997e-05,0.9091590299623156,4.7365577987134694e-05,3.460314157458846e-05,1.0094621860075268
2015-03-26,4.732340893496746e-05,0.9489564762171057,5.1496085100867166e-05,0.9091852716518886,4.6845881084470164e-05,3.445849719096556e-05,0.9899092677124439
2015-03-27,4.354358066573599e-05,0.948542522768111,4.783751678089203e-05,0.9038632891908946,4.3291555254915285e-05,3.425522012471934e-05,0.9942121110168824
2015-03-30,4.5502666776921666e-05,0.9485968068343823,5.042263090408954e-05,0.8909090221324131,4.5437333263762214e-05,3.11182311269247e-05,0.99856418276582
2015-03-31,3.983451498744685e-05,0.9490069974863944,4.772696426585968e-05,0.9057433043640318,4.137910445610809e-05,3.152802644270096e-05,1.0387751543893025
2015-04-01,4.176214734580363e-05,0.9535400348285434,4.627479894814843e-05,0.9006281077775874,4.191819877608225e-05,3.112188392776301e-05,1.0037366716080585
2015-04-02,4.894523588776545e-05,0.9577264848121912,4.273085319487388e-05,0.899160164227488,4.3799332569410296e-05,3.171897604311128e-05,0.8948640613326486
2015-04-06,4.8199312485919956e-05,0.960219217264774,4.142768522952822e-05,0.893550376056695,4.290779026298926e-05,3.064022078598736e-05,0.8902158153298044
2015-04-07,4.533264144371158e-05,0.9609233733928555,3.883237808737894e-05,0.8879253409824477,4.031728360310656e-05,3.30397297754469e-05,0.8893654179222611
2015-04-08,4.177649686660928e-05,0.9591494829205882,3.837602699429972e-05,0.8838820413789789,3.840451742859519e-05,3.2874276411062554e-05,0.9192852514948612
2015-04-09,4.664355209638432e-05,0.9592942148492762,3.583880945332096e-05,0.883939481882264,3.9221520022296196e-05,3.378999208418354e-05,0.8408776403059693
2015-04-10,4.853778747139849e-05,0.9596297540464392,3.634344842154108e-05,0.8910046619284322,4.0304798967526774e-05,3.3837567049437816e-05,0.8303798147222283
2015-04-13,4.467938122611643e-05,0.9584678603090016,3.66291060856916e-05,0.8928154449069968,3.877432886839614e-05,3.4084228079979126e-05,0.8678349566249451
2015-04-14,4.646938254229903e-05,0.957636060855275,3.840107672091405e-05,0.8953114826741867,4.0453457242367145e-05,3.415975479791883e-05,0.870540020744716
2015-04-15,4.691423215315267e-05,0.9598909267291246,3.965129163292764e-05,0.8939933804649529,4.1400240341356216e-05,3.583359568844439e-05,0.8824665446128183
2015-04-16,4.176974619173272e-05,0.9610659268597354,3.93577835957029e-05,0.8689753647877733,3.8967219257440954e-05,3.65901011188094e-05,0.9329053396343966
2015-04-17,4.332386275975345e-05,0.9627018663719423,4.25995008624961e-05,0.867434528904626,4.13578215255998e-05,3.424841189317671e-05,0.9546198997754181
2015-04-20,4.305137811564542e-05,0.9634416167396735,4.273628178037294e-05,0.8734959632778733,4.1325422114356084e-05,3.2963273187886046e-05,0.9599093902022593
2015-04-21,4.4326391543702614e-05,0.9642394490372826,4.354427032538037e-05,0.8851668546847283,4.236250111667041e-05,3.4484004433663015e-05,0.955694782303767
2015-04-22,3.760113128202133e-05,0.9622251471881318,4.4727015005470045e-05,0.886661594040542,3.946045749635654e-05,3.4247048863422503e-05,1.0494486774982814
2015-04-23,3.981692672329287e-05,0.960689582027643,4.559020481808858e-05,0.8841828207848869,4.093103445138609e-05,3.401301520367612e-05,1.0279807564214007
2015-04-24,4.472325784062566e-05,0.9600354600350388,4.51708911078529e-05,0.9168644905031872,4.315025033306701e-05,4.4123232342371536e-05,0.9648279757891484
2015-04-27,4.8016264703360416e-05,0.9597697944991053,4.641584667917443e-05,0.9118893560200946,4.53100354999213e-05,4.376890152765862e-05,0.9436393226304061
2015-04-28,4.837591330570472e-05,0.9597035374951974,4.5323410439540576e-05,0.9078981304559188,4.493792086444069e-05,4.477823100957462e-05,0.9289317305590051
2015-04-29,4.7158652268819175e-05,0.9618812808131288,4.5797937231734796e-05,0.9057325946093724,4.4701811646666805e-05,4.438923840860698e-05,0.9479026540421978
2015-04-30,4.7296624411946914e-05,0.9626247040562397,4.7021739147735215e-05,0.9039560531811546,4.539640060543464e-05,4.2464411202579486e-05,0.959823267936384
2015-05-01,5.0018555724514286e-05,0.9633995083451815,4.877870574194468e-05,0.9083778594363958,4.7586868929626204e-05,4.103894183956302e-05,0.9513843060907033
2015-05-04,4.992916004912971e-05,0.9634171744471975,4.8696162567510976e-05,0.9202938661394044,4.750495197297497e-05,4.6977330770124636e-05,0.9514470487032158
2015-05-05,5.102770643270727e-05,0.9635432794286155,5.063492767513729e-05,0.9095955968579336,4.897780838122815e-05,4.407455682638909e-05,0.9598277446747009
2015-05-06,5.61480236098465e-05,0.9644837022436973,4.911486284679927e-05,0.9047177800711752,5.0648734439596284e-05,4.687516216711169e-05,0.9020572975379703
2015-05-07,5.2055366505413186e-05,0.9651219041066205,4.826571914874375e-05,0.9019066582922628,4.837648585818273e-05,4.886919878582287e-05,0.9293275430718966
2015-05-08,4.9463315458690945e-05,0.9645604832836213,4.864973496209708e-05,0.9115720488626986,4.7316358801263046e-05,4.6235917000659184e-05,0.9565949706864895
2015-05-11,4.237087867236375e-05,0.9649489359457492,4.524889147611231e-05,0.9169492575679642,4.22514909580827e-05,4.603840985489348e-05,0.9971823167698686
2015-05-12,4.7490306282055044e-05,0.9652090281634721,4.5959874501120415e-05,0.9113108706166696,4.509343071824474e-05,4.6839786572814975e-05,0.9495291618130498
2015-05-13,4.663897325113825e-05,0.9625555127405686,4.3336531130785606e-05,0.9097718823291736,4.3274030692128756e-05,4.67679534259051e-05,0.9278512727780222
2015-05-14,4.9144732522979803e-05,0.9593017422199719,4.567771552819802e-05,0.9103447555508418,4.545125807046358e-05,4.463738158486814e-05,0.9248449576810867
2015-05-15,5.102390807027307e-05,0.9572366823443059,4.4487346463228545e-05,0.9109199882050462,4.560625841064814e-05,4.4962401110906473e-05,0.8938213503331922
2015-05-18,5.1224895533544154e-05,0.9525475807896744,4.4428527651498485e-05,0.9031271175869834,4.544207766498965e-05,4.442099299934223e-05,0.8871092306129218
2015-05-19,5.107054978153525e-05,0.9526514375509957,4.2997451109289357e-05,0.9001652099832845,4.464169226730086e-05,4.487295678179832e-05,0.8741181063893937
2015-05-20,4.960583034370502e-05,0.9542187310820971,4.362875323910672e-05,0.8992461200026468,4.439158997703765e-05,4.6876811643090116e-05,0.8948865419540537
2015-05-21,4.7917991249736124e-05,0.9558319875494771,4.1908800920899995e-05,0.9051600162322332,4.2833491822279254e-05,4.749104204406112e-05,0.8938916408044365
2015-05-22,4.8649795894238564e-05,0.9549211497617,4.242691333652276e-05,0.9100233455127772,4.3383915147892336e-05,5.104097684421738e-05,0.891759448327514
2015-05-26,5.2044924254716454e-05,0.9526943739648625,4.394239899471258e-05,0.9199031952876312,4.556010040662055e-05,5.027418655273645e-05,0.8753994949371411
2015-05-27,5.41376103742017e-05,0.9510312340514759,4.59137830360397e-05,0.9188032955219296,4.7415011508671e-05,4.831494596881039e-05,0.8758238714441997
2015-05-28,5.2639353679274204e-05,0.9541792335106671,4.6102494084785015e-05,0.9171915212644026,4.700536669088684e-05,4.824844292028933e-05,0.8929700576736821
2015-05-29,4.7121939363217764e-05,0.95650486099983,4.041757188210049e-05,0.919430571292732,4.174302031242815e-05,4.781389705630556e-05,0.8858510680273853
2015-06-01,4.566975475334599e-05,0.9582054442615745,4.1373177712815565e-05,0.9170434684601784,4.1651669447430025e-05,4.765216268506419e-05,0.9120186800297723
2015-06-02,4.848176142599366e-05,0.9583227874698075,4.156340804211271e-05,0.9183504249593611,4.3018631008285005e-05,4.7958244388272054e-05,0.8873157604628701
2015-06-03,4.583723039523311e-05,0.9583264030824152,4.011831131715885e-05,0.9199425196354868,4.109547078321785e-05,4.919151386500952e-05,0.8965522224809553
2015-06-04,5.208668778062701e-05,0.9588928034968309,4.2907801045971025e-05,0.9183265470299457,4.5331653344620616e-05,4.776258144049044e-05,0.8703116914545131
2015-06-05,5.356843740955158e-05,0.9600680810965705,4.380380610739824e-05,0.9341887054038592,4.650637018607488e-05,5.189817912168373e-05,0.8681673842848086
2015-06-08,5.4875341169450945e-05,0.9593969561546325,4.4903710205147344e-05,0.9304689609310476,4.762424087569801e-05,5.263066568381707e-05,0.8678623195915616
2015-06-10,5.7400521339002106e-05,0.959703209841608,4.633077650052292e-05,0.9340104616896252,4.9491390439789906e-05,4.98209683399883e-05,0.8622115145522526
2015-06-11,5.7399555912391706e-05,0.9605962277076995,4.589990546381829e-05,0.9350342295740076,4.9306143862394753e-05,4.994058445639542e-05,0.8589986991824495
2015-06-12,5.544172754801711e-05,0.9607686672144846,4.725326283229787e-05,0.947415192090438,4.917598972939282e-05,5.0047848051713174e-05,0.8869851626972185
2015-06-15,5.424960916028536e-05,0.9606432974011578,4.791510172993526e-05,0.9471272148925942,4.8977506513659054e-05,4.981213023835267e-05,0.902817684251892
2015-06-16,5.423174022350414e-05,0.9603885178197636,4.881416921769117e-05,0.9472620017173552,4.941362107494435e-05,5.0506597303220604e-05,0.9111568404645882
2015-06-17,5.412494915971205e-05,0.9603083892034077,5.021675263828551e-05,0.96037093267011,5.006494990761282e-05,6.0414656102373556e-05,0.9249883960145816
2015-06-18,5.572982074389677e-05,0.960491143251106,5.2278961202217595e-05,0.9354635724301568,5.1844257899314135e-05,7.567479611665442e-05,0.9302785691265989
2015-06-19,6.241618085312648e-05,0.9620416536710329,5.5203170342693e-05,0.9407160908992176,5.647087043173729e-05,0.00010872830523719178,0.9047472892425236
2015-06-22,6.257165974145031e-05,0.9626946383562665,5.54031320972042e-05,0.9425792683329548,5.6681919534211444e-05,0.00010963840102150033,0.9058720796032004
2015-06-23,5.295413252336654e-05,0.9634761628787766,5.657193436455927e-05,0.9125934469344512,5.273408534885911e-05,0.0001391589646055095,0.9958445703097802
2015-06-24,5.124155217210486e-05,0.9644541130021309,5.966004662543415e-05,0.9237158407620204,5.3325446684919686e-05,0.00015436559520998688,1.040668059894354
2015-06-25,5.1531038942745836e-05,0.9649507090260022,6.004944982803424e-05,0.924745061456724,5.367772428309576e-05,0.00015449680832323688,1.0416581032401662
2015-06-26,9.885673436567757e-05,0.9692119894691203,6.709344905285586e-05,0.9240110088283598,7.893361023413755e-05,0.00015534354954283326,0.7984646745679149
2015-06-29,0.00010219846828200267,0.971360320555764,8.563110222673356e-05,0.9235296739399572,9.0869537860237e-05,0.000164562451713718,0.8891477473957335
2015-06-30,8.697755639475864e-05,0.9729545760032717,8.946652019814572e-05,0.9211226590305638,8.582749534596637e-05,0.00017238288165494404,0.9867774964431908
2015-07-01,9.667073925185136e-05,0.9738624089316323,9.364754931252099e-05,0.9241677939872192,9.266022076780528e-05,0.00017124704772929596,0.9585136255801491
2015-07-02,9.521395937942913e-05,0.9743381741846799,9.728663130774271e-05,0.9211826148457284,9.377490088046527e-05,0.0001746599802524449,0.9848860554865785
2015-07-06,0.000172264093177785,0.9765719282585269,0.00010249180244728239,0.9234271430114932,0.00012976159728878564,0.00018938812807769165,0.7532712992885018
2015-07-07,0.00016730584927433944,0.9777573209977936,0.00010960595937343956,0.9228013948782884,0.0001324047978980854,0.00019120925258957016,0.7913937167909466
2015-07-08,0.00018325021701855255,0.97877960231315,0.0001284094328549892,0.9190464229405438,0.00015014318447937783,0.0001861983191361202,0.8193342792285866
2015-07-09,0.00017483634785152047,0.9795005258939826,0.000115576598978016,0.9193203604063572,0.00013923726749321715,0.0001867214276983848,0.7963862732448759
2015-07-10,0.0001852458943863911,0.9772870572928298,0.00011563583826427478,0.9217733977005406,0.00014303511499501477,0.00018349229749934728,0.7721364917090584
2015-07-13,0.00021177015433928543,0.9760708861918218,0.00011233671781114396,0.9214879411494168,0.00015054786501408888,0.00018421917157668033,0.7109021830002075
2015-07-14,0.0001959846645507268,0.9763084613451026,0.00010411768239789064,0.9237902855081722,0.0001394634307121638,0.00018606327425364978,0.7116037932450904
2015-07-15,0.00017788056160659394,0.975423233195218,0.00010192034424641101,0.9239054416200324,0.0001313372088627923,0.00018609726431971952,0.7383449190657587
2015-07-16,0.00018174519139179188,0.9751492584198167,0.00010034394099339366,0.917990102828963,0.00013168858656221932,0.0001914967559917763,0.7245781060492297
2015-07-17,0.00017984339911716185,0.9753496082806195,0.00010255444847430847,0.918256785205399,0.00013246002013679966,0.00019241356260040976,0.7365297852856221
2015-07-20,0.0001933298802508964,0.9791784258437348,0.00011328702609732341,0.9231798728789816,0.00014491102062044227,0.0001959419249110437,0.7495531494271971
2015-07-21,0.00019419877324157122,0.9817672684592157,0.00012504244377752556,0.9228104818018404,0.00015298910935286665,0.00019578812492128134,0.7877964767705186
2015-07-22,0.00018582236281108658,0.9832709958363148,0.00013250797274363155,0.9230088012704804,0.00015429193390597632,0.0001958836424296098,0.8303195136036173
2015-07-23,0.00018795658724473803,0.9844342000792232,0.00014107218402640992,0.9226164360571136,0.00016030097485336792,0.0001955788952448035,0.8528617017537152
2015-07-24,0.00019329917782205091,0.9850301509354209,0.00015135453980648906,0.9362910518787184,0.00016848539229779625,0.00020858570811272965,0.8716301548519882
