Date,Predicted_Index_Var,Predicted_Corr,Predicted_Var,Future_Beta_45d_BND,Predicted_Covariance,Future_Cov_45_BND,Beta_Predicted
2013-02-28,5.497886498863307e-05,-0.3636370353627554,1.988011274399506e-06,-0.0693678722695077,-3.8016787462735084e-06,-3.7991898665681095e-06,-0.06914800345659207
2013-03-01,5.488021190183326e-05,-0.4033429841165175,1.565523463935275e-06,-0.068438373499151,-3.73862742506472e-06,-3.744717184392133e-06,-0.06812341453331437
2013-03-04,5.501029900576039e-05,-0.4046073078727552,1.649371890456216e-06,-0.0695632906626825,-3.8540293684998524e-06,-3.803182476248155e-06,-0.07006014215803988
2013-03-05,5.845535101370509e-05,-0.40194506984209405,1.7344275677935649e-06,-0.0676492423348192,-4.047221060445258e-06,-3.6256458545853685e-06,-0.06923610910310625
2013-03-06,5.9250468430820016e-05,-0.3963161362406235,1.8473351114753816e-06,-0.0643433607149563,-4.146297804446938e-06,-3.4722402132463825e-06,-0.06997915652410572
2013-03-07,5.369174155549812e-05,-0.3664538392594918,1.945488761781512e-06,-0.0660785958491319,-3.7453066767212554e-06,-3.5716757657985506e-06,-0.069755730922789
2013-03-08,4.524810700565277e-05,-0.35267878327220775,2.0989609249777025e-06,-0.0624584804442049,-3.437017299526483e-06,-3.3624393074634225e-06,-0.07595936110867803
2013-03-11,4.8373919939468494e-05,-0.36155900385589695,2.0538279470625216e-06,-0.0673072887794999,-3.6038512039804026e-06,-3.739347322349212e-06,-0.07449987944929815
2013-03-12,5.1431479865635213e-05,-0.35730080907486156,2.1331864966606195e-06,-0.0626403917454559,-3.7425095989065057e-06,-3.4841909777449344e-06,-0.07276690479612516
2013-03-13,5.5261000285198275e-05,-0.34981313862228286,2.1872485189782473e-06,-0.0652000998359755,-3.8458695898917965e-06,-3.6807997506473777e-06,-0.06959464305827844
2013-03-14,6.195858588029715e-05,-0.3398620483823232,2.141122076713609e-06,-0.0715405351032703,-3.914480498916629e-06,-4.125085295869132e-06,-0.06317898388577385
2013-03-15,6.386120353979619e-05,-0.33407252031097906,2.1491783921164023e-06,-0.0693651485573267,-3.913772125356006e-06,-3.921034398209923e-06,-0.06128559921231477
2013-03-18,6.402550064969363e-05,-0.32457335745082244,2.2337584876651606e-06,-0.0652144707704829,-3.881570400218214e-06,-3.610876729425325e-06,-0.06062538146254679
2013-03-19,6.71640875084588e-05,-0.32223281138993487,2.2605339786577008e-06,-0.050462120355764,-3.9704875586892946e-06,-2.8705261846641323e-06,-0.059116228716562885
2013-03-20,6.839791392936718e-05,-0.32383842019020886,2.2899402079036594e-06,-0.0487684114902102,-4.052862517482215e-06,-2.761694735963473e-06,-0.05925418312709808
2013-03-21,6.814178529168062e-05,-0.30905720537569886,2.263539063051147e-06,-0.0495114986723479,-3.8383062568192596e-06,-2.696664935309514e-06,-0.05632823150126469
2013-03-22,6.79733209422515e-05,-0.30100706751498285,2.2945220931576665e-06,-0.0632411239252286,-3.7591708028966455e-06,-3.4124755934987777e-06,-0.05530362134417923
2013-03-25,7.243408887933498e-05,-0.29728052325298626,2.260949492688433e-06,-0.0657191619948731,-3.804375603069899e-06,-3.5935257325196214e-06,-0.05252189489685519
2013-03-26,7.339742545776695e-05,-0.3100679411112034,2.2311425791429843e-06,-0.0690260066824453,-3.967902033185644e-06,-3.71451677798161e-06,-0.054060507006050015
2013-03-27,7.311742529462491e-05,-0.31635216476865685,2.3054906971109527e-06,-0.0530907875251081,-4.1073616396904895e-06,-3.1511117113180465e-06,-0.05617486697787804
2013-03-28,6.422356192814954e-05,-0.3092650759399561,2.3715524828543946e-06,-0.0575007213488266,-3.816756412622793e-06,-3.433751992805319e-06,-0.059429223450620974
2013-04-01,6.678777769649997e-05,-0.30181159039900046,2.5253898713921633e-06,-0.0618461428860664,-3.919662080393408e-06,-3.706307793789399e-06,-0.058688314173370365
2013-04-02,6.451960799026473e-05,-0.29969459613361343,2.397279183571078e-06,-0.057955375212198,-3.727211859367965e-06,-3.7443627579068343e-06,-0.05776866871122898
2013-04-03,6.836168011312682e-05,-0.30315988402025135,2.415900159852073e-06,-0.0504223846450563,-3.895987792396923e-06,-3.194746325261199e-06,-0.05699081394649362
2013-04-04,6.901245142532413e-05,-0.29861297604575726,2.5784181051845487e-06,-0.0600697292872244,-3.983355561633099e-06,-3.974900199073562e-06,-0.05771937497312848
2013-04-05,6.697476452894188e-05,-0.29826950851155654,2.7434540083209206e-06,-0.0532475600195992,-4.043088969985125e-06,-3.4847164088033642e-06,-0.060367348783107413
2013-04-08,7.273438811092278e-05,-0.29686033915169746,2.747464686023107e-06,-0.0556823385687983,-4.196508755931575e-06,-3.7725155377017073e-06,-0.05769635058360202
2013-04-09,7.022991067372413e-05,-0.29166209654246056,2.3252551715707817e-06,-0.0496980060597911,-3.727145617983853e-06,-3.453407376665342e-06,-0.05307063019486838
2013-04-10,6.636144982931065e-05,-0.29184742755169324,2.2465588654576167e-06,-0.020885568171168,-3.5634666924205003e-06,-1.4870614644401008e-06,-0.05369784267200536
2013-04-11,6.716170407401359e-05,-0.28528256869074825,2.2594217285163995e-06,-0.0247073072637984,-3.5142668849098003e-06,-1.7826779442911065e-06,-0.05232545739216214
2013-04-12,6.98842565011876e-05,-0.2603146638260377,2.4385891997790625e-06,-0.0222491641705817,-3.398268036803333e-06,-1.6256147040146307e-06,-0.04862709009067849
2013-04-15,9.593981606210937e-05,-0.2586690217857333,2.5721923387804346e-06,-0.0131382607889585,-4.063456188542683e-06,-7.929766083544631e-07,-0.04235422117040634
2013-04-16,8.836558039441448e-05,-0.2721084769418815,2.63566212167106e-06,0.0147381989002236,-4.152680382182321e-06,9.041096473900707e-07,-0.04699432022793355
2013-04-17,8.959564094882932e-05,-0.2842146217142449,2.6404339193033586e-06,0.08787868315431,-4.3714700651419895e-06,6.245374491069671e-06,-0.048791102098802594
2013-04-18,9.719405369416862e-05,-0.2974280813021493,2.6901582826430633e-06,0.0952404014499414,-4.809398174140437e-06,6.680796649452103e-06,-0.049482432220326125
2013-04-19,7.72897485213767e-05,-0.17138365031134753,3.0048053653149526e-06,0.1074306611147932,-2.6117915280061104e-06,7.796030417446197e-06,-0.033792211489519136
2013-04-22,7.797978274745508e-05,-0.09092162280013691,3.2007019562403757e-06,0.1118437945687463,-1.4364178939835771e-06,8.293274457480609e-06,-0.018420388508077187
2013-04-23,8.499754389235151e-05,-0.03894353266022932,3.4048016992182286e-06,0.1229527824783322,-6.624978063403322e-07,9.093380542515745e-06,-0.007794317059083245
2013-04-24,7.773768893068322e-05,-0.01146450078845049,3.52325911902902e-06,0.129904439119408,-1.8973316592344835e-07,9.695504469795794e-06,-0.0024406844161861917
2013-04-25,6.90805921567358e-05,0.011945866127446202,3.614115322459363e-06,0.1275392320245586,1.8875422107797098e-07,9.537190535362412e-06,0.0027323769988784933
2013-04-26,7.034557142953508e-05,0.10575862317840014,4.224920234550389e-06,0.1287453190008667,1.823238261831516e-06,9.70255679347062e-06,0.025918309067371036
2013-04-29,6.776168711759701e-05,0.11537446620051657,4.5689182018786e-06,0.1264973012195369,2.030058258072275e-06,9.422761136140804e-06,0.029958791529927684
2013-04-30,5.8041023931509805e-05,0.0960839909507793,4.342737710403951e-06,0.1260939012946474,1.5254583916800315e-06,9.379699840014771e-06,0.026282416958738
2013-05-01,6.311211636341748e-05,0.09360446033494653,4.576179105320589e-06,0.0957521771390783,1.590759122806206e-06,7.167214499028928e-06,0.025205288848913945
2013-05-02,6.214021471172626e-05,0.04396259108274708,4.726120075427262e-06,0.1023322850793069,7.533937821548115e-07,7.545719269496217e-06,0.012124093642898875
2013-05-03,7.476459886581012e-05,0.1412014533530347,6.662902337934961e-06,0.1194627964814531,3.151511486764283e-06,8.68247814789925e-06,0.04215245630382791
2013-05-06,7.535412832838797e-05,0.1893243735987192,7.175491905593642e-06,0.1191376944415825,4.402363440702049e-06,8.647372156554436e-06,0.058422325868024906
2013-05-07,7.392273390092128e-05,0.22274631305646042,7.732735829235146e-06,0.1434590733576118,5.3255702906449714e-06,1.0894272658343097e-05,0.07204238817496711
2013-05-08,6.958015556766957e-05,0.23934618543231795,8.07280282200176e-06,0.142037885955496,5.672589810548075e-06,1.073646870814734e-05,0.0815259719422623
2013-05-09,7.111722928104653e-05,0.24871919673734982,8.334896068627915e-06,0.1447535371339935,6.0554554720487e-06,1.0936501245372147e-05,0.08514751675881925
2013-05-10,7.562958883543677e-05,0.28659848782398567,9.103340462354072e-06,0.1427234918610541,7.520040110351658e-06,1.0823336024934148e-05,0.09943251346658241
2013-05-13,7.357910230951406e-05,0.2881688842852663,8.985922352069441e-06,0.1442711837662997,7.409785878249504e-06,1.0953166819510928e-05,0.10070503234844971
2013-05-14,7.590263764609063e-05,0.3070033553017082,9.506339300488993e-06,0.1498168371410821,8.246662318147098e-06,1.1133548384584223e-05,0.10864790175802069
2013-05-15,7.650099964197039e-05,0.29886718606750506,9.542895935039909e-06,0.1495446626404983,8.075173897866811e-06,1.1037824013951932e-05,0.10555644940143456
2013-05-16,7.639729836462006e-05,0.2831860154099654,9.766991848569135e-06,0.1545353552118992,7.73555032483928e-06,1.1320445962607536e-05,0.10125423922610396
2013-05-17,7.425705624970095e-05,0.32470742669967356,1.0402117212953854e-05,0.162809362696321,9.0244752418117e-06,1.163677906437104e-05,0.12153020463759691
2013-05-20,7.217439206379002e-05,0.3352306105940998,1.0456077380426339e-05,0.1653225661080776,9.209151754101408e-06,1.1873876406095502e-05,0.1275958340731442
2013-05-21,7.13709588975209e-05,0.3386135968177491,1.0356656231134603e-05,0.1647121287096416,9.206084127597568e-06,1.1842762279411177e-05,0.1289892173203987
2013-05-22,7.35750525384875e-05,0.3024396251534818,1.1302246579154511e-05,0.1612504491738377,8.721403314504788e-06,1.1374464252795156e-05,0.11853750712502142
2013-05-23,7.454058968752127e-05,0.30870187941302885,1.1358287882273335e-05,0.1611641875389175,8.982394427941253e-06,1.1372940390456024e-05,0.12050339909566053
2013-05-24,7.630250921850573e-05,0.3313230651385948,1.130953488998188e-05,0.1615282289454909,9.732926703846006e-06,1.1393267866174673e-05,0.1275570987577099
2013-05-28,7.438631671877e-05,0.36764958765240974,1.3455762053475235e-05,0.1726035552860237,1.1631474153647166e-05,1.2051694000332983e-05,0.15636577621690712
2013-05-29,7.273626036607267e-05,0.35278871934466505,1.3420059229417534e-05,0.1492574957409763,1.1022177242807591e-05,1.0662089983241011e-05,0.15153621023866673
2013-05-30,7.309916508279677e-05,0.3280918491586283,1.3178607458448972e-05,0.1511288171208819,1.0183250111908663e-05,1.0768546991889567e-05,0.13930733819427984
2013-05-31,7.696255068093324e-05,0.18714493454492137,1.259546974741977e-05,0.1559261994700103,5.826731251311035e-06,1.0298537065416718e-05,0.07570865570018788
2013-06-03,7.835861755638394e-05,0.21457022270803996,1.2830800173256054e-05,0.1592393576416453,6.803614613612844e-06,1.0592806258463646e-05,0.08682662897564798
2013-06-04,7.696792659140356e-05,0.23551553252640683,1.2226469030324858e-05,0.1575364774545482,7.224785778960339e-06,1.042586275541117e-05,0.09386748609345111
2013-06-05,8.390672708275947e-05,0.07943097818794544,1.1993943015577637e-05,0.1710797930171592,2.519818684967506e-06,1.0471748294880393e-05,0.030031187874628225
2013-06-06,8.864935953499249e-05,-0.033130986606848344,1.1998882164143583e-05,0.166827873042726,-1.0805442689246505e-06,1.0027371974681621e-05,-0.01218896870313122
2013-06-07,8.584609796353898e-05,-0.15645674693361178,1.1366070611970355e-05,0.187764260148991,-4.887195933808973e-06,1.0695625808425063e-05,-0.056929738797035244
2013-06-10,7.344670994631798e-05,-0.08914359124155598,1.0950911248525874e-05,0.183922400037176,-2.528141797655613e-06,1.049812822796937e-05,-0.0344214437856158
2013-06-11,7.540176794643908e-05,-0.06503762069086695,1.109097764822639e-05,0.1948538104300179,-1.8807900748747327e-06,1.0729565348904762e-05,-0.02494358058302736
2013-06-12,7.564969572692771e-05,-0.06718761986071056,1.1203686713622584e-05,0.1974766624455711,-1.9560201630445154e-06,1.1491115070232128e-05,-0.025856285927509222
2013-06-13,7.668406692361186e-05,-0.045927294763369354,1.2715914633669803e-05,0.1873665346908118,-1.434158778937398e-06,1.0045558302148222e-05,-0.018702174212617363
2013-06-14,7.978958283363962e-05,-0.05212002878799121,1.2717429622855519e-05,0.1983766375842861,-1.6602650113615872e-06,1.0641188433172864e-05,-0.020808042258138145
2013-06-17,6.406673037804978e-05,0.06926489010330793,1.2099240822111161e-05,0.2087984913265956,1.9284504754815313e-06,1.103629043464795e-05,0.030100653866710316
2013-06-18,5.269216623890948e-05,0.07533870082390157,1.1838667942413987e-05,0.220585406641194,1.881666153530037e-06,1.154191218213171e-05,0.03571054841432118
2013-06-19,5.313666894497608e-05,0.06748524179664066,1.352262301815655e-05,0.2046235269318519,1.808991147613411e-06,1.0172591912899183e-05,0.034044120256891755
2013-06-20,6.610900161714408e-05,-0.06539749553979564,1.721407245325162e-05,0.1504551266727936,-2.20614081503477e-06,5.235764311719417e-06,-0.033371262022850616
2013-06-21,6.524441916700448e-05,-0.064118872157397,1.721132253207033e-05,0.1356728993975824,-2.148645067483598e-06,4.7608235774701055e-06,-0.03293224301658301
2013-06-24,5.5679700730278476e-05,-0.002086619738634799,1.6178557222518425e-05,0.0608846760363722,-6.262700631961287e-08,2.2853336270773613e-06,-0.0011247726819328333
2013-06-25,5.683904438603972e-05,-0.022893877008521753,1.4962140718414838e-05,0.0476261927152769,-6.67635769683428e-07,1.7120418100812465e-06,-0.011746076607991082
2013-06-26,5.616484134519195e-05,0.03243279784549229,1.4714682197020542e-05,0.0291871013161806,9.323782343783155e-07,9.939261239004646e-07,0.016600745449415085
2013-06-27,5.600093181678947e-05,0.0893182174932853,1.4946686361071255e-05,0.0176233057727695,2.584104871544861e-06,5.937165892819115e-07,0.04614396203261261
2013-06-28,5.651835513949762e-05,0.11689908071515182,1.4487586246381037e-05,0.0085757294753694,3.3450596769745315e-06,2.8808871315020305e-07,0.05918536851821525
2013-07-01,4.0959150997653995e-05,0.09845262279191444,1.3469644067149251e-05,0.003809824173135,2.3124951105346397e-06,1.3067073885911788e-07,0.056458570409994385
2013-07-02,4.708768430286185e-05,0.07555751073265811,1.2692783735797e-05,0.0016809596607843,1.8471822566756626e-06,5.757817852781566e-08,0.0392285644117648
2013-07-03,4.5307854285029834e-05,0.06750410070782277,1.2069913407696925e-05,0.0011787899498987,1.5785886673619457e-06,4.037679848780064e-08,0.03484139101867658
2013-07-05,5.048108536897671e-05,-0.034583232040555814,1.3770102598728984e-05,0.0922931189303414,-9.117977341777627e-07,3.1143552415446303e-06,-0.01806216580949566
2013-07-08,5.858594159480322e-05,-0.02639045383723554,1.3574016045356847e-05,0.0667207517921475,-7.442138449162858e-07,2.2814528119287294e-06,-0.012702942457825071
2013-07-09,6.185296409698371e-05,-0.007241394740375492,1.2380127343690348e-05,0.0675713017450268,-2.0038492044346548e-07,2.2536141657826677e-06,-0.0032396979412218233
2013-07-10,6.043816195282401e-05,-0.03626517580091874,1.1523379580701353e-05,0.0670620171140704,-9.570515810641896e-07,2.2521350408538105e-06,-0.015835219836950565
2013-07-11,6.428746384905295e-05,-0.12016332066098584,1.1193023481407016e-05,0.0090194661188966,-3.2233597259396317e-06,2.682140739851848e-07,-0.050139786716553086
2013-07-12,6.999194674271863e-05,-0.10107922484739375,1.0582499258270345e-05,0.0148979802436866,-2.750933313741688e-06,4.5312190319508936e-07,-0.039303569078507905
2013-07-15,7.060701256657018e-05,-0.10472704569019328,1.0364572506834779e-05,0.0105584274358967,-2.8330775831922982e-06,3.2223784198410343e-07,-0.04012459216457001
2013-07-16,3.5042919617133015e-05,-0.014652765144999363,9.787409965906078e-06,0.0763484616139599,-2.713648671143693e-07,2.5064644215053e-06,-0.007743785908229373
2013-07-17,3.792838595062833e-05,0.0382328156135893,9.413125845574907e-06,0.0748524185960255,7.224127387943863e-07,2.460918666872994e-06,0.019046756688638332
2013-07-18,3.7451029819475974e-05,0.07249457389175694,8.871813121047267e-06,0.0733925113091735,1.3214282169539016e-06,2.623663538127452e-06,0.03528416236679047
2013-07-19,4.0860668714576163e-05,0.0749918097813896,8.633800817989978e-06,0.0670101301450689,1.4085348025693893e-06,2.426806735414018e-06,0.03447165322742075
2013-07-22,3.950888193740232e-05,0.10260717966376479,8.345605457213176e-06,0.0626051606181826,1.8631767022024082e-06,2.2704114979650615e-06,0.04715842643065466
2013-07-23,3.3171208880188284e-05,0.1434842343193406,8.123630024912692e-06,0.0582779892988313,2.355374137536626e-06,2.1185844347657335e-06,0.07100658122060147
2013-07-24,3.471216593235655e-05,0.15901077116202136,7.91799826808084e-06,0.0475584314933033,2.636180247429893e-06,1.7290978053078046e-06,0.07594398611043189
2013-07-25,3.488954269695917e-05,0.15738401855323664,7.715181780832345e-06,0.0467470275611702,2.5821493040269597e-06,1.7170632718773024e-06,0.07400926192856089
2013-07-26,3.343176772700175e-05,0.12644169959903767,7.531416990441632e-06,0.043388171830057,2.0063576036765612e-06,1.6197213736929492e-06,0.06001350631710963
2013-07-29,3.360094972876798e-05,0.12329148068067199,7.332749173642218e-06,0.0266369351177923,1.9352730979355903e-06,1.0265871069772262e-06,0.05759578564169798
2013-07-30,3.816574763863081e-05,0.1043196964261677,7.2473863206250525e-06,0.0258587978383922,1.734977742350924e-06,9.972196227047888e-07,0.045459026737230866
2013-07-31,3.750748633018741e-05,0.13201716552829923,7.041595287493146e-06,0.0211977549009173,2.1454821919113193e-06,8.582442567055893e-07,0.05720143901471094
2013-08-01,4.226173154810077e-05,0.03009642905037222,7.0781518944673416e-06,0.0645773969927265,5.205333411063619e-07,2.502192308560663e-06,0.012316895736132101
2013-08-02,4.130983358011611e-05,0.02426302726653632,6.977158128329173e-06,0.0551123686487595,4.119182102746934e-07,2.2172344642330054e-06,0.009971432334042718
2013-08-05,3.7225611971094185e-05,0.013546582556546847,6.8714997495580906e-06,0.0538254790592147,2.1665885247277914e-07,2.316276362934952e-06,0.005820155559592022
2013-08-06,4.1983018398946586e-05,0.029952179586257406,6.767944984949366e-06,0.0524540807155257,5.048863978454543e-07,2.2286496617176095e-06,0.012025967095737038
2013-08-07,4.81253999850549e-05,0.03019402814584485,6.644798892117971e-06,0.0466825179869774,5.399445379967323e-07,2.4692158930658724e-06,0.011219533513787091
2013-08-08,4.5117615842124565e-05,0.04679963119867386,6.5358810216485325e-06,0.0464370769529375,8.036511501362806e-07,2.4854735258611167e-06,0.017812358546347273
2013-08-09,4.7210405389653165e-05,0.03354568297286261,6.3386204948921855e-06,0.0449217570242532,5.803004113475609e-07,2.4101455840308026e-06,0.012291790476231369
2013-08-12,4.729046229109182e-05,0.10706469622169655,6.205283442897162e-06,0.0434163216422039,1.8340614424733892e-06,2.382060736347726e-06,0.03878290364733598
2013-08-13,5.1414947954433665e-05,0.09191227660218639,6.108353248925412e-06,0.0663084440733777,1.628847013662591e-06,3.908308494711964e-06,0.0316804174363096
2013-08-14,5.361675369996386e-05,0.12542707103124845,5.990767106768001e-06,0.0727236288856255,2.2479298628440436e-06,4.298449431438093e-06,0.041925885245185195
2013-08-15,5.120699157562921e-05,0.1468282961307641,5.882431121435549e-06,0.0568489307079797,2.548313266704744e-06,3.1184554781125634e-06,0.04976494787710893
2013-08-16,4.9139520575593413e-05,0.08156711245128197,5.714511766607997e-06,0.0525808505615339,1.3668476528017398e-06,2.8624909226807693e-06,0.027815648927609293
2013-08-19,5.1240075352845624e-05,0.12126911435824529,5.629041262552336e-06,0.0482588336353268,2.0595498197410267e-06,2.5851180312883697e-06,0.040194121604207385
2013-08-20,5.687877447837599e-05,0.14872049519702568,5.6648929836365675e-06,0.0438413460378022,2.669572949646447e-06,2.37228737173027e-06,0.04693443158943865
2013-08-21,5.746511661394483e-05,0.1873421199859069,5.653883829810842e-06,0.0306055324747012,3.3768441479420524e-06,1.6202661270439125e-06,0.0587633741462313
2013-08-22,5.43081375808944e-05,0.12700682994788684,6.000812895747428e-06,0.030373083428024,2.2927915577736075e-06,1.573789055237334e-06,0.042218195281662756
2013-08-23,4.6628310947370826e-05,-0.18161577058785577,5.957409038175489e-06,0.0279917920955755,-3.026962981189904e-06,1.4476611326780977e-06,-0.0649168481484655
2013-08-26,5.7057237442025364e-05,-0.20877245345838005,6.133534878975783e-06,0.0316800415805704,-3.905566031830269e-06,1.631232225683915e-06,-0.0684499672070284
2013-08-27,6.26349019454684e-05,-0.2701856840494313,6.037420804951323e-06,0.0598385909316577,-5.254074884936388e-06,2.70924251936498e-06,-0.08388414002005982
2013-08-28,6.352118414260544e-05,-0.1891546991935329,6.115972832820418e-06,0.0620170618050411,-3.728285840989676e-06,2.830798866178766e-06,-0.05869358216968456
2013-08-29,6.345432123592429e-05,-0.13573045062738853,6.039951044197567e-06,0.0598624592256879,-2.6572021897428627e-06,2.7333708035899254e-06,-0.04187582717752725
2013-08-30,6.533098257867051e-05,-0.11060598824199887,5.855502998685969e-06,0.0569628056744324,-2.1633178777234124e-06,2.575403933464083e-06,-0.03311319977651308
2013-09-03,6.741624909395761e-05,-0.08539526249283785,5.975879387958757e-06,0.0709343928440263,-1.7140243302156575e-06,3.2310209737976948e-06,-0.02542449859271809
2013-09-04,5.29054408502055e-05,0.002824413074413838,5.954956335350546e-06,0.0800101138934193,5.0132304941858775e-08,3.58548505760624e-06,0.0009475831622649459
2013-09-05,5.526096611110341e-05,0.06058765053098437,6.297580242080704e-06,0.0626026980284193,1.130264802100441e-06,3.086226670066425e-06,0.02045322189677282
2013-09-06,5.903493096893949e-05,0.08057407061221639,6.312793971766862e-06,0.0234138453285653,1.5554664295952317e-06,1.2316526297764876e-06,0.026348238306802146
2013-09-09,5.950680039687122e-05,0.032190093070681026,5.04123197712877e-06,0.0165295140382032,5.575372302714093e-07,8.44767242418162e-07,0.009369302778052301
2013-09-10,6.058865375686932e-05,0.07069121937390768,4.860865457768692e-06,0.0244924535911188,1.2131595593977875e-06,1.2359303958830362e-06,0.020022883562753592
2013-09-11,5.2548421709793746e-05,0.07867174522351057,5.116586919453215e-06,0.029268642400811,1.2899972987184534e-06,1.5058338122239581e-06,0.02454873537101932
2013-09-12,5.463125330927889e-05,0.08583072641440131,5.173810297209754e-06,0.0325291237247517,1.4430076068257555e-06,1.6727432840160064e-06,0.026413591477694814
2013-09-13,5.629719144726608e-05,0.15164041326074243,4.542162591267269e-06,0.0319503994856653,2.4248767086667484e-06,1.6489261412410993e-06,0.04307278296357191
2013-09-16,5.4138744378514925e-05,0.14082040781727684,4.659138113818721e-06,0.0268533347733131,2.2365184212033463e-06,1.3873237222207132e-06,0.04131086612512782
2013-09-17,5.7555509167455784e-05,0.14268725762773513,4.5933371470041216e-06,0.0292551620740727,2.3200257383872493e-06,1.5109340918826112e-06,0.04030935998910572
2013-09-18,6.204530316157312e-05,0.05370805745320148,5.942846636997423e-06,-0.0025646128644906,1.0313145899091934e-06,-1.2674721183555807e-07,0.016621960686105944
2013-09-19,6.178297806302708e-05,0.03306306857740227,5.980868149746733e-06,-0.0039191374978237,6.355645876845584e-07,-1.9781659879265748e-07,0.010287050051815174
2013-09-20,6.675064824066973e-05,0.03054903343017715,5.911565662386936e-06,-0.0014030594699036,6.068431814010037e-07,-6.594227873684812e-08,0.009091195327617317
2013-09-23,6.644616634370019e-05,0.047397080569183146,5.77893922489583e-06,-0.0002707859334103,9.287752208723209e-07,-1.2541337481443988e-08,0.013977860153257417
2013-09-24,6.687102886618699e-05,0.05542296131789415,5.843234589732138e-06,0.003450907502065,1.0955580410045641e-06,1.5882512044486968e-07,0.01638314916907952
2013-09-25,5.221698153901886e-05,0.04178273575716178,5.761484790734783e-06,0.0078031061668261,7.247195281574201e-07,3.559085356127927e-07,0.013879000792412279
2013-09-26,5.0374063840171386e-05,0.03588501582953537,5.487589647204808e-06,0.0090748067590148,5.966332467608339e-07,4.13719757762995e-07,0.011844056271772176
2013-09-27,5.122431082106018e-05,0.033350759791319254,5.375742319096641e-06,0.0220917971917935,5.534304059122415e-07,9.969290076823336e-07,0.01080405762501164
2013-09-30,5.1567877421329924e-05,0.022877315381324752,5.2759053933216245e-06,0.0214881977323981,3.773489855991156e-07,9.634736324298915e-07,0.0073175202174025
2013-10-01,5.3629225784131454e-05,0.011983975778360708,5.379953748590271e-06,0.0340419106768242,2.035593039928958e-07,1.4957281723948961e-06,0.0037956785878704162
2013-10-02,4.9785428743887e-05,0.024264396374441114,5.331057230533114e-06,0.0397602753499956,3.953004329783592e-07,1.771742993432876e-06,0.007940082930929805
2013-10-03,5.1677659876475144e-05,0.03319978013257039,5.26155319729507e-06,0.0513750021968378,5.474489284705925e-07,2.263261441361141e-06,0.010593531707495212
2013-10-04,4.988490741732951e-05,0.02714521850702324,4.563917952764628e-06,0.0560635581964388,4.0958763880268586e-07,2.4264097844460498e-06,0.008210652480040471
2013-10-07,5.300164613196136e-05,0.03833119797097338,4.514519632281259e-06,0.0567148908744392,5.929292082441175e-07,2.352453677362508e-06,0.011186996093816903
2013-10-08,5.7418241986777646e-05,0.04585545098006408,4.677397136479714e-06,0.0667619778305423,7.514810566698218e-07,2.7523357298314647e-06,0.013087845093600635
2013-10-09,4.671951297786224e-05,0.088659087725281,4.857018642675008e-06,0.072514468709672,1.335541220918908e-06,3.0287771212939713e-06,0.028586368645404033
2013-10-10,5.493659376391755e-05,0.09766777891264768,4.961110544713461e-06,0.0867695509703972,1.6123956866855495e-06,2.8440076986416126e-06,0.0293501212254731
2013-10-11,5.397060840252837e-05,0.10040771623128791,5.039592080430219e-06,0.0868478680133599,1.6559355832118663e-06,2.841842358730504e-06,0.030682173727993225
2013-10-14,5.390763459317086e-05,0.10149197804754215,5.148188930457173e-06,0.0847843497766927,1.690768285694665e-06,2.792184755699087e-06,0.03136417129882481
2013-10-15,5.553151341989191e-05,0.1014822668282068,5.175432459003404e-06,0.0704839557793188,1.7204150657006957e-06,2.5984836882605307e-06,0.03098087841928736
2013-10-16,4.144281603770634e-05,0.07693209237726246,5.332098899262719e-06,0.0445494304722543,1.143618761387789e-06,1.4900883887796012e-06,0.027595102619167543
2013-10-17,4.1583055321708076e-05,0.08647643567619055,5.557464680174738e-06,0.0306682820829059,1.3146021388010268e-06,1.0047208887394687e-06,0.03161389004801555
2013-10-18,4.3823960134694674e-05,0.15201022450532928,5.3456459071775795e-06,0.02263724659153,2.3266373964946562e-06,7.344633451163355e-07,0.05309053288072653
2013-10-21,4.4710412594374516e-05,0.18734747580440095,5.319065866616262e-06,0.0180387006125548,2.8891485279541944e-06,5.85422702427017e-07,0.06461914261819424
2013-10-22,4.4371990394003997e-05,0.2350501861961331,5.355119203340738e-06,0.0031053925635072,3.6232610550601694e-06,1.0033217278222559e-07,0.08165649146876634
2013-10-23,3.6244305626284386e-05,0.18286275718107856,5.27196861465026e-06,0.006624596794611,2.5277351270867917e-06,2.0899672573670837e-07,0.06974157963323423
2013-10-24,4.040389782719303e-05,0.18122452365050412,5.01372368964011e-06,0.0042185274749682,2.579341210395293e-06,1.327718282436207e-07,0.06383892023059516
2013-10-25,3.967999624918889e-05,0.14889134182022534,5.0790521946505385e-06,0.0004991423893777,2.113715796167498e-06,1.572306890374751e-08,0.053269052317783554
2013-10-28,4.081308187982178e-05,0.1388312702387816,5.056826876134706e-06,-0.0081932357767927,1.9944632355761877e-06,-2.788661027619178e-07,0.0488682340002915
2013-10-29,4.2024721372673885e-05,0.11447803858165875,5.036046103543712e-06,-0.0118311548322382,1.6654034109102403e-06,-3.9735955733105175e-07,0.039629136291981476
2013-10-30,3.243679795796633e-05,0.03942448831920325,5.845540085557267e-06,-0.0177266975855984,5.428719154938178e-07,-5.874709748588704e-07,0.016736297960030018
2013-10-31,3.3498134377451295e-05,0.03104756101780874,6.429077664296566e-06,-0.0111702613902702,4.5562981534597646e-07,-3.737804310690906e-07,0.013601647489141246
2013-11-01,3.528785039280735e-05,0.03365949919222348,7.74187639535205e-06,-0.0051496220998357,5.563439483346996e-07,-1.7212694321319236e-07,0.015765878117871925
2013-11-04,3.477448195487655e-05,0.03474774935379695,8.117125532034961e-06,-0.0070561362278599,5.837920087137091e-07,-2.347416851052122e-07,0.016787942649188533
2013-11-05,3.766596277267884e-05,0.020346450101344,8.140354644291324e-06,-0.0087797586165965,3.562745883984024e-07,-2.8942226158699405e-07,0.0094587941518603
2013-11-06,3.8333959556374354e-05,0.008949883673642826,7.5804217890144136e-06,-0.0250017339732708,1.5256535235738956e-07,-9.278960952745631e-07,0.0039799006970053594
2013-11-07,4.0431492315281525e-05,0.016615576786991538,5.614343481369279e-06,-0.0170515968266712,2.5033685792827075e-07,-6.008413309545828e-07,0.006191630424525616
2013-11-08,4.3778322206368926e-05,0.05792484538128994,6.496415396093283e-06,0.0363896901897438,9.768577656463561e-07,1.1708254525271188e-06,0.022313732377442313
2013-11-11,4.088414418239951e-05,0.07269036379382952,6.123094109557064e-06,0.0324154498626399,1.1501110211939734e-06,1.0461053160775285e-06,0.028130979483461768
2013-11-12,3.99781619662566e-05,0.0601698103284047,5.750608131321439e-06,0.0271628335987341,9.123194653135828e-07,8.876145064982689e-07,0.02282044547429725
2013-11-13,4.4902541372157916e-05,0.04754466605473966,5.550146417920295e-06,0.0141100393130265,7.505670283175001e-07,4.4588657482564276e-07,0.01671546877707224
2013-11-14,4.545126757048379e-05,0.030364240169554423,5.474450152476511e-06,0.0052915704399248,4.789670862264247e-07,1.6497902718978306e-07,0.010538035831094568
2013-11-15,4.488960878325864e-05,0.020812404594451488,5.276508065961428e-06,-0.0129028924861742,3.2030850722681824e-07,-4.201062219279546e-07,0.007135471123693012
2013-11-18,4.304897041106976e-05,0.012731407030709819,5.181004827948862e-06,-0.0361183182123001,1.9013618950660458e-07,-1.551706330945893e-06,0.0044167418567974005
2013-11-19,4.253689180732228e-05,0.006024439595701803,5.184851941542903e-06,-0.0332257560529453,8.94679961050048e-08,-1.4418237086316063e-06,0.0021033035631814506
2013-11-20,3.986505410246521e-05,-0.038403328828974556,3.928471462422094e-06,-0.0346599946609958,-4.805923474761026e-07,-1.524471354546098e-06,-0.012055479624857283
2013-11-21,3.485111027762049e-05,0.014092116557129941,3.9479436702500096e-06,-0.0441088445816544,1.6529891749937174e-07,-1.964384796626747e-06,0.004743002911029718
2013-11-22,3.677714977289896e-05,0.07325049206092045,4.159529806114942e-06,-0.04816946663473,9.059864470282559e-07,-2.242814688682654e-06,0.02463449322807164
2013-11-25,4.464079349966786e-05,0.09767318744899268,4.260191237305471e-06,-0.0506500869949529,1.346963603813324e-06,-2.394113115021613e-06,0.030173379508214738
2013-11-26,4.5604254902161166e-05,0.10345284603848764,4.272574285572758e-06,-0.0496406597927919,1.4440756209432027e-06,-2.9017803361374757e-06,0.03166537034847528
2013-11-27,5.098239319509307e-05,0.01882898406612535,4.268109070701708e-06,-0.0531309220488439,2.7775043741884096e-07,-3.1653699857141433e-06,0.005447967818144201
2013-11-29,5.306536742177139e-05,-0.034002894673038526,4.294679663915905e-06,-0.0527210354738345,-5.133184401427059e-07,-3.14125212964317e-06,-0.009673323018057615
2013-12-02,5.1303727815654587e-05,-0.05323274684354099,5.20952723905969e-06,-0.0559370579927646,-8.70266957861977e-07,-3.5645574706208826e-06,-0.016963035532018937
2013-12-03,5.129816798105141e-05,-0.051662693273741137,5.284597136477104e-06,-0.047519449420384,-8.506167163899402e-07,-3.1787774700381865e-06,-0.016581814709331184
2013-12-04,4.926678581923591e-05,-0.05077954785351528,5.1322843908547955e-06,-0.047267066323792,-8.074605275466031e-07,-3.165443874150856e-06,-0.016389551583682473
2013-12-05,6.186383108747796e-05,-0.08406287443615333,4.936600356518947e-06,-0.0568326031353243,-1.4690501672155197e-06,-3.925921610501012e-06,-0.023746511352299268
2013-12-06,6.149224160789946e-05,-0.07432952031994194,4.862050233974391e-06,-0.0642338466542002,-1.2852310624484464e-06,-4.265142399899979e-06,-0.020900702736511432
2013-12-09,5.694825981469449e-05,-0.07282797283142763,4.782263716286155e-06,-0.0605571563926258,-1.2018636800511551e-06,-4.0474307926309196e-06,-0.021104484736881028
2013-12-10,5.3452041059883435e-05,-0.08712377537948476,4.804572231730313e-06,-0.0585851161358261,-1.3961953806610377e-06,-3.931598503185297e-06,-0.026120525109543543
2013-12-11,5.2671389427449466e-05,-0.06967876555186414,4.784691628458784e-06,-0.0690816819344789,-1.1061520075081397e-06,-4.4169038262791475e-06,-0.02100100300243216
2013-12-12,5.926873458923956e-05,-0.0958011089904636,4.741973751209713e-06,-0.069360487002691,-1.6060643303305715e-06,-4.493796822646312e-06,-0.027098002706846352
2013-12-13,5.102150798536989e-05,-0.10158353607674074,4.619524606023248e-06,-0.0690464757554047,-1.5595475254341268e-06,-4.515176674426375e-06,-0.030566472591937455
2013-12-16,5.265033739264804e-05,-0.12187780554768851,4.497821713477807e-06,-0.0704238496165017,-1.875539968741345e-06,-4.5613369684259145e-06,-0.03562256315195505
2013-12-17,5.547285481711756e-05,-0.14086365511254262,4.398984705119356e-06,-0.0686316560952965,-2.200469926770286e-06,-4.459236592891001e-06,-0.03966750826191976
2013-12-18,5.7755345996717895e-05,-0.20410669661529118,4.320503096394846e-06,-0.0729368815538481,-3.2241891281104365e-06,-4.297044789254419e-06,-0.05582494698055587
2013-12-19,6.478693026373803e-05,-0.3573821591393672,3.936950189758481e-06,-0.0745028348036567,-5.707639432570168e-06,-4.3854268365020524e-06,-0.0880986243573389
2013-12-20,6.101338500649426e-05,-0.40723045981148914,3.722896858175961e-06,-0.0720701572601163,-6.137525605118613e-06,-4.279527452200762e-06,-0.10059310107880975
2013-12-23,6.0371580554275465e-05,-0.4374379845114482,3.6620718168989704e-06,-0.0705700323200072,-6.504234540753379e-06,-4.159501568766071e-06,-0.10773669466721879
2013-12-24,6.05937066863415e-05,-0.4398136363604342,3.9861007730287805e-06,-0.0644690301639687,-6.835284374190273e-06,-3.8753385649888785e-06,-0.11280518634670393
2013-12-26,6.0130930524985e-05,-0.48056767725088795,3.76156215852741e-06,-0.0760748809221779,-7.227492350709966e-06,-4.855148055722688e-06,-0.12019591726934728
2013-12-27,6.1029823506439453e-05,-0.39498373239931317,3.671281559263419e-06,-0.075984749466897,-5.912336076332401e-06,-4.849294105725209e-06,-0.09687617850817759
2013-12-30,6.103786899254316e-05,-0.3572614027199299,3.6599497962236913e-06,-0.0774042589118869,-5.3397797560421195e-06,-4.944847681752874e-06,-0.0874830632880461
2013-12-31,6.15980310886923e-05,-0.3376979080702143,3.594280021857033e-06,-0.0768822537023268,-5.0247879641097735e-06,-4.879964977513973e-06,-0.08157384051569443
2014-01-02,6.274975633376732e-05,-0.3462826719141084,3.6000810827447315e-06,-0.0775160954976653,-5.204666697330961e-06,-4.740442123813914e-06,-0.08294321765406108
2014-01-03,6.287727487442676e-05,-0.33670926587822964,3.5883128729799685e-06,-0.075984102413782,-5.05763023674614e-06,-4.6985429719640846e-06,-0.08043653683857668
2014-01-06,6.194585296328845e-05,-0.34897802670988204,3.5924353005161042e-06,-0.0757021575170809,-5.205934251937411e-06,-4.660994044538981e-06,-0.08404007698501871
2014-01-07,5.985294868622432e-05,-0.3223797469289021,3.636257190849151e-06,-0.0860658887702092,-4.755955934436147e-06,-5.501597468692212e-06,-0.07946067886093591
2014-01-08,5.957982003469859e-05,-0.2964216480817229,3.4422267913926414e-06,-0.0847521830376822,-4.245015216656547e-06,-5.4347604583707865e-06,-0.07124921179997355
2014-01-09,5.8876921963223624e-05,-0.3003245146599026,3.511433785766551e-06,-0.0877678048586703,-4.3182280517385e-06,-5.7812921671006064e-06,-0.07334330511428232
2014-01-10,5.8643073362417135e-05,-0.30915710154996956,3.752627078834896e-06,-0.0882542536158843,-4.586224313671541e-06,-5.893418125181868e-06,-0.07820572918012746
2014-01-13,6.549653155125348e-05,-0.37259635297352195,3.6367757377592613e-06,-0.0769722655663309,-5.750505341298044e-06,-4.860397107699956e-06,-0.08779862391336034
2014-01-14,6.384952094066409e-05,-0.3535644109852627,3.801215873711983e-06,-0.0751015163614427,-5.508186444137668e-06,-4.607677560684807e-06,-0.08626825014484404
2014-01-15,6.070372053025981e-05,-0.19261930693721319,3.17208297209712e-06,-0.0810015094885318,-2.672881715457065e-06,-5.059384150080352e-06,-0.04403159628617289
2014-01-16,6.085694586035492e-05,-0.24437823348591775,3.2832964672050963e-06,-0.0794143730810847,-3.454400178692313e-06,-4.989761584614182e-06,-0.05676262799350685
2014-01-17,6.130074788390541e-05,-0.29864662047509877,3.3575161902539486e-06,-0.0782742558722255,-4.2844940976283785e-06,-4.91854336911199e-06,-0.06989301510223953
2014-01-21,6.022038567812545e-05,-0.38302386049787585,3.278015749627663e-06,-0.0837517443607445,-5.3814971355519635e-06,-5.353266684373658e-06,-0.08936337877867075
2014-01-22,6.0180607898710316e-05,-0.4458233780207733,3.221926765739999e-06,-0.083863773321343,-6.207960654380841e-06,-5.3687882402524275e-06,-0.10315549927361034
2014-01-23,6.197862719476769e-05,-0.5434492540585397,3.3761760530308636e-06,-0.0808694781994816,-7.861266437210702e-06,-5.088470239282947e-06,-0.12683834400698632
2014-01-24,8.312838911315208e-05,-0.6325987763944138,3.436281598883171e-06,-0.0720762408033953,-1.0691715726791844e-05,-3.818452632012438e-06,-0.12861690020527852
2014-01-27,7.785643656399444e-05,-0.5659170647814584,3.422369358198762e-06,-0.0853156653010342,-9.237692266804016e-06,-4.507499424764165e-06,-0.11865033482762924
2014-01-28,5.7778264472590076e-05,-0.5320399569420518,3.274087129638541e-06,-0.0896102296420712,-7.317649640514762e-06,-4.698178777572395e-06,-0.12665056154440646
2014-01-29,5.541992369045716e-05,-0.5393862292395547,3.3299767486487453e-06,-0.0838652133628168,-7.3274593329373885e-06,-4.182203144476041e-06,-0.1322170592270071
2014-01-30,5.718939038351772e-05,-0.5326819449303541,3.262105168038135e-06,-0.0985082206517618,-7.275698426320192e-06,-5.092746536765966e-06,-0.1272211222663616
2014-01-31,5.786696567157789e-05,-0.5069757048335647,3.3309465494058325e-06,-0.0999965934008855,-7.03860080183075e-06,-5.391270773742027e-06,-0.12163417798296361
2014-02-03,7.055814511505822e-05,-0.5014883389139252,3.4272845938402437e-06,-0.1145863462316656,-7.79847170629061e-06,-4.725091783933693e-06,-0.11052546369485405
2014-02-04,5.3287933521446234e-05,-0.5072549413666111,3.5320820066613165e-06,-0.1076222867331974,-6.959148676565208e-06,-4.573898924954864e-06,-0.13059520639441635
2014-02-05,5.1744253938995175e-05,-0.5001209623748925,3.6590815141413134e-06,-0.1157669977509199,-6.88164341701596e-06,-6.232828260986241e-06,-0.13299338367365773
2014-02-06,5.460185755120456e-05,-0.5411664953845764,3.0153502569798235e-06,-0.1180456274078143,-6.94390055643846e-06,-6.20181823887505e-06,-0.1271733392939353
2014-02-07,6.356327391387762e-05,-0.545626776386109,3.1151253099817436e-06,-0.1293560813600358,-7.677795929769092e-06,-6.5427313900271065e-06,-0.12078981237139857
2014-02-10,6.2547563500994e-05,-0.563688176852034,3.1419239383885007e-06,-0.1263403315506446,-7.902089744596974e-06,-6.502634707720951e-06,-0.12633729121153367
2014-02-11,5.609995653519849e-05,-0.58739389690913,3.2505697591136824e-06,-0.1199110635208071,-7.93214122001876e-06,-6.144768311316604e-06,-0.14139300117000875
2014-02-12,5.280573476410588e-05,-0.5750369815532065,3.361781726294531e-06,-0.1209745333941401,-7.661628269116309e-06,-6.201551069718094e-06,-0.14509083726118732
2014-02-13,5.31879934714369e-05,-0.5601989622007258,3.520028237382058e-06,-0.1263813281615202,-7.665176809616199e-06,-6.442179460879407e-06,-0.14411479563959417
2014-02-14,5.362200748552388e-05,-0.5357445882584584,3.4948057548662097e-06,-0.1260152668690144,-7.333999032697862e-06,-6.398277534536894e-06,-0.1367721832249155
2014-02-18,5.088126402858046e-05,-0.5497790132975455,3.5042939604446433e-06,-0.1278571709317923,-7.341205283545724e-06,-6.512327240533418e-06,-0.14428111061513926
2014-02-19,5.093399391722896e-05,-0.5238908495718466,3.359520650374619e-06,-0.1336341450550979,-6.853041101555985e-06,-6.659685273917975e-06,-0.13454749126276297
2014-02-20,5.128532994270177e-05,-0.5057596843947626,3.3515058882657746e-06,-0.1313615171259152,-6.6307213550662545e-06,-6.680797718449635e-06,-0.1292908003609295
2014-02-21,5.0142924359823583e-05,-0.4972465256710349,3.3747254852622262e-06,-0.1321149208186231,-6.468384269107162e-06,-6.736750440778582e-06,-0.12899894355363678
2014-02-24,5.289213529725008e-05,-0.48275397983528323,3.3393787411966646e-06,-0.1310443131067744,-6.415850741130692e-06,-6.657806403716742e-06,-0.1213006566113102
2014-02-25,4.99909412374215e-05,-0.47284570808445364,3.4239443690078374e-06,-0.1275996223817641,-6.1862641215477315e-06,-6.500782464610439e-06,-0.1237477024520776
2014-02-26,4.8822079787728685e-05,-0.49276122728873195,3.4152106781971833e-06,-0.1273029717079821,-6.362875360624504e-06,-6.48561781803438e-06,-0.1303278227451465
2014-02-27,4.902946505121921e-05,-0.5060026884313938,3.391266407350992e-06,-0.1319041871080511,-6.524727157803308e-06,-6.657402167451594e-06,-0.13307767382302
2014-02-28,4.913560627678946e-05,-0.517687467024908,3.3762600499976163e-06,-0.1321020203077662,-6.667818283190872e-06,-6.660165226848755e-06,-0.1357023712219991
2014-03-03,5.060228536900576e-05,-0.524241402420126,2.7220624048152283e-06,-0.1343598578279311,-6.152695486327051e-06,-6.8577054283339286e-06,-0.12158928082911485
2014-03-04,5.593664385448813e-05,-0.5519101149071614,2.9707865708543854e-06,-0.1199651606533004,-7.1146293939545695e-06,-5.691373055155655e-06,-0.12719085207296935
2014-03-05,4.9068183379191435e-05,-0.5372874028559111,3.040863085153008e-06,-0.1206386344008142,-6.563040456272482e-06,-5.724487668997708e-06,-0.13375348350588623
2014-03-06,4.928243059442446e-05,-0.5222818170136395,3.2394656653737642e-06,-0.1189323901172047,-6.599144778870069e-06,-5.635529194829657e-06,-0.13390461264336787
2014-03-07,4.8971813978785636e-05,-0.4971539571654816,3.5120497990320677e-06,-0.1185452043663442,-6.519950954735209e-06,-5.864431994952729e-06,-0.13313680717564644
2014-03-10,4.912023117884392e-05,-0.48489857129843655,3.494039156245006e-06,-0.1178742979273669,-6.352504617170507e-06,-5.831240261019322e-06,-0.12932562540354106
2014-03-11,5.148937537691702e-05,-0.4811412499236773,3.4940159867567495e-06,-0.1241575803350112,-6.453478204720349e-06,-6.136191707411387e-06,-0.12533611366381966
2014-03-12,4.8906113932888686e-05,-0.48456290390498363,3.473552865398369e-06,-0.1259709258859355,-6.315659352362068e-06,-6.45427084238597e-06,-0.1291384418935579
2014-03-13,5.192240840939531e-05,-0.5163518056136969,3.5347209876200724e-06,-0.1189844604124076,-6.995208823901207e-06,-5.7706788017424965e-06,-0.13472427489776131
2014-03-14,5.053194068255615e-05,-0.5207086425505384,3.2473610365721235e-06,-0.121146170664559,-6.6702646074713835e-06,-5.875931924548705e-06,-0.13200095854964836
2014-03-17,5.312543808337814e-05,-0.5286813736979954,3.2400896848922683e-06,-0.1170828647303538,-6.936234825687847e-06,-5.595342508846872e-06,-0.13056334358695956
2014-03-18,5.3640183376897774e-05,-0.5406266739004858,2.8022429718891595e-06,-0.1230981228807683,-6.62819826531162e-06,-5.937037084639943e-06,-0.12356777788657432
2014-03-19,4.9711758607667365e-05,-0.47995105943361843,3.240688491445875e-06,-0.1388334252255067,-6.091793337776107e-06,-6.61175457094874e-06,-0.12254230203066142
2014-03-20,4.924048797705463e-05,-0.4718479798020329,3.1807464899203287e-06,-0.1356400461776328,-5.9051074209457595e-06,-6.408707145469068e-06,-0.1199238200827225
2014-03-21,5.1299807125194504e-05,-0.48607018270016733,3.2878025505462874e-06,-0.1260609859386769,-6.312620928958952e-06,-5.8291068725467904e-06,-0.12305350220037534
2014-03-24,5.150721281894852e-05,-0.4934898471297946,3.176046686937273e-06,-0.1299585856668128,-6.311835706088224e-06,-5.946808947147469e-06,-0.12254275392991602
2014-03-25,5.187847468728203e-05,-0.4945353799107705,3.156688631815488e-06,-0.1311879199875527,-6.328588236639711e-06,-6.013812111379608e-06,-0.12198871063167863
2014-03-26,4.894688218699071e-05,-0.530194227595855,3.209448082187802e-06,-0.1262279977650859,-6.645270886685348e-06,-5.6034048895810585e-06,-0.13576494742399658
2014-03-27,4.819111839496585e-05,-0.5378089114367159,3.0831226494468527e-06,-0.1260738149683242,-6.55551624087427e-06,-5.569920455475651e-06,-0.13603162697214086
2014-03-28,4.77393720640184e-05,-0.5270533215696893,2.982238391295625e-06,-0.1209294120561988,-6.288746435173219e-06,-5.3041676902267595e-06,-0.13173081595501554
2014-03-31,4.471229395078723e-05,-0.485826461261787,2.839979947723553e-06,-0.1237473270502042,-5.474598553392332e-06,-5.279241880706145e-06,-0.12244056543862347
2014-04-01,4.637295349124256e-05,-0.5257249671442873,2.9873135376827603e-06,-0.1095860680005707,-6.187730418912343e-06,-4.671967229084873e-06,-0.13343403758142952
2014-04-02,4.141854620280984e-05,-0.524440872647377,2.9795770756808508e-06,-0.106776737636323,-5.826010580340311e-06,-4.574748206526659e-06,-0.1406618801107286
2014-04-03,4.131197301210188e-05,-0.4912047624632834,2.875084864334336e-06,-0.1065300989699019,-5.353352873786604e-06,-4.5536600116023844e-06,-0.1295835682362205
2014-04-04,4.5815215175484866e-05,-0.5037338771752514,3.1139861149333354e-06,-0.0950218334859439,-6.016783161304578e-06,-3.707763227163529e-06,-0.13132718330053988
2014-04-07,4.72141155464609e-05,-0.48665023410262986,3.2040452201071686e-06,-0.0901740684038877,-5.985524107483832e-06,-3.254221855894061e-06,-0.12677403861550252
2014-04-08,4.530353492960697e-05,-0.4518018014848857,3.189736145836218e-06,-0.1001988494910712,-5.431144820538126e-06,-3.749408134428059e-06,-0.11988346668702755
2014-04-09,4.691297863661334e-05,-0.43829462921841056,3.042302938677287e-06,-0.1040859988482811,-5.2361717297745085e-06,-3.6790547870027677e-06,-0.11161456556262933
2014-04-10,5.810324280314903e-05,-0.47001717068090715,3.042147575974e-06,-0.0907446533119268,-6.248906818366065e-06,-2.1798745030877145e-06,-0.10754833150254726
2014-04-11,5.691804938589508e-05,-0.4544143338454151,3.00321681781979e-06,-0.0981899393299612,-5.94114798102463e-06,-2.1183108815274564e-06,-0.10438073765923736
2014-04-14,5.793906540801691e-05,-0.4704577382422093,2.963390005861331e-06,-0.082449942492795,-6.16454127868694e-06,-1.7661365193786194e-06,-0.10639697474018912
2014-04-15,5.375893588153699e-05,-0.4547029103516933,2.9448120890773543e-06,-0.0871863092311738,-5.721130568241896e-06,-1.8107907102462764e-06,-0.10642194594120985
2014-04-16,3.1303883437837385e-05,-0.41402175221438126,2.797231769060192e-06,-0.0893969601289753,-3.874239760944585e-06,-1.7213144958655342e-06,-0.12376227277481312
2014-04-17,3.0074876652121772e-05,-0.38951613559212855,2.816067748167625e-06,-0.0874579439263419,-3.5846679233877284e-06,-1.6878596182977262e-06,-0.11919144224103846
2014-04-21,3.398061258211898e-05,-0.37468374119436304,2.695559009922303e-06,-0.0968185102510554,-3.5859553004661143e-06,-1.9639972672225733e-06,-0.10552944835235514
2014-04-22,3.465237531876505e-05,-0.36345511555284454,2.669748905662622e-06,-0.0913934199982026,-3.49584766214958e-06,-1.8535764755087615e-06,-0.10088334868797576
2014-04-23,3.661275306357103e-05,-0.3569779896697176,2.6592361454012954e-06,-0.0893741335203273,-3.5223790170346483e-06,-1.7964820565604614e-06,-0.0962063412963978
2014-04-24,2.8915216768426475e-05,-0.34091392816703897,2.5855837764253718e-06,-0.0897558940941219,-2.94772712682049e-06,-1.8037989782767361e-06,-0.10194380178533592
2014-04-25,3.367547480592454e-05,-0.29519677964460594,2.56712838699277e-06,-0.0982214803455267,-2.744683514561961e-06,-1.7883388771348218e-06,-0.08150392920604307
2014-04-28,3.364553762091845e-05,-0.2564380413453908,2.5616262531508545e-06,-0.1199558535746876,-2.3806967003315145e-06,-2.256671720122885e-06,-0.07075817088003265
2014-04-29,3.9441733334885286e-05,-0.27497429329931694,2.5598795393113086e-06,-0.1231222546080198,-2.762993450004237e-06,-2.2812920551949922e-06,-0.07005253614349738
2014-04-30,4.001418281063408e-05,-0.28080418045145006,2.5721560871445273e-06,-0.1321316309340588,-2.848781922410885e-06,-2.4809453978094692e-06,-0.07119430467673575
2014-05-01,2.1991126094734782e-05,-0.29658030034140176,2.518997710802947e-06,-0.1354008791586864,-2.207394323717001e-06,-2.6038384395145494e-06,-0.10037659345900916
2014-05-02,2.5114593555483047e-05,-0.30714174163942687,2.5222547660095367e-06,-0.1401400581796918,-2.4445357632522687e-06,-2.853390186057595e-06,-0.0973352707401699
2014-05-05,2.3421323104644024e-05,-0.3120210890486585,2.5397357001276173e-06,-0.1335870434223182,-2.4064892327933565e-06,-2.754478517894815e-06,-0.10274779191770739
2014-05-06,2.3724080850696792e-05,-0.3041388059531499,2.5239734020610022e-06,-0.1352005445067575,-2.3534713796436536e-06,-2.570213583642557e-06,-0.09920179392638222
2014-05-07,2.503936026433856e-05,-0.2913145162301023,2.321044516135402e-06,-0.1410465307091259,-2.220830818440758e-06,-2.6074166067426045e-06,-0.08869359260762341
2014-05-08,2.245244272166245e-05,-0.29588930416188164,2.3541643491552175e-06,-0.145249970702183,-2.151193388125853e-06,-2.7209805028523634e-06,-0.09581110682671289
2014-05-09,2.6257615904936162e-05,-0.29255552053851175,2.329662417190696e-06,-0.1403828336214575,-2.2881391928357086e-06,-2.657633606000407e-06,-0.08714192488456508
2014-05-12,2.5472098693136958e-05,-0.31026382507535855,2.2467334007994035e-06,-0.1400476619104397,-2.347141528726721e-06,-2.4356775721785806e-06,-0.09214558866950057
2014-05-13,2.7268227179962204e-05,-0.31720941345159676,2.342991269246431e-06,-0.152255199367432,-2.5354780421986325e-06,-3.1655911110249314e-06,-0.09298287070388662
2014-05-14,2.54765910501542e-05,-0.32014877388157786,2.4705731822806716e-06,-0.1295831025142372,-2.5399277457433127e-06,-2.8594189029084905e-06,-0.09969653085623241
2014-05-15,2.174205444419079e-05,-0.32884672724336433,2.541255480098314e-06,-0.1222413425403565,-2.4443758120470397e-06,-2.4497289872148447e-06,-0.11242616553653911
2014-05-16,2.0552751262807784e-05,-0.32442397286699287,2.4831677275082203e-06,-0.116754600455076,-2.317666530302638e-06,-2.3526909746182816e-06,-0.11276672892435001
2014-05-19,2.1296152341554682e-05,-0.32707240889289263,2.532770458207159e-06,-0.116962661926584,-2.402107271966507e-06,-2.3431484620328313e-06,-0.11279536478894037
2014-05-20,2.0908636850371392e-05,-0.3281865813161011,2.5510229125089286e-06,-0.1175328487314675,-2.396850019992745e-06,-2.2066104672574054e-06,-0.11463444686257347
2014-05-21,2.119414789263069e-05,-0.33246118894082427,2.6355268444632885e-06,-0.1259575107303107,-2.484749752321473e-06,-2.3111620769124235e-06,-0.11723753957503678
2014-05-22,2.007249814887391e-05,-0.2958409201869619,2.218452212378489e-06,-0.1249091476125005,-1.97416749515537e-06,-2.2867261073039595e-06,-0.09835185837424641
2014-05-23,2.2049522594442057e-05,-0.2817273603840046,2.2573860026304378e-06,-0.1311949996661354,-1.987611658576439e-06,-2.4514747965697455e-06,-0.09014306999451539
2014-05-27,2.174082787467674e-05,-0.28488704400116266,2.27373091112098e-06,-0.1403609891690441,-2.002996870887004e-06,-2.529384209146372e-06,-0.09213066229276635
2014-05-28,2.1661197917021908e-05,-0.28180191938776883,2.510524407590284e-06,-0.0726886032812518,-2.0781046113263287e-06,-1.992338291504675e-06,-0.09593673532216343
2014-05-29,2.1856321025887475e-05,-0.2896684519604534,2.5468876971478376e-06,-0.0743543423910619,-2.16119834677062e-06,-2.011787879631881e-06,-0.09888207371271737
2014-05-30,2.8179051435749515e-05,-0.2976468920353342,2.5393937413755526e-06,-0.0620611366636688,-2.5178482945342384e-06,-1.747316934108682e-06,-0.08935177609775592
2014-06-02,2.8496658002674943e-05,-0.303003630393635,2.9699081217493907e-06,-0.0444093221891994,-2.787509166103409e-06,-1.3453032284539147e-06,-0.0978188096948684
2014-06-03,3.418588872187905e-05,-0.3043197333062252,2.9215872142254307e-06,-0.0448259443368474,-3.041326034276902e-06,-1.3579292454165507e-06,-0.08896436945137676
2014-06-04,2.793146765100254e-05,-0.3087512375251606,2.836028967311565e-06,-0.0522614471429878,-2.7479632242498673e-06,-1.610381795360056e-06,-0.09838234276068322
2014-06-05,4.136471088316827e-05,-0.31082140612181375,2.527082637144319e-06,-0.0602609312410259,-3.1778664304234183e-06,-1.982861578613129e-06,-0.07682554434863766
2014-06-06,3.9833023701562004e-05,-0.2935271013201628,2.440856420723245e-06,-0.0593320115620687,-2.8942827745992567e-06,-1.932209210345323e-06,-0.07266038341161032
2014-06-09,5.1073182956276414e-05,-0.2787643371399623,2.4949328651402286e-06,-0.0577497238873151,-3.1467562763473922e-06,-1.880379130713076e-06,-0.06161269171418825
2014-06-10,4.95066057749403e-05,-0.2537112778834264,2.4741018222276513e-06,-0.0476180843468297,-2.8078902779985964e-06,-1.6020319836322855e-06,-0.05671748717258899
2014-06-11,4.7157992518462575e-05,-0.24354317506955922,2.537822922598131e-06,-0.0443602369163734,-2.6643070632660623e-06,-1.502497430712429e-06,-0.056497465667627256
2014-06-12,4.667919578081926e-05,-0.2579626935009316,2.6764394342299906e-06,-0.0343195104578719,-2.883349551478261e-06,-1.1212181210705872e-06,-0.06176947788511483
2014-06-13,3.72024477228719e-05,-0.2696799100298551,2.6663485217861274e-06,-0.0441879044115078,-2.68591837387408e-06,-1.5009634706808819e-06,-0.07219735631058462
2014-06-16,2.938646502467408e-05,-0.25357955604256516,2.5275927469273773e-06,-0.0442215968813838,-2.1854529482932255e-06,-1.524999283624918e-06,-0.07436937196965439
2014-06-17,3.191330809025626e-05,-0.2527508506138335,2.6411221225297806e-06,-0.0428018892158117,-2.3204530183219514e-06,-1.4755674467093231e-06,-0.07271114018513267
2014-06-18,3.560112133469648e-05,-0.22900558904138213,2.7444320121605513e-06,-0.0537054198631853,-2.263623315650082e-06,-1.8013975032867289e-06,-0.0635829218515086
2014-06-19,3.687128606172102e-05,-0.24345938743971876,2.7275620458311305e-06,-0.0528950716282689,-2.4415070756685705e-06,-1.7777172323711707e-06,-0.06621703055276096
2014-06-20,3.6786047916274955e-05,-0.2271917716845967,2.6768130462333885e-06,-0.0507520683366152,-2.2544633758747754e-06,-1.7194158470574068e-06,-0.06128582719747264
2014-06-23,3.78482539714106e-05,-0.21649316449253517,2.5543192424682025e-06,-0.0510071583351281,-2.128652164711465e-06,-1.7273554713533647e-06,-0.05624175335325595
2014-06-24,3.933090292313687e-05,-0.24046341406533986,2.6460632252636317e-06,-0.0457780827945536,-2.453104650103149e-06,-1.5058563826429258e-06,-0.0623709212803269
2014-06-25,4.004889359785303e-05,-0.24266495540858196,2.7045578989264235e-06,-0.0504489779579781,-2.5255179809840378e-06,-1.6431270247874668e-06,-0.06306086770695278
2014-06-26,4.4267929857314866e-05,-0.23348295819244427,2.7176976233810494e-06,-0.0494629124142421,-2.560945645763806e-06,-1.6151106116378705e-06,-0.05785103694747617
2014-06-27,3.536085878696092e-05,-0.2246216462111439,2.692624215091997e-06,-0.0452645361678645,-2.1917997916255784e-06,-1.4772283214736504e-06,-0.06198378282695414
2014-06-30,3.524942345217237e-05,-0.23131335323557942,2.685252721981308e-06,-0.0459278252371833,-2.250449625918914e-06,-1.498958917968566e-06,-0.06384358680284236
2014-07-01,3.707778978776346e-05,-0.25480728552556503,2.948816477792748e-06,-0.0266963303909849,-2.6643583290393203e-06,-8.49958631674707e-07,-0.07185860711467276
2014-07-02,3.729144432547138e-05,-0.256376091391313,3.0251457253132173e-06,-0.0264815951340226,-2.7230478586558273e-06,-8.529599538284424e-07,-0.07302071313971309
2014-07-03,3.7850371933542936e-05,-0.26934769421313903,2.8953447326481633e-06,-0.0205705878506644,-2.819671260904547e-06,-6.569003804518362e-07,-0.07449520617274989
2014-07-07,3.637233936281704e-05,-0.23427153455670777,2.88221917232285e-06,-0.0089425232802872,-2.3986597130832425e-06,-2.915703104784325e-07,-0.06594735876503342
2014-07-08,3.904012916123487e-05,-0.21557310228641727,2.8860196554982835e-06,-0.004935014805206,-2.2882308519400725e-06,-1.5709679167101532e-07,-0.058612276677921064
2014-07-09,3.921043801203444e-05,-0.19728073944655466,2.8560183064245253e-06,-0.0083723847594512,-2.0876900788919796e-06,-2.6345763064562125e-07,-0.05324322258912862
2014-07-10,3.784415060760939e-05,-0.17932198110584158,2.8291573059286437e-06,-0.000590807852275,-1.8555021294629286e-06,-1.8857991343380016e-08,-0.049030090507298625
2014-07-11,4.137743263306523e-05,-0.1738782179032162,2.844762776722064e-06,-0.0022520252486821,-1.8864703290069562e-06,-7.187740659891262e-08,-0.04559176848250014
2014-07-14,3.5819786180035966e-05,-0.1478875105562764,2.85596753301843e-06,0.0009626435171577,-1.4957865574196006e-06,3.137296020151482e-08,-0.04175866795802573
2014-07-15,3.740515266448331e-05,-0.1309796968492794,2.834367911343684e-06,-0.0007934176602388,-1.348645501236229e-06,-2.5785641539148192e-08,-0.036055072768538275
2014-07-16,4.331224214055195e-05,-0.12650563372234247,2.808663923828937e-06,-0.0010771913701625,-1.3952919470897509e-06,-3.5333158468700355e-08,-0.03221472447817198
2014-07-17,4.7474517764657056e-05,-0.16296422118935755,2.852245289625138e-06,0.0138433675823095,-1.8963390237262024e-06,4.208866709141473e-07,-0.03994435568838897
2014-07-18,4.82618636397603e-05,-0.17158523757990146,2.741178075606854e-06,0.005006020494006,-1.9735611587510078e-06,1.4874858353080058e-07,-0.04089276728893451
2014-07-21,3.56854935741795e-05,-0.15792553318970615,2.6778776578431014e-06,0.0024752056993162,-1.5438090117959955e-06,7.525626948045577e-08,-0.04326152890632932
2014-07-22,3.6878426197529086e-05,-0.1505499629674552,2.699696361338836e-06,-0.0048402115251565,-1.5021880511628003e-06,-1.5168390898386435e-07,-0.04073351837512657
2014-07-23,3.8554343811198455e-05,-0.14868122308702705,2.691811996671014e-06,-0.0287485379753546,-1.5146599605537426e-06,-1.0693216759391978e-06,-0.039286363372466375
2014-07-24,3.79220014302475e-05,-0.14793279572346935,2.7276939998674046e-06,-0.0317692946260758,-1.5045544662297473e-06,-1.2288474249821286e-06,-0.03967497519868976
2014-07-25,3.58816002468109e-05,-0.15347082481319183,2.7458486379898242e-06,-0.028272866231406,-1.5233511532689618e-06,-1.0817774570280364e-06,-0.04245493909944429
2014-07-28,3.90148494586092e-05,-0.13930759449540087,2.7044876305885332e-06,-0.0278331241135906,-1.4309757055150217e-06,-1.0690356286604484e-06,-0.036677719518901176
2014-07-29,3.5953585678647994e-05,-0.1326361385103211,2.6706691616338326e-06,-0.0405058792019979,-1.2996997042459252e-06,-1.7068037897300602e-06,-0.036149376472839174
2014-07-30,3.539196672747045e-05,-0.13184779628514837,2.8205541593391588e-06,-0.0397711364376611,-1.317323518675646e-06,-1.6758454491764013e-06,-0.03722097528005329
2014-07-31,4.5379445989039353e-05,-0.125549046401233,2.629052409716875e-06,-0.0659747597532559,-1.371332077954602e-06,-2.3587802859921976e-06,-0.03021923357737387
2014-08-01,4.584672797284814e-05,-0.1427717393411793,2.6443079547649983e-06,-0.0660853733205595,-1.571999628853223e-06,-2.3483892454240587e-06,-0.03428815312150978
2014-08-11,3.847004227028839e-05,-0.18832681811469967,2.438908413264522e-06,-0.0453576980293399,-1.8241949389887944e-06,-2.664753218670393e-06,-0.0474185842108543
2014-08-12,3.841634430365733e-05,-0.20131112846147547,2.4966216942299263e-06,-0.0496976704932574,-1.9715244656667697e-06,-2.9602378143792906e-06,-0.05131993950499543
2014-08-13,3.776559449586869e-05,-0.19490772428642886,2.5125465270247986e-06,-0.0556407449603767,-1.8986034684735761e-06,-3.2400172299368884e-06,-0.05027336372743373
2014-08-14,3.862814115860239e-05,-0.21621872819937857,2.569302675785108e-06,-0.0588770399470888,-2.1540354577472476e-06,-3.6005944347254653e-06,-0.055763373363037154
2014-08-15,3.923523389055349e-05,-0.21294054455974623,2.561233240564508e-06,-0.0543298707819578,-2.134622329537084e-06,-3.4556351310883736e-06,-0.05440575008400876
2014-08-18,5.8802594173761744e-05,-0.23977986708408983,2.6714263229613955e-06,-0.0526406083429179,-3.005263513447416e-06,-3.738746797438535e-06,-0.05110766889921316
2014-08-19,5.790352204668287e-05,-0.24237130753930022,2.670398591374796e-06,-0.0511436600099041,-3.0138507481715035e-06,-3.6454749695161105e-06,-0.05204952378789122
2014-08-20,5.609710643686182e-05,-0.2400601470397809,2.611558163128543e-06,-0.0591095775387127,-2.905628918865948e-06,-4.396286765625069e-06,-0.05179641345915549
2014-08-21,5.441563613273725e-05,-0.26269159515777746,2.5144512079082043e-06,-0.0573383289186921,-3.072767065565361e-06,-4.335002719233372e-06,-0.05646845803786788
2014-08-22,5.0059045313325706e-05,-0.2553212690177181,2.4987482263587288e-06,-0.0572380189565724,-2.855548397053116e-06,-4.3268942716490594e-06,-0.057043604790700426
2014-08-25,6.652021183637015e-05,-0.2605783243480022,2.5390199373625944e-06,-0.0582221298610257,-3.3864771873719254e-06,-4.544092300020701e-06,-0.050908995835764276
2014-08-26,6.338834696697776e-05,-0.26647355457176325,2.579945193682787e-06,-0.0576610716089009,-3.4077212973686402e-06,-4.501484184784417e-06,-0.05375942835587584
2014-08-27,6.228211919321129e-05,-0.254296328286494,2.598631394557424e-06,-0.0555064073934411,-3.235147756719573e-06,-4.38753435025248e-06,-0.05194344377851873
2014-08-28,6.139493236265438e-05,-0.2718811693407366,2.6249665577799115e-06,-0.0585716623211787,-3.451495243052284e-06,-4.800401627094884e-06,-0.056217917509292295
2014-08-29,6.15753093611576e-05,-0.27514586366058547,2.615889337380479e-06,-0.0590294493086283,-3.4920139774617363e-06,-4.828348408570472e-06,-0.056711269723064325
2014-09-02,7.761239871585492e-05,-0.2636952832140808,3.280388071072356e-06,-0.0595353745196779,-4.207562022858943e-06,-4.886413661643293e-06,-0.05421249816363952
2014-09-03,7.595624179294328e-05,-0.2730706370050587,3.2976786289224635e-06,-0.0565440953465595,-4.321762556405695e-06,-4.689228222438543e-06,-0.05689805675466172
2014-09-04,7.498131031863036e-05,-0.23008192018059148,3.0076708410558644e-06,-0.0595066793560603,-3.4552076983830196e-06,-4.949793499827643e-06,-0.04608091914772147
2014-09-05,7.387822741090312e-05,-0.2449956719349384,2.843630682419516e-06,-0.0587386353265217,-3.551021005973224e-06,-4.862920638338711e-06,-0.04806586636442709
2014-09-08,7.348698808482049e-05,-0.23988243400689,2.8107938910731784e-06,-0.0610090430788834,-3.4476103137396104e-06,-5.050377286315284e-06,-0.046914568192130746
2014-09-09,8.133593066383054e-05,-0.21903119004030233,2.8117330031027947e-06,-0.0650702183989524,-3.312334760307804e-06,-5.318452485958462e-06,-0.04072412688062809
2014-09-10,8.008754908927675e-05,-0.21982290039255845,2.796253959427371e-06,-0.0633622850858743,-3.2896049113288495e-06,-5.166809449741406e-06,-0.04107511028539276
2014-09-11,7.945435898388616e-05,-0.23970376894923942,2.7451775377509834e-06,-0.0630721333086938,-3.540127837395556e-06,-5.143104736730605e-06,-0.04455548924777703
2014-09-12,7.986652544186676e-05,-0.220338214818171,2.7626025001905424e-06,-0.0669549249049207,-3.272890098570108e-06,-5.398386717753592e-06,-0.04097949773653768
2014-09-15,7.976789477234261e-05,-0.23455298087007187,2.69903686585848e-06,-0.0668777015013966,-3.4415923691506206e-06,-5.389489034316927e-06,-0.04314508210318095
2014-09-16,8.12776222335961e-05,-0.25766351275997723,2.644108513718611e-06,-0.0643126170032838,-3.7772702271565037e-06,-5.151827837389013e-06,-0.04647368024990241
2014-09-17,8.038458733415224e-05,-0.29307808835152793,2.6453211422144774e-06,-0.0622422934342365,-4.273748337834069e-06,-4.991434171452242e-06,-0.0531662658174563
2014-09-18,8.052555846541116e-05,-0.3151058586990097,2.633558165134565e-06,-0.0621425920506376,-4.588754337898082e-06,-4.952394169692851e-06,-0.05698506691970512
2014-09-19,7.686942885417954e-05,-0.2334648419588028,2.579797826753886e-06,-0.0564288044701405,-3.287692203526461e-06,-4.478987967692056e-06,-0.042769827388247895
2014-09-22,7.562338268336147e-05,-0.28173984707735894,2.6050328290967985e-06,-0.0550773225674528,-3.954421191100036e-06,-4.285964093512047e-06,-0.0522909852850325
2014-09-23,7.716105522203933e-05,-0.3012430285759114,2.6223959337817966e-06,-0.0559993469139004,-4.285141976916513e-06,-4.304397545057925e-06,-0.055535035965819164
2014-09-24,7.845740621167833e-05,-0.33442349332069404,2.594077006280921e-06,-0.0543969880270995,-4.770953506845107e-06,-4.126327329960201e-06,-0.06080947277269222
2014-09-25,8.684570042440597e-05,-0.4409235187519233,2.721548717883862e-06,-0.0486554785336174,-6.778685454115629e-06,-3.3706487205165216e-06,-0.0780543587188415
2014-09-26,7.784867175631449e-05,-0.4338013619538057,2.675757831499779e-06,-0.0359451183247717,-6.260945412904856e-06,-2.503773896282286e-06,-0.08042456308699983
2014-09-29,7.945972408695768e-05,-0.39858316262251836,2.656622879906607e-06,-0.0388754279800038,-5.7910515312409215e-06,-2.727425403171492e-06,-0.07288033777846266
2014-09-30,7.034453028421699e-05,-0.3590787769150526,2.7067132838205664e-06,-0.0397829332364369,-4.9547988876828266e-06,-2.785214060216307e-06,-0.0704361642285999
2014-10-01,6.051441443903661e-05,-0.3894940588195382,2.8411539439694422e-06,-0.0326959705860433,-5.107138529731035e-06,-2.126786836082291e-06,-0.08439540524474654
2014-10-02,5.727685640094654e-05,-0.3694466014189096,2.5992452565154237e-06,-0.0332505147818753,-4.507802632398115e-06,-2.1615298146126093e-06,-0.07870199092008165
2014-10-03,5.732458945014978e-05,-0.40475679529541786,2.5990994304147997e-06,-0.0367978854197647,-4.94055879807597e-06,-2.368120832413079e-06,-0.08618568131870086
2014-10-06,5.950629355094935e-05,-0.3763012316183414,2.689357618732604e-06,-0.0351997995856914,-4.76037721936037e-06,-2.26366446058507e-06,-0.07999787812837864
2014-10-07,5.823383972398379e-05,-0.38494885130927686,2.7969268208481097e-06,-0.0361516285031303,-4.912824986974679e-06,-2.3417260979023887e-06,-0.08436374812755677
2014-10-08,6.403572465426801e-05,-0.31496961331942475,2.887990088086953e-06,-0.0577737427629313,-4.283291887999099e-06,-3.412561540789576e-06,-0.06688909840756548
2014-10-09,6.579132724406009e-05,-0.23835844111717355,2.91319669325899e-06,-0.0982553893729942,-3.2998922895099264e-06,-5.485734735390411e-06,-0.0501569496731479
2014-10-10,6.388921163395802e-05,-0.22867704457481422,2.803005256168718e-06,-0.0917860142929511,-3.060189293666599e-06,-4.930151931776964e-06,-0.047898373064914526
2014-10-13,7.100010076144222e-05,-0.2551195791619254,2.9115410909586937e-06,-0.0875902399062957,-3.6680456691774892e-06,-4.249823903410083e-06,-0.051662541740637676
2014-10-14,5.126108009219706e-05,-0.27238019540152403,2.937909747767487e-06,-0.0937461022903079,-3.342632477627349e-06,-5.2391742540184295e-06,-0.06520799935575612
2014-10-15,4.732231652345586e-05,-0.2789443551605816,3.022825898641257e-06,-0.0841535802573082,-3.336238905178625e-06,-5.522711809297051e-06,-0.07050032944868578
2014-10-16,5.30327919984953e-05,-0.28146178721505255,3.0643305647965214e-06,-0.0886071109595042,-3.5880583202959537e-06,-5.820382845191671e-06,-0.0676573528393104
2014-10-17,4.626798859027275e-05,-0.30644702095950654,3.1013537010205513e-06,-0.0893647093275947,-3.67088993638799e-06,-5.697238492759697e-06,-0.07933973462506964
2014-10-20,4.9165393824874467e-05,-0.3137561624184453,3.1231112761904948e-06,-0.0917724551859039,-3.887905987380466e-06,-5.730605198275757e-06,-0.07907810117883039
2014-10-21,6.127847379397686e-05,-0.3220433440162411,3.281420094644711e-06,-0.0952830616383726,-4.566665635103506e-06,-5.262972386207771e-06,-0.07452316208881118
2014-10-22,6.0122674099070425e-05,-0.32270147121057674,3.4706202036300942e-06,-0.0976947296857587,-4.661477958220839e-06,-5.231123612166882e-06,-0.07753277824169354
2014-10-23,6.055871725038731e-05,-0.3502377809841043,3.8035696121388336e-06,-0.0895374305171732,-5.31553535218591e-06,-4.594038860773198e-06,-0.08777490002319879
2014-10-24,5.99990058104541e-05,-0.3527140751643907,3.916876796477508e-06,-0.0943651552501485,-5.407104628728544e-06,-4.854693693625994e-06,-0.09011990374991216
2014-10-27,5.8561423507449295e-05,-0.3539788404220927,4.014043847546832e-06,-0.0938042320214075,-5.4271793131717505e-06,-5.075373688190197e-06,-0.09267498957707862
2014-10-28,5.4522480778452264e-05,-0.35431920252540117,4.209826006762516e-06,-0.0977583564625949,-5.368025462445639e-06,-5.048993566796896e-06,-0.0984552680986432
2014-10-29,5.3729820257279105e-05,-0.3463275844494543,4.437250935917007e-06,-0.1064457979721672,-5.347512057724843e-06,-6.34312641015019e-06,-0.09952596215879549
2014-10-30,5.3551839514494966e-05,-0.34628580473092796,4.505227974371243e-06,-0.1155023789439434,-5.378736532991633e-06,-7.029459568516353e-06,-0.10043980901040311
2014-10-31,5.56093263598845e-05,-0.3556793090496967,4.631824390288705e-06,-0.1046985764770924,-5.708321976640009e-06,-6.428947500117645e-06,-0.10265044283575214
2014-11-03,5.4562010343014535e-05,-0.35315689043962706,4.891829153027909e-06,-0.1043277480714522,-5.769637216446716e-06,-7.117971278480096e-06,-0.10574458639215795
2014-11-04,6.02491600622342e-05,-0.39351046232846026,4.020104860651115e-06,-0.1069726234440607,-6.124215616450733e-06,-7.435323959868705e-06,-0.10164814928747126
2014-11-05,6.0354415020847636e-05,-0.39720175508175715,4.058495262466759e-06,-0.1105588286588079,-6.21653242072644e-06,-7.754000829803312e-06,-0.10300045851789176
2014-11-06,5.86925643313682e-05,-0.4078797671809879,4.240509201749371e-06,-0.1079822592823498,-6.4347652829672446e-06,-7.552200056479704e-06,-0.10963510209977635
2014-11-07,5.828791566618652e-05,-0.399720532314475,4.696348347837266e-06,-0.1115795789465078,-6.613416450117556e-06,-7.887652884903402e-06,-0.11346119301970636
2014-11-10,5.7340540123530906e-05,-0.40149589501756755,4.892259129061139e-06,-0.1176451532723275,-6.724604164558857e-06,-8.489440111703513e-06,-0.1172748660907586
2014-11-11,6.57571982494724e-05,-0.4179849572116146,4.856845614699846e-06,-0.1251115473837581,-7.469808222523062e-06,-9.536706688807228e-06,-0.1135968140580411
2014-11-12,6.673646336542344e-05,-0.40783385587554727,4.7795826109417035e-06,-0.1260803683072215,-7.283830913939014e-06,-9.62449017840052e-06,-0.10914319618730066
2014-11-13,7.11343776232816e-05,-0.41481237287155376,4.795297449335421e-06,-0.1287698701734205,-7.661243142190386e-06,-9.904806300598683e-06,-0.10770099350223222
2014-11-14,6.859476809423724e-05,-0.42712498415858496,4.662809939310667e-06,-0.1213534605228433,-7.638785737711873e-06,-9.931944957734227e-06,-0.1113610549308588
2014-11-17,6.853595565786147e-05,-0.4265984021975073,4.6486930804145756e-06,-0.1247054113569781,-7.614543952536618e-06,-1.0295434905897788e-05,-0.11110290765549696
2014-11-18,7.650833651469074e-05,-0.4252042458452883,4.8937639416638706e-06,-0.1283943878017727,-8.227605891975027e-06,-1.0519775719963069e-05,-0.10753868489083153
2014-11-19,7.466095393809579e-05,-0.4252039907881009,5.238083390831234e-06,-0.1245260892230622,-8.40872797890796e-06,-1.0685237832052026e-05,-0.11262550952509866
2014-11-20,7.31046489834875e-05,-0.4024341162920833,5.410201412620661e-06,-0.1301802946363235,-8.003390467488535e-06,-1.1616654577320756e-05,-0.1094785431402085
2014-11-21,7.04730363634149e-05,-0.3746255083609892,5.469620650705621e-06,-0.1344659311139017,-7.355080670288985e-06,-1.218390000805454e-05,-0.10436730201832589
2014-11-24,6.987047932397521e-05,-0.3591408810933949,5.465413351694982e-06,-0.1445162155627455,-7.018159139619778e-06,-1.3525579394831617e-05,-0.10044526969792207
2014-11-25,8.166110492431963e-05,-0.38913126787710006,5.648082966022157e-06,-0.14989331798852,-8.357074789731032e-06,-1.4606045709446982e-05,-0.10233849759289991
2014-11-26,7.228929035700332e-05,-0.4129301737835453,5.754415515165179e-06,-0.1549459407486269,-8.421980059045088e-06,-1.5837288277757813e-05,-0.11650384195850907
2014-11-28,6.63644735069259e-05,-0.40506197275013284,5.704084567840513e-06,-0.1541355966971906,-7.881017248293068e-06,-1.5785882163821046e-05,-0.11875355641103055
2014-12-01,6.796408095783602e-05,-0.3701724060322147,6.215227569506188e-06,-0.1632708776906028,-7.6080311743949304e-06,-1.6934350507895434e-05,-0.11194194149575638
2014-12-02,6.956629167082881e-05,-0.40052716381113407,6.377110390022014e-06,-0.1570355310228645,-8.43613205604901e-06,-1.616379512600788e-05,-0.12126752559942085
2014-12-03,9.973973303376368e-05,-0.4512451475185891,6.495012541938623e-06,-0.1560346860109018,-1.1485149229693341e-05,-1.6063432967809766e-05,-0.11515119281305287
2014-12-04,7.195368455764464e-05,-0.4357034066498507,6.519798593692021e-06,-0.1563928073223244,-9.43701324321937e-06,-1.6513495052879288e-05,-0.13115399581322407
2014-12-05,6.914099334132158e-05,-0.45401700370500214,6.916609838103422e-06,-0.1553546082856919,-9.928566857269507e-06,-1.6394843144831638e-05,-0.14359884603127007
2014-12-08,6.652863915801598e-05,-0.4801030784286604,7.107920388575721e-06,-0.1504862939832518,-1.0440230524164746e-05,-1.6033230490563966e-05,-0.15692836432994753
2014-12-09,5.578278936298998e-05,-0.48406358512147163,6.8599202062288945e-06,-0.1519511310670124,-9.469173161309851e-06,-1.6236064666955024e-05,-0.16975080072980953
2014-12-10,7.622608908783083e-05,-0.5170160261722333,6.770683327667936e-06,-0.1524156152407077,-1.1745515309890736e-05,-1.5321935164241835e-05,-0.15408786480383468
2014-12-11,6.0199482263474304e-05,-0.6191690513670097,6.401800800121302e-06,-0.1525037428346497,-1.2155048517246201e-05,-1.526601519194852e-05,-0.2019128414435087
2014-12-12,5.635062229218622e-05,-0.7278326710127518,6.63363082970196e-06,-0.1487859733051639,-1.4072023572171552e-05,-1.3912494423079137e-05,-0.24972259399738395
2014-12-15,5.5088696774690915e-05,-0.6739050432326653,6.67282012155145e-06,-0.1533955820663661,-1.2920658993567206e-05,-1.4201364150840163e-05,-0.234542832741385
2014-12-16,5.154869882225274e-05,-0.6083283819075876,6.473268499311722e-06,-0.1520171052661304,-1.1112422457134379e-05,-1.3775627659399203e-05,-0.2155713473089126
2014-12-17,8.951914955443635e-05,-0.5903403919450929,6.817731277475261e-06,-0.1516758449324549,-1.4584126170402137e-05,-1.26172237467051e-05,-0.16291627258515867
2014-12-18,9.913276275332198e-05,-0.5785141957085403,6.801144901504197e-06,-0.1662235403038625,-1.5021511652889215e-05,-1.1727855815949666e-05,-0.15152923448999547
2014-12-19,7.377698274922788e-05,-0.5736687771148199,7.009427505148956e-06,-0.1634828834809535,-1.3045566186007752e-05,-1.1533506961412287e-05,-0.17682433870127715
2014-12-22,6.996587850894997e-05,-0.5386259808527134,7.11242758804457e-06,-0.1638235070054008,-1.2015431522760761e-05,-1.1547959111117314e-05,-0.17173273285239687
2014-12-23,6.063494070426503e-05,-0.47041889088842015,9.728613413018138e-06,-0.1692873779412645,-1.1425407675853023e-05,-1.2063514327987075e-05,-0.18842943595142933
2014-12-24,5.292955813268682e-05,-0.4479135028591473,9.145816331033158e-06,-0.1662245935614454,-9.854952308113886e-06,-1.1921903921574982e-05,-0.18618995993522056
2014-12-26,5.0003308753932844e-05,-0.43899526369983116,8.684515391042209e-06,-0.1661112093832361,-9.14812311526075e-06,-1.1957328756262022e-05,-0.1829503555510461
2014-12-29,4.966432774890378e-05,-0.416216080894438,8.081380329023064e-06,-0.1665780205128227,-8.338422743118345e-06,-1.1988985432633588e-05,-0.16789561282851345
2014-12-30,4.653062419950052e-05,-0.4210567678337105,7.691925170044912e-06,-0.1318219139433972,-7.965767327588253e-06,-1.0006421341369931e-05,-0.1711940784081242
2014-12-31,4.3755181092948726e-05,-0.4285959008552704,7.471075153842504e-06,-0.1313673333579814,-7.749154297757127e-06,-9.713762576689364e-06,-0.17710255343922976
2015-01-02,6.483180836307134e-05,-0.42886392454997496,7.642417221237816e-06,-0.1389426617858333,-9.546165403940652e-06,-1.113035467535954e-05,-0.14724508917721654
2015-01-05,8.284505496642122e-05,-0.4559349557018871,7.660575525912e-06,-0.137264047948974,-1.1485949026335737e-05,-9.964216819333917e-06,-0.13864374923755227
2015-01-06,7.372029621424698e-05,-0.4652091739716931,7.730753686247094e-06,-0.1230416557202112,-1.1105873550412039e-05,-9.05975059857057e-06,-0.15064879172671783
2015-01-07,7.097584833724285e-05,-0.4408205129491727,7.564737983123327e-06,-0.1276729464839991,-1.0214427652241542e-05,-9.129428561880594e-06,-0.14391413264562233
2015-01-08,6.58935484829367e-05,-0.4468227695160056,7.3497085177397795e-06,-0.1160829671939761,-9.833130474840537e-06,-7.95771495803059e-06,-0.14922751469951345
2015-01-09,5.142752848602693e-05,-0.4470613473763306,7.2878050123147124e-06,-0.1144391300365231,-8.654925254905835e-06,-7.690641464026515e-06,-0.16829362619005528
2015-01-12,5.214866604959718e-05,-0.4426778463272112,7.202985542128866e-06,-0.0852367098584628,-8.57957276252864e-06,-5.8373613278248375e-06,-0.16452142331634795
2015-01-13,5.1084978694142575e-05,-0.4407360119661302,6.975435086262948e-06,-0.0783080274557923,-8.319759966625969e-06,-5.391064698152665e-06,-0.1628611811005789
2015-01-14,5.779000718727771e-05,-0.4403038979675005,6.78475581278609e-06,-0.070705842780724,-8.718585188692485e-06,-4.808346890519099e-06,-0.15086665693670054
2015-01-15,5.577655409897309e-05,-0.43388121889617287,6.980191625187506e-06,-0.0575661219198588,-8.561115655399621e-06,-3.787822848605224e-06,-0.1534895045722669
2015-01-16,7.006830803083834e-05,-0.40598129608424643,7.350870757042278e-06,-0.0514539748181758,-9.213745975256786e-06,-3.2672911756533206e-06,-0.13149662428271636
2015-01-20,6.698197984101967e-05,-0.37892160930707897,7.453661823103577e-06,-0.0393576810940608,-8.46668116428652e-06,-2.7079897473098556e-06,-0.12640237246468394
2015-01-21,5.396910834789416e-05,-0.362733321393411,7.574619164073621e-06,-0.0338161055238681,-7.333992730811076e-06,-2.3150686966922267e-06,-0.13589241985498254
2015-01-22,5.806897077464812e-05,-0.38347180561941796,7.5440239518486985e-06,-0.0372237481936469,-8.026145564874686e-06,-2.370544593480961e-06,-0.13821745861524307
2015-01-23,5.910063936486745e-05,-0.39360910128695026,7.696602341665551e-06,-0.0240085411973693,-8.394807576356282e-06,-1.5896724823738417e-06,-0.1420425847600322
2015-01-26,6.288399592442454e-05,-0.325518898227397,7.678231367297654e-06,-0.0261545986012751,-7.15281297399431e-06,-1.777348093533282e-06,-0.1137461586027505
2015-01-27,6.964065036165525e-05,-0.282699517028595,7.444532059086047e-06,-0.0268894879305442,-6.436876518043046e-06,-1.7246619785212015e-06,-0.09242987371047365
2015-01-28,7.988841611727443e-05,-0.1884621056027036,7.624472942755152e-06,-0.0114200103519511,-4.6512625858585195e-06,-6.882094679978887e-07,-0.05822199026991058
2015-01-29,8.021798542057233e-05,-0.12659142981464488,7.567444786026513e-06,-0.0062527691824899,-3.1189959518251506e-06,-3.716892595160265e-07,-0.038881504384243336
2015-01-30,7.830236811365751e-05,-0.0896332050472299,8.044344910630203e-06,0.0231042777701221,-2.249581417427891e-06,1.2851712559734401e-06,-0.02872941740615784
2015-02-02,6.708254753246161e-05,-0.04824881657938269,8.159442277465012e-06,0.038780440808183,-1.1288121528601439e-06,2.0454575931606745e-06,-0.016827210569394454
2015-02-03,8.067150173734702e-05,-0.019004302864084634,8.306004363793772e-06,0.0572661927803041,-4.919354175054844e-07,2.7919269864810344e-06,-0.006098007436469253
2015-02-04,7.910110058857453e-05,0.00018332289712600202,8.184415284146181e-06,0.0574183318229381,4.664464626633637e-09,2.805978879800931e-06,5.8968390982253655e-05
2015-02-05,8.520627788871464e-05,0.01230791442161446,7.939147117992023e-06,0.0675826320758097,3.201158587325684e-07,3.2007873659762962e-06,0.003756951561135696
2015-02-06,8.507292515013707e-05,0.020726059252812006,8.587524361058722e-06,0.0594122380839792,5.602042630124344e-07,2.803730469140216e-06,0.006584988843674805
2015-02-09,6.296753465448077e-05,0.08762066673282831,8.192466088871514e-06,0.0602557710411525,1.9900877419573972e-06,2.830627452101319e-06,0.031604981088707476
2015-02-10,6.653518645016198e-05,0.1331249230437423,7.896488979337635e-06,0.0734103816390897,3.0514206128645377e-06,3.2795301701648212e-06,0.045861757900839385
2015-02-11,6.58212274519105e-05,0.16298702266522533,7.4991476131336946e-06,0.0600505099734114,3.621112070055511e-06,2.873037909320426e-06,0.05501435038872716
2015-02-12,6.625281595902424e-05,0.18569820042467355,7.223307214654146e-06,0.0535414961666707,4.062355340641103e-06,2.5509423458948384e-06,0.061315964941830864
2015-02-13,6.59493776327874e-05,0.23977124533601527,7.162033680838911e-06,0.0595085361444282,5.210994672744543e-06,2.814906497354345e-06,0.0790150697366679
2015-02-17,5.2818371217651516e-05,0.21505079863059737,6.97497691456001e-06,0.0529378775099968,4.127669813252522e-06,2.5298931135537952e-06,0.07814837372101857
2015-02-18,4.925751255554142e-05,0.24355142343340688,6.809019663449897e-06,0.0548033836301497,4.460352730883638e-06,2.6264077831886337e-06,0.09055172499533481
2015-02-19,5.2538640297651296e-05,0.25661582339289796,6.5432551050005664e-06,0.0557050324921678,4.757948896275025e-06,2.674679094310101e-06,0.09056094465558001
2015-02-20,5.811623348480445e-05,0.24062469153100874,6.42772509897124e-06,0.0578749193298164,4.650691879780421e-06,2.756380277273089e-06,0.08002397266499435
2015-02-23,5.7842904366347e-05,0.24352827044527872,6.415427883076225e-06,0.052794219307547,4.691235593400926e-06,2.526566067832675e-06,0.08110304357625386
2015-02-24,5.363774172174018e-05,0.14964636064818276,6.40249222271672e-06,0.0529795564937346,2.773166412512079e-06,2.5452931016811215e-06,0.05170177422641328
2015-02-25,4.6420168910813084e-05,0.04062090114450017,6.384071897368498e-06,0.0457289969383267,6.992811099538143e-07,2.297149163947848e-06,0.015064165563407164
2015-02-26,6.082008377129165e-05,-0.044255327780077944,6.430999393893379e-06,0.019421407242177,-8.752423087218151e-07,1.0284590561847795e-06,-0.01439067910549225
2015-02-27,6.477291200020017e-05,-0.10156498600781137,6.42530660084147e-06,0.0193452417170903,-2.0719899858537425e-06,1.0228616838237675e-06,-0.031988526096330815
2015-03-02,7.10002492943561e-05,-0.14162728372627315,5.607846531058487e-06,0.0387934506101636,-2.826017992890724e-06,2.129176362099128e-06,-0.03980293056682785
2015-03-03,6.22129036386534e-05,-0.1099601318049805,5.598769637061715e-06,0.0412981420374726,-2.0522099400844556e-06,2.2667379620621672e-06,-0.032986885678960666
2015-03-04,6.357489191775788e-05,-0.09752102196143037,5.559923865731437e-06,0.0452866626155843,-1.833477063436785e-06,2.487585995880192e-06,-0.028839641061578495
2015-03-05,6.337223751236057e-05,-0.08866314857401769,5.508448456547196e-06,0.0559199540491337,-1.6565605526343076e-06,3.287929130883775e-06,-0.026140161964633177
2015-03-06,6.737776824421294e-05,-0.07965902371981357,6.034022417208183e-06,0.0363993512559904,-1.6061893798788264e-06,1.98982743781596e-06,-0.02383856606910962
2015-03-09,6.459093954914395e-05,-0.06911404528263602,5.978077688545589e-06,0.0359475093766851,-1.3581035720206517e-06,1.9612836769920533e-06,-0.021026224134537322
2015-03-10,6.248974140729342e-05,-0.04880937432462864,5.928564387923487e-06,0.0724132459424773,-9.394688284405338e-07,3.4913032962943753e-06,-0.015033968892866706
2015-03-11,5.4252554100076106e-05,-0.04766732449877072,5.698801981851323e-06,0.0807411603330732,-8.381517457890469e-07,4.04841480889313e-06,-0.015449074420403577
2015-03-12,5.508043688697334e-05,-0.02515807815193047,5.47531964736786e-06,0.0821231861542284,-4.368988375348123e-07,3.851919636888973e-06,-0.007932014744751234
2015-03-13,5.707193087433516e-05,-0.07584068363087276,5.4205470533672925e-06,0.0766987386542016,-1.3339362704927749e-06,3.5264120894610798e-06,-0.02337289539808853
2015-03-16,5.2149496476829495e-05,-0.07853637129394692,5.395584328665018e-06,0.0697524162307268,-1.3173923380137565e-06,2.9541709313299796e-06,-0.02526184195467901
2015-03-17,4.691748238540657e-05,-0.01669838560101779,5.349093665873064e-06,0.072051831964627,-2.6453426670822263e-07,3.034177475661415e-06,-0.0056382877609499485
2015-03-18,5.051902620859181e-05,-0.005792345349606225,5.807352453307489e-06,0.0393446117340802,-9.921355807581388e-08,1.5434926901573528e-06,-0.001963885005743451
2015-03-19,5.142834644805491e-05,-0.00035590662262698373,5.8425534567929096e-06,0.0324572721119836,-6.169339882049625e-09,1.260999329548359e-06,-0.00011995991137457537
2015-03-20,5.066833282542825e-05,-0.03656212247862439,5.777748901509297e-06,0.0074320644952598,-6.255745012013973e-07,3.063257243711989e-07,-0.01234645914553258
2015-03-23,5.007282454924587e-05,-0.05461670459599167,5.446322058662633e-06,0.0117381536813869,-9.019411408974952e-07,5.056483044489518e-07,-0.01801258764642785
2015-03-24,4.2218867344400384e-05,-0.07040474994242304,5.2220188721974485e-06,0.0179633243294342,-1.0453806757548445e-06,7.601407154077118e-07,-0.024760983453846648
2015-03-25,4.692159710753298e-05,-0.08733387700412763,5.176803755313964e-06,0.0058472824841945,-1.3611311847072946e-06,2.2255110157746017e-07,-0.029008628619096453
2015-03-26,4.732340893496746e-05,-0.11747053667142547,5.1720151261311036e-06,-0.003718940391916,-1.837794116080175e-06,-1.4094937637447066e-07,-0.03883477875834557
2015-03-27,4.354358066573599e-05,-0.17446800512543473,5.129727499124601e-06,-0.0026442944195529,-2.6075041747812788e-06,-1.0021525212891147e-07,-0.05988263103114756
2015-03-30,4.5502666776921666e-05,-0.16533466051715842,4.9642036613533875e-06,-0.0210469042164883,-2.484889770979168e-06,-7.351395189009063e-07,-0.05460976129512195
2015-03-31,3.983451498744685e-05,-0.1535472308328704,4.92608749108229e-06,-0.028794435999745,-2.1509128584630503e-06,-1.0023057694475925e-06,-0.05399621055109803
2015-04-01,4.176214734580363e-05,-0.13869455911990627,4.9204925682343985e-06,-0.0184589170586865,-1.988177364998835e-06,-6.378618090770231e-07,-0.047607163217353386
2015-04-02,4.894523588776545e-05,-0.10692163829740337,4.74806533548296e-06,-0.0242316774741578,-1.6299683093846484e-06,-8.548021007442343e-07,-0.03330187871853902
2015-04-06,4.8199312485919956e-05,-0.10268638889967978,4.811063047504253e-06,-0.0308209699728762,-1.5637014089195658e-06,-1.0568641120993432e-06,-0.03244240069557748
2015-04-07,4.533264144371158e-05,-0.07720580852557664,4.4531622532471856e-06,-0.0362608678679695,-1.0969573631719471e-06,-1.349268030187418e-06,-0.02419795820929632
2015-04-08,4.177649686660928e-05,-0.05909542373874146,4.444753894916277e-06,-0.0269245584103816,-8.052740803845841e-07,-1.0014066741844329e-06,-0.019275768453151848
2015-04-09,4.664355209638432e-05,-0.03158312890047168,4.457636067904132e-06,-0.0215032956977236,-4.5541073676972896e-07,-8.219976664722771e-07,-0.00976363755120252
2015-04-10,4.853778747139849e-05,-0.04162388535313427,4.5387747311644425e-06,-0.023636122711171,-6.178057111673111e-07,-8.976259285747997e-07,-0.012728345137927043
2015-04-13,4.467938122611643e-05,-0.028223947496632096,4.582791659848378e-06,-0.011420337530166,-4.0386515791359125e-07,-4.3598415702707415e-07,-0.009039184223919378
2015-04-14,4.646938254229903e-05,-0.04124446390926001,3.988316911043038e-06,-0.0131097023228926,-5.614924797538817e-07,-5.001881752774183e-07,-0.012083063062927077
2015-04-15,4.691423215315267e-05,-0.042393897613643546,4.3349492880751274e-06,-0.0172397412427189,-6.045714905805486e-07,-6.910139727697895e-07,-0.012886739542212053
2015-04-16,4.176974619173272e-05,-0.01224231655884811,4.524381071943968e-06,-0.0334467382334433,-1.6829612316364185e-07,-1.408347789416239e-06,-0.00402913923372012
2015-04-17,4.332386275975345e-05,-0.05019663969070719,4.822341785643804e-06,-0.0322630327550951,-7.255497968823879e-07,-1.2738225167435553e-06,-0.01674711696198063
2015-04-20,4.305137811564542e-05,-0.07548267553367043,4.980623032258449e-06,-0.0319196920210747,-1.105306314256568e-06,-1.2045591192150254e-06,-0.02567412154118443
2015-04-21,4.4326391543702614e-05,-0.058452863908253744,4.966235928676316e-06,-0.0421685558991499,-8.672626780781018e-07,-1.6427870755569235e-06,-0.019565379627688475
2015-04-22,3.760113128202133e-05,-0.08404202668858728,5.119543458017623e-06,-0.0320662035058589,-1.1660376933226617e-06,-1.238547880849553e-06,-0.031010707751768975
2015-04-23,3.981692672329287e-05,-0.07544299074346296,5.200254036335364e-06,-0.0360369949894972,-1.0855880259029904e-06,-1.386282146247188e-06,-0.02726448561555913
2015-04-24,4.472325784062566e-05,-0.07486974919282247,5.332155293808959e-06,-0.0870293015444276,-1.1561774347079545e-06,-4.188202436034621e-06,-0.02585181604676633
2015-04-27,4.8016264703360416e-05,-0.07038241053991041,5.4372022621071126e-06,-0.0880707802930778,-1.1372241337939876e-06,-4.227224810404328e-06,-0.023684144129487
2015-04-28,4.837591330570472e-05,-0.09568905460684156,5.633554344741674e-06,-0.0964820705337151,-1.579676278612304e-06,-4.758569599070815e-06,-0.032654190291556126
2015-04-29,4.7158652268819175e-05,-0.1198875512092448,5.731296883398553e-06,-0.1023576984590952,-1.970975540835139e-06,-5.016469879630031e-06,-0.04179456888631926
2015-04-30,4.7296624411946914e-05,-0.17637100409627032,6.024633571736392e-06,-0.1044059633448716,-2.9771970442670504e-06,-4.904594359289693e-06,-0.06294734732728671
2015-05-01,5.0018555724514286e-05,-0.3359108463861777,6.5211382354875784e-06,-0.0786544737442739,-6.066683023067466e-06,-3.5534731938705076e-06,-0.12128864848638884
2015-05-04,4.992916004912971e-05,-0.327267184720339,6.577431146153746e-06,-0.0901091895400407,-5.930724439585185e-06,-4.599714676147954e-06,-0.11878278011785941
2015-05-05,5.102770643270727e-05,-0.20099474245272614,5.873023386393394e-06,-0.1054464612946534,-3.4795139878064862e-06,-5.1094201275016845e-06,-0.0681887200318339
2015-05-06,5.61480236098465e-05,-0.18798365017015134,6.1701357860649865e-06,-0.127763355494154,-3.4989253431703754e-06,-6.6196643193324115e-06,-0.062316090900780705
2015-05-07,5.2055366505413186e-05,-0.170179174050888,6.432158027161629e-06,-0.1354736914102446,-3.113992187561673e-06,-7.34054981733051e-06,-0.05982077154788358
2015-05-08,4.9463315458690945e-05,-0.11694423189536189,6.874702422700325e-06,-0.1582647446245063,-2.1564896066019933e-06,-8.027358458082052e-06,-0.0435977569761367
2015-05-11,4.237087867236375e-05,-0.25168423378090915,6.893043099749515e-06,-0.1709182280051237,-4.3012555213919125e-06,-8.581503684775867e-06,-0.10151442821499453
2015-05-12,4.7490306282055044e-05,-0.2491901614636902,7.031998882373603e-06,-0.1677066297221592,-4.553787632451381e-06,-8.61982776274404e-06,-0.09588878213177793
2015-05-13,4.663897325113825e-05,-0.04573944816108442,6.694605057795964e-06,-0.1676118348576774,-8.082168336141597e-07,-8.616294522298794e-06,-0.01732921583119188
2015-05-14,4.9144732522979803e-05,-0.0033323944293787186,6.698361410229264e-06,-0.1861247655328784,-6.046153595944093e-08,-9.126347057887963e-06,-0.001230275003148495
2015-05-15,5.102390807027307e-05,-0.046362811945562084,7.0995782749850395e-06,-0.1908891568101879,-8.824150448173295e-07,-9.422161054051157e-06,-0.01729414853135155
2015-05-18,5.1224895533544154e-05,-0.1268594464842962,7.5400967397100865e-06,-0.1869458337922482,-2.493169537042746e-06,-9.195072778159358e-06,-0.048671051664910016
2015-05-19,5.107054978153525e-05,-0.20736215198021543,7.333415045161006e-06,-0.1906495051878343,-4.012988271371033e-06,-9.503818756696581e-06,-0.07857734621102404
2015-05-20,4.960583034370502e-05,-0.885011778153656,7.1452660430686586e-06,-0.1853671386975791,-1.6661903474714955e-05,-9.663005769231817e-06,-0.3358859908052996
2015-05-21,4.7917991249736124e-05,-6.20758282073082,6.194770737748927e-06,-0.1938032856829669,-0.00010695090001585574,-1.0168279446278012e-05,-2.2319570838947618
2015-05-22,4.8649795894238564e-05,-9.559775970734925,5.891237910312083e-06,-0.189897019532429,-0.00016184210070933121,-1.06508579417586e-05,-3.326675841789043
2015-05-26,5.2044924254716454e-05,-21.24460371713094,5.813962915993453e-06,-0.1854032337674734,-0.0003695506355597958,-1.0132584395461316e-05,-7.100608577142968
2015-05-27,5.41376103742017e-05,-24.62906348405165,5.813157796855357e-06,-0.1954693776295629,-0.00043692157974744666,-1.027868801163199e-05,-8.070573797539717
2015-05-28,5.2639353679274204e-05,-14.188343095357203,6.0049908345903215e-06,-0.1973271439325855,-0.00025225694415696,-1.0380304680019364e-05,-4.792174039482586
2015-05-29,4.7121939363217764e-05,-10.529487969348732,6.105624393468998e-06,-0.1988135892972578,-0.0001786009944298468,-1.0339065057068909e-05,-3.7901876884392065
2015-06-01,4.566975475334599e-05,-7.601347391739218,6.74110172712094e-06,-0.191315735640713,-0.000133373749645887,-9.941304717290805e-06,-2.9203955739682486
2015-06-02,4.848176142599366e-05,-5.1087266938504845,6.966199317510292e-06,-0.1936159303967751,-9.388577869747159e-05,-1.0111042424619131e-05,-1.9365174848439894
2015-06-03,4.583723039523311e-05,-3.599042053228908,7.275480400037808e-06,-0.1857732749056293,-6.572444735687108e-05,-9.93373872085983e-06,-1.433866025284681
2015-06-04,5.208668778062701e-05,-2.6382037861661742,7.252960283403351e-06,-0.183798282606284,-5.1277797100736237e-05,-9.559432284732325e-06,-0.984470299142507
2015-06-05,5.356843740955158e-05,-1.7371338728801775,7.254243102686771e-06,-0.1857741446795352,-3.42439481375633e-05,-1.0320548494094601e-05,-0.6392560581103938
2015-06-08,5.4875341169450945e-05,-1.3671590388646913,7.146689517277716e-06,-0.1931718295814573,-2.707447925423007e-05,-1.0926492348610696e-05,-0.49338152031941096
2015-06-10,5.7400521339002106e-05,-1.1542426181902377,6.841164847100213e-06,-0.1924985757667612,-2.287283788913063e-05,-1.0268049280111237e-05,-0.39847787712668653
2015-06-11,5.7399555912391706e-05,-0.8294223879936093,7.327062669464625e-06,-0.1997719508935783,-1.700963416184052e-05,-1.0669906694394265e-05,-0.2963373826062719
2015-06-12,5.544172754801711e-05,-0.6655272594996582,7.071425399459596e-06,-0.2005399207819088,-1.3177642089984634e-05,-1.0593656896560893e-05,-0.23768455047818826
2015-06-15,5.424960916028536e-05,-0.12101987783304967,6.899565609210635e-06,-0.1988994866412714,-2.341347583374558e-06,-1.0460693111896165e-05,-0.043158791733537386
2015-06-16,5.423174022350414e-05,0.2311834972864152,6.992012402379474e-06,-0.2135733101426947,4.501784428463404e-06,-1.1387410400223552e-05,0.0830101414763807
2015-06-17,5.412494915971205e-05,0.10210770610667941,6.817918637308301e-06,-0.1866879386956634,1.9614768079746465e-06,-1.1744095152277589e-05,0.03623979030791725
2015-06-18,5.572982074389677e-05,0.0009690027119757067,6.668414891348234e-06,-0.1545575567220571,1.8680139791912983e-08,-1.2503011274768815e-05,0.00033519109773843533
2015-06-19,6.241618085312648e-05,-0.18105039081447655,6.701710898524689e-06,-0.1013097264964381,-3.702890818437308e-06,-1.170941474539008e-05,-0.059325815322643645
2015-06-22,6.257165974145031e-05,-0.28579808404628776,6.9423902001270116e-06,-0.0869232977485387,-5.956657924068103e-06,-1.0110694873992334e-05,-0.0951973776735563
2015-06-23,5.295413252336654e-05,-0.33914474663378713,6.9757578716106595e-06,-0.0914904126603456,-6.518245629422492e-06,-1.3951131404583545e-05,-0.12309229362875977
2015-06-24,5.124155217210486e-05,-0.4078733340747678,6.941943851242579e-06,-0.0776697169228789,-7.692668177270192e-06,-1.2979675733070162e-05,-0.1501255885347276
2015-06-25,5.1531038942745836e-05,-0.4093031254065737,6.67162241568657e-06,-0.0779965368052941,-7.589186749411848e-06,-1.3030851960108197e-05,-0.1472740877171893
2015-06-26,9.885673436567757e-05,-0.4173172719078507,6.3807777795914144e-06,-0.075849859958875,-1.0481086362971387e-05,-1.2751781489355721e-05,-0.1060229880161847
2015-06-29,0.00010219846828200267,-0.5544257635530867,6.671478168309955e-06,-0.0600779585266674,-1.4476935225774836e-05,-1.0705206803940924e-05,-0.14165510960328404
2015-06-30,8.697755639475864e-05,-0.5374088852418571,6.587115598036674e-06,-0.0586726981655504,-1.2863409225326714e-05,-1.0980262709955362e-05,-0.147893430886291
2015-07-01,9.667073925185136e-05,-0.5496413378697212,6.611253266664665e-06,-0.0539711975553063,-1.3895328077722338e-05,-1.0000790228671967e-05,-0.1437387174781145
2015-07-02,9.521395937942913e-05,-0.5397283293516166,6.540058377886639e-06,-0.0566924982929024,-1.3468410326891987e-05,-1.0749128861879688e-05,-0.14145415666646274
2015-07-06,0.000172264093177785,-0.4812627150088943,6.392701342013617e-06,-0.0592115384045796,-1.5970621074799433e-05,-1.2143851850046796e-05,-0.09271009866413059
2015-07-07,0.00016730584927433944,-0.40862383671836683,5.9359025291791334e-06,-0.0590644878330096,-1.2877235557939855e-05,-1.2238469334590637e-05,-0.0769682328130945
2015-07-08,0.00018325021701855255,-0.4470229144735399,5.889033868641548e-06,-0.0568515981634324,-1.4685003708702019e-05,-1.1518103714895732e-05,-0.08013635098295838
2015-07-09,0.00017483634785152047,-0.4630041986491944,5.86200703380016e-06,-0.0543998496991209,-1.4822585356245037e-05,-1.1049051059749648e-05,-0.08477976998714877
2015-07-10,0.0001852458943863911,-0.4361242594817447,5.8702443335692814e-06,-0.048200411114331,-1.4381779628115645e-05,-9.594987442515538e-06,-0.07763615855430363
2015-07-13,0.00021177015433928543,-0.43431660138235245,5.667626628122313e-06,-0.0512482497063789,-1.5046636274823932e-05,-1.024528882481931e-05,-0.07105173210912957
2015-07-14,0.0001959846645507268,-0.43374783142311707,5.516036055601536e-06,-0.0527266872389498,-1.4261391743366037e-05,-1.0619834633604452e-05,-0.07276789628442971
2015-07-15,0.00017788056160659394,-0.4308098137693023,5.2668880491980936e-06,-0.053673842568751,-1.318641918546282e-05,-1.0811231125619523e-05,-0.07413074855602439
2015-07-16,0.00018174519139179188,-0.4129689663997826,5.2030247462994894e-06,-0.0576366618451507,-1.2699213569595428e-05,-1.20232600934671e-05,-0.06987372525427354
2015-07-17,0.00017984339911716185,-0.43779018149613674,5.157880965019241e-06,-0.0602312941316534,-1.3333646162012185e-05,-1.2620998908613704e-05,-0.07414031444838166
2015-07-20,0.0001933298802508964,-3.0857760601467827,5.103276245593073e-06,-0.0611716050257806,-9.692558597427508e-05,-1.2983474175265785e-05,-0.5013481922633409
2015-07-21,0.00019419877324157122,-4.457565370606242,5.0559585312638745e-06,-0.0608396246784721,-0.00013967629723733125,-1.2908041544407055e-05,-0.7192439730995757
2015-07-22,0.00018582236281108658,-5.245774716343868,5.369205708032204e-06,-0.0608767898178495,-0.00016569661874846529,-1.29194513774171e-05,-0.8916936381705478
2015-07-23,0.00018795658724473803,-5.54128052801078,5.778976105954099e-06,-0.0603908851355423,-0.00018262673790296705,-1.2801834149130548e-05,-0.9716431894199538
2015-07-24,0.00019329917782205091,-5.337069763633808,6.081248092025197e-06,-0.0630358390455348,-0.00018298447478042217,-1.4043042596006718e-05,-0.946638660557965
