Date,Predicted_Index_Var,Predicted_Corr,Predicted_Var,Future_Beta_45d_HAL,Predicted_Covariance,Future_Cov_45_HAL,Beta_Predicted
2013-02-28,5.497886498863307e-05,0.6411596086086381,0.0004329312137068793,1.8285021088024624,9.891758150428877e-05,0.00010014472774617152,1.7991928630163623
2013-03-01,5.488021190183326e-05,0.6322231910179701,0.00045266366320538505,1.8533677917451743,9.964743613812566e-05,0.00010141004036037583,1.8157261549275643
2013-03-04,5.501029900576039e-05,0.6286144283644712,0.00046816549794493554,1.8950668647808468,0.00010088022683470461,0.00010360759278053736,1.8338425469045525
2013-03-05,5.845535101370509e-05,0.6314912810879537,0.00048687210469981345,1.8621424628549927,0.00010653368296770734,9.980110446296736e-05,1.822479569795588
2013-03-06,5.9250468430820016e-05,0.6266981509941427,0.000477248710744623,1.8576578613564367,0.00010538448787796728,0.00010024708465618033,1.77862708378437
2013-03-07,5.369174155549812e-05,0.6304466342045245,0.0004653756786651441,1.8467945707373288,9.965610689608956e-05,9.982281445222023e-05,1.8560788681641232
2013-03-08,4.524810700565277e-05,0.6316329510402611,0.0004423895718429938,1.8338622799475208,8.936499309939507e-05,9.872559451840514e-05,1.9749995969606167
2013-03-11,4.8373919939468494e-05,0.6398011630106952,0.00043362458393150744,1.830699691568896,9.266326829981774e-05,0.00010170699360837999,1.9155625265798104
2013-03-12,5.1431479865635213e-05,0.6461952808175032,0.000430626750706922,1.821056336014054,9.616760377950865e-05,0.00010129100216500467,1.869819885228786
2013-03-13,5.5261000285198275e-05,0.6491129754690668,0.00043292037813574987,1.812474714112247,0.00010039999150224382,0.00010232126166282772,1.816832684607341
2013-03-14,6.195858588029715e-05,0.6458633736545305,0.00042814392961207116,1.8493296349264436,0.00010519286914648809,0.00010663384713628887,1.6977932541862524
2013-03-15,6.386120353979619e-05,0.6480552985888568,0.0004389238970352143,1.8346235673028544,0.0001084988733729818,0.0001037065769305783,1.6989794641964255
2013-03-18,6.402550064969363e-05,0.6545371960804421,0.000464154172430626,1.7853965728402377,0.00011283451140861096,9.885607996964332e-05,1.762337041704193
2013-03-19,6.71640875084588e-05,0.6577780930076371,0.0004870976364990164,1.7648571790720091,0.00011897507190790754,0.00010039349732041683,1.7714090419664164
2013-03-20,6.839791392936718e-05,0.6558285546051137,0.0004694643788396384,1.811823034060068,0.00011752034902969524,0.00010260129421409921,1.718186159172275
2013-03-21,6.814178529168062e-05,0.6571097729375683,0.0004568306927161446,1.891424629840847,0.00011593706921837985,0.00010301725081736363,1.7014093294167698
2013-03-22,6.79733209422515e-05,0.6539795655333419,0.0004486732546553573,1.9478425723885568,0.00011420852265419587,0.00010510510923418991,1.6801963045357853
2013-03-25,7.243408887933498e-05,0.6577531254287406,0.0004431940820802156,1.93820186851326,0.00011785049135163282,0.00010598093581691831,1.6270031579737987
2013-03-26,7.339742545776695e-05,0.6536854875132351,0.0004122556385298157,1.9177800549931463,0.00011370840265537167,0.00010320206155809004,1.5492151386263509
2013-03-27,7.311742529462491e-05,0.6504881612516467,0.00041002215646725274,1.8608657707974812,0.00011262984972047924,0.00011044846379003006,1.540396824240459
2013-03-28,6.422356192814954e-05,0.665906155557427,0.00041014790303601394,1.8754026228264409,0.00010807630081802587,0.00011199281230537639,1.6828138703819762
2013-04-01,6.678777769649997e-05,0.677278957101473,0.00041523514006991223,1.867515396181688,0.00011278806048797658,0.00011191622540861081,1.688753008080508
2013-04-02,6.451960799026473e-05,0.680961969620181,0.00034428935670198496,1.7696553936248614,0.0001014916975838355,0.00011433334226474783,1.5730364883672177
2013-04-03,6.836168011312682e-05,0.6723025028395965,0.000364740294630824,1.7206244160604862,0.00010616050217378671,0.00010901821817947432,1.552924123545667
2013-04-04,6.901245142532413e-05,0.6591061623360829,0.0003581572547271759,1.7211197207846571,0.00010362295566083987,0.00011388896207713713,1.5015110102698859
2013-04-05,6.697476452894188e-05,0.661495850046773,0.00035872492039608735,1.7431570764932522,0.00010253296011399623,0.00011407861816282457,1.5309193072218799
2013-04-08,7.273438811092278e-05,0.6643082955338424,0.00036110993502529214,1.7765886152170045,0.00010766121806989965,0.00012036506237483925,1.4801969311367835
2013-04-09,7.022991067372413e-05,0.6635907091364613,0.00037216556771214177,1.7538773242568853,0.00010728263950345318,0.00012187315688416286,1.5275918547279599
2013-04-10,6.636144982931065e-05,0.673583279247584,0.0004043327905237523,1.751923901035355,0.0001103363751955764,0.0001247377375856048,1.66265769478175
2013-04-11,6.716170407401359e-05,0.6761985343821213,0.00041361383703629424,1.724300392828493,0.00011270225563465138,0.00012441146446306276,1.678073199430008
2013-04-12,6.98842565011876e-05,0.6873358115719163,0.00040611418272269305,1.726692776134677,0.00011579311172708874,0.0001261592185971618,1.6569270036538342
2013-04-15,9.593981606210937e-05,0.720510534200711,0.0004881335462033875,1.5781790951826555,0.00015592261255399666,9.525302674199705e-05,1.6252127526808653
2013-04-16,8.836558039441448e-05,0.7245125276763514,0.0004999505091309624,1.5765077718719065,0.00015228284223683228,9.671031687006831e-05,1.723327584757854
2013-04-17,8.959564094882932e-05,0.7256055856495124,0.0005576664131274804,1.3555349200516738,0.0001621926994215462,9.633534444956713e-05,1.810274447550179
2013-04-18,9.719405369416862e-05,0.7169218727012331,0.0005450885560631192,1.3716246484962054,0.00016501567892217807,9.62148963724782e-05,1.697796034327546
2013-04-19,7.72897485213767e-05,0.6883578245748659,0.0005043646161978312,1.4586806978514697,0.00013590877749786618,0.0001058535707756693,1.7584321348940177
2013-04-22,7.797978274745508e-05,0.6943905474601313,0.0004617441741916508,1.369844730651185,0.00013176362157163606,0.00010157468600943242,1.6897151662805352
2013-04-23,8.499754389235151e-05,0.6885014725842395,0.0004442451304113143,1.36523614450771,0.00013378868948989793,0.00010097056400161935,1.57403006443739
2013-04-24,7.773768893068322e-05,0.6816921804469493,0.00045409300140867605,1.3641767617551692,0.0001280785874587763,0.00010181624262301871,1.6475739016756827
2013-04-25,6.90805921567358e-05,0.6775539516113148,0.00043020870511846845,1.3713943203758998,0.00011680501924485609,0.00010255078947017887,1.690851447535932
2013-04-26,7.034557142953508e-05,0.6961633462373313,0.0003966483320613595,1.384922689979751,0.00011628731701577232,0.00010437110380692121,1.6530865362613043
2013-04-29,6.776168711759701e-05,0.7179152783464307,0.00038773173022820456,1.3529408534936735,0.0001163673040009874,0.00010078031998226072,1.7173023422371076
2013-04-30,5.8041023931509805e-05,0.7125536063210515,0.00036917403347893637,1.3361978001812342,0.0001043039242839398,9.939524563762562e-05,1.79707243633437
2013-05-01,6.311211636341748e-05,0.7233200477069782,0.00036053359907531357,1.3566401651552804,0.00010910879166246249,0.00010154684052293582,1.7288089506329196
2013-05-02,6.214021471172626e-05,0.72496424362218,0.00034731649461580997,1.365341349293551,0.00010650393804109808,0.00010067675632201409,1.713929353723332
2013-05-03,7.476459886581012e-05,0.7499295095177279,0.00032655467345209536,1.3938531716402358,0.000117178085705007,0.00010130433959852324,1.5672937122998807
2013-05-06,7.535412832838797e-05,0.769769082452544,0.0003185511983373585,1.3886464794612552,0.00011926241809406646,0.00010079213768635244,1.582692557656951
2013-05-07,7.392273390092128e-05,0.7815215952740842,0.00031490467901694913,1.3192680167078907,0.0001192393362862245,0.00010018512699869414,1.613026602155179
2013-05-08,6.958015556766957e-05,0.7800643332840005,0.00031011677891128046,1.3177378327661755,0.00011458710601467267,9.960617839291706e-05,1.6468360135129618
2013-05-09,7.111722928104653e-05,0.7831446369929721,0.000313891827291924,1.3027587660659268,0.00011700903468042558,9.842676835116608e-05,1.6452979940770793
2013-05-10,7.562958883543677e-05,0.7750683564901357,0.00029630132191682074,1.315776500225148,0.0001160252921433825,9.978098916969315e-05,1.5341256501584741
2013-05-13,7.357910230951406e-05,0.7627051108366445,0.0002797132720811249,1.3207364532111696,0.00010941841914602547,0.00010027121368924616,1.487085540752476
2013-05-14,7.590263764609063e-05,0.7625457659549126,0.00027364068198097654,1.32657296142652,0.00010989670722362286,9.85834738842805e-05,1.447864140585411
2013-05-15,7.650099964197039e-05,0.754070527290385,0.0002678596081272348,1.3485064067681252,0.00010794415635867149,9.953264888747943e-05,1.4110162855891701
2013-05-16,7.639729836462006e-05,0.7424336282969944,0.000261583771752135,1.3395185062945876,0.00010495473444153261,9.812606859852785e-05,1.3738016485951765
2013-05-17,7.425705624970095e-05,0.7448905802048313,0.0002674399584431037,1.2733621518315588,0.00010497224723581804,9.101340232769577e-05,1.4136332967850553
2013-05-20,7.217439206379002e-05,0.7405330291481138,0.00026069896544857765,1.288610206035866,0.00010157940268127454,9.255117847675128e-05,1.4074161177761697
2013-05-21,7.13709588975209e-05,0.7346339403567542,0.0002526777981438847,1.285923149841878,9.865413584949629e-05,9.245756394791605e-05,1.3822728091849006
2013-05-22,7.35750525384875e-05,0.7314086505782943,0.00024805612256825505,1.272705825873795,9.880987694224957e-05,8.977554478077327e-05,1.3429807187777623
2013-05-23,7.454058968752127e-05,0.7292402121277674,0.0002528235077838049,1.271135293393396,0.00010010960483971188,8.970073401993884e-05,1.34302136942272
2013-05-24,7.630250921850573e-05,0.7258477963983536,0.00025255105855295334,1.2675924084636343,0.00010076032723993921,8.940864361008589e-05,1.3205375324079343
2013-05-28,7.438631671877e-05,0.7255312239986235,0.00025590748930043024,1.2673575936319272,0.0001001023176971598,8.849067959312882e-05,1.345708755490791
2013-05-29,7.273626036607267e-05,0.7214983351246753,0.00025745541672631396,1.3354275033740943,9.873288659278288e-05,9.539519698078805e-05,1.3574094419464566
2013-05-30,7.309916508279677e-05,0.6943334837524336,0.0002699280603242799,1.359855318353531,9.753227051981017e-05,9.689525913610609e-05,1.3342460260570541
2013-05-31,7.696255068093324e-05,0.6810348595135809,0.00028038123352331447,1.3651679768950868,0.00010004227049728898,9.01659442631263e-05,1.2998824702684073
2013-06-03,7.835861755638394e-05,0.6768791774548171,0.0002864016973951687,1.3520797251978345,0.00010140102166028995,8.994207705389434e-05,1.2940634332570446
2013-06-04,7.696792659140356e-05,0.6740602267893656,0.00028772671925079513,1.3495772810454738,0.00010030987581934056,8.931586980584041e-05,1.3032685205598877
2013-06-05,8.390672708275947e-05,0.6714361907437476,0.00029223635122582633,1.4286789590371174,0.00010514055257214878,8.74490563109806e-05,1.253064637695209
2013-06-06,8.864935953499249e-05,0.6664516474076021,0.0002868438701328936,1.4252091820921258,0.00010627453996547291,8.566375839911008e-05,1.198819038546164
2013-06-07,8.584609796353898e-05,0.6625443883609233,0.0002981742790220039,1.42299657124941,0.00010600109427820658,8.10582314263569e-05,1.2347805758536392
2013-06-10,7.344670994631798e-05,0.651357998727611,0.00029302929255619226,1.4275278649516323,9.555676577114148e-05,8.148203031404776e-05,1.3010353471378593
2013-06-11,7.540176794643908e-05,0.6447930985106511,0.0002927939847400099,1.3786910190289714,9.580589226476176e-05,7.591719839593451e-05,1.2706053833222657
2013-06-12,7.564969572692771e-05,0.6363867768117814,0.00028584418875930565,1.2914201292153906,9.358137532570275e-05,7.514739779906062e-05,1.2370357134482461
2013-06-13,7.668406692361186e-05,0.6314776627980818,0.0002831845937612863,1.193998358980152,9.305621264549279e-05,6.401559460763536e-05,1.2135012705858428
2013-06-14,7.978958283363962e-05,0.6311435375338962,0.0002751890691094086,1.2018131406047514,9.352265479384368e-05,6.446686588890709e-05,1.1721161017828274
2013-06-17,6.406673037804978e-05,0.6376183401948492,0.00026705402790386717,1.2004325318451017,8.340203491080162e-05,6.345027679304349e-05,1.3017994584499104
2013-06-18,5.269216623890948e-05,0.6253372200671711,0.00021207275180176082,1.208589722633109,6.61043046367955e-05,6.323825612611178e-05,1.254537616409137
2013-06-19,5.313666894497608e-05,0.6265986113422075,0.00021608094026458397,1.1754073014812183,6.714208467561766e-05,5.84338418396665e-05,1.2635734608269185
2013-06-20,6.610900161714408e-05,0.6221347899130585,0.00018652252344731569,1.1626661185370448,6.908446970412896e-05,4.046020833255174e-05,1.0450085164531249
2013-06-21,6.524441916700448e-05,0.6252681289907158,0.00019450135000797275,1.1730360546686631,7.043674643448502e-05,4.116236721619496e-05,1.0795827035288623
2013-06-24,5.5679700730278476e-05,0.6235440914301305,0.0001985484580659494,1.0029551233862704,6.5561498859925e-05,3.764637046857159e-05,1.1774757766302582
2013-06-25,5.683904438603972e-05,0.6248545187104924,0.00014450580612400377,1.0618904178912532,5.662978948438015e-05,3.81722890180004e-05,0.9963184655210184
2013-06-26,5.616484134519195e-05,0.6135049574148542,0.00014758004359993293,1.089014060249295,5.5855270804466674e-05,3.708485854937256e-05,0.9944881792005316
2013-06-27,5.600093181678947e-05,0.6187710877409105,0.00013290839408470933,1.115723744333717,5.33831067502822e-05,3.7587936372883756e-05,0.9532539016480717
2013-06-28,5.651835513949762e-05,0.6103729014297298,0.00013552814375236762,1.108804927744192,5.342010609046703e-05,3.724863123142667e-05,0.9451815425027225
2013-07-01,4.0959150997653995e-05,0.5836099158464984,0.0001466718270840828,1.1016789475686335,4.5234676230559275e-05,3.778578630466066e-05,1.104385103908774
2013-07-02,4.708768430286185e-05,0.563009273339782,0.00014081795753664606,1.11252301665552,4.584566062222426e-05,3.8107427776988175e-05,0.9736231734682671
2013-07-03,4.5307854285029834e-05,0.5584876189640515,0.00012870972572503957,1.112473632932056,4.2648717872498475e-05,3.810528220386115e-05,0.9413095929062797
2013-07-05,5.048108536897671e-05,0.5533735964308539,0.00013948005857997842,1.0515250563845022,4.643429283948465e-05,3.5482846488678635e-05,0.9198354690689946
2013-07-08,5.858594159480322e-05,0.5616911462598821,0.0001419806356697172,1.0235837508541048,5.122817017947068e-05,3.5000475322964863e-05,0.874410631372609
2013-07-09,6.185296409698371e-05,0.5469150339768876,0.00014858481486444136,1.0133249547835292,5.243090254895818e-05,3.379605562814805e-05,0.8476700076450338
2013-07-10,6.043816195282401e-05,0.5405711591863761,0.0001523429516444801,1.0542953674776847,5.187040969272261e-05,3.540626486775074e-05,0.8582393642813112
2013-07-11,6.428746384905295e-05,0.5260753558867072,0.00015463698974154384,1.2150982335900296,5.245269387058184e-05,3.6133673903453604e-05,0.8159085882395491
2013-07-12,6.999194674271863e-05,0.5208836818578098,0.00015976914487794903,1.1877389022291018,5.508219572276443e-05,3.612506548362784e-05,0.786979049536077
2013-07-15,7.060701256657018e-05,0.5196523759020912,0.0001665303395326337,1.204209231377661,5.634865047007648e-05,3.675185404005214e-05,0.7980602552324313
2013-07-16,3.5042919617133015e-05,0.5228907990789803,0.00016893095680795478,1.0697306155273127,4.023145709965061e-05,3.511847746155485e-05,1.1480623629311082
2013-07-17,3.792838595062833e-05,0.5246030474018996,0.00017218046444270713,1.0681209079046876,4.239405191920169e-05,3.511654973937753e-05,1.117739414864275
2013-07-18,3.7451029819475974e-05,0.522940363655399,0.00017191105936770152,0.9969650142865922,4.196004594049839e-05,3.563988627877315e-05,1.1203976537563076
2013-07-19,4.0860668714576163e-05,0.5222764645949476,0.0001853315453115014,1.0253564107861617,4.544936962783605e-05,3.713381601421901e-05,1.1123011702356933
2013-07-22,3.950888193740232e-05,0.5166898111514527,0.00019109158175969674,1.0363463516323146,4.489500715437166e-05,3.758368558416948e-05,1.1363269460650163
2013-07-23,3.3171208880188284e-05,0.5133174966802285,0.00016620412798209623,1.0444608856605335,3.811427123421675e-05,3.7969370626972914e-05,1.14901664789735
2013-07-24,3.471216593235655e-05,0.5123250474108936,0.00017742715789362067,0.9888071390358876,4.02065207639071e-05,3.595039197666623e-05,1.1582832613285319
2013-07-25,3.488954269695917e-05,0.5141562234264532,0.00017880865001372094,1.021819221135083,4.061037479722275e-05,3.7532402521497076e-05,1.1639698218447039
2013-07-26,3.343176772700175e-05,0.5029652974411628,0.00020844688328722525,1.00192710544775,4.1987053152935086e-05,3.740288376132586e-05,1.2559028734524114
2013-07-29,3.360094972876798e-05,0.5089101207677733,0.00021317565074530567,0.9881495355002468,4.3071070202379305e-05,3.808326928095094e-05,1.2818408571797997
2013-07-30,3.816574763863081e-05,0.5311798479398919,0.00019843813631666924,0.9819320156524772,4.6226503702222104e-05,3.786726205488645e-05,1.2112039344784724
2013-07-31,3.750748633018741e-05,0.5449804614958041,0.00018828277749195668,1.018381705400979,4.5797862650296e-05,4.1231736751358474e-05,1.221032575927014
2013-08-01,4.226173154810077e-05,0.566189086923857,0.00019505551110530873,0.946269951731776,5.140605191050908e-05,3.6665296300375744e-05,1.216373537653103
2013-08-02,4.130983358011611e-05,0.5800636444763925,0.00017980374923815115,0.925284993144776,4.9992141539140344e-05,3.722528765027679e-05,1.210175331309089
2013-08-05,3.7225611971094185e-05,0.580481749665078,0.00016994979935576677,0.9126145906142568,4.6171057444951806e-05,3.927262035854481e-05,1.2403035168583336
2013-08-06,4.1983018398946586e-05,0.5840124194841408,0.00016026915304984262,0.9067275611887134,4.7905335208570695e-05,3.8524706656714135e-05,1.141064578857739
2013-08-07,4.81253999850549e-05,0.5893838806608682,0.0001561584698920315,0.9729330642216096,5.109379985763035e-05,5.1462129479293514e-05,1.0616805236631233
2013-08-08,4.5117615842124565e-05,0.617189130187728,0.00015629623959289427,0.9746730071589332,5.182813775473111e-05,5.2167882102487276e-05,1.148733965378135
2013-08-09,4.7210405389653165e-05,0.6460792187298635,0.00015302645282419763,0.9844440000951992,5.491460860842656e-05,5.281746567201452e-05,1.1631886690060467
2013-08-12,4.729046229109182e-05,0.6604753021492993,0.00014704955193474325,0.980001919360633,5.507762626190835e-05,5.37683526691298e-05,1.1646666916234272
2013-08-13,5.1414947954433665e-05,0.6698728606632801,0.000142415167613367,0.9721452991237832,5.732119107397066e-05,5.729954583846509e-05,1.1148740464499036
2013-08-14,5.361675369996386e-05,0.6640975592186266,0.00013227905972615608,0.958424809046414,5.592779424680746e-05,5.6649271201812065e-05,1.0431029554638098
2013-08-15,5.120699157562921e-05,0.6670949672554212,0.0001300665140653481,1.028723991902245,5.444212212935068e-05,5.6430788197095875e-05,1.0631775164714257
2013-08-16,4.9139520575593413e-05,0.6586208106081437,0.0001110614177478592,1.0589762540706484,4.865556423000419e-05,5.7650454152776745e-05,0.9901513824327054
2013-08-19,5.1240075352845624e-05,0.664133713673631,0.00011291230180064622,1.0869277061690104,5.0516242266611546e-05,5.822429180856796e-05,0.9858736920027992
2013-08-20,5.687877447837599e-05,0.6638682737511119,0.0001191739723542862,1.1130635091417658,5.465724499767577e-05,6.0228682403911455e-05,0.9609427330129133
2013-08-21,5.746511661394483e-05,0.6718365110769056,0.0001244564570388372,1.1117903081674267,5.681649843473796e-05,5.88585144920585e-05,0.9887128362835433
2013-08-22,5.43081375808944e-05,0.6698850116722099,0.00012050415545230287,1.0955636572470715,5.4191818808108105e-05,5.676690999045448e-05,0.9978581704700694
2013-08-23,4.6628310947370826e-05,0.6486119375944195,0.00010833478236353254,1.0827950825049442,4.609923697608194e-05,5.5999285442146736e-05,0.9886533747300851
2013-08-26,5.7057237442025364e-05,0.6544855239319706,0.00011417693751704567,1.1086270476300315,5.2825620909435605e-05,5.7084147498973977e-05,0.9258355868194738
2013-08-27,6.26349019454684e-05,0.6451237354561316,0.00011181557966028636,1.190586834700336,5.398863925246446e-05,5.3904820039133004e-05,0.8619577515977976
2013-08-28,6.352118414260544e-05,0.6461359442320526,0.00012494554120449195,1.1818463814040188,5.756302059994935e-05,5.394595130922532e-05,0.9062019447043056
2013-08-29,6.345432123592429e-05,0.6448733261387751,0.0001346299997138247,1.1822993717813903,5.9604072935991516e-05,5.398479490704234e-05,0.939322520122507
2013-08-30,6.533098257867051e-05,0.6452440821703612,0.00014621197870253033,1.1732250349072757,6.306306904000927e-05,5.304388247671787e-05,0.9652857886236402
2013-09-03,6.741624909395761e-05,0.6424569285230374,0.00020697884189901098,1.2054435677033717,7.589082712761866e-05,5.490726421727745e-05,1.1257052735439208
2013-09-04,5.29054408502055e-05,0.6385520086741452,0.00021238925189508986,1.2170007207237046,6.768816049417686e-05,5.4537328931483576e-05,1.2794177575389005
2013-09-05,5.526096611110341e-05,0.6373348247204869,0.0002222695060206009,1.1795368583946588,7.063449235836812e-05,5.8149540281017857e-05,1.2781986514017125
2013-09-06,5.903493096893949e-05,0.6353365690953885,0.00022857986100813604,1.2277813258502366,7.380356925191953e-05,6.458572171949057e-05,1.2501677911802824
2013-09-09,5.950680039687122e-05,0.629090291753156,0.00022209356600371124,1.2208567177902516,7.232097483781964e-05,6.239383447642258e-05,1.2153396646347359
2013-09-10,6.058865375686932e-05,0.6265225559152717,0.00022845902605568292,1.2632200301133252,7.371171621529184e-05,6.37442070104189e-05,1.2165927388167899
2013-09-11,5.2548421709793746e-05,0.6300298350495805,0.00021850160010588877,1.2968570358447733,6.751002441678215e-05,6.672161788212941e-05,1.2847203059611574
2013-09-12,5.463125330927889e-05,0.6345451564720808,0.00022780865290858576,1.2757193351645395,7.078939870449398e-05,6.560124300434515e-05,1.2957674301144158
2013-09-13,5.629719144726608e-05,0.6387040208112825,0.00022253705847758486,1.2638219012561258,7.148981717507444e-05,6.522450436931877e-05,1.269864718598607
2013-09-16,5.4138744378514925e-05,0.6398122791072924,0.00021308342202223135,1.3389237332359027,6.87197374580388e-05,6.917281123715375e-05,1.2693263991787436
2013-09-17,5.7555509167455784e-05,0.639562081010047,0.00020099677537322596,1.36431935243389,6.878927022373935e-05,7.046266284863555e-05,1.1951813339640402
2013-09-18,6.204530316157312e-05,0.6366093390626778,0.00019217007544004912,1.4354653802682376,6.951368974497057e-05,7.09429626414921e-05,1.120369894300442
2013-09-19,6.178297806302708e-05,0.6371147279726191,0.00019078518065522302,1.4303477939991267,6.917105229336137e-05,7.219612372788614e-05,1.1195810636191321
2013-09-20,6.675064824066973e-05,0.6402796641884955,0.0001829868118468607,1.504007269281597,7.076318103051724e-05,7.06867162088446e-05,1.0601122670057121
2013-09-23,6.644616634370019e-05,0.6467944989991733,0.00017702458046190716,1.5038622568684863,7.014844833856275e-05,6.965075272356809e-05,1.0557185191951044
2013-09-24,6.687102886618699e-05,0.6524765700537652,0.00016448632987081945,1.5195944926388931,6.843036065989565e-05,6.993806069166515e-05,1.0233184956198143
2013-09-25,5.221698153901886e-05,0.6561847643437064,0.00017086640672555676,1.5276574223575032,6.198125525002208e-05,6.967819025976938e-05,1.1869942195664243
2013-09-26,5.0374063840171386e-05,0.6533115287642053,0.00016853262946834035,1.5308582731469225,6.0195747885315305e-05,6.979171355981487e-05,1.1949750188173522
2013-09-27,5.122431082106018e-05,0.6565362056151739,0.00017166639103363755,1.5508797752198142,6.156577933585453e-05,6.998602340595676e-05,1.2018859472979497
2013-09-30,5.1567877421329924e-05,0.6653426259399434,0.00012983877178557033,1.5422684668559603,5.444238910076565e-05,6.915121595811942e-05,1.0557422919688904
2013-10-01,5.3629225784131454e-05,0.6627366335265387,0.00013194939362039642,1.5696176440607073,5.5750073003221754e-05,6.896561571992177e-05,1.0395464821294855
2013-10-02,4.9785428743887e-05,0.6615160932458533,0.00015819886917901982,1.5684741838267318,5.8707451401466206e-05,6.98922007232964e-05,1.1792095173766022
2013-10-03,5.1677659876475144e-05,0.6603245894816089,0.00019120511350601842,1.5076291660348782,6.563849897121387e-05,6.641671656353341e-05,1.2701523081368091
2013-10-04,4.988490741732951e-05,0.6480852171348576,0.00018417184050016533,1.4882935961242132,6.211955195239685e-05,6.441278898337354e-05,1.2452574369380738
2013-10-07,5.300164613196136e-05,0.6484958708985316,0.0001982346132956989,1.5752260380630945,6.647244268846454e-05,6.53381542093195e-05,1.2541580788446482
2013-10-08,5.7418241986777646e-05,0.6510341376877194,0.00021326102443407555,1.5943801814401932,7.204178303097458e-05,6.573007096122306e-05,1.254684583473741
2013-10-09,4.671951297786224e-05,0.6446953088542948,0.0002216787661939253,1.5403859350435587,6.560934639536309e-05,6.433868662407797e-05,1.4043242793744808
2013-10-10,5.493659376391755e-05,0.6609499886403819,0.00027884749855044624,1.5644025189468131,8.180556341713812e-05,5.127573852695258e-05,1.489090564454838
2013-10-11,5.397060840252837e-05,0.6528515332624693,0.0002861850429546653,1.570293006508576,8.113655267001837e-05,5.138324386763267e-05,1.50334700815078
2013-10-14,5.390763459317086e-05,0.6460204166995198,0.00029893722303751146,1.576262908628801,8.20089741677026e-05,5.19107273457822e-05,1.521286823037338
2013-10-15,5.553151341989191e-05,0.6449947772408543,0.00030534832925895787,1.508342164825473,8.398925458177877e-05,5.5607016778201256e-05,1.5124611127866907
2013-10-16,4.144281603770634e-05,0.6308501861571391,0.0002986493066858961,1.5371792329853522,7.018295016792414e-05,5.141553780291735e-05,1.6934889295184206
2013-10-17,4.1583055321708076e-05,0.6151174455811363,0.0002929176001633814,1.5730864714821489,6.788736873816313e-05,5.153574736983952e-05,1.6325728884746742
2013-10-18,4.3823960134694674e-05,0.6170818433206098,0.0002933568647741272,1.5159757866004162,6.996755628412838e-05,4.9185692387100105e-05,1.5965594179321159
2013-10-21,4.4710412594374516e-05,0.6058797180849363,0.0003743423007161017,1.4985070875502269,7.838360003857091e-05,4.863210979781608e-05,1.753139716014009
2013-10-22,4.4371990394003997e-05,0.6122494013933685,0.0003868714766376353,1.4617344832682393,8.021695639591787e-05,4.722720034190222e-05,1.8078286703757518
2013-10-23,3.6244305626284386e-05,0.6070509164549162,0.0003797913294169495,1.4130372112790173,7.122255247277023e-05,4.457933964247984e-05,1.9650687533414795
2013-10-24,4.040389782719303e-05,0.6083060434181415,0.0003538429117301792,1.417032558932172,7.273425809429043e-05,4.459897550663047e-05,1.8001792402647376
2013-10-25,3.967999624918889e-05,0.6031886275333035,0.0003240045899712914,1.4052441428161506,6.839345405202889e-05,4.4265425967148196e-05,1.7236255170620622
2013-10-28,4.081308187982178e-05,0.6007094323250037,0.0002977717986922385,1.3967222416525995,6.622255438589909e-05,4.753903082758005e-05,1.6225815678634132
2013-10-29,4.2024721372673885e-05,0.6028052931027891,0.0003072517811468516,1.3383419172212891,6.849780945206144e-05,4.494936963681575e-05,1.6299408351723514
2013-10-30,3.243679795796633e-05,0.5912831476859562,0.000286843824752614,1.3495937924878267,5.703444784184799e-05,4.472616386147839e-05,1.758325464669998
2013-10-31,3.3498134377451295e-05,0.5875347119118547,0.0002659372681347881,1.3247715839581484,5.545407198559687e-05,4.4329642469362076e-05,1.65543762410019
2013-11-01,3.528785039280735e-05,0.5889668099275873,0.0002519300691873185,1.3271859695763633,5.5532014245223046e-05,4.436140353404553e-05,1.5736865132635571
2013-11-04,3.477448195487655e-05,0.5915306344584041,0.00024199648792675612,1.3024568335449445,5.426403785388218e-05,4.332979154739332e-05,1.5604556790894921
2013-11-05,3.766596277267884e-05,0.5956966787144761,0.0002492108915055881,1.2955555467949815,5.771427234921618e-05,4.270762246882575e-05,1.5322659531506642
2013-11-06,3.8333959556374354e-05,0.5762903269791628,0.0002507181981650412,1.2332676530155076,5.6497092604444855e-05,4.577059498693126e-05,1.4738131217924304
2013-11-07,4.0431492315281525e-05,0.5735352277445708,0.0002453773707787603,1.351590686936672,5.712645022821611e-05,4.7625542375871495e-05,1.4129196563596675
2013-11-08,4.3778322206368926e-05,0.5782597523502633,0.000255079387674451,1.2572338014692517,6.110689342131332e-05,4.0451054319567354e-05,1.3958253843822142
2013-11-11,4.088414418239951e-05,0.573032345183159,0.00024338773115094043,1.243399358136006,5.716180491481331e-05,4.01267507952289e-05,1.3981411634738654
2013-11-12,3.99781619662566e-05,0.5736892959003057,0.00024686202405508766,1.211431546211315,5.699218415114999e-05,3.958659946644208e-05,1.4255829019666788
2013-11-13,4.4902541372157916e-05,0.5624026166863735,0.0002392360956874286,1.1156801933323104,5.829028068387333e-05,3.5256232032352095e-05,1.2981510378389531
2013-11-14,4.545126757048379e-05,0.5537451816724873,0.00021186907867714068,1.0825894141078172,5.433963902647005e-05,3.3752654417640044e-05,1.195558274413416
2013-11-15,4.488960878325864e-05,0.5464862879261922,0.00019874248786164148,1.0683170321309476,5.1617568246312944e-05,3.4783412531012655e-05,1.1498778814388657
2013-11-18,4.304897041106976e-05,0.5428767874216281,0.00022178706884422368,1.068308190365176,5.304577116442083e-05,4.589639452887206e-05,1.232219276277522
2013-11-19,4.253689180732228e-05,0.5525542904275034,0.00021329086950862803,1.048981617820429,5.263128385836609e-05,4.552030551486071e-05,1.2373091126819513
2013-11-20,3.986505410246521e-05,0.5657732050721141,0.00020712631115624532,1.0301126758474757,5.141101636745764e-05,4.530806428691029e-05,1.2896261531544853
2013-11-21,3.485111027762049e-05,0.5675339126300009,0.0002022022539233092,0.9604503187645024,4.764234425668239e-05,4.277359840164713e-05,1.3670251500502622
2013-11-22,3.677714977289896e-05,0.5715899206485211,0.00019619332220376982,1.0449155348219652,4.85529594636652e-05,4.8652228759405964e-05,1.3201936464212847
2013-11-25,4.464079349966786e-05,0.5632207646806178,0.00021112543297419588,1.0364314326196271,5.4678285377776254e-05,4.898972998610266e-05,1.2248502119072564
2013-11-26,4.5604254902161166e-05,0.5704788851088425,0.00020886538218012847,0.9389858628543436,5.5676956789110634e-05,5.488909140441226e-05,1.2208719758399589
2013-11-27,5.098239319509307e-05,0.5677247089446517,0.00020721092308420742,1.0039383961160369,5.8351796057146835e-05,5.9811430783195635e-05,1.1445479978519928
2013-11-29,5.306536742177139e-05,0.5694747181535889,0.0002007511777644734,1.0037795727361267,5.877722619487197e-05,5.9807716070270616e-05,1.1076381649768272
2013-12-02,5.1303727815654587e-05,0.5747660800640122,0.0001982173324813869,1.0799544871898514,5.796107147739206e-05,6.881949057351553e-05,1.1297633514207535
2013-12-03,5.129816798105141e-05,0.5778504727572988,0.0001933294655767227,1.1307935366406463,5.754603768966591e-05,7.56435746075016e-05,1.1217951820603487
2013-12-04,4.926678581923591e-05,0.5764557386611918,0.00020334310385363672,1.1270124609961176,5.769760763647416e-05,7.547527207027575e-05,1.1711258747053575
2013-12-05,6.186383108747796e-05,0.5965048177959483,0.00019809822214985725,1.214411983288479,6.603476708432453e-05,8.388998543479438e-05,1.0674212366665217
2013-12-06,6.149224160789946e-05,0.5977330891624703,0.000190786644846266,1.2610141711130556,6.474279522323116e-05,8.373163508397039e-05,1.052861198914468
2013-12-09,5.694825981469449e-05,0.5973824302374245,0.000188513929985954,1.2728618591616825,6.189625853451004e-05,8.507368229337759e-05,1.086885863341847
2013-12-10,5.3452041059883435e-05,0.603017376857915,0.00018787241780107486,1.2534902224708608,6.042873265782776e-05,8.412068811126431e-05,1.130522454514472
2013-12-11,5.2671389427449466e-05,0.6058616462367149,0.0001867383238726841,1.2716095370953449,6.008659253003694e-05,8.130342042419833e-05,1.140782371287192
2013-12-12,5.926873458923956e-05,0.6299306718534172,0.00019027465184676826,1.255467812757734,6.689536851019583e-05,8.134050828805085e-05,1.1286788721543064
2013-12-13,5.102150798536989e-05,0.635728345829914,0.0001784037465557964,1.2659557663939078,6.0652709504453976e-05,8.278502102737837e-05,1.1887674806053512
2013-12-16,5.265033739264804e-05,0.6488747946221454,0.0001826267391474359,1.2562378773010678,6.362732513591578e-05,8.136624598164242e-05,1.2084884596542118
2013-12-17,5.547285481711756e-05,0.6596666907517139,0.0001861286554763219,1.256065917444424,6.703034177364494e-05,8.161095652965675e-05,1.2083449102201427
2013-12-18,5.7755345996717895e-05,0.6694391146437662,0.0001901570944410734,1.3370802149714585,7.015577806345258e-05,7.877350180260538e-05,1.2147062207442991
2013-12-19,6.478693026373803e-05,0.6746166691161058,0.00019089558028385895,1.3322214836560065,7.502373926454252e-05,7.841795365218872e-05,1.1580073165857983
2013-12-20,6.101338500649426e-05,0.6749062760377746,0.00020729732723424998,1.33446297777913,7.590194031870344e-05,7.924043965576245e-05,1.2440211325863078
2013-12-23,6.0371580554275465e-05,0.672644090587066,0.00020675024745406826,1.374255189725157,7.514924524400857e-05,8.100062348882206e-05,1.2447784960085257
2013-12-24,6.05937066863415e-05,0.6801772089487222,0.00018602848747159033,1.3818974359604952,7.221469201148098e-05,8.306810902562953e-05,1.1917853513285561
2013-12-26,6.0130930524985e-05,0.678951642685899,0.0001821041086647242,1.321209463088969,7.104731633050676e-05,8.432044162489108e-05,1.1815436034369349
2013-12-27,6.1029823506439453e-05,0.6836654782748994,0.00017767311845380622,1.3180023550232989,7.119107816506903e-05,8.411399782703856e-05,1.1664965434081163
2013-12-30,6.103786899254316e-05,0.687820465258222,0.00020535378220810086,1.3198339784203803,7.700627714423763e-05,8.43154896156322e-05,1.2616147715387196
2013-12-31,6.15980310886923e-05,0.6908582951654538,0.0002232531143683645,1.3218781781560045,8.101606676499552e-05,8.390387772602779e-05,1.3152379277893482
2014-01-02,6.274975633376732e-05,0.6956281195584652,0.00024397057265753967,1.3062797848520564,8.607001406676458e-05,7.988461851495033e-05,1.3716390165557981
2014-01-03,6.287727487442676e-05,0.694767756437519,0.00024042441337296491,1.3241495030671293,8.542319148569321e-05,8.187993466824847e-05,1.3585701933853411
2014-01-06,6.194585296328845e-05,0.697268764040897,0.0002408847859841208,1.3326915067334888,8.517477884810136e-05,8.2054030952699e-05,1.3749875863131513
2014-01-07,5.985294868622432e-05,0.6968489509607461,0.00024288035880259788,1.312187998785478,8.401902239511995e-05,8.38791102458877e-05,1.4037574461967597
2014-01-08,5.957982003469859e-05,0.6975040139443679,0.0002517395871050389,1.3118732409197769,8.542245771813653e-05,8.412428518774231e-05,1.433748166214458
2014-01-09,5.8876921963223624e-05,0.6986609112629972,0.00024620973461856113,1.3465100012156364,8.411851645213661e-05,8.869502587521739e-05,1.4287179704244675
2014-01-10,5.8643073362417135e-05,0.6958339272159798,0.0002543470896078915,1.320838219571813,8.49820782693039e-05,8.820256910831364e-05,1.4491409368010164
2014-01-13,6.549653155125348e-05,0.7033937101855069,0.0002505669391389962,1.2988718455567043,9.010927913508205e-05,8.201698254518193e-05,1.375787037891742
2014-01-14,6.384952094066409e-05,0.7089898812478365,0.00025847892448785517,1.299419177311054,9.108176282200621e-05,7.97228188629985e-05,1.426506596762868
2014-01-15,6.070372053025981e-05,0.6989921277699475,0.00024242264758853334,1.2443455648233703,8.479427563883877e-05,7.772228280241679e-05,1.3968546721377681
2014-01-16,6.085694586035492e-05,0.6986293855951037,0.0002533371891816152,1.2502036797318856,8.674638778689794e-05,7.855276132067675e-05,1.425414742073158
2014-01-17,6.130074788390541e-05,0.6970775134417433,0.00025385058801018115,1.270219652580787,8.69566993561416e-05,7.981718101179694e-05,1.4185259129435872
2014-01-21,6.022038567812545e-05,0.6913916820693751,0.00023729842031228703,1.3131410677311612,8.265009179211506e-05,8.393370649678227e-05,1.37246035310825
2014-01-22,6.0180607898710316e-05,0.6872588113693503,0.00023804676246263852,1.314903461386162,8.225830219397259e-05,8.417744588605146e-05,1.366857282871272
2014-01-23,6.197862719476769e-05,0.6904878366657344,0.00023739841366787499,1.3353843280972597,8.375599748933392e-05,8.402506808275057e-05,1.351369032846289
2014-01-24,8.312838911315208e-05,0.7033076041269338,0.00022419406264458672,1.2138607121547984,9.60134441600826e-05,6.430787149217983e-05,1.155001861390478
2014-01-27,7.785643656399444e-05,0.6987775576756341,0.00021856757127109236,1.2182828713249825,9.115470143522719e-05,6.436577998098346e-05,1.1708049514994459
2014-01-28,5.7778264472590076e-05,0.6831176045079239,0.00021470548308238625,1.2443435054337462,7.608504320724777e-05,6.523974185302576e-05,1.3168454245167298
2014-01-29,5.541992369045716e-05,0.6658288994204778,0.00020496448583896205,1.2792392553199228,7.096348111226987e-05,6.37932966674885e-05,1.2804687626173903
2014-01-30,5.718939038351772e-05,0.662569982559719,0.00022269036995412603,1.21936646411015,7.47722085196639e-05,6.303965593997048e-05,1.3074489519512984
2014-01-31,5.786696567157789e-05,0.6672359750917596,0.00018444577093722355,1.3210179087444285,6.893331433484469e-05,7.122207868074066e-05,1.1912377560294678
2014-02-03,7.055814511505822e-05,0.6687995647184958,0.0001821313636108422,1.5199068772819466,7.581618528180396e-05,6.267500216535263e-05,1.0745206688493798
2014-02-04,5.3287933521446234e-05,0.6709452826145649,0.00019778836335241113,1.4276527472952538,6.888139144842681e-05,6.067460155581898e-05,1.2926264333501474
2014-02-05,5.1744253938995175e-05,0.6641940895286489,0.00019753554954691694,1.29973529745405,6.715041544068223e-05,6.997699734084042e-05,1.2977366630863096
2014-02-06,5.460185755120456e-05,0.671155101333758,0.00022601582088846916,1.2252800849594625,7.455830470642109e-05,6.437311186783649e-05,1.3654902607755013
2014-02-07,6.356327391387762e-05,0.6755048879148758,0.00024198367604107404,1.236519907512514,8.377697210365814e-05,6.254222861589577e-05,1.3180090789088086
2014-02-10,6.2547563500994e-05,0.6833671442439828,0.00021777377535971108,1.2518761229341338,7.975576460017079e-05,6.44330517962562e-05,1.2751218454561113
2014-02-11,5.609995653519849e-05,0.6741971114678151,0.00025777281281179896,1.125014541775022,8.107495292424207e-05,5.76506746174441e-05,1.4451874463284773
2014-02-12,5.280573476410588e-05,0.6643644354518485,0.0002606843837189207,1.1260082056693612,7.794790167543316e-05,5.772287105774139e-05,1.4761256902047197
2014-02-13,5.31879934714369e-05,0.6630592108816692,0.00025541862478863255,1.1649882785522443,7.728325351152607e-05,5.9384275109555524e-05,1.453020662511528
2014-02-14,5.362200748552388e-05,0.6552267630343233,0.00024782712128869106,1.1797933311067508,7.553314686323355e-05,5.9902624129371256e-05,1.408622138655009
2014-02-18,5.088126402858046e-05,0.6507148699001237,0.00024372062808680894,1.1527418416804596,7.24629184727015e-05,5.8714204625122565e-05,1.4241571992393591
2014-02-19,5.093399391722896e-05,0.6371997421021813,0.0002356954347404846,1.1740355129514064,6.981601282120349e-05,5.850830275028694e-05,1.370715458415828
2014-02-20,5.128532994270177e-05,0.6306204170880814,0.0002355921304410893,1.170756448516605,6.931783566460556e-05,5.954245338543746e-05,1.351611381696296
2014-02-21,5.0142924359823583e-05,0.6266446517986364,0.0002279895864447918,1.1597826005463854,6.700136833677764e-05,5.9139163820601985e-05,1.3362078337509506
2014-02-24,5.289213529725008e-05,0.6267070698401884,0.00022198148301881567,1.1276803376130071,6.79076213407182e-05,5.729266074284459e-05,1.2838888231507792
2014-02-25,4.99909412374215e-05,0.6255876696157957,0.00022308532717325115,1.1169574845662031,6.606468071164139e-05,5.6905322240367905e-05,1.3215330433144084
2014-02-26,4.8822079787728685e-05,0.618942614582113,0.00021699774631745572,1.1160955747927583,6.370685045612973e-05,5.6860961290910325e-05,1.3048778489797621
2014-02-27,4.902946505121921e-05,0.6202184203935937,0.000204060633993846,1.1026422976387422,6.203729509745448e-05,5.565201062352095e-05,1.2653063832666027
2014-02-28,4.913560627678946e-05,0.6184665844078825,0.0002098177488595246,1.0814363586492128,6.279651043448403e-05,5.4522594084067785e-05,1.2780245364377982
2014-03-03,5.060228536900576e-05,0.6219984244856838,0.0002105315305094616,1.059143044599767,6.419968899576341e-05,5.405848981796278e-05,1.2687112553830653
2014-03-04,5.593664385448813e-05,0.6181757707543316,0.00020813079166262838,1.1416922246172965,6.670038640426484e-05,5.416402836525524e-05,1.1924273929944238
2014-03-05,4.9068183379191435e-05,0.6020659518765907,0.00020950230426620812,1.1603080402910877,6.104336408399538e-05,5.505839072097921e-05,1.2440518454139942
2014-03-06,4.928243059442446e-05,0.5967827525393741,0.00020327318662672706,1.1494413837564803,5.973135550088006e-05,5.446548639543528e-05,1.212021298065557
2014-03-07,4.8971813978785636e-05,0.5894880190611306,0.0002065312018617001,1.1378291433216077,5.928446629604702e-05,5.6288414774368484e-05,1.2105834250233978
2014-03-10,4.912023117884392e-05,0.5826210124110215,0.00019776331319653506,1.1371419675414065,5.742344046897558e-05,5.6254401003586647e-05,1.1690384815148804
2014-03-11,5.148937537691702e-05,0.580469192662511,0.00020038319616187542,1.110093641616529,5.89615153583331e-05,5.4863725434706954e-05,1.1451200354775695
2014-03-12,4.8906113932888686e-05,0.5791840554747606,0.00019953885530058548,1.184334422003796,5.7215264950818264e-05,6.068078863288548e-05,1.1699000462259543
2014-03-13,5.192240840939531e-05,0.5800742219540641,0.00019928828976746384,1.2303817358616935,5.900677387303183e-05,5.967281590031901e-05,1.1364413878450719
2014-03-14,5.053194068255615e-05,0.5844848703025225,0.00019291910888104069,1.2284298896858898,5.770904482724435e-05,5.958232411540035e-05,1.1420310411146701
2014-03-17,5.312543808337814e-05,0.5893706536604686,0.00020527668263687146,1.1770880756044777,6.154738136644232e-05,5.625256062238442e-05,1.1585293898159728
2014-03-18,5.3640183376897774e-05,0.5913965967583157,0.00019962454016138426,1.1666182994694732,6.11971098611449e-05,5.6266139121217516e-05,1.1408818167370733
2014-03-19,4.9711758607667365e-05,0.5922748212072598,0.00018958513757039042,1.1708963363249003,5.749829647310287e-05,5.5762358317017095e-05,1.1566337237611735
2014-03-20,4.924048797705463e-05,0.5955848730037389,0.00019118566896946307,1.1721871525404242,5.778731290519903e-05,5.538337970244536e-05,1.1735731159310832
2014-03-21,5.1299807125194504e-05,0.5923294889451955,0.0001950847932940855,1.2318428868830749,5.925608156409035e-05,5.696087321831051e-05,1.1550936520965658
2014-03-24,5.150721281894852e-05,0.5977671935258685,0.00019843516022270325,1.2354301373256038,6.043317541502761e-05,5.6532371112898916e-05,1.173295391219371
2014-03-25,5.187847468728203e-05,0.6007722138611544,0.0002076728762317688,1.205761513155012,6.235816492140383e-05,5.527355866252938e-05,1.2020045943388327
2014-03-26,4.894688218699071e-05,0.609796742671116,0.0002015670108332552,1.1862738594320954,6.05699680506979e-05,5.2660050559423084e-05,1.237463252905543
2014-03-27,4.819111839496585e-05,0.6096682493193792,0.00019960454957200906,1.180941242732036,5.979464595404013e-05,5.21737903010298e-05,1.2407814540425028
2014-03-28,4.77393720640184e-05,0.605262231811843,0.0002053131740947108,1.141485371118662,5.992255664316111e-05,5.0067470943632257e-05,1.2552020282714462
2014-03-31,4.471229395078723e-05,0.5801603699788849,0.0001825587511360836,1.2169805957793527,5.2415877809406623e-05,5.191817134473321e-05,1.1722922976642258
2014-04-01,4.637295349124256e-05,0.5823632467559624,0.00018822694330474359,1.2022043819094876,5.440856000938239e-05,5.125340818792998e-05,1.1732821809518201
2014-04-02,4.141854620280984e-05,0.5830373894001093,0.00018577363760032383,1.222496743554145,5.1142961686784723e-05,5.2376715273951764e-05,1.2347840852829157
2014-04-03,4.131197301210188e-05,0.5774235146675022,0.00018495708253977666,1.2201137154500727,5.047402255873346e-05,5.215411502830278e-05,1.2217770994367096
2014-04-04,4.5815215175484866e-05,0.5726749161100732,0.00017859155420285925,1.2569334819203235,5.180163703867046e-05,4.9045693734633204e-05,1.130664493012986
2014-04-07,4.72141155464609e-05,0.56500533129887,0.00021032663470579697,1.0933195450663191,5.630352836299581e-05,3.945595914665069e-05,1.1925147323281
2014-04-08,4.530353492960697e-05,0.5522083318946387,0.00020895570959700988,1.0622333024702555,5.3727436745856944e-05,3.9748422313944645e-05,1.1859435876105278
2014-04-09,4.691297863661334e-05,0.5534067092567089,0.00019328261684894993,1.1284788739483114,5.269717361354543e-05,3.9887551151647493e-05,1.123296263529466
2014-04-10,5.810324280314903e-05,0.5613359529398059,0.00019242398314183611,1.2735370860046056,5.935436253729996e-05,3.059299827809567e-05,1.021532700651316
2014-04-11,5.691804938589508e-05,0.5576331195578469,0.00017066734858350676,1.317327122610063,5.496026078659628e-05,2.841949386463015e-05,0.965603378534192
2014-04-14,5.793906540801691e-05,0.5592731066758597,0.00016917140736856677,1.2402337966157764,5.536982617976224e-05,2.6566691674311406e-05,0.9556561844730901
2014-04-15,5.375893588153699e-05,0.5646289575541108,0.00016908082585652493,1.208674007121925,5.383139812816683e-05,2.510320350881469e-05,1.0013479107322645
2014-04-16,3.1303883437837385e-05,0.5494510663948822,0.00014029865492233744,1.172700398905168,3.641286769861362e-05,2.2580031726252905e-05,1.163206084986917
2014-04-17,3.0074876652121772e-05,0.5470887206357196,0.00013362986170243384,1.1712117638480315,3.468258408601863e-05,2.2603333121338054e-05,1.153207858080169
2014-04-21,3.398061258211898e-05,0.5367058006890457,0.00015067471087579825,1.3017792320551764,3.840361210351387e-05,2.640704600446654e-05,1.1301624422074819
2014-04-22,3.465237531876505e-05,0.5320755469217957,0.0001494269925799991,1.3477892741818411,3.8287263994313377e-05,2.7334905429906082e-05,1.104895801286671
2014-04-23,3.661275306357103e-05,0.523527347133146,0.00015344823292043547,1.4306254782343837,3.924067881865741e-05,2.8756564120667263e-05,1.0717762401129325
2014-04-24,2.8915216768426475e-05,0.5255671241557803,0.0001600110115420899,1.4700240088170142,3.574920205415013e-05,2.9542659364140106e-05,1.2363456356027018
2014-04-25,3.367547480592454e-05,0.5299222601606575,0.00015991727019554357,1.4687737702897692,3.888809874312736e-05,2.6742268858960254e-05,1.1547899166156896
2014-04-28,3.364553762091845e-05,0.5339435150005601,0.0001599544126968126,1.397982786273411,3.9170324110211196e-05,2.6299577094315088e-05,1.1642056236859721
2014-04-29,3.9441733334885286e-05,0.537886829873839,0.0001564379888459894,1.4154506354489629,4.225129445807187e-05,2.6226422667865693e-05,1.0712332061913108
2014-04-30,4.001418281063408e-05,0.5417204877116116,0.0001510827168900015,1.3982536514903978,4.2120122906770105e-05,2.6254053909065074e-05,1.0526298414265343
2014-05-01,2.1991126094734782e-05,0.5566202994987568,0.00014479822050054913,1.4350080863186283,3.140974331894535e-05,2.7596048411115772e-05,1.4282917201982495
2014-05-02,2.5114593555483047e-05,0.5634521975150425,0.00014262665991441695,1.4674217490359038,3.372255797692487e-05,2.9878158121910965e-05,1.3427475106226643
2014-05-05,2.3421323104644024e-05,0.5703331800213665,0.0001316349246261845,1.4978707071183737,3.1667947428706005e-05,3.088512612932252e-05,1.3520989948867075
2014-05-06,2.3724080850696792e-05,0.5733330947244193,0.00012731878904325471,1.6541721374265448,3.150996775901412e-05,3.144643916048991e-05,1.3281849761563533
2014-05-07,2.503936026433856e-05,0.5771144418420325,0.00013107316885765916,1.5957967419872223,3.306210161316565e-05,2.950024297034432e-05,1.3204052046111259
2014-05-08,2.245244272166245e-05,0.5902872909866694,0.00013482240682411364,1.56371871147889,3.247702722277808e-05,2.929328044136847e-05,1.4464807961159507
2014-05-09,2.6257615904936162e-05,0.597668824741463,0.00013134139471104343,1.5321945006696231,3.509854073177065e-05,2.900647814880912e-05,1.3366994497460252
2014-05-12,2.5472098693136958e-05,0.6053779993530711,0.00012772812922315284,1.6468146228881293,3.4530452839154795e-05,2.8641031116032174e-05,1.3556186812537148
2014-05-13,2.7268227179962204e-05,0.6057085411599683,0.00012668723226209395,1.6925650203269211,3.560070297134571e-05,3.5190711420294955e-05,1.3055745331880815
2014-05-14,2.54765910501542e-05,0.6061048398582205,0.00012177797737760692,1.630419753364622,3.3760027221678554e-05,3.5977322443982374e-05,1.325139111242052
2014-05-15,2.174205444419079e-05,0.6227854549789701,0.00013445038514151044,1.4839963104344245,3.367206692576808e-05,2.9739437599771273e-05,1.5487067706596074
2014-05-16,2.0552751262807784e-05,0.6312832365671774,0.00013455008127750392,1.566997400217563,3.3197182223065034e-05,3.157614883158979e-05,1.6152184103516392
2014-05-19,2.1296152341554682e-05,0.6346142746287509,0.000134356776997254,1.5775702522075437,3.394612434352361e-05,3.1603943081675045e-05,1.5940027005387887
2014-05-20,2.0908636850371392e-05,0.6353420819057525,0.00012612518958202596,1.620397943269591,3.262656838004905e-05,3.0422023300996133e-05,1.560434982611959
2014-05-21,2.119414789263069e-05,0.6346333151731286,0.00012584339258178058,1.671553447040989,3.27752532327635e-05,3.067090571998588e-05,1.546429391679371
2014-05-22,2.007249814887391e-05,0.6299141039195434,0.00012699519273977293,1.6837811184861866,3.18035563424108e-05,3.082517426644089e-05,1.5844343891094101
2014-05-23,2.2049522594442057e-05,0.6240158762466066,0.0001282843311100668,1.7646231252227622,3.318807337439637e-05,3.2973277395757966e-05,1.505160632491969
2014-05-27,2.174082787467674e-05,0.6270553821829452,0.000128300177536011,1.856000166783864,3.311750170697173e-05,3.344617006355231e-05,1.5232861369343853
2014-05-28,2.1661197917021908e-05,0.6219486970995618,0.00013086055917687,1.6678552378827518,3.311312613817989e-05,4.571461969441352e-05,1.5286839751442727
2014-05-29,2.1856321025887475e-05,0.6184975624128918,0.0001253147214951372,1.674600834401572,3.236887231435942e-05,4.530927923687179e-05,1.4809844838946347
2014-05-30,2.8179051435749515e-05,0.6267387323121157,0.00012467187734218835,1.6760533289002344,3.714787447291197e-05,4.556035561992721e-05,1.3182798064587833
2014-06-02,2.8496658002674943e-05,0.6330934562751779,0.00012592063740058594,1.6795271008248651,3.792392215817236e-05,4.5681695412005384e-05,1.3308199914043428
2014-06-03,3.418588872187905e-05,0.6446185130608171,0.00011999810285151384,1.6561764787662188,4.128700704129723e-05,4.67133212817885e-05,1.2077207463345379
2014-06-04,2.793146765100254e-05,0.6660939599719397,0.00011917749223289025,1.5197355360463745,3.84308061823048e-05,4.34571749364513e-05,1.3758964141265027
2014-06-05,4.136471088316827e-05,0.6711794807260034,0.00011929215888118761,1.5300404128527936,4.714760284384561e-05,4.234614937758131e-05,1.1398025475630837
2014-06-06,3.9833023701562004e-05,0.654676214369315,0.00013532454571317566,1.4542707857616264,4.806583471789608e-05,4.178243647651683e-05,1.2066830546939182
2014-06-09,5.1073182956276414e-05,0.6429618675195866,0.00014413477170447495,1.4172754064900597,5.5165309783202106e-05,4.150717653623996e-05,1.080122807901535
2014-06-10,4.95066057749403e-05,0.631451297876095,0.0001487880522480791,1.4100569376379992,5.41945313852855e-05,4.148074643108119e-05,1.0946929311142186
2014-06-11,4.7157992518462575e-05,0.6218015794566116,0.00012317464580719546,1.3962930366880946,4.73903740458425e-05,4.0813960366543645e-05,1.004927723063889
2014-06-12,4.667919578081926e-05,0.6239524609427679,0.0001235357553628574,1.4488745458994463,4.738157818145295e-05,4.0588253075232915e-05,1.0150470116051635
2014-06-13,3.72024477228719e-05,0.6128730113657024,0.00013828757131050036,1.4614950444419044,4.3959002526305036e-05,4.1406601979301276e-05,1.1816158671537957
2014-06-16,2.938646502467408e-05,0.5966471966389888,0.00013721676325156675,1.4623054268097786,3.7887405240940256e-05,4.1427941466700005e-05,1.2892808035647851
2014-06-17,3.191330809025626e-05,0.5899962965320823,0.0001423436010966863,1.483121367071883,3.9765291676705984e-05,4.188319830164037e-05,1.246041042321372
2014-06-18,3.560112133469648e-05,0.5895800332664589,0.0001338368383820836,1.4782937451109113,4.069700413318019e-05,4.020309271985007e-05,1.1431382666454752
2014-06-19,3.687128606172102e-05,0.5897129846367639,0.00013376869949588313,1.4745817776994186,4.141542151385986e-05,4.028717879194295e-05,1.1232432046045844
2014-06-20,3.6786047916274955e-05,0.580181995309617,0.0001531287882439146,1.53658512136055,4.354459306388344e-05,4.166030394166619e-05,1.1837257745923382
2014-06-23,3.78482539714106e-05,0.5792446046018733,0.0001627407908473982,1.535916122607008,4.546038746298907e-05,4.165675664486133e-05,1.2011224480085247
2014-06-24,3.933090292313687e-05,0.5890549894465595,0.00018099681346644928,1.4357735779620513,4.970021434538984e-05,3.767257230108657e-05,1.2636428520981933
2014-06-25,4.004889359785303e-05,0.5908111238703007,0.00019633678744289659,1.4179056706216169,5.2389561724316654e-05,3.719738995700411e-05,1.3081400512678631
2014-06-26,4.4267929857314866e-05,0.5986321921832148,0.00018420543152814948,1.453804586252852,5.405749169963382e-05,3.840725114175583e-05,1.221143429879663
2014-06-27,3.536085878696092e-05,0.5885842160084517,0.00017178514083375875,1.4167253251898515,4.587359870117166e-05,3.881904358618656e-05,1.297298772565084
2014-06-30,3.524942345217237e-05,0.585302432444125,0.0001691076576496505,1.4517797265248478,4.518954566947891e-05,4.013617336600822e-05,1.281993895043238
2014-07-01,3.707778978776346e-05,0.5915435383170823,0.000172650690950166,1.5100893682408372,4.732905073664626e-05,4.039580295277592e-05,1.2764798281548584
2014-07-02,3.729144432547138e-05,0.5998075999181685,0.00017737371826849124,1.5483976140364155,4.878217967243714e-05,4.269086998422792e-05,1.3081332878039582
2014-07-03,3.7850371933542936e-05,0.6051231647732259,0.00018005829388789357,1.5576320753334716,4.99557426441998e-05,4.213924007934716e-05,1.3198217109176964
2014-07-07,3.637233936281704e-05,0.602829753095099,0.0001909296539426895,1.573122257394695,5.0236224090555504e-05,4.403965173629332e-05,1.3811656047043082
2014-07-08,3.904012916123487e-05,0.6090772007684265,0.0001892806517739374,1.585183678993789,5.235776233430148e-05,4.2756284950766727e-05,1.3411267703051155
2014-07-09,3.921043801203444e-05,0.6062454225989834,0.0001981161837662218,1.5328952112568512,5.343296775312317e-05,4.160782004443892e-05,1.3627230518752063
2014-07-10,3.784415060760939e-05,0.6044405781208694,0.00021423033534861995,1.4286614682647378,5.442437835913079e-05,3.931740112783351e-05,1.438118638820436
2014-07-11,4.137743263306523e-05,0.5966495560742542,0.0002024085449728933,1.529462385352783,5.4602875409919654e-05,4.430648127308742e-05,1.3196293712598737
2014-07-14,3.5819786180035966e-05,0.5948770642759805,0.00018349549848988955,1.4519353028674606,4.8228241471575286e-05,4.237277393341158e-05,1.346413438348639
2014-07-15,3.740515266448331e-05,0.5878628203174908,0.00018476810662039996,1.4062394829090574,4.887144879880494e-05,4.2827890289958165e-05,1.3065432251318956
2014-07-16,4.331224214055195e-05,0.5786029552355254,0.00019800029378771685,1.2729752661848144,5.3581997283231576e-05,4.5976896828510545e-05,1.2371097554671353
2014-07-17,4.7474517764657056e-05,0.5844718494547688,0.00021925896618909456,1.3751387188280786,5.9631064284995674e-05,4.7604430053152005e-05,1.2560646656929013
2014-07-18,4.82618636397603e-05,0.5737793368798507,0.0002179549257469293,1.4045372055687602,5.884780826907257e-05,4.545050259186594e-05,1.2193438841966122
2014-07-21,3.56854935741795e-05,0.5539022208716519,0.00017979102801793964,1.4313957103908816,4.4367296731406194e-05,4.642596904202592e-05,1.2432866211918805
2014-07-22,3.6878426197529086e-05,0.5456977525442848,0.0002118154545771927,1.4351339176982176,4.8229990540746406e-05,5.162579125662562e-05,1.3078104331897409
2014-07-23,3.8554343811198455e-05,0.5432697317894802,0.00020883425095965936,1.4118613729523144,4.874757671979356e-05,5.055954782909293e-05,1.2643861080482035
2014-07-24,3.79220014302475e-05,0.5433308454064003,0.00020765753602952088,1.3778755274679395,4.821518466542718e-05,5.340104543777578e-05,1.27143037938313
2014-07-25,3.58816002468109e-05,0.5576164632342179,0.00020707008452060133,1.4026407426901588,4.8065135352379974e-05,5.376673707749597e-05,1.339548264898022
2014-07-28,3.90148494586092e-05,0.5730822329990071,0.0002119580615597176,1.2684358406027396,5.211429676347017e-05,5.520422974563194e-05,1.3357554235537459
2014-07-29,3.5953585678647994e-05,0.5865652996903028,0.0002293263895945914,0.9938427469729748,5.3261634352907765e-05,4.99774317526084e-05,1.4813997921920379
2014-07-30,3.539196672747045e-05,0.5979350077339123,0.00023445298612600741,1.2175280601423868,5.446709513414977e-05,7.194484296208135e-05,1.5389677424135244
2014-07-31,4.5379445989039353e-05,0.6089784201291423,0.000252167913088719,1.413424277226356,6.514429824385263e-05,7.523251399150723e-05,1.4355463541707218
2014-08-01,4.584672797284814e-05,0.6018040963927966,0.00024408176904383387,1.7179548434687135,6.36615170703546e-05,0.00010122889815325817,1.38857274848615
2014-08-11,3.847004227028839e-05,0.6138971973710601,0.00025737995174796783,1.694458147597426,6.108637304555158e-05,9.954898504310735e-05,1.5878946172287023
2014-08-12,3.841634430365733e-05,0.6217767039173404,0.00026985590707461973,1.6088562816655945,6.330797590540168e-05,9.583139723891753e-05,1.647943786764078
2014-08-13,3.776559449586869e-05,0.6145280471269496,0.0002799921299540149,1.6031682262017313,6.319209939202301e-05,9.335411808522725e-05,1.6732716705660708
2014-08-14,3.862814115860239e-05,0.5992017082048884,0.0003361518898193053,1.739608753501388,6.827987639477603e-05,0.00010638485905687273,1.7676200393497392
2014-08-15,3.923523389055349e-05,0.6066097390769689,0.0003506667619586458,1.7118580175038325,7.115326005386289e-05,0.00010888221561325856,1.8135041644544438
2014-08-18,5.8802594173761744e-05,0.6184074144679965,0.0003540802534941313,1.8582568737583305,8.923264878252815e-05,0.0001319808443383402,1.5174951043630074
2014-08-19,5.790352204668287e-05,0.6105623346688128,0.00036427842274556636,1.8819258584100933,8.86745970363329e-05,0.0001341420150609207,1.5314197461916363
2014-08-20,5.609710643686182e-05,0.6063183220681623,0.0003706997468649427,1.9120654127839372,8.743434623917182e-05,0.00014221025118520177,1.5586248880337625
2014-08-21,5.441563613273725e-05,0.6062549664218976,0.0003793773046787438,1.8908657501381805,8.71069561286609e-05,0.00014295687235981017,1.6007707034092
2014-08-22,5.0059045313325706e-05,0.6028584916189619,0.0003895790989485454,1.906167986989112,8.41888327847255e-05,0.00014409631035556592,1.681790618614024
2014-08-25,6.652021183637015e-05,0.6357602044232531,0.0004053211044412009,1.8879978541745703,0.00010439261102761402,0.00014735353261876005,1.5693367195583254
2014-08-26,6.338834696697776e-05,0.6445374008566762,0.000445937728675848,1.8712788404866083,0.00010836522707913708,0.00014608698504437663,1.7095449284328252
2014-08-27,6.228211919321129e-05,0.6510059196207849,0.0004926369304993778,1.8400511745036872,0.00011403288476531037,0.00014544785212150762,1.8309088746893487
2014-08-28,6.139493236265438e-05,0.6534441323577287,0.0005008848429936683,1.858509349773532,0.00011458919543768348,0.00015231924369334566,1.8664275865769397
2014-08-29,6.15753093611576e-05,0.6580864340430269,0.0005006327052184462,1.854015935335369,0.00011554358764284977,0.0001516503202331655,1.8764597180527682
2014-09-02,7.761239871585492e-05,0.6664687816203977,0.0004940848973903185,1.8934565520084403,0.00013051071045542777,0.0001554069666665829,1.6815703755431877
2014-09-03,7.595624179294328e-05,0.6667323565814552,0.0005064048114143529,1.9241314864820211,0.00013076218767839033,0.0001595691223777475,1.7215463086608216
2014-09-04,7.498131031863036e-05,0.6614600997702952,0.00047003320385485467,1.9345496118745216,0.00012417793511844272,0.00016091674409614762,1.6561184992733933
2014-09-05,7.387822741090312e-05,0.6608377342172581,0.0004697343730290144,1.9256404443196111,0.00012310600483440523,0.00015942210108639494,1.666336742890463
2014-09-08,7.348698808482049e-05,0.662188841588345,0.0004954705777853466,1.9165883261280727,0.00012635604309436425,0.0001586567115464991,1.7194342343779419
2014-09-09,8.133593066383054e-05,0.6564921172283895,0.0005194850990051525,1.937001060069212,0.00013494515087531433,0.00015831894154815423,1.659108708463127
2014-09-10,8.008754908927675e-05,0.6591301448872938,0.0005565177100579755,1.9269290391873173,0.00013915319124145698,0.00015712935786897352,1.7375134190501627
2014-09-11,7.945435898388616e-05,0.657256505328814,0.0005830014389996375,1.927873490184956,0.00014145834437071997,0.00015720500891668726,1.78037235690755
2014-09-12,7.986652544186676e-05,0.6476292342803343,0.0006220510371932189,1.9231330590350344,0.00014435168229585352,0.00015505679346381713,1.807411571959822
2014-09-15,7.976789477234261e-05,0.6416556405122059,0.0006363486077071128,1.9266994782586644,0.00014456515646762887,0.00015526738325901478,1.8123225751440162
2014-09-16,8.12776222335961e-05,0.6340444848775345,0.0006800647439074666,1.8843419194866768,0.00014906660295100529,0.00015094713305594288,1.8340423705134994
2014-09-17,8.038458733415224e-05,0.6237742892378396,0.0007041691498617361,1.8813754043674829,0.00014840630783747704,0.00015087428442224287,1.8462035168578275
2014-09-18,8.052555846541116e-05,0.6210903391151761,0.0006826459917010757,1.8903147740715989,0.00014561946091403466,0.00015064681979097536,1.8083632537188035
2014-09-19,7.686942885417954e-05,0.6226221255090275,0.0006533996929043731,1.961619118769752,0.00013953746854426723,0.00015570183548392605,1.8152530937750073
2014-09-22,7.562338268336147e-05,0.6352636051183048,0.0007131639424788955,1.940803551304241,0.00014752876720556412,0.00015102793574003928,1.950835336515873
2014-09-23,7.716105522203933e-05,0.6131541208439237,0.000736087724549758,1.993917159618821,0.0001461280261832235,0.00015326271822612512,1.8938054406166973
2014-09-24,7.845740621167833e-05,0.6072201687431871,0.00076003513132088,2.00307072982988,0.00014827911830195183,0.00015194454318358128,1.8899314349227185
2014-09-25,8.684570042440597e-05,0.6095528481501861,0.0007466513216612467,2.256063867264516,0.0001552188441272573,0.00015629069976867295,1.787294516236484
2014-09-26,7.784867175631449e-05,0.601903642814136,0.0008549873374807482,2.1812760951383625,0.00015528604060187202,0.00015193779856966563,1.9947166354739558
2014-09-29,7.945972408695768e-05,0.5993163500967859,0.0008532881351810391,2.152539992377056,0.00015605493450492928,0.00015101807392503888,1.9639501181019547
2014-09-30,7.034453028421699e-05,0.5832337030493143,0.0008950314683093139,2.1677466969953896,0.00014634467747968977,0.00015176454042682786,2.0803988154929045
2014-10-01,6.051441443903661e-05,0.5835755465709287,0.0008703471044559496,2.208356896637285,0.00013392842066186435,0.00014364780408581966,2.2131656053085735
2014-10-02,5.727685640094654e-05,0.5744566266806171,0.0008640979630304516,2.206366812399428,0.00012779925476193345,0.00014343018982589516,2.2312546950433103
2014-10-03,5.732458945014978e-05,0.5779930579092736,0.0008761107083050435,2.2713863167512334,0.00012953066438022706,0.0001461746291613668,2.2596003848029063
2014-10-06,5.950629355094935e-05,0.5763885930793019,0.0008759721586059434,2.2576298839538844,0.00013159578499690502,0.00014518595542056936,2.211459950605604
2014-10-07,5.823383972398379e-05,0.5637642731574765,0.0009111661471360471,2.4100495076453425,0.00012986258743144955,0.00015611124762474006,2.2300193160363637
2014-10-08,6.403572465426801e-05,0.5519053602987473,0.000907267869712519,2.6813954305616807,0.00013302814704792515,0.00015838383466917685,2.0774051947744887
2014-10-09,6.579132724406009e-05,0.5712271185615578,0.0011772651607883174,2.4537197157894517,0.00015897553197050693,0.00013699457670174613,2.4163600071597564
2014-10-10,6.388921163395802e-05,0.5733930371100601,0.0013559077661704428,2.2943689928041437,0.0001687645608172076,0.00012323868520948796,2.641518912208753
2014-10-13,7.100010076144222e-05,0.58751573461411,0.0017649210175305762,1.8966640480579904,0.00020797523428045035,9.202495868031127e-05,2.9292244947544464
2014-10-14,5.126108009219706e-05,0.5578888217784846,0.0016099816092820275,1.9394056218915248,0.00016026991020988345,0.00010838726895382893,3.126541811480084
2014-10-15,4.732231652345586e-05,0.5276560870139235,0.0016012337016510704,1.72930812436417,0.00014524838481584477,0.0001134885808914832,3.0693422361065252
2014-10-16,5.30327919984953e-05,0.514435718885473,0.0015569540685083714,1.6994274641121825,0.0001478227446619386,0.00011163120376745913,2.7873837882443144
2014-10-17,4.626798859027275e-05,0.5199802070296393,0.0015615298649119761,1.6256552769063324,0.00013976623612088032,0.00010363985838746391,3.0207977562755857
2014-10-20,4.9165393824874467e-05,0.5196045096262113,0.0015233785091250827,1.6226530270724184,0.00014220228830179261,0.00010132434457705902,2.8923248089563267
2014-10-21,6.127847379397686e-05,0.5241062444153651,0.0016186913990706023,1.4105842779581974,0.00016506512827907702,7.791380729860134e-05,2.6936886325537284
2014-10-22,6.0122674099070425e-05,0.5217687546633362,0.001527144439858156,1.4043249788694248,0.0001581019660026078,7.519543356892656e-05,2.629656254844664
2014-10-23,6.055871725038731e-05,0.5196580668092333,0.0014785777231466207,1.318845761093331,0.00015549917398460471,6.766810978193948e-05,2.56774220202972
2014-10-24,5.99990058104541e-05,0.5246565460502151,0.0013879287997177704,1.3106552679652703,0.00015140168781873413,6.742774753076849e-05,2.523403275998187
2014-10-27,5.8561423507449295e-05,0.5347928097204716,0.0014534387931048668,1.1784764869990445,0.0001560234029409749,6.376267280671185e-05,2.66426930214782
2014-10-28,5.4522480778452264e-05,0.5309997531325541,0.0013301836103470814,1.121697146393494,0.00014300061967213585,5.793306967269125e-05,2.622782705966873
2014-10-29,5.3729820257279105e-05,0.5270875080004842,0.001222772162364626,1.0872723369797812,0.00013510243884737604,6.479077621763514e-05,2.514477774175559
2014-10-30,5.3551839514494966e-05,0.5354362169064026,0.0011014414652865529,1.0766761134304912,0.00013003960789633508,6.55263664432426e-05,2.428293949849044
2014-10-31,5.56093263598845e-05,0.5511543307384239,0.0010113116449038864,1.0972504153209328,0.0001307042006293649,6.737594293962632e-05,2.3504007184602833
2014-11-03,5.4562010343014535e-05,0.5579727145166231,0.0009277031925477347,1.1527748240802982,0.00012553437634368913,7.865039014106716e-05,2.3007652312386075
2014-11-04,6.02491600622342e-05,0.5453470784669916,0.0009549441330419404,1.0856797026212286,0.00013080895363863307,7.546211400400252e-05,2.171133232455263
2014-11-05,6.0354415020847636e-05,0.5579184812289923,0.0009274492006783232,1.0860120124025672,0.0001319989072378536,7.616703385428995e-05,2.1870629877244023
2014-11-06,5.86925643313682e-05,0.5657629890831002,0.0008838494191906663,1.059409984475561,0.00012885913635061357,7.409435770065845e-05,2.195493378396229
2014-11-07,5.828791566618652e-05,0.5732174040964242,0.0008408615896910459,1.0243184409777355,0.00012690270752056235,7.240991929097829e-05,2.177170105847172
2014-11-10,5.7340540123530906e-05,0.5775816630145894,0.0008014179301954124,1.0518298549594165,0.00012381515736468532,7.590152516279074e-05,2.1592952751743466
2014-11-11,6.57571982494724e-05,0.5381264565705507,0.0007998878775175503,1.2109753151141156,0.00012341574017029456,9.230735794679106e-05,1.8768400031594228
2014-11-12,6.673646336542344e-05,0.5124981058516724,0.0007826126368547949,1.2257565308442977,0.00011712437506601008,9.356953703906472e-05,1.7550281983730789
2014-11-13,7.11343776232816e-05,0.49701004009940264,0.0007744179636203706,1.252806109771296,0.0001166521208941199,9.63641714694595e-05,1.6398839041214972
2014-11-14,6.859476809423724e-05,0.48477631010059635,0.0007780564947352947,1.2150398310821922,0.00011199340551197161,9.944264194667679e-05,1.6326814511292207
2014-11-17,6.853595565786147e-05,0.4698555089894928,0.0009713205837920245,1.204564692877672,0.00012122853469513177,9.94465055727603e-05,1.7688311709012574
2014-11-18,7.650833651469074e-05,0.4755978802552945,0.0009195772341134413,1.239905288584728,0.0001261503313162213,0.00010158953029976293,1.648844257540465
2014-11-19,7.466095393809579e-05,0.4826116189571425,0.000878242987693241,1.168971104766516,0.00012358105150226135,0.0001003061635610557,1.6552300095807384
2014-11-20,7.31046489834875e-05,0.4949566487265069,0.0008479871072082198,1.25895195037927,0.00012323506123232644,0.00011234273188470614,1.6857349422491879
2014-11-21,7.04730363634149e-05,0.5067208372987543,0.000829954658904277,1.209054425941758,0.00012254834176553007,0.00010955189993435828,1.738939431154542
2014-11-24,6.987047932397521e-05,0.5101192739408537,0.0008085261086954381,1.1329554742640968,0.00012124549710814962,0.00010603570788438752,1.7352893279285933
2014-11-25,8.166110492431963e-05,0.4806316269001976,0.0008078350760603589,1.213874587459317,0.00012344722286615552,0.00011828350955127385,1.5117015987055484
2014-11-26,7.228929035700332e-05,0.4651093077671964,0.0008031875091359755,1.3173745972739948,0.00011207286760314053,0.0001346510993835678,1.5503384671458877
2014-11-28,6.63644735069259e-05,0.4749413597369139,0.0009759923340538397,1.2853004526481442,0.00012087347871471158,0.00013163475488708892,1.8213582106109383
2014-12-01,6.796408095783602e-05,0.4855397979596592,0.0009366195022142308,1.281389749235883,0.00012250283960644822,0.00013290492130449324,1.8024644471018052
2014-12-02,6.956629167082881e-05,0.49358295452152184,0.0009161820349901378,1.324376601755093,0.00012460930269628663,0.00013631916242784185,1.7912310646930598
2014-12-03,9.973973303376368e-05,0.5296437090842543,0.0008527257494940373,1.314522870620535,0.00015446233924420758,0.00013532728239278112,1.5486540272964167
2014-12-04,7.195368455764464e-05,0.5514439760431813,0.0007749219655248024,1.2292836299078125,0.00013021376656591508,0.00012979988970484343,1.8096886541174446
2014-12-05,6.914099334132158e-05,0.5663298750869308,0.0007314108801840249,1.2320369812763683,0.00012735558284860066,0.00013001901443124837,1.8419692384212185
2014-12-08,6.652863915801598e-05,0.5847766542124866,0.0007239315052981311,1.1791841958169462,0.00012833440011313695,0.00012563358098557394,1.9290098480493878
2014-12-09,5.578278936298998e-05,0.5967471234173236,0.0007186024641910584,1.204657135844176,0.00011947713467754206,0.00012871829924352118,2.141827901435333
2014-12-10,7.622608908783083e-05,0.6008433260000166,0.0006788529177557123,1.1373424848985578,0.00013667872065635704,0.00011433400564392731,1.7930700930867671
2014-12-11,6.0199482263474304e-05,0.6002043769856825,0.000642337506542522,1.1446820304718552,0.00011802586093071563,0.00011458560257160972,1.960579335452643
2014-12-12,5.635062229218622e-05,0.5879306692096655,0.0005892356335647631,1.1811690070665553,0.00010713218808650144,0.00011044728786243272,1.9011713398834422
2014-12-15,5.5088696774690915e-05,0.566039824425628,0.0005454969302367555,1.1531443172830536,9.812380761064235e-05,0.00010675810963788903,1.7811967491618501
2014-12-16,5.154869882225274e-05,0.553232540607398,0.00048692828281409,1.191555013596136,8.76494249525782e-05,0.00010797744223753609,1.7003227424770877
2014-12-17,8.951914955443635e-05,0.5550402227297073,0.0004946762291440829,1.137707418776687,0.00011680002921077821,9.464070608859665e-05,1.3047490932624692
2014-12-18,9.913276275332198e-05,0.5627552543397544,0.00047361000872664453,1.3929702030128233,0.00012193786854745922,9.828062660069077e-05,1.2300461034348913
2014-12-19,7.377698274922788e-05,0.568196521540782,0.00046932690151199933,1.4235268983250533,0.00010572963668320926,0.0001004279900256512,1.4330978679704245
2014-12-22,6.996587850894997e-05,0.5728112354159473,0.00044618660497589533,1.4486685268133184,0.00010120755606128039,0.00010211699907420182,1.4465273390133166
2014-12-23,6.063494070426503e-05,0.5725090464137981,0.0004287720507021225,1.4309679601716636,9.231176744848866e-05,0.00010197158642513155,1.5224186974754557
2014-12-24,5.292955813268682e-05,0.580984363887057,0.00039320486975658335,1.4196758705480053,8.381524569737466e-05,0.00010182151128073245,1.583524379464152
2014-12-26,5.0003308753932844e-05,0.5844525390428786,0.0003869230774491028,1.419379173944065,8.129445760139707e-05,0.00010217241494813818,1.6257815658049453
2014-12-29,4.966432774890378e-05,0.5920864765427668,0.0003764892427013406,1.4164071894634038,8.096246238426395e-05,0.00010194193152779905,1.6301934618666212
2014-12-30,4.653062419950052e-05,0.5951045945840239,0.0003744076730003503,1.3837262293920536,7.854799662878681e-05,0.00010503676709130184,1.6880924763014458
2014-12-31,4.3755181092948726e-05,0.599459636472721,0.00034740179706875844,1.3882819008291207,7.390787559901247e-05,0.00010265444558748051,1.6891228364935948
2015-01-02,6.483180836307134e-05,0.6098267974418501,0.0003471036107415155,1.3697016987134096,9.148083879848775e-05,0.00010972343202710496,1.4110486982898336
2015-01-05,8.284505496642122e-05,0.612487327407232,0.0003429318014245523,1.3908095149457758,0.00010323674025293489,0.00010096108754175878,1.2461424558747511
2015-01-06,7.372029621424698e-05,0.6143497530675336,0.00034460702207419683,1.301658559046211,9.791997304730615e-05,9.584316661236606e-05,1.3282634237215993
2015-01-07,7.097584833724285e-05,0.612245890142751,0.00034680652921177175,1.2895241225684644,9.60560684609343e-05,9.220918510944012e-05,1.353362738329275
2015-01-08,6.58935484829367e-05,0.5938062927775812,0.00034857190953410466,1.2595071954983237,8.999376807712682e-05,8.63416872573223e-05,1.3657447526965547
2015-01-09,5.142752848602693e-05,0.5704913499171083,0.00032989286421378406,1.2620091541351144,7.430761996706559e-05,8.481067555892031e-05,1.4448996900027051
2015-01-12,5.214866604959718e-05,0.5509927711441968,0.0003286124873561118,1.261710752644697,7.212893741333107e-05,8.640715445984279e-05,1.3831406031504467
2015-01-13,5.1084978694142575e-05,0.5383050038649755,0.00032469896218879614,1.2500234729737023,6.932908611184817e-05,8.605704467291267e-05,1.3571325247473869
2015-01-14,5.779000718727771e-05,0.5311610181394474,0.00032295462679053855,1.2954644119095398,7.256435249805613e-05,8.809798500105874e-05,1.2556557098686594
2015-01-15,5.577655409897309e-05,0.5243200375020179,0.00032936419165517026,1.247568304799717,7.106577320217894e-05,8.208938821160912e-05,1.274115519507996
2015-01-16,7.006830803083834e-05,0.5181526212744457,0.0003534597114177726,1.0981507953628344,8.15433358643683e-05,6.973180237104383e-05,1.163769158354439
2015-01-20,6.698197984101967e-05,0.5133572266772483,0.0003539195452296669,0.9054615885899744,7.904073021358098e-05,6.229992800197182e-05,1.180029769218266
2015-01-21,5.396910834789416e-05,0.5075535530399884,0.0003539620078385696,0.8862359375402507,7.015083079920056e-05,6.0672186968277264e-05,1.2998330516597798
2015-01-22,5.806897077464812e-05,0.49251405370327617,0.000340318680343503,0.9432761448117007,6.923625774181105e-05,6.0071279055787824e-05,1.192310743899707
2015-01-23,5.910063936486745e-05,0.4659389045733761,0.00022812787802365677,0.9597640206629944,5.4102115140943686e-05,6.354865298469713e-05,0.9154235169426077
2015-01-26,6.288399592442454e-05,0.44986246008496,0.00024673400864450766,0.9280864721989558,5.603563873020009e-05,6.306855429684987e-05,0.8910953877286206
2015-01-27,6.964065036165525e-05,0.4347968079871281,0.0002677104117774836,0.9854842301652786,5.936772232041355e-05,6.320786720031359e-05,0.8524866153906847
2015-01-28,7.988841611727443e-05,0.4280973201769355,0.0003073520952110264,0.7876656521438596,6.708145959712989e-05,4.7467466553523616e-05,0.8396894425676907
2015-01-29,8.021798542057233e-05,0.4176565096028623,0.00030848527043022476,0.8922183194526535,6.57010554468994e-05,5.30369755871775e-05,0.8190314815616153
2015-01-30,7.830236811365751e-05,0.41068245189380814,0.00032884659543879407,1.041421117736901,6.590073669721727e-05,5.792886058572276e-05,0.8416186928288169
2015-02-02,6.708254753246161e-05,0.4091977464047523,0.00034996524313957324,0.9123685396205518,6.269753462929632e-05,4.812248438223027e-05,0.9346325823263739
2015-02-03,8.067150173734702e-05,0.408649514328293,0.0003796818231030013,0.7918134848507876,7.151892220941668e-05,3.8603673987820405e-05,0.8865450706777516
2015-02-04,7.910110058857453e-05,0.41435141841514594,0.000195234923405407,0.7497742598377782,5.149189158134692e-05,3.6640749930020435e-05,0.6509630232475486
2015-02-05,8.520627788871464e-05,0.40998341229713575,0.00021200422296470343,0.7243375154862005,5.510288514550539e-05,3.4305416895723006e-05,0.6466998267131632
2015-02-06,8.507292515013707e-05,0.40833038104074276,0.00022314255295000456,0.7368392120195859,5.625985074259975e-05,3.477227278791376e-05,0.6613132279548648
2015-02-09,6.296753465448077e-05,0.38032575038566957,0.0002490135239474171,0.8239980956093137,4.762396417974895e-05,3.8708850448830624e-05,0.7563256913435474
2015-02-10,6.653518645016198e-05,0.35713572932083465,0.0002843245459294654,0.9921183960833886,4.912088323696632e-05,4.4321826691042713e-05,0.738269265597688
2015-02-11,6.58212274519105e-05,0.35184954157569187,0.0002927716479797757,1.053738455657515,4.884324243078488e-05,5.041473471171656e-05,0.7420591247173282
2015-02-12,6.625281595902424e-05,0.3535815466454799,0.00025673490596672205,1.0796846539616167,4.61141515041984e-05,5.144072357316717e-05,0.6960330792991333
2015-02-13,6.59493776327874e-05,0.35747693161084054,0.00027660255888748954,1.038571072202327,4.828157946565513e-05,4.9127077366031386e-05,0.7321006080526141
2015-02-17,5.2818371217651516e-05,0.3761193619834828,0.00025873528533151965,1.0176957473257424,4.3968942763844866e-05,4.863552495783707e-05,0.8324554837683212
2015-02-18,4.925751255554142e-05,0.39198501554197884,0.00027821862905972483,1.038905043932558,4.5887965908615044e-05,4.978868297243757e-05,0.9315932439112314
2015-02-19,5.2538640297651296e-05,0.40417750909307043,0.0002889877317085673,1.0293240596347082,4.98025133625934e-05,4.9423030925660833e-05,0.9479216264532789
2015-02-20,5.811623348480445e-05,0.41139460851950194,0.0003109207294888048,1.086764931033197,5.5300895596036706e-05,5.1758818096333564e-05,0.9515567730399481
2015-02-23,5.7842904366347e-05,0.42570537510655476,0.000322272726234211,1.0823419271760204,5.812272346541732e-05,5.179749644682469e-05,1.0048375700033678
2015-02-24,5.363774172174018e-05,0.43490210150101033,0.0003041949951918866,1.0660335975897168,5.555239418885755e-05,5.1215377056361004e-05,1.0356959932625451
2015-02-25,4.6420168910813084e-05,0.45603789121294325,0.00030379152764678524,1.0581228678973418,5.415544338364433e-05,5.315371479988117e-05,1.1666360690693092
2015-02-26,6.082008377129165e-05,0.46591232544084493,0.00030625358317094533,0.9951204158162906,6.358699417866196e-05,5.2696521466169004e-05,1.0454933672530775
2015-02-27,6.477291200020017e-05,0.47324318286368033,0.00029494182264756634,0.9988557170900026,6.541076938924228e-05,5.281356809189104e-05,1.0098475947636898
2015-03-02,7.10002492943561e-05,0.4762236850606047,0.00029566281404561225,1.091948180684807,6.899844148812064e-05,5.9931514685680095e-05,0.9718056228516005
2015-03-03,6.22129036386534e-05,0.4672160665703104,0.0002952545812295922,1.1084483659471664,6.33222483940814e-05,6.083958904975422e-05,1.017831425484837
2015-03-04,6.357489191775788e-05,0.4633131280424042,0.0002967765849551268,1.0504984793207253,6.364030288822209e-05,5.770364065097599e-05,1.001028880561037
2015-03-05,6.337223751236057e-05,0.46089272027587536,0.000298106152943197,1.1616509098564218,6.334828168474446e-05,6.830166317874023e-05,0.9996219822976673
2015-03-06,6.737776824421294e-05,0.4605768679606054,0.00031093337347184335,1.201735282906269,6.666441960358317e-05,6.569473785676034e-05,0.989412700075725
2015-03-09,6.459093954914395e-05,0.45717220665630914,0.00032229853030788126,1.2161642043407754,6.596214707286691e-05,6.635349830557728e-05,1.021229100138413
2015-03-10,6.248974140729342e-05,0.4638986865055992,0.0003408446626767636,1.2163039827023865,6.77026636237065e-05,5.864239406528039e-05,1.0834204478849812
2015-03-11,5.4252554100076106e-05,0.4613126218317402,0.0003350758491568098,1.0737158413800534,6.219808236905755e-05,5.3836817490045585e-05,1.1464544554773377
2015-03-12,5.508043688697334e-05,0.45683632512998057,0.0003407578826142683,1.2092364748744149,6.258673167868548e-05,5.6718229544377634e-05,1.1362787809238928
2015-03-13,5.707193087433516e-05,0.4579723019775452,0.000341646529086817,1.152393454626104,6.394977226863178e-05,5.2984107450986164e-05,1.1205118048211953
2015-03-16,5.2149496476829495e-05,0.45761103036744194,0.0003426560291438203,1.232954111054612,6.117172576307097e-05,5.2218365920015995e-05,1.1730070258732053
2015-03-17,4.691748238540657e-05,0.45527763453958076,0.0003442002288744757,1.2273725408227032,5.785611175749001e-05,5.16859324192878e-05,1.233146128392555
2015-03-18,5.051902620859181e-05,0.45510931356481804,0.0003437814219474405,1.1538523708054684,5.997695461705515e-05,4.526573325709833e-05,1.18721517650423
2015-03-19,5.142834644805491e-05,0.4538922289235472,0.00034562557318238183,1.1681386689500637,6.051415344223379e-05,4.538342203507916e-05,1.1766692421922602
2015-03-20,5.066833282542825e-05,0.4555588226903577,0.00036942608240460333,1.1083548888953192,6.232704636597882e-05,4.5682813223399144e-05,1.2300986215733463
2015-03-23,5.007282454924587e-05,0.45298993572237084,0.00035248327629997574,1.0589481900654991,6.018092470207177e-05,4.561665925834449e-05,1.201867984157449
2015-03-24,4.2218867344400384e-05,0.458005909018434,0.0003079661528574354,1.0887770892500808,5.2224689183728803e-05,4.6072975155604813e-05,1.2369988222968167
2015-03-25,4.692159710753298e-05,0.4406997763694478,0.00031428938008675237,1.396859617222664,5.351728541388894e-05,5.316532036929205e-05,1.1405682822611565
2015-03-26,4.732340893496746e-05,0.43460896837799834,0.0003133534679301237,1.3854622575687383,5.292415679317326e-05,5.2509591608189156e-05,1.118350473565893
2015-03-27,4.354358066573599e-05,0.42999905421962703,0.00031894244705146736,1.371446277347368,5.067406344473004e-05,5.197599535413708e-05,1.1637550855941656
2015-03-30,4.5502666776921666e-05,0.42855039578664267,0.00033151228666085576,1.388379862556216,5.263445617558564e-05,4.849420578498873e-05,1.156733437924151
2015-03-31,3.983451498744685e-05,0.436927607767657,0.00032387637709955613,1.5180094126896757,4.962824186505417e-05,5.284040265376725e-05,1.2458603269223596
2015-04-01,4.176214734580363e-05,0.43955382070590365,0.0003210079842441226,1.493210979850272,5.089339084245437e-05,5.1599032267864526e-05,1.2186488022524604
2015-04-02,4.894523588776545e-05,0.4412272940936227,0.00023927266373386668,1.489773388297538,4.774898288769948e-05,5.255358087807711e-05,0.9755593577522221
2015-04-06,4.8199312485919956e-05,0.4590553973645565,0.00029942905240384784,1.347395343504104,5.5148345494947926e-05,4.620275690909408e-05,1.1441728657656254
2015-04-07,4.533264144371158e-05,0.4818696102227249,0.0003382106062559929,1.3361792264031658,5.966623879048223e-05,4.971927090523144e-05,1.3161871201475943
2015-04-08,4.177649686660928e-05,0.48599539515440715,0.0003143970144908076,1.3257321018799353,5.56977140072347e-05,4.930803152898688e-05,1.3332308399403454
2015-04-09,4.664355209638432e-05,0.4981785568743151,0.0003205422852677038,1.2055438701679198,6.091489540328089e-05,4.608383115025939e-05,1.3059660481561577
2015-04-10,4.853778747139849e-05,0.5036902789751069,0.00030799687531647257,1.192216809570608,6.158525051168028e-05,4.527666122868465e-05,1.2688104200870336
2015-04-13,4.467938122611643e-05,0.5104401512862724,0.00031391108279467975,1.129417131947764,6.0450754828733724e-05,4.3116762083740025e-05,1.3529899736704156
2015-04-14,4.646938254229903e-05,0.5170672877295273,0.000329686413057239,1.1180196413190993,6.400015689866004e-05,4.2656971954212975e-05,1.3772542994390664
2015-04-15,4.691423215315267e-05,0.49700830338913454,0.0003849370472266278,0.8170439265887375,6.678990197165717e-05,3.2749260078249147e-05,1.4236597063684189
2015-04-16,4.176974619173272e-05,0.47664977006574416,0.00036763963680045423,0.8508846614230459,5.906653166538454e-05,3.582835263634536e-05,1.4140984097498608
2015-04-17,4.332386275975345e-05,0.4648688501878447,0.0003745876957350373,0.8049973412989139,5.922032489222464e-05,3.178324080842379e-05,1.3669216251704712
2015-04-20,4.305137811564542e-05,0.4526823671857902,0.00037591630659852913,0.7296310901362328,5.758809201227331e-05,2.7534218773355366e-05,1.3376596646355685
2015-04-21,4.4326391543702614e-05,0.44760447762129685,0.0003541135066867238,0.7116592625087883,5.6078560564688507e-05,2.7724559537818627e-05,1.2651280334741235
2015-04-22,3.760113128202133e-05,0.40368795236739496,0.00033152804312203756,0.7374903552953364,4.5071953270357084e-05,2.848535270260881e-05,1.1986860962321064
2015-04-23,3.981692672329287e-05,0.3753728238250457,0.0003287848919836822,0.7030164954688324,4.2948957029505716e-05,2.7043853586286745e-05,1.0786607748000956
2015-04-24,4.472325784062566e-05,0.35772967110328924,0.00031826787319299535,0.6367813879716223,4.267937787633731e-05,3.06444991858609e-05,0.9542993944767653
2015-04-27,4.8016264703360416e-05,0.3447426932814141,0.00029768279107573624,0.6725251352145716,4.1216026523567305e-05,3.227988815063348e-05,0.8583763601395425
2015-04-28,4.837591330570472e-05,0.33758601996532456,0.0002902357726840668,0.5166387084912092,4.000133742686068e-05,2.548101671460687e-05,0.8268854207274167
2015-04-29,4.7158652268819175e-05,0.32131905519963294,0.0002824423328194249,0.5450780086654188,3.70836154401045e-05,2.671384227744739e-05,0.7863586776974926
2015-04-30,4.7296624411946914e-05,0.30989384520386953,0.00027543295996931106,0.5929219585026064,3.537007481750734e-05,2.7853214510028476e-05,0.7478350782381209
2015-05-01,5.0018555724514286e-05,0.30419534198967396,0.0002547521280229209,0.681689435927202,3.433816186975752e-05,3.079755062614421e-05,0.6865084641563982
2015-05-04,4.992916004912971e-05,0.30329846490671886,0.0002514949783307467,0.7329525658101531,3.398693501590583e-05,3.74143047017325e-05,0.680703119829436
2015-05-05,5.102770643270727e-05,0.30413569825447545,0.0002658734193354387,0.6830203175902035,3.5424838872133526e-05,3.3095826216834174e-05,0.6942275353655174
2015-05-06,5.61480236098465e-05,0.30466087549902193,0.00026418054255601556,0.6521286836880342,3.710516238814936e-05,3.378803697137108e-05,0.6608453869361547
2015-05-07,5.2055366505413186e-05,0.31639212075653345,0.0002807173931567768,0.7378990394115943,3.824662123346555e-05,3.99825575178174e-05,0.7347296503903843
2015-05-08,4.9463315458690945e-05,0.32904498616685085,0.0003004574977509264,0.5917684529689486,4.011330191015436e-05,3.0015133865959248e-05,0.810970747475567
2015-05-11,4.237087867236375e-05,0.35254777177611873,0.0002980870684746535,0.5666750807814126,3.962080337484598e-05,2.8451759362088406e-05,0.935095155359346
2015-05-12,4.7490306282055044e-05,0.37963001072342917,0.00029027105472003654,0.505029719130315,4.4572283887550355e-05,2.5957645211655563e-05,0.9385554100836088
2015-05-13,4.663897325113825e-05,0.35315749527052337,0.00027837439770239013,0.5044699623899419,4.023996215854778e-05,2.5932904900752107e-05,0.8627969132567835
2015-05-14,4.9144732522979803e-05,0.34724947854642474,0.0002842666431647419,0.602741897080559,4.104337263561319e-05,2.9554539522658244e-05,0.8351530373356195
2015-05-15,5.102390807027307e-05,0.3598682754023622,0.0002805819020898841,0.5395959886143271,4.3058634175691866e-05,2.663409694820757e-05,0.8438913404357233
2015-05-18,5.1224895533544154e-05,0.3592802661891918,0.0002699776659502026,0.5410744021364419,4.225108088316384e-05,2.6613155292738813e-05,0.824815364542737
2015-05-19,5.107054978153525e-05,0.3601556060736658,0.0002983837006541826,0.4811359530206326,4.4459338206603594e-05,2.3984478167585394e-05,0.8705474759286425
2015-05-20,4.960583034370502e-05,0.33853314887642644,0.0002940308869572048,0.5167282864488058,4.088500353581347e-05,2.6936534966029003e-05,0.8241975439687763
2015-05-21,4.7917991249736124e-05,0.3271369193979892,0.00028658750696777547,0.505883602700453,3.833606112956736e-05,2.654220139468047e-05,0.800034812180873
2015-05-22,4.8649795894238564e-05,0.32051620058542274,0.0002864232218582879,0.6001906883665331,3.783507594524007e-05,3.36632232327724e-05,0.7777026655464501
2015-05-26,5.2044924254716454e-05,0.3483932981346958,0.0002724798753299582,0.6770863212776741,4.1488353370259296e-05,3.700385453882053e-05,0.797164256925583
2015-05-27,5.41376103742017e-05,0.37171592936203657,0.0002710930145434369,0.6794422259405449,4.5031859134214654e-05,3.572822887688708e-05,0.8318035986988035
2015-05-28,5.2639353679274204e-05,0.3632405402713431,0.0002726840941558483,0.68328141092846,4.3519058390093875e-05,3.594370792724857e-05,0.8267399834589672
2015-05-29,4.7121939363217764e-05,0.37780635605874235,0.0002644359050357582,0.7540496911620069,4.217363642316217e-05,3.921346041155303e-05,0.894989403939556
2015-06-01,4.566975475334599e-05,0.3865433305807873,0.0002650263056502074,0.7631904322597685,4.252624290002607e-05,3.965752539385333e-05,0.9311686285530225
2015-06-02,4.848176142599366e-05,0.39137846538887167,0.0002693515630738709,0.8080325129401229,4.4724538834834066e-05,4.219720454854339e-05,0.9225023497363042
2015-06-03,4.583723039523311e-05,0.3918216881194517,0.0002680474181308591,0.7653050501201126,4.343136408970289e-05,4.092268068972619e-05,0.9475128343317091
2015-06-04,5.208668778062701e-05,0.3766751205311366,0.0002769338470879276,0.7411508735658718,4.523955517173261e-05,3.854759406974446e-05,0.8685435204148054
2015-06-05,5.356843740955158e-05,0.37356654927326655,0.00028556758518326515,0.9582212454440504,4.6203717984658406e-05,5.323328953410895e-05,0.8625175610670324
2015-06-08,5.4875341169450945e-05,0.37223410753036734,0.0002858129218514809,0.8929468442752725,4.661714918327942e-05,5.0508280026284365e-05,0.8495099654930465
2015-06-10,5.7400521339002106e-05,0.37477829240184046,0.00026399508340593797,0.8500139789723035,4.6134972482062904e-05,4.5340519482317124e-05,0.803737865194535
2015-06-11,5.7399555912391706e-05,0.3766041171221241,0.0002928472375483834,0.878178629554171,4.8826983595207076e-05,4.69039021566432e-05,0.8506508947513662
2015-06-12,5.544172754801711e-05,0.36498794110954447,0.00027262766892271296,0.8483131614369549,4.4872664488671274e-05,4.481271628142968e-05,0.8093662747036128
2015-06-15,5.424960916028536e-05,0.37229860824133176,0.00029074962774259063,0.8650787470141641,4.675728690139984e-05,4.5496966548033314e-05,0.8618916822654191
2015-06-16,5.423174022350414e-05,0.3703553785230156,0.0002955098543281436,0.9872505864762956,4.688472902689418e-05,5.2638729008581705e-05,0.8645256234387672
2015-06-17,5.412494915971205e-05,0.36982936308798464,0.0002996254974179414,1.111241763565331,4.7096596599858055e-05,6.990558200854638e-05,0.8701457891606565
2015-06-18,5.572982074389677e-05,0.37304827511161254,0.0002642226968657248,1.3588084066770756,4.526827232200318e-05,0.00010992148937425463,0.8122809604938612
2015-06-19,6.241618085312648e-05,0.4091335317691291,0.00029964151443074313,1.373501298298638,5.595187725644178e-05,0.00015874977567604143,0.8964322470819536
2015-06-22,6.257165974145031e-05,0.43318289877616284,0.0003119920413792854,1.3406476715381963,6.0524595905002066e-05,0.00015594069589564122,0.9672844887780374
2015-06-23,5.295413252336654e-05,0.44199152241627826,0.0003186715591710657,1.219978734030582,5.741634212981944e-05,0.00018603133524432397,1.0842655595289734
2015-06-24,5.124155217210486e-05,0.4477748347722642,0.00032345950670223096,1.4811718184451663,5.7647540162254205e-05,0.00024752414029614167,1.125015494625018
2015-06-25,5.1531038942745836e-05,0.44615872430371134,0.00034088236515022454,1.4809127437438343,5.913248172446909e-05,0.0002474155330477937,1.1475119255827333
2015-06-26,9.885673436567757e-05,0.5054126249236517,0.0003890311200199221,1.4522755043517144,9.911545702256717e-05,0.0002441547011936203,1.0026171475170582
2015-06-29,0.00010219846828200267,0.5130082273863011,0.0004248130845985503,1.47565637168197,0.00010689206473758346,0.00026294513025765817,1.045926289644865
2015-06-30,8.697755639475864e-05,0.5121790705194132,0.0004521065902134985,1.4208636298337074,0.00010156541503671706,0.00026590657014910235,1.1677198032070433
2015-07-01,9.667073925185136e-05,0.5359566013544566,0.000536767711471723,1.4727509640952887,0.000122087256941058,0.000272898770420992,1.2629184165333656
2015-07-02,9.521395937942913e-05,0.5342058318582871,0.0005389920262016208,1.4888319353507835,0.00012101803798905126,0.0002822886062294245,1.2710115069030212
2015-07-06,0.000172264093177785,0.5719478988089047,0.0005950580823898952,1.4635599634936098,0.00018311905108938834,0.0003001654043994892,1.063013467933799
2015-07-07,0.00016730584927433944,0.5930335280684156,0.0006661783639273771,1.449483854321598,0.00019798398972311227,0.0003003405997907462,1.1833656180093763
2015-07-08,0.00018325021701855255,0.581181941428931,0.0006933068842354402,1.456729333479653,0.000207155809153231,0.00029513259239108067,1.130453281440088
2015-07-09,0.00017483634785152047,0.5991828714435975,0.0006715996111135653,1.444749807198506,0.00020531962901186747,0.00029344041346786873,1.174353225372992
2015-07-10,0.0001852458943863911,0.5954752505573612,0.0006596637726774999,1.4714411945667594,0.00020816098231643605,0.00029291160506451745,1.1237009219877663
2015-07-13,0.00021177015433928543,0.5788642205559535,0.0006253877808220595,1.4530427884477677,0.00021066082423764265,0.0002904849068555681,0.9947616315193052
2015-07-14,0.0001959846645507268,0.5869443717099541,0.0005503789982652546,1.4812653879519642,0.00019276976332045895,0.0002983459476079406,0.9835961592319601
2015-07-15,0.00017788056160659394,0.5959604732379293,0.0006159642444647229,1.4839629511366903,0.0001972692774134537,0.0002989066122114378,1.1089985079411906
2015-07-16,0.00018174519139179188,0.60807459459712,0.0006414863934703791,1.5262383683522205,0.0002076261486003973,0.00031838000813837447,1.1424024317254882
2015-07-17,0.00017984339911716185,0.6096593186386225,0.0006500262999974307,1.5231052902407836,0.00020844905557066337,0.00031915485932968807,1.1590586954757562
2015-07-20,0.0001933298802508964,0.6217683116013337,0.0006978568065018064,1.4962997879445914,0.00022838166498652756,0.0003175847625225295,1.1813055730968345
2015-07-21,0.00019419877324157122,0.6495656855158369,0.0007811642524188218,1.502985154040181,0.00025299823766105527,0.0003188809088074923,1.302779793291182
2015-07-22,0.00018582236281108658,0.6554992478484196,0.0007973902457664987,1.5036429513839444,0.0002523228875875666,0.0003191075294463892,1.3578714841985233
2015-07-23,0.00018795658724473803,0.6698039959610773,0.0007462928171223936,1.5129293708731109,0.00025085983970344765,0.0003207151351035132,1.3346690498099083
2015-07-24,0.00019329917782205091,0.669750279325711,0.00076037275442748,1.5395003047547533,0.00025676816668176495,0.00034296788435892193,1.3283458811094524
