Date,Predicted_Index_Var,Predicted_Corr,Predicted_Var,Future_Beta_45d_CVX,Predicted_Covariance,Future_Cov_45_CVX,Beta_Predicted
2013-02-28,5.497886498863307e-05,0.8285458093721081,7.818714832525063e-05,0.8708038682340724,5.432279371999256e-05,4.769281691544115e-05,0.9880668458911229
2013-03-01,5.488021190183326e-05,0.8246732397087781,7.490303504068315e-05,0.8727467233065006,5.287367529774343e-05,4.775375984685643e-05,0.9634378852676624
2013-03-04,5.501029900576039e-05,0.8115984364834897,7.603920393786006e-05,0.8627029999836369,5.249065417144387e-05,4.716592473542558e-05,0.9541968525920451
2013-03-05,5.845535101370509e-05,0.7939819999281928,7.747799483375924e-05,0.873428065949746,5.343329786955152e-05,4.68111798047354e-05,0.914087366561598
2013-03-06,5.9250468430820016e-05,0.776404695109224,6.87169373020733e-05,0.8650406097775906,4.954113413022204e-05,4.6681254413602086e-05,0.8361306744446341
2013-03-07,5.369174155549812e-05,0.7406890901407853,6.685369159646864e-05,0.8600267699289093,4.437643296478378e-05,4.6486108438298056e-05,0.8265038845669472
2013-03-08,4.524810700565277e-05,0.7024535046309068,6.161000473763445e-05,0.865081723703057,3.7088853806442005e-05,4.6571494715532725e-05,0.8196774685360552
2013-03-11,4.8373919939468494e-05,0.7127938833058758,6.535789729236261e-05,0.8987264849252371,4.007916276586938e-05,4.9929963542866896e-05,0.8285283230307043
2013-03-12,5.1431479865635213e-05,0.7014523320690345,7.094366587509775e-05,0.862440574357094,4.237107540281341e-05,4.797076749179598e-05,0.8238354314032551
2013-03-13,5.5261000285198275e-05,0.6895058311448736,7.35698442726975e-05,0.8567420205288176,4.3964003388022184e-05,4.836642617825766e-05,0.7955701699413138
2013-03-14,6.195858588029715e-05,0.6744735608099475,8.05955677033479e-05,0.8337878936896057,4.766188977909257e-05,4.807688641366622e-05,0.7692539960672193
2013-03-15,6.386120353979619e-05,0.664304055820964,8.400623148449318e-05,0.8342487619291604,4.865653800108181e-05,4.7157948338926996e-05,0.7619107580827328
2013-03-18,6.402550064969363e-05,0.6535263240525135,8.747426551256332e-05,0.8344592528803707,4.8907980402311483e-05,4.620338802539647e-05,0.7638828264679179
2013-03-19,6.71640875084588e-05,0.6656372615619279,8.747390955942159e-05,0.8480634520923039,5.1020587278181404e-05,4.8241895669960096e-05,0.7596408910008009
2013-03-20,6.839791392936718e-05,0.695696988851024,8.86777399200049e-05,0.8327200385145742,5.418122997555999e-05,4.715590433694481e-05,0.7921474042543402
2013-03-21,6.814178529168062e-05,0.6787337083302615,9.020886943489984e-05,0.8621032656205856,5.321459879460949e-05,4.695482280590636e-05,0.7809393100991502
2013-03-22,6.79733209422515e-05,0.690743207875095,9.219665915441558e-05,0.8666052470798088,5.468188277791478e-05,4.676180737006485e-05,0.804460956444532
2013-03-25,7.243408887933498e-05,0.6959877666147407,9.598195764559564e-05,0.8614060918158288,5.8032049500657164e-05,4.7101710720701985e-05,0.8011704212546996
2013-03-26,7.339742545776695e-05,0.7006511151489768,9.673684927077423e-05,0.8553985223014042,5.9038892218807394e-05,4.603181200336557e-05,0.8043727944214952
2013-03-27,7.311742529462491e-05,0.6896619275504894,9.821530288876635e-05,0.89015836275561,5.844350810537844e-05,5.283380738099734e-05,0.7993102583943803
2013-03-28,6.422356192814954e-05,0.6621595770196614,0.00010001113018411494,0.9114740646469464,5.306815959508493e-05,5.44302021340783e-05,0.8263035870613221
2013-04-01,6.678777769649997e-05,0.6411735800418773,0.00010057451449389785,0.9415044643894982,5.254943942626152e-05,5.642235993088273e-05,0.7868122168259446
2013-04-02,6.451960799026473e-05,0.6170378555455031,0.00010073172916795436,0.9439738016628376,4.974401247299493e-05,6.0987964178381243e-05,0.7709906185496468
2013-04-03,6.836168011312682e-05,0.6264534629249141,0.00010493361436244844,0.8946680946396768,5.305819777063467e-05,5.6685887186790934e-05,0.7761394641388638
2013-04-04,6.901245142532413e-05,0.6309082703519497,0.00010183230040635185,0.88861032030451,5.2889897457840005e-05,5.880062022900682e-05,0.7663819552196351
2013-04-05,6.697476452894188e-05,0.6538906542862574,0.00010100931634571545,0.8841752797532004,5.378255670826183e-05,5.78636862323889e-05,0.8030271862325207
2013-04-08,7.273438811092278e-05,0.6711780768770129,9.633858238516655e-05,0.8934178151980439,5.6183369658379354e-05,6.052965224026829e-05,0.7724457593937206
2013-04-09,7.022991067372413e-05,0.6662818568657877,9.392953193473988e-05,0.9034393870778648,5.4115306743814817e-05,6.277805672829697e-05,0.7705450031856805
2013-04-10,6.636144982931065e-05,0.6604924842740828,9.084956292894971e-05,0.9148959646225489,5.1284630892198996e-05,6.514098739435666e-05,0.772807571626434
2013-04-11,6.716170407401359e-05,0.6666871489320968,9.377703619766633e-05,0.9193125250873294,5.2909199224387785e-05,6.633010003421531e-05,0.7877882188051804
2013-04-12,6.98842565011876e-05,0.6903006939465651,0.0001003221656215448,0.9166262252129308,5.779981305894111e-05,6.697245156570323e-05,0.8270791728028025
2013-04-15,9.593981606210937e-05,0.7753358488384255,0.00012701603051395335,0.845224067903323,8.558912243998804e-05,5.101458445922237e-05,0.8921126384542939
2013-04-16,8.836558039441448e-05,0.758696666966745,0.00012844073291307952,0.8680439652114255,8.082786936081651e-05,5.324985289039758e-05,0.9146985624951044
2013-04-17,8.959564094882932e-05,0.7889379821168642,0.0001407962168022548,0.8341862464086199,8.860980850821205e-05,5.928406431595464e-05,0.98899687049306
2013-04-18,9.719405369416862e-05,0.7581625773433655,0.00013529249714595978,0.852193623276826,8.693988236815203e-05,5.977854163145957e-05,0.8944979560346107
2013-04-19,7.72897485213767e-05,0.7530479491324286,0.000122164016151874,0.893475336001326,7.317373581405526e-05,6.483773649369401e-05,0.9467456837929413
2013-04-22,7.797978274745508e-05,0.7436123831785797,0.00011817781839134043,0.8821707752437193,7.138477714481103e-05,6.541341328479046e-05,0.9154267251038312
2013-04-23,8.499754389235151e-05,0.7440565203390375,0.00011577076207320841,0.8780959292433738,7.380887080035357e-05,6.494249480568804e-05,0.8683647482076862
2013-04-24,7.773768893068322e-05,0.7284500580983085,0.00011303427387556822,0.8773232650297291,6.828426975177003e-05,6.547960712668794e-05,0.8783933596566967
2013-04-25,6.90805921567358e-05,0.7234169835559253,0.0001093268034409037,0.8777618577654979,6.286805889153016e-05,6.563770182159533e-05,0.9100683264105476
2013-04-26,7.034557142953508e-05,0.7063252163020014,0.0001117973935145442,0.8897193875044239,6.26381512650777e-05,6.705139227202085e-05,0.8904348915243673
2013-04-29,6.776168711759701e-05,0.7121779989912849,0.0001117959273903498,0.878764782515667,6.19860053999768e-05,6.545903003991504e-05,0.9147647887279311
2013-04-30,5.8041023931509805e-05,0.6804432556784693,9.763299243141692e-05,0.8759623817464589,5.1222143306698605e-05,6.515988582768181e-05,0.8825161900510631
2013-05-01,6.311211636341748e-05,0.6867565894587405,0.00010154222598591905,0.8689753326766322,5.4977191082436074e-05,6.504429235705179e-05,0.871103589140662
2013-05-02,6.214021471172626e-05,0.6823737156175743,0.00010097337954382959,0.8525820463781418,5.405204264471496e-05,6.286720531253868e-05,0.8698399723185216
2013-05-03,7.476459886581012e-05,0.7143052085522305,0.0001030141662609608,0.8642709771539725,6.268740564145405e-05,6.281465103797316e-05,0.8384637461102065
2013-05-06,7.535412832838797e-05,0.7258651622917863,0.00010337296561843531,0.8667451013120161,6.406383989949185e-05,6.291096609722089e-05,0.850170273621986
2013-05-07,7.392273390092128e-05,0.7262450068956412,0.00010345047839420945,0.8579970450973619,6.350946017169322e-05,6.515623955023552e-05,0.8591330003678573
2013-05-08,6.958015556766957e-05,0.7330735967338469,0.00010383295481642374,0.8589368763114803,6.231001875266312e-05,6.492597966208467e-05,0.8955142201725039
2013-05-09,7.111722928104653e-05,0.7330819853927276,0.00010438638758788552,0.8661999980095234,6.31628758877804e-05,6.544363298151036e-05,0.8881515284878224
2013-05-10,7.562958883543677e-05,0.7384139754954415,0.00010319593696642604,0.8718595382124366,6.523446074335904e-05,6.611685732720009e-05,0.8625521009416487
2013-05-13,7.357910230951406e-05,0.7514614855574294,0.0001020198704300277,0.8720496156867429,6.510680040953991e-05,6.620660249783345e-05,0.8848545084943412
2013-05-14,7.590263764609063e-05,0.7653279791138198,0.00011027286737509672,0.8529664312486765,7.001810593768749e-05,6.338768868675566e-05,0.9224726321654223
2013-05-15,7.650099964197039e-05,0.7327575155473112,0.00011703067038426096,0.8881017010045859,6.933358919996456e-05,6.555038547745078e-05,0.9063095845080487
2013-05-16,7.639729836462006e-05,0.7286462519256183,0.0001145148276427006,0.8905116699906065,6.815325422185849e-05,6.523419333638578e-05,0.8920898471642889
2013-05-17,7.425705624970095e-05,0.7441358758859165,0.00010568726078813907,0.8982135307907217,6.59223116904394e-05,6.419970103277413e-05,0.8877582147717429
2013-05-20,7.217439206379002e-05,0.7474592684892721,0.00010522205466938905,0.9042063438064706,6.513771021207858e-05,6.494234044822868e-05,0.902504452749776
2013-05-21,7.13709588975209e-05,0.7471743442263803,0.0001043753899019901,0.9072224738111,6.448842530555485e-05,6.522907679023465e-05,0.9035667490211468
2013-05-22,7.35750525384875e-05,0.753018221005646,0.00010606193246351005,0.903113472132114,6.651974005309276e-05,6.370482660739864e-05,0.9041072722074637
2013-05-23,7.454058968752127e-05,0.7544776305448264,0.00010371101284225189,0.9191289303464036,6.633690690745069e-05,6.486055429311232e-05,0.8899434145280991
2013-05-24,7.630250921850573e-05,0.7721823539538334,0.00010024890379240887,0.920138123326343,6.75350302961913e-05,6.490122612855519e-05,0.8850957981315242
2013-05-28,7.438631671877e-05,0.7790212772687095,9.844417290468754e-05,0.9153815121459375,6.666392103054786e-05,6.391466189479044e-05,0.896185265935159
2013-05-29,7.273626036607267e-05,0.7857302756875527,9.79057714636906e-05,0.8930412057198698,6.630604421755332e-05,6.37936851804845e-05,0.9115954529947393
2013-05-30,7.309916508279677e-05,0.7657858101644605,9.790042296875088e-05,0.894451287669065,6.478221708470574e-05,6.373331642976014e-05,0.8862237620816773
2013-05-31,7.696255068093324e-05,0.7398323224018708,0.00010950094245204247,0.8702794351648998,6.791754138180162e-05,5.747978884099899e-05,0.8824751880089073
2013-06-03,7.835861755638394e-05,0.7375507088044556,0.00010458185291427251,0.8621854833762298,6.676724146729255e-05,5.7353683910338556e-05,0.8520727336626291
2013-06-04,7.696792659140356e-05,0.7428871259996765,0.00010483258982988796,0.8471040211745331,6.67307311632013e-05,5.6061874729113135e-05,0.866994008003515
2013-06-05,8.390672708275947e-05,0.7557895869343305,0.00010720516180569391,0.8491879180583175,7.168150959456154e-05,5.19785649499139e-05,0.8542999123760379
2013-06-06,8.864935953499249e-05,0.7100918547795337,0.00010420712791221279,0.8974726071981329,6.824974692918813e-05,5.3943573728583164e-05,0.7698842641073788
2013-06-07,8.584609796353898e-05,0.7006481670411571,0.00010428954214663706,0.908806811185576,6.629498098684483e-05,5.176841203366351e-05,0.772253865458183
2013-06-10,7.344670994631798e-05,0.7242384122655726,0.00010057140523347019,0.9142640830238172,6.224507400012682e-05,5.2185386749361895e-05,0.8474862120525426
2013-06-11,7.540176794643908e-05,0.7488804475041613,9.937073769102587e-05,0.9100501826413624,6.482350553006448e-05,5.011163437802079e-05,0.8597080319935101
2013-06-12,7.564969572692771e-05,0.7521008028674558,9.839675285908094e-05,0.904051279052386,6.488884268612207e-05,5.260650624903515e-05,0.8577541794794651
2013-06-13,7.668406692361186e-05,0.7627425314544236,9.791194181581067e-05,0.8980029478737097,6.60919193861735e-05,4.81459561775667e-05,0.8618729031678819
2013-06-14,7.978958283363962e-05,0.7740495344572873,9.519978093429939e-05,0.8946635057849339,6.746209525761257e-05,4.799094825516238e-05,0.845500037245091
2013-06-17,6.406673037804978e-05,0.7890475060788106,9.19838957325439e-05,0.8758735063874715,6.057247665997563e-05,4.6295326844032704e-05,0.9454591533319244
2013-06-18,5.269216623890948e-05,0.7505446581597375,7.503198419208111e-05,0.885955171939462,4.7192477848116454e-05,4.635672389907375e-05,0.8956260715139873
2013-06-19,5.313666894497608e-05,0.7649821038884947,8.13539066852999e-05,0.9050061130324336,5.029648609562003e-05,4.499119922619745e-05,0.9465494750471259
2013-06-20,6.610900161714408e-05,0.7545028734669329,8.783205157648101e-05,0.9525003068945188,5.7493362733911294e-05,3.314654159034387e-05,0.8696752534075709
2013-06-21,6.524441916700448e-05,0.7562908711101155,9.167933628276699e-05,0.9786362442484128,5.849197330341034e-05,3.434078969397878e-05,0.8965053877434317
2013-06-24,5.5679700730278476e-05,0.7830969770768221,9.765118970895147e-05,0.7702070829619713,5.774345464446345e-05,2.8910068363584402e-05,1.0370647450887376
2013-06-25,5.683904438603972e-05,0.7909380180752973,9.449964828772592e-05,0.819818775452734,5.796701422326067e-05,2.9470422476464817e-05,1.019844982430739
2013-06-26,5.616484134519195e-05,0.7758830520997059,9.063390893876286e-05,0.8249112828072502,5.535717120727591e-05,2.809120594061516e-05,0.9856196489018448
2013-06-27,5.600093181678947e-05,0.7737700133383861,8.865058799581319e-05,0.8176181895761933,5.451930765295873e-05,2.7544973066298957e-05,0.9735428658816255
2013-06-28,5.651835513949762e-05,0.7693117669256804,8.643202054695578e-05,0.8109413315667914,5.376931021047686e-05,2.724235242289834e-05,0.9513601391577017
2013-07-01,4.0959150997653995e-05,0.754330705687725,7.969081830961597e-05,0.7849591265150652,4.30964406014043e-05,2.6922814380587608e-05,1.0521810035533383
2013-07-02,4.708768430286185e-05,0.7213136301772118,7.510734077277957e-05,0.7878635213850614,4.289621745693226e-05,2.698681446570137e-05,0.9109859210962548
2013-07-03,4.5307854285029834e-05,0.7048069130158574,7.268225985196512e-05,0.7879210689077175,4.044558428595937e-05,2.6988464082483383e-05,0.8926837283336764
2013-07-05,5.048108536897671e-05,0.6880630501986783,7.152144279595279e-05,0.7687513992525001,4.134383052303992e-05,2.5940882456403526e-05,0.8189964661189295
2013-07-08,5.858594159480322e-05,0.6760194437414752,7.237333484522909e-05,0.7668562810604113,4.40195082673109e-05,2.622192304158734e-05,0.751366404107015
2013-07-09,6.185296409698371e-05,0.6384542506911718,7.582823134048374e-05,0.7249337362339433,4.3724565674436746e-05,2.417773366858158e-05,0.7069114037263897
2013-07-10,6.043816195282401e-05,0.6159322881875915,7.662582069912333e-05,0.720447023094473,4.191564608113593e-05,2.4194679128574902e-05,0.6935294642787759
2013-07-11,6.428746384905295e-05,0.6051486105039418,7.755126107108542e-05,0.7467025942836625,4.2728694030995036e-05,2.2204878008087123e-05,0.6646504850669186
2013-07-12,6.999194674271863e-05,0.5978991444277127,7.708176527254882e-05,0.7277599981267198,4.3916507433511365e-05,2.2134812238070133e-05,0.6274508636678271
2013-07-15,7.060701256657018e-05,0.5979439165798253,7.670141680277621e-05,0.7187624993887051,4.400338265751007e-05,2.193626637189626e-05,0.623215471919627
2013-07-16,3.5042919617133015e-05,0.5945357428071383,7.350445158134227e-05,0.7432940674204965,3.017414208825094e-05,2.4401803197103824e-05,0.8610624462209007
2013-07-17,3.792838595062833e-05,0.5864033998782685,7.120620298885315e-05,0.7454883883497998,3.047456916051542e-05,2.450937892505917e-05,0.803476562387453
2013-07-18,3.7451029819475974e-05,0.5744820014375865,6.645204508873677e-05,0.6899986951212849,2.865909581696323e-05,2.4666337007043e-05,0.7652418626432377
2013-07-19,4.0860668714576163e-05,0.622744961714543,6.327667466541977e-05,0.6544614813555203,3.16653856400675e-05,2.3701663130399532e-05,0.7749600443707755
2013-07-22,3.950888193740232e-05,0.6215382378538219,6.312937510902625e-05,0.6639357390556295,3.104066146000968e-05,2.4078004448471463e-05,0.7856628671292281
2013-07-23,3.3171208880188284e-05,0.6028705174932544,6.27398738026593e-05,0.670599179678677,2.750277499431686e-05,2.4378345943765082e-05,0.8291158484351491
2013-07-24,3.471216593235655e-05,0.6266290556252656,6.196305301141355e-05,0.6455926527003985,2.906148410608975e-05,2.347202806855219e-05,0.8372132169084967
2013-07-25,3.488954269695917e-05,0.6675714514554038,6.28912358663507e-05,0.6400296045429548,3.1270905633961924e-05,2.350890279466095e-05,0.8962830469167304
2013-07-26,3.343176772700175e-05,0.6841467908963069,6.0817454749908645e-05,0.6568722637834955,3.0849141666928475e-05,2.452166110163623e-05,0.9227493418486702
2013-07-29,3.360094972876798e-05,0.7128768115144098,6.61054149739462e-05,0.6159159320262695,3.359764079277993e-05,2.3737391407981337e-05,0.9999015225457984
2013-07-30,3.816574763863081e-05,0.6817649902120968,6.53895465514809e-05,0.6173292726609344,3.4058517944473374e-05,2.3806708579993426e-05,0.8923844036006736
2013-07-31,3.750748633018741e-05,0.6614208181184335,6.327471530120644e-05,0.693065414378935,3.22219589368352e-05,2.806049103748558e-05,0.8590807353278105
2013-08-01,4.226173154810077e-05,0.6455659252732884,6.239460808445654e-05,0.6863651926058236,3.3150323674900365e-05,2.659471867525854e-05,0.7844052399313045
2013-08-02,4.130983358011611e-05,0.6232366057259363,6.440569277652895e-05,0.6768867811428579,3.214710023583437e-05,2.7231939695762857e-05,0.7781948618478075
2013-08-05,3.7225611971094185e-05,0.5978930060521461,6.1233188441708e-05,0.679234302677726,2.854551175006027e-05,2.9229546818453586e-05,0.7668245124412182
2013-08-06,4.1983018398946586e-05,0.5799064343063075,5.919334644705186e-05,0.6700991500627926,2.8908875825782353e-05,2.8470925879035604e-05,0.688584978599531
2013-08-07,4.81253999850549e-05,0.556241180626537,5.7107906426954694e-05,0.5738772597892927,2.9160732824889024e-05,3.035455051794996e-05,0.6059322693202496
2013-08-08,4.5117615842124565e-05,0.5385077584385188,5.623008961115542e-05,0.6016443851907531,2.7123730683735964e-05,3.22020955989567e-05,0.601178279868494
2013-08-09,4.7210405389653165e-05,0.5826365875391157,5.767300571720896e-05,0.6093173576415949,3.0402052953864334e-05,3.2691142022791845e-05,0.6439693263156638
2013-08-12,4.729046229109182e-05,0.5767213917471219,6.174199762435696e-05,0.6021103796174938,3.116328121001698e-05,3.303512227622833e-05,0.6589760323803656
2013-08-13,5.1414947954433665e-05,0.5863139461223874,6.728642421298481e-05,0.601989921902987,3.448566851948303e-05,3.5482092188754254e-05,0.670732343248618
2013-08-14,5.361675369996386e-05,0.5816464374413817,6.758309531077177e-05,0.6020636631057681,3.501292306192977e-05,3.5585960849624995e-05,0.6530220620565726
2013-08-15,5.120699157562921e-05,0.5911813482116428,7.11545301249826e-05,0.5621397140622214,3.568507648913856e-05,3.0836247031395733e-05,0.6968789884177076
2013-08-16,4.9139520575593413e-05,0.5758185772195169,6.877018910592906e-05,0.5602618651218496,3.347350880138001e-05,3.0500543184608054e-05,0.6811932312177587
2013-08-19,5.1240075352845624e-05,0.5731208702624819,7.047624483332861e-05,0.548260995946152,3.44407405630235e-05,2.9369118142859336e-05,0.6721446119245573
2013-08-20,5.687877447837599e-05,0.5474665731816891,6.895102702738686e-05,0.5597818270330743,3.4284916207884916e-05,3.0290205005330138e-05,0.6027717109291667
2013-08-21,5.746511661394483e-05,0.5428884833303737,6.976193506377183e-05,0.5574820869822632,3.4373363774512775e-05,2.951326995267092e-05,0.598160515455589
2013-08-22,5.43081375808944e-05,0.5615088806030843,7.200787505472813e-05,0.5539190928536197,3.511390110217506e-05,2.8701458904751e-05,0.6465679484933788
2013-08-23,4.6628310947370826e-05,0.5472205119643928,6.646968346394301e-05,0.5459848923964473,3.046484798228948e-05,2.8236888336873956e-05,0.6533551690661715
2013-08-26,5.7057237442025364e-05,0.5846796737434942,7.432129491595714e-05,0.5424642504935897,3.807413102453413e-05,2.7931944610492935e-05,0.6672971340966243
2013-08-27,6.26349019454684e-05,0.5189994069620688,6.373409069648102e-05,0.6451472795686892,3.2791475555960386e-05,2.9209585550842583e-05,0.5235335976818406
2013-08-28,6.352118414260544e-05,0.5286172706802562,8.090276351967699e-05,0.6222904608590638,3.789503557882494e-05,2.8404749914974178e-05,0.596573191925238
2013-08-29,6.345432123592429e-05,0.5432359474038356,8.219347845892078e-05,0.6156520716536422,3.923175914740905e-05,2.8111197227687364e-05,0.6182677299713707
2013-08-30,6.533098257867051e-05,0.5545122752743271,8.043122057988436e-05,0.6251546096569458,4.019602330001681e-05,2.8264507368820516e-05,0.6152673924904376
2013-09-03,6.741624909395761e-05,0.5613781014651449,8.616590932602473e-05,0.6104151457378753,4.27863754730583e-05,2.780406033698696e-05,0.63465968587821
2013-09-04,5.29054408502055e-05,0.5821490273707396,7.841172112136545e-05,0.652159876618089,3.749512781039483e-05,2.922517390613047e-05,0.7087196932458637
2013-09-05,5.526096611110341e-05,0.6018786787115553,7.457129886692439e-05,0.658330824986262,3.863705795481855e-05,3.245480169044934e-05,0.6991744928443321
2013-09-06,5.903493096893949e-05,0.6162687063529909,7.28230220878609e-05,0.6727083961660436,4.040722202185652e-05,3.538688556209925e-05,0.6844629333625594
2013-09-09,5.950680039687122e-05,0.6297921260388916,6.977406779126597e-05,0.6621828077123364,4.058144879892228e-05,3.3841911090367996e-05,0.6819632130827183
2013-09-10,6.058865375686932e-05,0.6363323172739399,6.819763326529773e-05,0.6638636831868687,4.0903859051485665e-05,3.349967783836236e-05,0.6751075740290423
2013-09-11,5.2548421709793746e-05,0.6294253703130533,6.194919085112779e-05,0.6481107378087296,3.5912190938159785e-05,3.334445956505175e-05,0.683411409318629
2013-09-12,5.463125330927889e-05,0.626402568121346,6.171295409314678e-05,0.6432109679076817,3.63715893796972e-05,3.307580111524256e-05,0.6657652383296071
2013-09-13,5.629719144726608e-05,0.6342683689518369,6.112991855306539e-05,0.64631069036071,3.7208599756737425e-05,3.335540743950621e-05,0.660931723238644
2013-09-16,5.4138744378514925e-05,0.6374280238052099,6.158105478048664e-05,0.6350596115083839,3.680516796786505e-05,3.280908205655788e-05,0.6798304687404472
2013-09-17,5.7555509167455784e-05,0.6405874184725409,6.188931360868895e-05,0.6128835539133599,3.8232235072813804e-05,3.165344473625589e-05,0.6642671679192069
2013-09-18,6.204530316157312e-05,0.6136215180451797,6.422640140849624e-05,0.5796504459460001,3.873573766112696e-05,2.864723907461075e-05,0.6243137785990768
2013-09-19,6.178297806302708e-05,0.6063643667774686,6.373041473160773e-05,0.6052560216384578,3.804884372361306e-05,3.055000945125715e-05,0.6158467091825526
2013-09-20,6.675064824066973e-05,0.6113139334739622,6.176603290345851e-05,0.634747454291785,3.925246117326101e-05,2.98324443519755e-05,0.5880461419900538
2013-09-23,6.644616634370019e-05,0.621042426423471,5.957583363483441e-05,0.6612097282020009,3.907430827573311e-05,3.062365257660866e-05,0.5880596342250493
2013-09-24,6.687102886618699e-05,0.6268291322975552,6.065942422262718e-05,0.6548259028531447,3.9922462060924436e-05,3.013781239538918e-05,0.59700684642989
2013-09-25,5.221698153901886e-05,0.6052813697749323,6.136767709159538e-05,0.6527997497105836,3.426360310338827e-05,2.9774938082432947e-05,0.656177398492193
2013-09-26,5.0374063840171386e-05,0.6021227529978375,6.174403121218394e-05,0.6578807670464608,3.358041222441488e-05,2.9992734700275668e-05,0.6666210677574079
2013-09-27,5.122431082106018e-05,0.5916043139923922,6.0741901895915826e-05,0.6453147572889918,3.299997320670966e-05,2.9120899265989475e-05,0.6442248353908975
2013-09-30,5.1567877421329924e-05,0.5830091205174398,6.25838746442374e-05,0.6127936471971582,3.312044783682107e-05,2.7476037243684298e-05,0.6422689762119532
2013-10-01,5.3629225784131454e-05,0.5825355681209334,6.116425965691733e-05,0.6356955088942835,3.33635360062571e-05,2.7931090318189347e-05,0.6221148174048254
2013-10-02,4.9785428743887e-05,0.5735389718020244,6.161663560895505e-05,0.63833580093512,3.176603790874755e-05,2.8444646643130265e-05,0.6380589403410131
2013-10-03,5.1677659876475144e-05,0.5857671950886193,7.003635922008405e-05,0.570587128071251,3.524019042373778e-05,2.5136502008367237e-05,0.6819231077407962
2013-10-04,4.988490741732951e-05,0.608191648717326,6.7686058567658e-05,0.5902045504550423,3.5340659553685874e-05,2.55438317174043e-05,0.7084439238912748
2013-10-07,5.300164613196136e-05,0.6140599862393673,6.443614540791727e-05,0.5931082064224391,3.588560348061281e-05,2.460129182583378e-05,0.6770658290738043
2013-10-08,5.7418241986777646e-05,0.6275873490507023,6.36344241605949e-05,0.6155823532819039,3.79354452121219e-05,2.5378057401056547e-05,0.660686288877631
2013-10-09,4.671951297786224e-05,0.6092290763898118,6.153454918854795e-05,0.6317638892152015,3.266549830053577e-05,2.6387451328861982e-05,0.6991831938833377
2013-10-10,5.493659376391755e-05,0.6062111019562565,6.026177333139575e-05,0.7964039779791863,3.487993794352863e-05,2.6103385568681763e-05,0.6349126429902145
2013-10-11,5.397060840252837e-05,0.5945562745228331,6.190204624632753e-05,0.7667368099148413,3.4365615470964226e-05,2.508921858713622e-05,0.6367468607108437
2013-10-14,5.390763459317086e-05,0.5891104646417835,6.189092990612699e-05,0.7836238745357924,3.402791813603099e-05,2.580691651753664e-05,0.6312263261564387
2013-10-15,5.553151341989191e-05,0.587998588788613,6.029958824913993e-05,0.9059670544958618,3.402539784011218e-05,3.3399666451463396e-05,0.612722321879381
2013-10-16,4.144281603770634e-05,0.5955255441562982,6.0419944519675e-05,0.9106690033542356,2.979992593688644e-05,3.0460037166239182e-05,0.7190613183663308
2013-10-17,4.1583055321708076e-05,0.6069017847356533,6.0056576924829276e-05,0.9228598109452518,3.0328916825167887e-05,3.023372900145892e-05,0.7293575854522392
2013-10-18,4.3823960134694674e-05,0.6309841495475083,5.5722456506601495e-05,0.9286115583992534,3.118095314803708e-05,3.012871502450352e-05,0.7115046894940847
2013-10-21,4.4710412594374516e-05,0.6398210909474036,5.586965483379272e-05,0.9330425301047568,3.197796957187682e-05,3.0280688791581007e-05,0.7152242110129913
2013-10-22,4.4371990394003997e-05,0.6520332312826588,5.547300698333653e-05,0.9443295547464626,3.2349311324615804e-05,3.0510357100610727e-05,0.7290480106339151
2013-10-23,3.6244305626284386e-05,0.6400875730805405,5.93352443967702e-05,0.9434326969872728,2.968353744543153e-05,2.976397669722224e-05,0.8189848565868239
2013-10-24,4.040389782719303e-05,0.635506011649036,6.18529837786472e-05,0.949202565577639,3.1769590917960336e-05,2.987472779378421e-05,0.7863001498973807
2013-10-25,3.967999624918889e-05,0.6253144669613597,6.358366693786448e-05,0.9620487368169586,3.140921431558991e-05,3.0304696414544108e-05,0.7915629355996211
2013-10-28,4.081308187982178e-05,0.6202758833643695,6.325411957043567e-05,0.9380596601077198,3.151584811063843e-05,3.192792795166366e-05,0.772199663907764
2013-10-29,4.2024721372673885e-05,0.6239921192094573,6.434211822298472e-05,0.9365956095968644,3.24473477461395e-05,3.145637278057956e-05,0.7721014366376746
2013-10-30,3.243679795796633e-05,0.6200406226180244,6.870668420202649e-05,0.9160349475404104,2.927107190030169e-05,3.0357822771997422e-05,0.9024032501060373
2013-10-31,3.3498134377451295e-05,0.620748387951759,5.5256716387354184e-05,0.925433537254474,2.670659050350644e-05,3.0966951837143325e-05,0.7972560561905062
2013-11-01,3.528785039280735e-05,0.6212474747985396,6.089563369671646e-05,0.9510292953532594,2.879852968510533e-05,3.178830647021664e-05,0.8161032583320881
2013-11-04,3.477448195487655e-05,0.6227070833066122,6.285724388531571e-05,0.9560372019638176,2.911332493343055e-05,3.180519431104512e-05,0.8372036992875427
2013-11-05,3.766596277267884e-05,0.6269594517423974,6.485487405218062e-05,0.9468952940549276,3.098741157854029e-05,3.121413577059479e-05,0.8226900176574575
2013-11-06,3.8333959556374354e-05,0.6297877982149459,8.118235680597316e-05,0.90953227114793,3.513313543921494e-05,3.375571645657382e-05,0.9165016044728632
2013-11-07,4.0431492315281525e-05,0.6202340863327528,8.295124801174841e-05,0.8893126648565278,3.591922668423763e-05,3.133640858499666e-05,0.8883972524225024
2013-11-08,4.3778322206368926e-05,0.6182049399217636,8.589068875536164e-05,0.869550004909245,3.7908366470508186e-05,2.7977464844691663e-05,0.8659163841823346
2013-11-11,4.088414418239951e-05,0.6205400142259656,8.316294564643265e-05,0.870598233421483,3.6183633744347374e-05,2.809578284457285e-05,0.8850285231095606
2013-11-12,3.99781619662566e-05,0.62268327652962,8.306822013114973e-05,0.8276763327218485,3.588360489390353e-05,2.7046424186148997e-05,0.897580156991483
2013-11-13,4.4902541372157916e-05,0.6105169070716471,7.945739304264045e-05,0.8659440800455541,3.646702310527656e-05,2.7364405674300932e-05,0.8121371751107199
2013-11-14,4.545126757048379e-05,0.6036545377207108,7.960332722561602e-05,0.891928571254713,3.631006945798149e-05,2.7808286722986237e-05,0.7988791380058534
2013-11-15,4.488960878325864e-05,0.5968806157543715,8.002558063678095e-05,0.9459434363454124,3.577460128964463e-05,3.079904165879968e-05,0.7969461587953646
2013-11-18,4.304897041106976e-05,0.598199582672231,7.939241815006289e-05,0.9250507241107514,3.497172101862046e-05,3.9741802389901305e-05,0.8123706719273294
2013-11-19,4.253689180732228e-05,0.6111185310058858,8.169443092141171e-05,0.9249063576540476,3.602504693463262e-05,4.013608938212738e-05,0.8469130066628725
2013-11-20,3.986505410246521e-05,0.6309851908788774,7.690545443939487e-05,0.9272757824889732,3.493766826363365e-05,4.0784927464504076e-05,0.8763983656922505
2013-11-21,3.485111027762049e-05,0.627584518927678,8.017982239521189e-05,0.8907729046497654,3.317516382017326e-05,3.9670518866161325e-05,0.951911246324814
2013-11-22,3.677714977289896e-05,0.6265711787266598,7.953578531895756e-05,0.864407514692,3.388759398960369e-05,4.024760925131647e-05,0.921430676353702
2013-11-25,4.464079349966786e-05,0.6199671943176349,7.901849188269702e-05,0.9606705169670704,3.682129262391827e-05,4.540868575634827e-05,0.8248350832785316
2013-11-26,4.5604254902161166e-05,0.6242864129389093,7.921374107532441e-05,0.797148424989861,3.752207329424825e-05,4.6597882346327785e-05,0.8227757119318728
2013-11-27,5.098239319509307e-05,0.6203054607610062,8.307263290489908e-05,0.7813205969956654,4.036869415332302e-05,4.654857607546867e-05,0.7918163825469144
2013-11-29,5.306536742177139e-05,0.614294293686871,8.57196325342888e-05,0.7830296060770708,4.143069505239527e-05,4.665487685430742e-05,0.7807482933849865
2013-12-02,5.1303727815654587e-05,0.6164546782357675,8.66319056397537e-05,0.82157513817561,4.1097418984983145e-05,5.2354412290313076e-05,0.8010610677776687
2013-12-03,5.129816798105141e-05,0.624270092916459,8.560225011939974e-05,0.8259842570322266,4.136814504941699e-05,5.5253589401523614e-05,0.8064253886161707
2013-12-04,4.926678581923591e-05,0.6228615023427705,8.727855835348595e-05,0.824099113064852,4.0843446849138687e-05,5.5189367397470956e-05,0.8290260095106837
2013-12-05,6.186383108747796e-05,0.614189134066388,9.029833826867331e-05,0.8579415481854274,4.590504459629561e-05,5.92654757788927e-05,0.7420336534183282
2013-12-06,6.149224160789946e-05,0.6187451730152622,8.11970601822701e-05,0.8489570767070644,4.372120661753816e-05,5.637094790619693e-05,0.7110036237794528
2013-12-09,5.694825981469449e-05,0.6146683091609588,8.611036190230374e-05,0.8455341359626258,4.3043617020647386e-05,5.651257591964098e-05,0.7558372663310204
2013-12-10,5.3452041059883435e-05,0.6169971657953074,8.865317167546233e-05,0.8667301499691105,4.2472952756962466e-05,5.816554075584405e-05,0.7945992690789699
2013-12-11,5.2671389427449466e-05,0.6190473095864468,9.191689487882805e-05,0.8629260736458845,4.307337481393036e-05,5.5173258232156214e-05,0.8177755567519329
2013-12-12,5.926873458923956e-05,0.6106154121870608,9.956340188641469e-05,0.8169894242089919,4.690622181400213e-05,5.293193051691962e-05,0.7914159487136767
2013-12-13,5.102150798536989e-05,0.6079361644102085,0.00010566763148159597,0.8253757968885197,4.4638090748740216e-05,5.39740443661319e-05,0.8748877191465982
2013-12-16,5.265033739264804e-05,0.6120560793298164,0.00010401908707606264,0.8356407919954933,4.529479664542432e-05,5.412426695800443e-05,0.860294518297791
2013-12-17,5.547285481711756e-05,0.6263439634483049,0.00010966298789677892,0.8419852203951769,4.8852094865883946e-05,5.4706698323676636e-05,0.880648652876062
2013-12-18,5.7755345996717895e-05,0.6352834647349755,0.00012996180429073446,0.7686982014480253,5.503912394344155e-05,4.528752163064359e-05,0.9529702055039078
2013-12-19,6.478693026373803e-05,0.6313738244961162,0.0001327842133663599,0.7773123992239345,5.856032749620854e-05,4.575458994125735e-05,0.9038910665749726
2013-12-20,6.101338500649426e-05,0.6326115773214658,0.0001311288583987489,0.7758371985202265,5.6584676307072776e-05,4.6069229147406896e-05,0.927414145290413
2013-12-23,6.0371580554275465e-05,0.6353021426338554,0.00012906503648821058,0.77738413539423,5.607908220529455e-05,4.582016508145387e-05,0.9288986919081593
2013-12-24,6.05937066863415e-05,0.6365283169080443,0.0001263305330675042,0.764902985319897,5.5691081673942335e-05,4.5979566156745564e-05,0.9190901946669608
2013-12-26,6.0130930524985e-05,0.6350119867843201,0.0001265946341626565,0.7285090867408832,5.540367010542496e-05,4.649392063701921e-05,0.9213838805039642
2013-12-27,6.1029823506439453e-05,0.6260876816483786,0.000124045983859826,0.7285385259226539,5.447504153987539e-05,4.649482434747898e-05,0.8925970682862544
2013-12-30,6.103786899254316e-05,0.6216552996912401,0.00012477180900316944,0.7299646435926952,5.425097623899605e-05,4.663262753720003e-05,0.8888084910963021
2013-12-31,6.15980310886923e-05,0.6157038641682542,0.00012380985326420284,0.7236000485964906,5.376911631738971e-05,4.5929232362910306e-05,0.8729031653620537
2014-01-02,6.274975633376732e-05,0.6242031774988878,0.0001238856503922006,0.7307904276256074,5.503544717555803e-05,4.4690972946397365e-05,0.877062324876981
2014-01-03,6.287727487442676e-05,0.6329109983811351,0.00012197404696643575,0.7437305831012002,5.542723508013928e-05,4.5989226604737365e-05,0.8815145883919735
2014-01-06,6.194585296328845e-05,0.597796983201007,0.00011752859588222466,0.7444776756589917,5.1007214985667494e-05,4.583761052987073e-05,0.8234161375725406
2014-01-07,5.985294868622432e-05,0.61487132795414,0.00011859277190326209,0.7323076821567119,5.180314507887596e-05,4.6811369150142125e-05,0.8655069836316838
2014-01-08,5.957982003469859e-05,0.6321866561463678,0.00011670420905454039,0.7314908324132957,5.2715481546655516e-05,4.6907080256481945e-05,0.88478752564131
2014-01-09,5.8876921963223624e-05,0.6601682955133007,0.00011729800845086119,0.7424239423012098,5.4862113147155596e-05,4.890369229588901e-05,0.9318101442433454
2014-01-10,5.8643073362417135e-05,0.6800565773116547,0.000130279612956156,0.7722683460123815,5.9441756802567394e-05,5.157032189862118e-05,1.0136193994338318
2014-01-13,6.549653155125348e-05,0.6453280253224444,0.00011883679043874798,0.76458057295549,5.693313962148636e-05,4.827927537346708e-05,0.8692542684788439
2014-01-14,6.384952094066409e-05,0.6369692813343543,0.00011486583490389364,0.7804669840367383,5.45497477672222e-05,4.7883723038217984e-05,0.8543485834124857
2014-01-15,6.070372053025981e-05,0.6318750220384529,0.00011086582666812919,0.765788175423678,5.183674140348518e-05,4.7831411803580646e-05,0.8539302196089515
2014-01-16,6.085694586035492e-05,0.6259264511798818,0.0001110621784341008,0.7561227364401014,5.1459015764637124e-05,4.750868183131084e-05,0.8455734187304977
2014-01-17,6.130074788390541e-05,0.6324918515067353,0.00011034890888373704,0.7812994197652963,5.202017908382491e-05,4.909475072686477e-05,0.8486059449444804
2014-01-21,6.022038567812545e-05,0.6302917675800863,0.00011484210084335282,0.7437483767567686,5.241601081012454e-05,4.753911022676292e-05,0.8704031071850842
2014-01-22,6.0180607898710316e-05,0.6326333582096249,0.00011498991983217932,0.7422362835329828,5.262719935532648e-05,4.7516457615752296e-05,0.8744876662579258
2014-01-23,6.197862719476769e-05,0.6410248919284234,0.0001238923645584815,0.7164913427772127,5.617177418695533e-05,4.5083076527742404e-05,0.9063087830331521
2014-01-24,8.312838911315208e-05,0.6439816706049788,0.0001317459189864596,0.6881855652663427,6.739330801600572e-05,3.6458671452806105e-05,0.8107135087662026
2014-01-27,7.785643656399444e-05,0.6589221334104975,0.0001234625477931364,0.6925554092215106,6.4602447912685e-05,3.658991695919574e-05,0.8297637390530291
2014-01-28,5.7778264472590076e-05,0.6325601041597514,0.00011934002966866792,0.693943645355456,5.252633682801716e-05,3.6382802727576926e-05,0.9091020179904431
2014-01-29,5.541992369045716e-05,0.6126588824706138,0.00011087415229227198,0.6947377129144507,4.80249423623031e-05,3.464528534575038e-05,0.8665645703617701
2014-01-30,5.718939038351772e-05,0.6041020289708345,0.0001090141924680011,0.6706689449664811,4.769903017625309e-05,3.467270979209962e-05,0.8340538316002089
2014-01-31,5.786696567157789e-05,0.6001704112264802,0.00015568797956798478,0.5877912581391384,5.696622974408257e-05,3.169049787888705e-05,0.9844343673969805
2014-02-03,7.055814511505822e-05,0.5921922100507642,0.00014640886490131224,0.6995787460170028,6.018939175814221e-05,2.8847885404571834e-05,0.8530466845463721
2014-02-04,5.3287933521446234e-05,0.5800602014079684,0.00013033849578653582,0.7387682028429253,4.8341916152918953e-05,3.139731733401181e-05,0.9071831643361304
2014-02-05,5.1744253938995175e-05,0.5714460079228358,0.00011866748496644391,0.7775440784294817,4.477876761576285e-05,4.1862523865610125e-05,0.8653862836355818
2014-02-06,5.460185755120456e-05,0.5568005330177317,0.0001136018826026407,0.7118953163799596,4.3852677532631446e-05,3.74011765979467e-05,0.8031352686400322
2014-02-07,6.356327391387762e-05,0.5515846662288144,0.00010750627569033564,0.75171732426794,4.5596575030092934e-05,3.802128575792394e-05,0.7173415122051783
2014-02-10,6.2547563500994e-05,0.544858228200561,0.00010068713231697936,0.7753105457321608,4.323900564696943e-05,3.990460688255524e-05,0.6912980015006064
2014-02-11,5.609995653519849e-05,0.570362375305234,0.00010095735095956229,0.7572571790633522,4.292409077467685e-05,3.8805175942903745e-05,0.7651359007336347
2014-02-12,5.280573476410588e-05,0.5912511929604581,9.718381420487454e-05,0.7621987345339625,4.235547387264118e-05,3.907280520013952e-05,0.8020998867235126
2014-02-13,5.31879934714369e-05,0.6015963284495035,9.301858646835668e-05,0.7653008353094933,4.231524388333291e-05,3.901055159290474e-05,0.7955788726276563
2014-02-14,5.362200748552388e-05,0.5982875499786924,9.270403255242115e-05,0.7463812658298357,4.218235409480523e-05,3.7896634304812414e-05,0.7866612249866444
2014-02-18,5.088126402858046e-05,0.6030249521821393,9.036288637850404e-05,0.7428478712174542,4.088926237980474e-05,3.783650453115817e-05,0.8036211984992526
2014-02-19,5.093399391722896e-05,0.6201305666162535,8.913877254628207e-05,0.7741874573282286,4.1784992573270684e-05,3.858179215121383e-05,0.820375339918837
2014-02-20,5.128532994270177e-05,0.6216021360936383,8.813793884601779e-05,0.7587005334285678,4.179174642993912e-05,3.858607074290764e-05,0.814886956496735
2014-02-21,5.0142924359823583e-05,0.6289831670908143,8.971354859066949e-05,0.759340851377743,4.2186439222217894e-05,3.8720000614035544e-05,0.841323870931215
2014-02-24,5.289213529725008e-05,0.6299623835709298,8.917398935174721e-05,0.7366431379303267,4.326425858352679e-05,3.742571718446529e-05,0.8179714874505386
2014-02-25,4.99909412374215e-05,0.6502940196476504,8.006358454498029e-05,0.7297601185861999,4.114081890423783e-05,3.717888575002023e-05,0.8229654790624592
2014-02-26,4.8822079787728685e-05,0.6531556063401114,7.694328827255975e-05,0.7311862706127542,4.0032265494942734e-05,3.725124905855573e-05,0.8199623135474198
2014-02-27,4.902946505121921e-05,0.6579947550748633,8.05217682513372e-05,0.7411266575975155,4.134354009545737e-05,3.74057740305412e-05,0.8432386535783606
2014-02-28,4.913560627678946e-05,0.6585565315406352,8.414505568539685e-05,0.7494161027333545,4.2345330035881005e-05,3.7783184967473975e-05,0.8618053840089477
2014-03-03,5.060228536900576e-05,0.6574369035080108,8.684203077217678e-05,0.7402997415301117,4.3581696254334916e-05,3.778477916065504e-05,0.861259445823943
2014-03-04,5.593664385448813e-05,0.6594389230554834,8.646638986089661e-05,0.803950692354117,4.5861308711184295e-05,3.814093427809025e-05,0.8198795199527253
2014-03-05,4.9068183379191435e-05,0.6700814004235748,8.254277689452043e-05,0.813808716845784,4.264489905998302e-05,3.861646799671674e-05,0.8690947192894781
2014-03-06,4.928243059442446e-05,0.6761044171416333,7.959550954684105e-05,0.8112736455857351,4.2345192980148234e-05,3.8441641593083905e-05,0.8592350756526796
2014-03-07,4.8971813978785636e-05,0.6827766465241537,7.630554340075076e-05,0.7761459811813953,4.173782353306402e-05,3.839594650094942e-05,0.8522825711774665
2014-03-10,4.912023117884392e-05,0.6898095807005374,7.491705618065076e-05,0.7787228766778362,4.1845597640440205e-05,3.85234124020723e-05,0.851901480025263
2014-03-11,5.148937537691702e-05,0.6880341875351602,7.420049263270964e-05,0.7415173322570662,4.25277321844376e-05,3.6647722135211895e-05,0.8259516040566114
2014-03-12,4.8906113932888686e-05,0.6954655821194381,7.445989173230383e-05,0.8047625368308009,4.196801417218918e-05,4.1232969750614934e-05,0.8581343066795227
2014-03-13,5.192240840939531e-05,0.6949362882074499,7.203841544422446e-05,0.7754620910506216,4.2501521791354806e-05,3.7609471311383156e-05,0.8185583660958261
2014-03-14,5.053194068255615e-05,0.6928561193116523,6.831528338222024e-05,0.7629372067853428,4.070848902044824e-05,3.700461240486917e-05,0.8055991610569785
2014-03-17,5.312543808337814e-05,0.6890904211979514,6.857401836141319e-05,0.7620457452499575,4.159175774582036e-05,3.641785637807061e-05,0.7828972192293991
2014-03-18,5.3640183376897774e-05,0.6785028882415042,6.505965624047231e-05,0.7732794522490971,4.008230697078666e-05,3.729535981015627e-05,0.7472440332493282
2014-03-19,4.9711758607667365e-05,0.685797076920822,6.3124209914585e-05,0.7490406440228464,3.84169755227571e-05,3.567205011257412e-05,0.7727945379271255
2014-03-20,4.924048797705463e-05,0.6794339594127696,6.471300645927397e-05,0.7455089729157149,3.8353430256693856e-05,3.5223732344351284e-05,0.7789002877990571
2014-03-21,5.1299807125194504e-05,0.6844695411640972,6.836450068906228e-05,0.7442976816967805,4.053473294254887e-05,3.441660160987475e-05,0.790153710395557
2014-03-24,5.150721281894852e-05,0.689564344042138,7.105939529059529e-05,0.7562762951254196,4.171762495967497e-05,3.4606644996106716e-05,0.8099375345025047
2014-03-25,5.187847468728203e-05,0.6878733361911383,7.479943590956167e-05,0.7298231755605904,4.2850040429780825e-05,3.345597256796482e-05,0.8259695507255437
2014-03-26,4.894688218699071e-05,0.6782130319782546,7.232270288732123e-05,0.7726243566901269,4.035208423609048e-05,3.429767701888137e-05,0.82440560936924
2014-03-27,4.819111839496585e-05,0.6698404504239911,7.105919913473247e-05,0.773889992027929,3.919810095847261e-05,3.419033284562207e-05,0.8133884886673918
2014-03-28,4.77393720640184e-05,0.668245324772092,6.674626033233983e-05,0.7651329571055466,3.772139533288515e-05,3.356002018699122e-05,0.7901527335194278
2014-03-31,4.471229395078723e-05,0.6908636603318158,6.122237697811355e-05,0.7742848227426136,3.614605613693334e-05,3.303212248099472e-05,0.8084142624558169
2014-04-01,4.637295349124256e-05,0.6847290327168292,6.190854125553908e-05,0.8017951958277478,3.668820012911696e-05,3.418282038667107e-05,0.7911551317525085
2014-04-02,4.141854620280984e-05,0.6698006587056279,6.304813844115077e-05,0.8046533242873543,3.4227811366653276e-05,3.447460967291405e-05,0.826388526508235
2014-04-03,4.131197301210188e-05,0.6645625518367269,6.333015477832676e-05,0.8026428929608634,3.3992187078070214e-05,3.4309203507878836e-05,0.8228168397600518
2014-04-04,4.5815215175484866e-05,0.664107680829205,6.393138148177832e-05,0.8528495886072672,3.594184881344787e-05,3.327829222962142e-05,0.7844959076538375
2014-04-07,4.72141155464609e-05,0.6305796247276391,3.7261430398296675e-05,0.8240126579006557,2.6448778790701624e-05,2.973715224717702e-05,0.5601879540595183
2014-04-08,4.530353492960697e-05,0.6297787520396589,4.0982578729976514e-05,0.7606686707306366,2.7136491089246873e-05,2.846397255186322e-05,0.5989927967301402
2014-04-09,4.691297863661334e-05,0.6122091719367735,4.825775621170405e-05,0.7560436169558861,2.9129289954382778e-05,2.6723343378766618e-05,0.6209217747612547
2014-04-10,5.810324280314903e-05,0.6070159709470314,5.988872450185095e-05,0.6405748719867899,3.580740392590271e-05,1.538793504409372e-05,0.6162720391909358
2014-04-11,5.691804938589508e-05,0.6031692505908242,6.0529484010330576e-05,0.7218930838285059,3.540362101837273e-05,1.557383562112842e-05,0.622010441333679
2014-04-14,5.793906540801691e-05,0.6043243293817832,6.51328236899776e-05,0.7018030669413376,3.712408640100822e-05,1.5033121776226494e-05,0.6407436181369857
2014-04-15,5.375893588153699e-05,0.6055487433568402,6.884361209607537e-05,0.6530989726162891,3.6838866888614206e-05,1.3564349298802025e-05,0.6852603438764526
2014-04-16,3.1303883437837385e-05,0.5712491775749106,6.402877841199051e-05,0.5862301675350035,2.5574803453207834e-05,1.1287704680739483e-05,0.8169850077545093
2014-04-17,3.0074876652121772e-05,0.5482094120387725,6.16778440214099e-05,0.5749519051303302,2.361092529585443e-05,1.1096054395586702e-05,0.7850713926099738
2014-04-21,3.398061258211898e-05,0.5329174321800273,6.088367772067837e-05,0.6220982556059818,2.423962895967753e-05,1.2619480208752678e-05,0.7133370212528989
2014-04-22,3.465237531876505e-05,0.5143432571241316,5.997215218108117e-05,0.6135021158330303,2.3447382744243818e-05,1.2442614463988233e-05,0.6766457574279626
2014-04-23,3.661275306357103e-05,0.49892394450342775,5.875928696284199e-05,0.6416207159957881,2.3141355762501324e-05,1.2897021296903303e-05,0.6320572430683045
2014-04-24,2.8915216768426475e-05,0.48078279823573133,5.809854106955306e-05,0.6408152074143612,1.9705831295976407e-05,1.2878283126299462e-05,0.6815038411710572
2014-04-25,3.367547480592454e-05,0.46672428877342137,5.7274649029586525e-05,0.6651162745340345,2.0497386238506626e-05,1.2109910045949474e-05,0.608674008507239
2014-04-28,3.364553762091845e-05,0.4693627112120794,5.3033981548762643e-05,0.6053248648230873,1.9826654407068427e-05,1.1387685246080767e-05,0.5892803565944982
2014-04-29,3.9441733334885286e-05,0.4651170103775555,5.2458457622211086e-05,0.6102071895214574,2.1156702436744095e-05,1.1306329776936385e-05,0.5364039723383933
2014-04-30,4.001418281063408e-05,0.46873636633535337,5.436316618264154e-05,0.6419106647876462,2.1861904676951434e-05,1.2052718174685463e-05,0.5463538960776043
2014-05-01,2.1991126094734782e-05,0.4531744458289256,5.51033983126864e-05,0.655094727667713,1.5775325839391636e-05,1.2597856409967883e-05,0.71734961508718
2014-05-02,2.5114593555483047e-05,0.4466502532144285,5.53967878279706e-05,0.6556618190733065,1.6659921590339078e-05,1.334992309991494e-05,0.6633562097484896
2014-05-05,2.3421323104644024e-05,0.44361695991244865,5.5055993404175076e-05,0.6833988290124757,1.593001393115876e-05,1.4091242275034081e-05,0.6801500436156028
2014-05-06,2.3724080850696792e-05,0.4452250352021112,5.459006798439428e-05,0.7514421089507443,1.6022529955669365e-05,1.4285199240819111e-05,0.6753698934219731
2014-05-07,2.503936026433856e-05,0.4498474319399367,5.522244131386879e-05,0.7116865748481808,1.6727639529153187e-05,1.3156391615769826e-05,0.6680537902151178
2014-05-08,2.245244272166245e-05,0.4623389887695365,5.900357431398702e-05,0.7036271464717945,1.682796026588585e-05,1.3181109349433274e-05,0.7494935172309776
2014-05-09,2.6257615904936162e-05,0.4590663842259212,6.171233083513643e-05,0.6994840225663216,1.847945303497989e-05,1.3242162145304581e-05,0.7037749772059824
2014-05-12,2.5472098693136958e-05,0.45016232430480657,6.386187473651519e-05,0.7931871964280903,1.8156090577811507e-05,1.3794934085473292e-05,0.7127834575603058
2014-05-13,2.7268227179962204e-05,0.45081617200855356,6.530203639122238e-05,0.757422156822901,1.9023538474102558e-05,1.5747829019262035e-05,0.6976448578249276
2014-05-14,2.54765910501542e-05,0.4604884752414355,6.260524322618881e-05,0.7515926406373769,1.8390552508685828e-05,1.658486455585027e-05,0.721860804394178
2014-05-15,2.174205444419079e-05,0.4782697845928803,7.050930433149356e-05,0.5627811980929713,1.872606165270955e-05,1.1278192678330111e-05,0.8612829896446572
2014-05-16,2.0552751262807784e-05,0.47228626079181985,6.548143893011717e-05,0.6066614119508638,1.7326043564598323e-05,1.222467314335253e-05,0.8430036126575178
2014-05-19,2.1296152341554682e-05,0.47156904862775534,6.294759727142885e-05,0.6302245150909025,1.726574982078721e-05,1.2625478754900345e-05,0.8107450371256483
2014-05-20,2.0908636850371392e-05,0.4771649201322205,6.041144616683734e-05,0.6134041452067251,1.6958638554137568e-05,1.1516303927634585e-05,0.8110829355112329
2014-05-21,2.119414789263069e-05,0.48261270541533396,5.969437814557745e-05,0.6059082132149635,1.7166171519006112e-05,1.1117654488032342e-05,0.8099486521453819
2014-05-22,2.007249814887391e-05,0.45139996290361406,5.638128085097652e-05,0.6209152412786865,1.5185521157445144e-05,1.1367166615048167e-05,0.7565336932561665
2014-05-23,2.2049522594442057e-05,0.43464227883857176,5.5074760554003675e-05,0.6714698649897104,1.5146345990581307e-05,1.2546906931417903e-05,0.6869239878417681
2014-05-27,2.174082787467674e-05,0.43792124433291996,5.4508262515359874e-05,0.7374960231021103,1.507527427669748e-05,1.32900943929382e-05,0.6934084738445881
2014-05-28,2.1661197917021908e-05,0.43879017390301434,5.3788914947727446e-05,0.929618510078325,1.4977679070383296e-05,2.5480123024984893e-05,0.6914520206942694
2014-05-29,2.1856321025887475e-05,0.4365620177960276,5.168293292623393e-05,0.9839042234511068,1.4672632977335397e-05,2.6621264176435557e-05,0.6713221753998104
2014-05-30,2.8179051435749515e-05,0.4812131363968557,5.212234339328688e-05,0.948521008647694,1.8442195684427752e-05,2.670538939287963e-05,0.6544647440130279
2014-06-02,2.8496658002674943e-05,0.5130778515583829,5.380355956434994e-05,1.077114847314627,2.0090268321451266e-05,3.2629322180027444e-05,0.705004366461689
2014-06-03,3.418588872187905e-05,0.5363408461049181,5.465000999355003e-05,1.0794916007315551,2.3182455400947803e-05,3.270144637220639e-05,0.6781293764087805
2014-06-04,2.793146765100254e-05,0.5530474652552501,5.658503628270661e-05,1.069549608482701,2.198670166859165e-05,3.295705176365633e-05,0.7871660001296955
2014-06-05,4.136471088316827e-05,0.567012254874631,5.938311760467326e-05,1.0960975097314034,2.8102110630758643e-05,3.6066645398607865e-05,0.679374037210875
2014-06-06,3.9833023701562004e-05,0.5987143941733648,6.365720044123592e-05,1.0874030927703644,3.014845800835203e-05,3.541242266851052e-05,0.7568709378989422
2014-06-09,5.1073182956276414e-05,0.618573858027535,6.670943476504809e-05,1.0911809588448016,3.610618929842457e-05,3.552976126512661e-05,0.7069500510538957
2014-06-10,4.95066057749403e-05,0.6379953587701745,6.911417472812445e-05,1.0714076740152925,3.7319228628913706e-05,3.604574574608787e-05,0.7538232129782626
2014-06-11,4.7157992518462575e-05,0.6421599239886245,6.708015957401015e-05,1.043404966662013,3.6117517900142795e-05,3.534050741337726e-05,0.7658832781315409
2014-06-12,4.667919578081926e-05,0.6459025459052831,7.117477859800479e-05,1.1202457169968638,3.7229888999300856e-05,3.659841825221886e-05,0.7975692035079752
2014-06-13,3.72024477228719e-05,0.6583362802445543,7.629541398174826e-05,1.0696514740917515,3.507379536150723e-05,3.633364854825676e-05,0.942781927220988
2014-06-16,2.938646502467408e-05,0.7248468205011082,7.207349030251613e-05,1.0844404349237289,3.33585902381242e-05,3.739735792057743e-05,1.1351685277598023
2014-06-17,3.191330809025626e-05,0.701820616596157,8.002346320508653e-05,1.0797427109520883,3.546669380782823e-05,3.722343158895036e-05,1.1113449507497746
2014-06-18,3.560112133469648e-05,0.6956670605865415,8.355869518980912e-05,1.06250533563312,3.794277615582911e-05,3.563875794499427e-05,1.065774749034393
2014-06-19,3.687128606172102e-05,0.7093919879521428,8.93264644326474e-05,1.0603406100951145,4.071181782644564e-05,3.5636321432669377e-05,1.1041605046890886
2014-06-20,3.6786047916274955e-05,0.7307241273043705,8.626630513660486e-05,1.0795972250487094,4.116381445685161e-05,3.6575387723631895e-05,1.119006166428654
2014-06-23,3.78482539714106e-05,0.7273832887072883,8.102825512343564e-05,1.0834592716430416,4.0281393591969105e-05,3.669130690568682e-05,1.0642867071859226
2014-06-24,3.933090292313687e-05,0.711533595612483,8.525353178778838e-05,1.074302055196773,4.120202473868255e-05,3.533884575211958e-05,1.0475738332069913
2014-06-25,4.004889359785303e-05,0.7129598299144123,8.663409641317913e-05,1.0939450489930502,4.1995692549028033e-05,3.5629872920917936e-05,1.048610555155995
2014-06-26,4.4267929857314866e-05,0.7084420694466573,8.712396824176373e-05,1.0985681541928745,4.399646399996274e-05,3.58715044634831e-05,0.9938676631541813
2014-06-27,3.536085878696092e-05,0.719543809294594,8.594967781855869e-05,1.113644788081404,3.966804246800187e-05,3.634429423764472e-05,1.121806534931476
2014-06-30,3.524942345217237e-05,0.7266544517771196,8.379474845908897e-05,1.1127388564956373,3.94922928076525e-05,3.631676056291707e-05,1.1203670568183053
2014-07-01,3.707778978776346e-05,0.7286818979666296,7.766340371841591e-05,1.1490494589310334,3.910237261775366e-05,3.6583473890830486e-05,1.0546036546832778
2014-07-02,3.729144432547138e-05,0.7312758662554523,7.787979441780635e-05,1.1518500860261065,3.9409256482865194e-05,3.7100559510172975e-05,1.05679083220564
2014-07-03,3.7850371933542936e-05,0.7209730595664374,7.871818391225378e-05,1.154004493881503,3.935425048884039e-05,3.685193620022828e-05,1.0397322001997218
2014-07-07,3.637233936281704e-05,0.7151199951419817,8.016788797123936e-05,1.151821338679382,3.8615775386320264e-05,3.7555049599335946e-05,1.0616797286840631
2014-07-08,3.904012916123487e-05,0.7099714147413841,8.145443662142396e-05,1.1478082138878711,4.003629294336485e-05,3.6538287112160776e-05,1.0255164059016262
2014-07-09,3.921043801203444e-05,0.7094948338321644,8.441845387251065e-05,1.122780009369714,4.081960344027096e-05,3.533102807666078e-05,1.041039210726048
2014-07-10,3.784415060760939e-05,0.7026056514880694,8.66265883572798e-05,1.1202938749076845,4.022875805779365e-05,3.5758651672716575e-05,1.0630112556867581
2014-07-11,4.137743263306523e-05,0.732691516844169,9.065187426833471e-05,1.119959838893228,4.4873642873292797e-05,3.5745517845171066e-05,1.084495581715568
2014-07-14,3.5819786180035966e-05,0.7256207933829534,8.680985207242123e-05,1.1069480570522932,4.046278039850525e-05,3.607590631432051e-05,1.129620936181273
2014-07-15,3.740515266448331e-05,0.7192622247684691,8.537055142348518e-05,1.110458614338576,4.064498907139605e-05,3.6089299757646154e-05,1.086614708833658
2014-07-16,4.331224214055195e-05,0.7088452624991545,8.944054553364647e-05,1.0570019478273558,4.411883074542988e-05,3.467092139686412e-05,1.0186226472012343
2014-07-17,4.7474517764657056e-05,0.6947521968296021,8.934192815755914e-05,1.065603675507408,4.5246800032633776e-05,3.239806938821507e-05,0.9530755058310096
2014-07-18,4.82618636397603e-05,0.6914387417746364,8.866192416014646e-05,1.1233714513484108,4.522976485844681e-05,3.337978986844492e-05,0.9371740220405516
2014-07-21,3.56854935741795e-05,0.7388985390563494,7.39282360820666e-05,1.1195610473967548,3.795210194353781e-05,3.403918628096838e-05,1.06351623985939
2014-07-22,3.6878426197529086e-05,0.7220531033800904,7.538392482436238e-05,1.0302089453692649,3.807103651253795e-05,3.22849774419064e-05,1.0323389699067138
2014-07-23,3.8554343811198455e-05,0.7142628860021155,7.755659051945601e-05,0.9715858106795128,3.905746898185089e-05,3.613880359012312e-05,1.0130497661460989
2014-07-24,3.79220014302475e-05,0.7231327460888833,7.811022959994943e-05,0.9750445297552516,3.935660343298973e-05,3.77150633570938e-05,1.0378303345982671
2014-07-25,3.58816002468109e-05,0.7233636453124689,7.848064727678737e-05,0.9713273832215368,3.838608919804429e-05,3.716496438538887e-05,1.0697986972154618
2014-07-28,3.90148494586092e-05,0.7160092447928647,7.697073702931849e-05,0.9797001319619556,3.9237056519643035e-05,3.762906176814138e-05,1.0056954483771512
2014-07-29,3.5953585678647994e-05,0.702164843758032,7.728193594028561e-05,0.9687915252300396,3.701256493701998e-05,4.082214926072828e-05,1.0294540652450386
2014-07-30,3.539196672747045e-05,0.6871893532330868,7.562937668826133e-05,0.9674773568829838,3.555281813759359e-05,4.0766814100343964e-05,1.0045448565026562
2014-07-31,4.5379445989039353e-05,0.6361593297342261,9.466815450335736e-05,0.9035449904920212,4.169629349815564e-05,3.2304234514084964e-05,0.9188365478993877
2014-08-01,4.584672797284814e-05,0.6522081954898298,9.533721271493425e-05,0.8849795169813958,4.311929485961691e-05,3.1448356507250514e-05,0.9405097542654189
2014-08-11,3.847004227028839e-05,0.6842950041982193,9.94983590622885e-05,0.8644695690210354,4.233627663644344e-05,5.0787367229292074e-05,1.1004998730958262
2014-08-12,3.841634430365733e-05,0.6837048659859399,9.656565593247089e-05,0.8552734447950818,4.1642619028129766e-05,5.0944295130701343e-05,1.083981825521209
2014-08-13,3.776559449586869e-05,0.6808931553470314,9.250081366191379e-05,0.8536876407646748,4.024388578318064e-05,4.9711100507936465e-05,1.0656229915189883
2014-08-14,3.862814115860239e-05,0.6717853307863311,9.062207141626751e-05,0.8623776806045028,3.9746547782818226e-05,5.273825382876793e-05,1.028953156705724
2014-08-15,3.923523389055349e-05,0.6879422756090583,8.881826179242787e-05,0.8299326974993829,4.061077302905165e-05,5.278762022880136e-05,1.0350587724884022
2014-08-18,5.8802594173761744e-05,0.6814719640406516,8.727346819893375e-05,0.9519770954362,4.881882856390931e-05,6.761322539456962e-05,0.8302155585117488
2014-08-19,5.790352204668287e-05,0.689521242780347,8.765407917106415e-05,0.9405790691321828,4.9123149870734106e-05,6.704364632308585e-05,0.848362036270093
2014-08-20,5.609710643686182e-05,0.6811769134217023,8.7408058307434e-05,0.979110610369984,4.769862797331208e-05,7.28215493611597e-05,0.8502867795328737
2014-08-21,5.441563613273725e-05,0.6786579330560059,8.468043752076199e-05,0.956963388323904,4.606852760107256e-05,7.235018823924148e-05,0.8466045952067268
2014-08-22,5.0059045313325706e-05,0.6848009624509936,8.141155036242532e-05,0.957248075757559,4.3716829326972635e-05,7.236293797458339e-05,0.8733052948441912
2014-08-25,6.652021183637015e-05,0.6948295666780343,8.768760794658919e-05,0.9839320975280924,5.306696054277847e-05,7.679345085439113e-05,0.7977569384973596
2014-08-26,6.338834696697776e-05,0.6972928574487623,9.177034724264911e-05,0.981582589817301,5.318279005217541e-05,7.663018360276634e-05,0.8389994785615889
2014-08-27,6.228211919321129e-05,0.6953254411229987,9.347582228526039e-05,0.974593512335056,5.3054161829302174e-05,7.703727756317672e-05,0.8518361692979298
2014-08-28,6.139493236265438e-05,0.7086779896977996,9.654537087783851e-05,1.0190237823431756,5.4560825782136443e-05,8.351689586654958e-05,0.8886861452969851
2014-08-29,6.15753093611576e-05,0.7087678937671931,9.983070179690608e-05,1.012743804127053,5.5569872415525566e-05,8.283797311711902e-05,0.902470048336934
2014-09-02,7.761239871585492e-05,0.7046681495377463,0.00011373753461713515,1.0169996949275997,6.62067242132824e-05,8.347106645879553e-05,0.8530431388375254
2014-09-03,7.595624179294328e-05,0.7071714743124816,0.00011990123349796924,1.0353565953463408,6.748671573448262e-05,8.586260576687042e-05,0.8884946666852135
2014-09-04,7.498131031863036e-05,0.7177156424226738,0.00012621158849495742,1.0437392890518007,6.981979041979952e-05,8.681872361841369e-05,0.9311625806898126
2014-09-05,7.387822741090312e-05,0.721559500461423,0.00013035132509702676,1.0421489465678315,7.080894239050399e-05,8.627860678607613e-05,0.958454809651454
2014-09-08,7.348698808482049e-05,0.7214911861746158,0.00013305487995619557,1.0314132515597618,7.134304765831685e-05,8.538121228597043e-05,0.9708255776651366
2014-09-09,8.133593066383054e-05,0.7244423293970904,0.00013693215491403536,1.0325137428508655,7.645356828861581e-05,8.43915299128598e-05,0.9399728713329166
2014-09-10,8.008754908927675e-05,0.7177981165546946,0.00013994059851321687,1.042728365045511,7.599004112623252e-05,8.50281640368379e-05,0.9488371412330701
2014-09-11,7.945435898388616e-05,0.7143831448879493,0.0001358565000888981,1.0414603744366722,7.422159355081121e-05,8.492403069144657e-05,0.9341412415883164
2014-09-12,7.986652544186676e-05,0.7175557533299813,0.00013792949236788657,1.0385584931988951,7.531242216115896e-05,8.373604157209826e-05,0.9429785726183539
2014-09-15,7.976789477234261e-05,0.7172101478184991,0.00014054774883419608,1.044320406790241,7.594032262685678e-05,8.415889383686309e-05,0.952016131848412
2014-09-16,8.12776222335961e-05,0.7149558186957116,0.0001451667089928493,1.034844742106674,7.766014831174561e-05,8.289729446849645e-05,0.9554923751158262
2014-09-17,8.038458733415224e-05,0.71358603124014,0.00014923729234238905,1.0275899204471228,7.815763576613245e-05,8.240614476359239e-05,0.9722962866157099
2014-09-18,8.052555846541116e-05,0.7020170937126246,0.00014486769464323537,1.041758459150483,7.582289012391795e-05,8.302193952774056e-05,0.941600301430841
2014-09-19,7.686942885417954e-05,0.6963150621252621,0.00014834917709661243,1.0737635642547112,7.435756980886733e-05,8.522906217139335e-05,0.9673230426873969
2014-09-22,7.562338268336147e-05,0.7056980985663652,0.0001538446112968849,1.0674318916845889,7.611813546252072e-05,8.306458169652063e-05,1.0065423254237489
2014-09-23,7.716105522203933e-05,0.7138887095982783,0.00015245903742884835,1.0815920042959777,7.742945088586319e-05,8.313671899073991e-05,1.0034783824955675
2014-09-24,7.845740621167833e-05,0.6932202919802714,0.00014704325409940766,1.100598595397566,7.445790161130239e-05,8.348679271069824e-05,0.9490232370213048
2014-09-25,8.684570042440597e-05,0.6911819240222098,0.00014727283050230483,1.1910509047385065,7.816779293082297e-05,8.251104149254415e-05,0.9000767170835751
2014-09-26,7.784867175631449e-05,0.7004633946770826,0.00014648138158128324,1.092107629976071,7.480011435693107e-05,7.607126372930507e-05,0.9608399561533155
2014-09-29,7.945972408695768e-05,0.6993142734922643,0.00014488839605401597,1.1174699381463844,7.503479861674091e-05,7.839954580432163e-05,0.9443123479088059
2014-09-30,7.034453028421699e-05,0.6735657318891194,0.00016101198460053678,1.1073239407253102,7.168433365348184e-05,7.752405260297713e-05,1.0190463048633855
2014-10-01,6.051441443903661e-05,0.6634134429205285,0.00017566506968988638,1.1334565330541018,6.840004560473461e-05,7.372836439973781e-05,1.1303099639779568
2014-10-02,5.727685640094654e-05,0.6536848207810447,0.00018185834220443855,1.131939983123956,6.67151706494273e-05,7.358448547113018e-05,1.1647840828136786
2014-10-03,5.732458945014978e-05,0.6270589405836335,0.00015800799270955366,1.221338253813581,5.967856460454234e-05,7.85989882104869e-05,1.0410639688303325
2014-10-06,5.950629355094935e-05,0.6266284866785938,0.00015856677849572956,1.2239478226879268,6.086921288114425e-05,7.871087961976233e-05,1.0229037846060427
2014-10-07,5.823383972398379e-05,0.61870207376358,0.0001895213523903979,1.2342509861045183,6.499775529442888e-05,7.994875653450536e-05,1.1161509459534977
2014-10-08,6.403572465426801e-05,0.6095441293641797,0.000187943430334614,1.2389166625835009,6.686977959884467e-05,7.317994564285871e-05,1.0442574041268036
2014-10-09,6.579132724406009e-05,0.6560677127150212,0.0002447149491773418,1.2332951581488718,8.324597404557519e-05,6.885658009417696e-05,1.2653031567027853
2014-10-10,6.388921163395802e-05,0.6550917104920558,0.0002495316653816159,1.3081284094677803,8.271393857602008e-05,7.026421023540638e-05,1.2946464115086442
2014-10-13,7.100010076144222e-05,0.6561313017016238,0.00023744442183245169,1.285841382572931,8.519247296492464e-05,6.23882232712044e-05,1.1998922825640528
2014-10-14,5.126108009219706e-05,0.6005539106941891,0.0002590392298611485,1.4326867337339448,6.92035934037464e-05,8.006834701466552e-05,1.3500221470027227
2014-10-15,4.732231652345586e-05,0.5968737431819934,0.00023648740093661828,1.4282824063495696,6.314216614231207e-05,9.373329201728234e-05,1.3342999832016869
2014-10-16,5.30327919984953e-05,0.5764317171166589,0.0002376571055023605,1.4014843552411609,6.471359352323845e-05,9.20600548953495e-05,1.2202562053507304
2014-10-17,4.626798859027275e-05,0.5841790958393733,0.00021747658233930991,1.4152173750767691,5.85993193817434e-05,9.022388105524903e-05,1.2665197076248773
2014-10-20,4.9165393824874467e-05,0.5780574678304864,0.0001949060763761292,1.449101754372668,5.6586582610434557e-05,9.048717318956697e-05,1.150943340594283
2014-10-21,6.127847379397686e-05,0.6139097000147251,0.00023364413324279397,1.4078838832516007,7.345745974166222e-05,7.776465064338584e-05,1.1987481931849686
2014-10-22,6.0122674099070425e-05,0.6186393577182797,0.00020626247128997544,1.4166021674067466,6.889168370928315e-05,7.585282308272324e-05,1.1458519558821203
2014-10-23,6.055871725038731e-05,0.6363855190497899,0.0002061991665832771,1.3930388593285217,7.111350349545233e-05,7.147485266617129e-05,1.1742901224513225
2014-10-24,5.99990058104541e-05,0.6316352389019189,0.00018824894409117117,1.3983959753664843,6.712814602144285e-05,7.194164100941361e-05,1.1188209723592883
2014-10-27,5.8561423507449295e-05,0.6348606347131379,0.00017438180394506477,1.3580495229690517,6.415563301752525e-05,7.34786551481338e-05,1.0955272118575523
2014-10-28,5.4522480778452264e-05,0.6196946066723104,0.00018179537787982883,1.3326713008607214,6.169599021652364e-05,6.882939799908925e-05,1.1315697550010675
2014-10-29,5.3729820257279105e-05,0.6072709379765271,0.00017489940364920754,1.4392786663101471,5.886868787034636e-05,8.576690384927134e-05,1.0956427471460053
2014-10-30,5.3551839514494966e-05,0.5983663532261131,0.00017020237107162186,1.399092755151355,5.712644050363554e-05,8.514860078954702e-05,1.0667502932027766
2014-10-31,5.56093263598845e-05,0.6023370676979012,0.00018554774103272988,1.286573005878292,6.118447574161863e-05,7.900117258681151e-05,1.1002556539824575
2014-11-03,5.4562010343014535e-05,0.5732540005217821,0.0001972269472168266,1.3012484027645668,5.9466914083284355e-05,8.87802998556335e-05,1.0898959497539442
2014-11-04,6.02491600622342e-05,0.5720301170763888,0.00021405462262444441,1.3154832652836363,6.496159785823909e-05,9.14350225904744e-05,1.0782158256005094
2014-11-05,6.0354415020847636e-05,0.5706014461825187,0.00021653585985462995,1.3235499768757948,6.52307399380865e-05,9.282666742656132e-05,1.0807948335768722
2014-11-06,5.86925643313682e-05,0.5690871879860839,0.00021502849999204478,1.3195512549441744,6.393201067930905e-05,9.228844745746517e-05,1.0892693377368865
2014-11-07,5.828791566618652e-05,0.5699750086358216,0.00020968579585816527,1.3035640743319667,6.301291674879307e-05,9.215002448154551e-05,1.0810631333888574
2014-11-10,5.7340540123530906e-05,0.5668669298273991,0.00020679672596481125,1.3065259820624624,6.172823235460008e-05,9.428075675526476e-05,1.0765198971201981
2014-11-11,6.57571982494724e-05,0.5725510229281975,0.00020486310487273453,1.3398985599939923,6.645347874119649e-05,0.00010213461368376492,1.0105886581280807
2014-11-12,6.673646336542344e-05,0.5822096461582921,0.00020423449904423969,1.3475603767734063,6.797129477520478e-05,0.00010286757395453139,1.0185030993179827
2014-11-13,7.11343776232816e-05,0.5821053290755606,0.00020677423687167078,1.367823776552144,7.059753811919364e-05,0.00010521117666622572,0.9924531636878726
2014-11-14,6.859476809423724e-05,0.5815342626310193,0.00020412361968659122,1.320462636668147,6.88125154793543e-05,0.0001080707725155003,1.0031744022345541
2014-11-17,6.853595565786147e-05,0.5912669949772121,0.00019531274508241035,1.336718139508788,6.840820036159437e-05,0.00011035683570659874,0.9981359376251369
2014-11-18,7.650833651469074e-05,0.5954723987568411,0.00021116862026416847,1.3613676445216856,7.56886408805068e-05,0.00011154134178273752,0.9892861919167913
2014-11-19,7.466095393809579e-05,0.6037701010104691,0.0002111325253049526,1.318597155845491,7.580466645203908e-05,0.00011314515940220656,1.015318750345617
2014-11-20,7.31046489834875e-05,0.6181719551613044,0.000209381145984284,1.3922126617376207,7.648047607710726e-05,0.00012423426782647625,1.0461780083833283
2014-11-21,7.04730363634149e-05,0.6439834353637318,0.00020930462238331603,1.3412241619913925,7.821239738011252e-05,0.00012152774269824546,1.1098201725946266
2014-11-24,6.987047932397521e-05,0.6412085591895356,0.00020406467485991142,1.3072831953401092,7.65649649407777e-05,0.0001223514093643367,1.0958127907747923
2014-11-25,8.166110492431963e-05,0.6421264669384732,0.00023524982411853132,1.366041763844723,8.900058279936429e-05,0.00013311112670985197,1.0898772785629904
2014-11-26,7.228929035700332e-05,0.6499225709863768,0.00023359100713924583,1.4182593451861942,8.445525159049464e-05,0.00014496270114476876,1.1682954857269905
2014-11-28,6.63644735069259e-05,0.6122456914861951,0.0003273669882243525,1.4013368506439696,9.024247663889034e-05,0.0001435186865986906,1.3598009879408217
2014-12-01,6.796408095783602e-05,0.6047102419594225,0.0003174505622141377,1.4433055777864408,8.882293075975457e-05,0.0001496987269864072,1.3069099075268757
2014-12-02,6.956629167082881e-05,0.5948479950859417,0.00031312084961565817,1.422303885776406,8.77933097921547e-05,0.00014639889754165163,1.2620093393445753
2014-12-03,9.973973303376368e-05,0.6235926574077348,0.00029309886442535795,1.4161897473428788,0.00010662085516369736,0.0001457936671500901,1.0689907815133644
2014-12-04,7.195368455764464e-05,0.6450547958988496,0.00027109026806586224,1.3744118284716262,9.009072688304324e-05,0.00014512395626551053,1.2520655118205708
2014-12-05,6.914099334132158e-05,0.6587482370059169,0.0002666217824820639,1.3795658055653093,8.944067889752164e-05,0.00014558798892288838,1.2935984077635185
2014-12-08,6.652863915801598e-05,0.6712496430075992,0.00029649975574090094,1.327481560627748,9.427587192242355e-05,0.00014143359684229713,1.417072002607832
2014-12-09,5.578278936298998e-05,0.6805159961775422,0.00029810342676360316,1.336957337794658,8.775501318708935e-05,0.00014285465097210406,1.5731557024882639
2014-12-10,7.622608908783083e-05,0.6957100802669579,0.00030089844297375985,1.338160435474551,0.00010536347489462645,0.00013452169844483904,1.3822495179205943
2014-12-11,6.0199482263474304e-05,0.7261901988551913,0.0002873785952975698,1.3472635101409942,9.551552563246272e-05,0.00013486452746061837,1.5866502840410013
2014-12-12,5.635062229218622e-05,0.7493310991577249,0.0002837467614726086,1.3433480461377965,9.475204069408596e-05,0.00012561212448309502,1.6814728363208267
2014-12-15,5.5088696774690915e-05,0.7361649636330806,0.00029926487236223446,1.325506733794875,9.452229649854757e-05,0.00012271542346550753,1.7158201597169278
2014-12-16,5.154869882225274e-05,0.7394992756164575,0.0003040489831996658,1.3734094759957425,9.258025748611037e-05,0.00012445689932120805,1.7959766124328431
2014-12-17,8.951914955443635e-05,0.7101626603436211,0.00036535063942540907,1.294074249175424,0.00012843126006074668,0.00010764815158252206,1.4346791798178107
2014-12-18,9.913276275332198e-05,0.6955562231387719,0.0003891832110520035,1.3108596643861363,0.00013662113657935115,9.248734030548007e-05,1.3781633113495861
2014-12-19,7.377698274922788e-05,0.7101121905227753,0.00041225930495715805,1.3387865359747193,0.0001238433372560792,9.444966655673551e-05,1.6786175395248906
2014-12-22,6.996587850894997e-05,0.7225116340009295,0.00037798225303621916,1.3521024145492937,0.00011749616589894968,9.531003018232121e-05,1.6793352474509369
2014-12-23,6.063494070426503e-05,0.7279768256235585,0.0003561623789661424,1.320645876111708,0.00010698011356402726,9.410997229928429e-05,1.7643311318766135
2014-12-24,5.292955813268682e-05,0.7336548595556264,0.00029414681775431496,1.3195653150463214,9.154255084146501e-05,9.464141597320254e-05,1.7295166268341209
2014-12-26,5.0003308753932844e-05,0.7235789300651669,0.0002754261617840975,1.3126428038678672,8.49156774200548e-05,9.448911728273704e-05,1.698201169805109
2014-12-29,4.966432774890378e-05,0.722870013677222,0.0002549938418559048,1.3113247679680753,8.134808548901332e-05,9.437891921287964e-05,1.6379580511045755
2014-12-30,4.653062419950052e-05,0.7185984508548893,0.00024949837664316475,1.2837500294917892,7.742649112671724e-05,9.744771038301693e-05,1.6639899519669106
2014-12-31,4.3755181092948726e-05,0.7110289966863395,0.0002464663004663081,1.3048443097000264,7.383815359189712e-05,9.64847766942991e-05,1.687529379321809
2015-01-02,6.483180836307134e-05,0.7071591090097339,0.0002369950792142882,1.243850179684464,8.76558432722829e-05,9.964177657858543e-05,1.3520499502557806
2015-01-05,8.284505496642122e-05,0.6788397267162263,0.0002797865901243034,1.1408558000500806,0.00010335083573588351,8.28165475312196e-05,1.24751967124379
2015-01-06,7.372029621424698e-05,0.6747622180337645,0.0002734248182758132,1.0900393076957,9.579950366324382e-05,8.026130835574832e-05,1.2994997115154006
2015-01-07,7.097584833724285e-05,0.6790241771776377,0.0002497929872417684,1.1349479194040375,9.0412953163092e-05,8.115600240300615e-05,1.2738551955517803
2015-01-08,6.58935484829367e-05,0.6624957278783211,0.00024578098277149626,1.1157282187058657,8.430991823752867e-05,7.648535654896082e-05,1.2794866899505486
2015-01-09,5.142752848602693e-05,0.6455296168554939,0.0002445282482979882,1.082792680324032,7.238999015217493e-05,7.276680870945818e-05,1.4076116874223032
2015-01-12,5.214866604959718e-05,0.647348479052191,0.00024500763891810207,1.1306600868603298,7.317277852180378e-05,7.743226453617418e-05,1.4031572437962487
2015-01-13,5.1084978694142575e-05,0.6478275092062812,0.0002391631826162136,1.1384574205334466,7.160661698068074e-05,7.837635309678434e-05,1.4017157060866345
2015-01-14,5.779000718727771e-05,0.6462468519765621,0.00023276858118871844,1.1690360744351598,7.495265039301144e-05,7.950023297010239e-05,1.2969828875451677
2015-01-15,5.577655409897309e-05,0.639749394567456,0.00022936345951010193,1.175121880905452,7.235988012762729e-05,7.732244872403211e-05,1.297317148693478
2015-01-16,7.006830803083834e-05,0.6323794049393021,0.00024338870868658607,1.1564937875113197,8.258263692428705e-05,7.343654129707553e-05,1.178601842190066
2015-01-20,6.698197984101967e-05,0.6301918737724592,0.00024459769208480477,0.9888799144360384,8.066366792045345e-05,6.803949305889226e-05,1.2042592367664704
2015-01-21,5.396910834789416e-05,0.6288815758481898,0.00024599514054703554,0.9716948423227506,7.246107237143554e-05,6.65227493630486e-05,1.342639791347654
2015-01-22,5.806897077464812e-05,0.6230722252371829,0.0002422107766339996,0.9972132745713408,7.389366161898358e-05,6.350619298961388e-05,1.2725154352355807
2015-01-23,5.910063936486745e-05,0.623294811759898,0.0002444675154503793,1.026719379900105,7.492041612364788e-05,6.798195408582147e-05,1.2676752219398921
2015-01-26,6.288399592442454e-05,0.602856815039611,0.0002513003761138775,1.0402188285008436,7.578457327143487e-05,7.068856149844519e-05,1.205148816600563
2015-01-27,6.964065036165525e-05,0.5878743041374562,0.00024419873548168044,1.079873250434802,7.666331456252576e-05,6.926187443426302e-05,1.1008414505665967
2015-01-28,7.988841611727443e-05,0.5784751556727549,0.00028497982018426706,0.9387293071833754,8.728380514504292e-05,5.657108681870125e-05,1.0925714814136787
2015-01-29,8.021798542057233e-05,0.5727339916083815,0.00027259533256872466,1.0105502090746248,8.469310250597536e-05,6.007108977675735e-05,1.0557869542838876
2015-01-30,7.830236811365751e-05,0.5649664369760405,0.00026489525722085813,1.0297525644630434,8.136679095038913e-05,5.727979942849624e-05,1.0391357619259172
2015-02-02,6.708254753246161e-05,0.5597683089932486,0.0002769350141341035,0.9006720535640915,7.629604319292321e-05,4.750555827930574e-05,1.1373456435297593
2015-02-03,8.067150173734702e-05,0.5584945453076575,0.0002824140693934141,0.7711208185930833,8.429895111806239e-05,3.759483420744995e-05,1.0449656855592664
2015-02-04,7.910110058857453e-05,0.5792497957181799,0.0001973176646148974,0.7482910714432678,7.236692777458848e-05,3.656826793380709e-05,0.9148662564252774
2015-02-05,8.520627788871464e-05,0.6095422369353795,0.00018259523147229323,0.7378083741931382,7.602988216973689e-05,3.494341149631282e-05,0.8923037603994066
2015-02-06,8.507292515013707e-05,0.6080424106508056,0.0001746393968333208,0.7615709161192269,7.411407052832491e-05,3.5939389775493093e-05,0.8711828163605292
2015-02-09,6.296753465448077e-05,0.5561900602114301,0.00018217390765117584,0.8108558326276384,5.956959606512426e-05,3.809146808468726e-05,0.9460366582874511
2015-02-10,6.653518645016198e-05,0.517714303227671,0.00018758982130770855,0.865180716712817,5.783896164145336e-05,3.865102182759495e-05,0.869298858653947
2015-02-11,6.58212274519105e-05,0.5004419220162852,0.0001858684899335187,0.8613795808097503,5.535279524959366e-05,4.121157657240088e-05,0.840956593980792
2015-02-12,6.625281595902424e-05,0.48688345024156804,0.00015687815439482283,0.8750993090999379,4.963733075168037e-05,4.169341621491617e-05,0.7492108830872918
2015-02-13,6.59493776327874e-05,0.4794481665262086,0.00016557545709073164,0.8499487370974005,5.010083847956849e-05,4.0204756787612615e-05,0.7596862969433141
2015-02-17,5.2818371217651516e-05,0.46957831006699174,0.0001593660506518413,0.8398452512202083,4.3082255892324805e-05,4.0136076802694294e-05,0.8156680128357883
2015-02-18,4.925751255554142e-05,0.462739011238981,0.00017164525322753128,0.8429284242518744,4.254889162873007e-05,4.039666216718969e-05,0.8638051217213437
2015-02-19,5.2538640297651296e-05,0.4555849793300044,0.00017177104907181495,0.8324977202485252,4.32796555281939e-05,3.997240731746483e-05,0.8237680930263566
2015-02-20,5.811623348480445e-05,0.45146405432547027,0.00016777435074314033,0.8372007865973532,4.4579448430615945e-05,3.987294950933242e-05,0.7670739440172435
2015-02-23,5.7842904366347e-05,0.4564525606269381,0.00016990380503753856,0.8515147825061482,4.5250381595983425e-05,4.075083188947548e-05,0.7822978823710328
2015-02-24,5.363774172174018e-05,0.45529484192527375,0.00013436564130243575,0.8387541192006729,3.8652010351426586e-05,4.029620508168198e-05,0.7206121866939142
2015-02-25,4.6420168910813084e-05,0.4602794064491869,0.00012723944440288382,0.8331786282843217,3.537413139284083e-05,4.1853872105784345e-05,0.762042280819896
2015-02-26,6.082008377129165e-05,0.4771398578536911,0.00011253773433845307,0.6955634456633885,3.947464995762488e-05,3.683350623996236e-05,0.6490397169800962
2015-02-27,6.477291200020017e-05,0.4846299393658929,0.0001230385165608912,0.6823120507602889,4.326408215303698e-05,3.607661580766566e-05,0.6679348020188328
2015-03-02,7.10002492943561e-05,0.48487780990444074,0.00012925468554166665,0.6936415566125379,4.6449965300758884e-05,3.807047795129934e-05,0.6542225662924714
2015-03-03,6.22129036386534e-05,0.46680873636930853,0.0001434921584967557,0.6833517343123925,4.410555540207999e-05,3.750723982210688e-05,0.7089454570108964
2015-03-04,6.357489191775788e-05,0.45329244828981125,0.00016050212756944264,0.6748262465638946,4.578905662339807e-05,3.706805102540399e-05,0.7202380569145438
2015-03-05,6.337223751236057e-05,0.4437514014160354,0.00017335875208314107,0.6796820413647204,4.6511692612865866e-05,3.996330865325935e-05,0.7339443017740047
2015-03-06,6.737776824421294e-05,0.4358270948695626,0.00018665909992299722,0.6850944431540125,4.887616484253057e-05,3.745175871118733e-05,0.7254049238522905
2015-03-09,6.459093954914395e-05,0.43531052706205814,0.0001935864483265726,0.6800106992899895,4.8676847819694935e-05,3.710114853081927e-05,0.7536172744887727
2015-03-10,6.248974140729342e-05,0.4280145309848612,0.00018818675540015808,0.6833060659992912,4.641489843181813e-05,3.2944645548638066e-05,0.7427602897137429
2015-03-11,5.4252554100076106e-05,0.42541070904163536,0.0001425239340553429,0.6900208226489967,3.740782118728874e-05,3.459809724474024e-05,0.6895126286273084
2015-03-12,5.508043688697334e-05,0.42474358396544115,0.00015216947378725724,0.8060210141199367,3.8885643013544955e-05,3.780574424137721e-05,0.705979204437674
2015-03-13,5.707193087433516e-05,0.42939543359362614,0.00015782031218214803,0.775142311892882,4.075211504624985e-05,3.5639063531876505e-05,0.7140482969812361
2015-03-16,5.2149496476829495e-05,0.4308958989690589,0.00015289843145488527,0.7544822325931776,3.847679908264067e-05,3.195401106047828e-05,0.7378172692374176
2015-03-17,4.691748238540657e-05,0.4257469563807411,0.0001477983563660938,0.7575953463421282,3.545305822556239e-05,3.190312685825565e-05,0.7556470727549072
2015-03-18,5.051902620859181e-05,0.4271102477175036,0.00016903308563122967,0.5922740545646382,3.94687467665613e-05,2.3234964929099264e-05,0.7812649951643134
2015-03-19,5.142834644805491e-05,0.43435574441346053,0.0001704016738131942,0.5542898058751037,4.066153580703405e-05,2.153474485386405e-05,0.7906444327955235
2015-03-20,5.066833282542825e-05,0.4392876248892633,0.00018118268833803037,0.5635091116308303,4.208968019984938e-05,2.3226027831187012e-05,0.8306900553618843
2015-03-23,5.007282454924587e-05,0.4435183196520249,0.00017648396463871844,0.5232017616739633,4.169320047928518e-05,2.253813426336806e-05,0.8326512605311599
2015-03-24,4.2218867344400384e-05,0.4225572030367042,0.00015785107156579613,0.4801089677786956,3.449550961552379e-05,2.0316416246126803e-05,0.8170638339045596
2015-03-25,4.692159710753298e-05,0.4115264846679449,0.00015172106312270463,0.6725840628977751,3.4722191026082584e-05,2.5598955498718824e-05,0.740004457787481
2015-03-26,4.732340893496746e-05,0.4114912364812621,0.00014024357965507117,0.6666947089304471,3.3522785285820917e-05,2.5268004741400577e-05,0.7083763837023751
2015-03-27,4.354358066573599e-05,0.41755005607355844,0.00013898589103399862,0.675462034463174,3.2482988148289124e-05,2.5599115433860838e-05,0.7459879883936524
2015-03-30,4.5502666776921666e-05,0.4159147221878893,0.00014453925775116823,0.5352414041512652,3.372994465274937e-05,1.8695248683432157e-05,0.7412740184682262
2015-03-31,3.983451498744685e-05,0.3938571042157207,0.00013938453574160683,0.4731668825044129,2.9347813244889124e-05,1.64704700675477e-05,0.7367433306050688
2015-04-01,4.176214734580363e-05,0.3859433724117907,0.00013813890835059474,0.4700449289903824,2.931385990213834e-05,1.6242757243020568e-05,0.7019241529754305
2015-04-02,4.894523588776545e-05,0.38734884048879864,9.72395503103706e-05,0.49373119373574,2.6722614345961323e-05,1.7416972558271118e-05,0.5459696712308831
2015-04-06,4.8199312485919956e-05,0.3861121707265803,0.00010544459912406425,0.4348166721120834,2.7526188722679513e-05,1.491004781816266e-05,0.571090899496139
2015-04-07,4.533264144371158e-05,0.39574164058286554,0.00011394270645510239,0.5392360045798231,2.8442025925583535e-05,2.0064988636089894e-05,0.6274072063702552
2015-04-08,4.177649686660928e-05,0.40889694114700864,9.838211694436669e-05,0.558871085369175,2.6214281167619806e-05,2.07861249334959e-05,0.627488734905681
2015-04-09,4.664355209638432e-05,0.4254612669695785,8.025749187558001e-05,0.5859428681578652,2.6031466132053876e-05,2.2398597735082542e-05,0.5580935619624854
2015-04-10,4.853778747139849e-05,0.4270618121034333,8.099983470534884e-05,0.59679326896295,2.6777670465802883e-05,2.2664339611288234e-05,0.5516870846571233
2015-04-13,4.467938122611643e-05,0.4413910687352162,8.387248314313161e-05,0.6165868950107315,2.7020094691885245e-05,2.353889427042915e-05,0.6047553468822705
2015-04-14,4.646938254229903e-05,0.44950367189230095,9.884273111318503e-05,0.5909589801993701,3.0464149859219667e-05,2.2547475655000592e-05,0.6555746642746866
2015-04-15,4.691423215315267e-05,0.44462600090423443,0.00010336411678642785,0.5626711218819384,3.0962217791254086e-05,2.255333196829112e-05,0.6599749451334332
2015-04-16,4.176974619173272e-05,0.4486290693613956,0.00010176876014118886,0.5641824011231688,2.924997980810967e-05,2.375612927944301e-05,0.7002671185466522
2015-04-17,4.332386275975345e-05,0.4511217446495602,0.0001009608501241892,0.5795612964327371,2.98355361276043e-05,2.2882480851479127e-05,0.6886628806173906
2015-04-20,4.305137811564542e-05,0.4603432360883294,0.00010043554978533328,0.538901776005692,3.027046037568608e-05,2.0336632578417148e-05,0.7031240740859213
2015-04-21,4.4326391543702614e-05,0.46097106997390574,9.516645284484764e-05,0.5459648566827703,2.99396556233699e-05,2.1269497879220286e-05,0.6754363389551249
2015-04-22,3.760113128202133e-05,0.4636856802681341,9.265073193603232e-05,0.562827295822248,2.736834696759359e-05,2.1739042303450883e-05,0.7278596689637244
2015-04-23,3.981692672329287e-05,0.4673647791017779,8.51649633434535e-05,0.554506015672608,2.7215751474292406e-05,2.1330907023119963e-05,0.6835221528629736
2015-04-24,4.472325784062566e-05,0.46977182604774403,7.773123297671297e-05,0.6072538095384947,2.7698194540466166e-05,2.9223512532754347e-05,0.6193241699692483
2015-04-27,4.8016264703360416e-05,0.4734895872441342,7.828801749644873e-05,0.6117701827573687,2.9030349642205242e-05,2.9363769529595224e-05,0.6045940853906854
2015-04-28,4.837591330570472e-05,0.47460887844877564,8.056322636979252e-05,0.5651260307563721,2.9629128131252336e-05,2.787244857749111e-05,0.612476873439376
2015-04-29,4.7158652268819175e-05,0.4944641414115393,8.12804571531363e-05,0.5837139824718653,3.061318833468503e-05,2.8607360808910705e-05,0.6491531640934142
2015-04-30,4.7296624411946914e-05,0.5069919947891091,8.196191936081232e-05,0.6069696124100923,3.1566195000935046e-05,2.8513119767435508e-05,0.6674090464891944
2015-05-01,5.0018555724514286e-05,0.552471971376905,8.359111150248398e-05,0.7426911180573061,3.57236539306682e-05,3.3553501202269265e-05,0.714208025665961
2015-05-04,4.992916004912971e-05,0.5603913610027053,8.342489510257274e-05,0.772036670860406,3.6167325622327104e-05,3.940939235618176e-05,0.7243728031222412
2015-05-05,5.102770643270727e-05,0.5523652215008918,8.187645130291853e-05,0.8207404474925861,3.570334085508575e-05,3.976907058222921e-05,0.6996853935061629
2015-05-06,5.61480236098465e-05,0.6005992472753174,7.767962856979228e-05,0.8265629450781976,3.966482939412937e-05,4.282581037460971e-05,0.7064332249652591
2015-05-07,5.2055366505413186e-05,0.6329002999081994,7.645787225360903e-05,0.8140349699789778,3.9928147360114496e-05,4.4107931126530144e-05,0.7670322973513674
2015-05-08,4.9463315458690945e-05,0.6430344944805533,7.646507292176226e-05,0.8192512766348793,3.954644378364372e-05,4.1553307910694534e-05,0.7995105749971562
2015-05-11,4.237087867236375e-05,0.6671190458389535,7.573892433485102e-05,0.8094864088094427,3.779171852288054e-05,4.0642889181872475e-05,0.8919267125685088
2015-05-12,4.7490306282055044e-05,0.6814947187776389,7.477575363370892e-05,0.8161483202635819,4.061115856147054e-05,4.194859774583752e-05,0.8551462759636087
2015-05-13,4.663897325113825e-05,0.713248175924076,7.083673473841935e-05,0.8132077382696056,4.099627777523444e-05,4.180395368079513e-05,0.8790132997671406
2015-05-14,4.9144732522979803e-05,0.7106344055941356,6.925982286131363e-05,0.8040857318188437,4.145962849849996e-05,3.9427130676913274e-05,0.84362303689645
2015-05-15,5.102390807027307e-05,0.6890132140200846,6.642527630351266e-05,0.774488464145761,4.011262610907708e-05,3.822823237122018e-05,0.7861535430377393
2015-05-18,5.1224895533544154e-05,0.7063490360716104,6.747363660538016e-05,0.7927807577697235,4.152665563400472e-05,3.899352350862209e-05,0.8106733103401131
2015-05-19,5.107054978153525e-05,0.7166483342166372,6.77563882935508e-05,0.7898373394735032,4.2156688268623803e-05,3.937314662438824e-05,0.8254598481699861
2015-05-20,4.960583034370502e-05,,,0.8541566503025668,,4.452634214291454e-05,
2015-05-21,4.7917991249736124e-05,,,0.868534998814092,,4.556943679098164e-05,
2015-05-22,4.8649795894238564e-05,,,1.0132645652548913,,5.683152357272667e-05,
2015-05-26,5.2044924254716454e-05,,,1.0175150522350709,,5.560883125347615e-05,
2015-05-27,5.41376103742017e-05,,,1.0552922624337429,,5.549216996639856e-05,
2015-05-28,5.2639353679274204e-05,,,,,,
2015-05-29,4.7121939363217764e-05,,,,,,
2015-06-01,4.566975475334599e-05,,,,,,
2015-06-02,4.848176142599366e-05,,,,,,
2015-06-03,4.583723039523311e-05,,,,,,
2015-06-04,5.208668778062701e-05,,,,,,
2015-06-05,5.356843740955158e-05,,,,,,
2015-06-08,5.4875341169450945e-05,,,,,,
2015-06-10,5.7400521339002106e-05,,,,,,
2015-06-11,5.7399555912391706e-05,,,,,,
2015-06-12,5.544172754801711e-05,,,,,,
2015-06-15,5.424960916028536e-05,,,,,,
2015-06-16,5.423174022350414e-05,,,,,,
2015-06-17,5.412494915971205e-05,,,,,,
2015-06-18,5.572982074389677e-05,,,,,,
2015-06-19,6.241618085312648e-05,,,,,,
2015-06-22,6.257165974145031e-05,,,,,,
2015-06-23,5.295413252336654e-05,,,,,,
2015-06-24,5.124155217210486e-05,,,,,,
2015-06-25,5.1531038942745836e-05,,,,,,
2015-06-26,9.885673436567757e-05,,,,,,
2015-06-29,0.00010219846828200267,,,,,,
2015-06-30,8.697755639475864e-05,,,,,,
2015-07-01,9.667073925185136e-05,,,,,,
2015-07-02,9.521395937942913e-05,,,,,,
2015-07-06,0.000172264093177785,,,,,,
2015-07-07,0.00016730584927433944,,,,,,
2015-07-08,0.00018325021701855255,,,,,,
2015-07-09,0.00017483634785152047,,,,,,
2015-07-10,0.0001852458943863911,,,,,,
2015-07-13,0.00021177015433928543,,,,,,
2015-07-14,0.0001959846645507268,,,,,,
2015-07-15,0.00017788056160659394,,,,,,
2015-07-16,0.00018174519139179188,,,,,,
2015-07-17,0.00017984339911716185,,,,,,
2015-07-20,0.0001933298802508964,,,,,,
2015-07-21,0.00019419877324157122,,,,,,
2015-07-22,0.00018582236281108658,,,,,,
2015-07-23,0.00018795658724473803,,,,,,
2015-07-24,0.00019329917782205091,,,,,,
