Date,Predicted_Index_Var,Predicted_Corr,Predicted_Var,Future_Beta_45d_HON,Predicted_Covariance,Future_Cov_45_HON,Beta_Predicted
2013-02-28,5.497886498863307e-05,0.7538544155122903,0.00012379802895273363,1.1607314860096605,6.219310404668833e-05,6.357178265929157e-05,1.1312184065558066
2013-03-01,5.488021190183326e-05,0.75566155975903,0.00012453445558280852,1.16833440052809,6.2471219433833e-05,6.392732151690449e-05,1.1383195740129086
2013-03-04,5.501029900576039e-05,0.7517690905944251,0.0001281680831132447,1.1941462439913566,6.312427639745823e-05,6.528667672218119e-05,1.1474992417483167
2013-03-05,5.845535101370509e-05,0.7507999958460805,0.00013333514011548394,1.1873350444153463,6.628400001220813e-05,6.363495337438392e-05,1.1339252756632594
2013-03-06,5.9250468430820016e-05,0.7436945963587078,0.00013039429071981079,1.1756519817854547,6.536869398826894e-05,6.344315936530745e-05,1.1032603744659415
2013-03-07,5.369174155549812e-05,0.7414843418716017,0.0001321363170672338,1.1690610509755166,6.245494479514221e-05,6.319000836582203e-05,1.1632132425912478
2013-03-08,4.524810700565277e-05,0.7191320397625789,0.00013261465888948632,1.1480745616737025,5.5706338285572485e-05,6.180635530381111e-05,1.2311308024137493
2013-03-11,4.8373919939468494e-05,0.7197165406130182,0.00013290604064942848,1.1680440168524722,5.7708459969604035e-05,6.489226272524885e-05,1.1929663761344147
2013-03-12,5.1431479865635213e-05,0.7250254068715773,0.00012549134519334408,1.170999366142065,5.824714235063088e-05,6.513345962197605e-05,1.1325192761865222
2013-03-13,5.5261000285198275e-05,0.7235223291732561,0.000126489696173521,1.193196003408877,6.0490738189886624e-05,6.736056482842548e-05,1.0946370474240066
2013-03-14,6.195858588029715e-05,0.7390995810762669,0.00012396867461412098,1.2508877867688866,6.477533737847293e-05,7.21272046474665e-05,1.0454618429093538
2013-03-15,6.386120353979619e-05,0.7527737025710064,0.0001242221239909367,1.259207438243211,6.704748069419751e-05,7.1179775182823e-05,1.0498937849239836
2013-03-18,6.402550064969363e-05,0.7567833123996756,0.00012694823670078673,1.297476602048449,6.822780115100877e-05,7.184031418117873e-05,1.0656347933038028
2013-03-19,6.71640875084588e-05,0.7620110408365066,0.00012784485719640094,1.2948071670571304,7.061085244280482e-05,7.365480980435901e-05,1.0513185701199608
2013-03-20,6.839791392936718e-05,0.7669063493957331,0.0001306443239376664,1.2942569646565931,7.249516363820439e-05,7.329216878417029e-05,1.059903138465134
2013-03-21,6.814178529168062e-05,0.7850159069916272,0.00013270786975394365,1.3345935966007143,7.465064248755202e-05,7.268921061466345e-05,1.0955193229530202
2013-03-22,6.79733209422515e-05,0.7973026841576403,0.00013561667451992665,1.3376764295011594,7.655067346846945e-05,7.218069326327164e-05,1.1261870452600815
2013-03-25,7.243408887933498e-05,0.8263628366650178,0.00014212543506849504,1.3514518677847074,8.384519559419604e-05,7.389742832577683e-05,1.1575377959660729
2013-03-26,7.339742545776695e-05,0.8455974408683623,0.00014718289087671288,1.3601955782568085,8.788863867123677e-05,7.319660428880755e-05,1.1974348980647571
2013-03-27,7.311742529462491e-05,0.8562148670456218,0.0001512963096550133,1.311602586261425,9.005490596501068e-05,7.784789909565717e-05,1.2316476626759845
2013-03-28,6.422356192814954e-05,0.8522966824745705,0.00014914491176783756,1.3093200500325175,8.341462716454431e-05,7.818824226126075e-05,1.298816581644364
2013-04-01,6.678777769649997e-05,0.8479962538333573,0.0001561285188421339,1.3106609322859366,8.659315233951903e-05,7.854512184043168e-05,1.296541902217791
2013-04-02,6.451960799026473e-05,0.8466345709180467,0.00015425511127007256,1.2945243132509154,8.446205424034233e-05,8.363622200692117e-05,1.3090912494863063
2013-04-03,6.836168011312682e-05,0.8536118667516802,0.00015666868594096548,1.3023587177568223,8.834010440931309e-05,8.251703597548067e-05,1.2922459521639231
2013-04-04,6.901245142532413e-05,0.8547282156161549,0.00015695751130123255,1.3086956057929011,8.895755135263153e-05,8.659826647661306e-05,1.2890072663030854
2013-04-05,6.697476452894188e-05,0.8528920974615998,0.00016052231386995592,1.3018400135877073,8.843361810757391e-05,8.519720444122192e-05,1.320402075760326
2013-04-08,7.273438811092278e-05,0.8552264515665223,0.00016009973721151064,1.277211296683492,9.228823264925957e-05,8.653191632232757e-05,1.2688390601226536
2013-04-09,7.022991067372413e-05,0.8563561535494951,0.00015634635970706277,1.2823921207094977,8.973448356188637e-05,8.911066581037086e-05,1.277724586305927
2013-04-10,6.636144982931065e-05,0.8571790011446103,0.00015752633085793367,1.265869503118781,8.764073979356035e-05,9.013045475567358e-05,1.3206574000264084
2013-04-11,6.716170407401359e-05,0.8584817239024274,0.00014692471434256353,1.2528691704257098,8.527845721773957e-05,9.039682930048987e-05,1.2697482649302787
2013-04-12,6.98842565011876e-05,0.8547308350219366,0.0001500825087810893,1.269837146188659,8.75354737727594e-05,9.277948244356107e-05,1.2525778788427382
2013-04-15,9.593981606210937e-05,0.8773726964116575,0.00017888180563889418,1.2898550411870622,0.00011493879530776256,7.7850858059472e-05,1.1980301821024304
2013-04-16,8.836558039441448e-05,0.8835443662950682,0.00018100921253727005,1.306081317828722,0.0001117429850480244,8.01211008020042e-05,1.2645532858978155
2013-04-17,8.959564094882932e-05,0.8881646708335111,0.00019254458542471294,1.2564484537742748,0.00011665479354651714,8.929345366687906e-05,1.302014163983068
2013-04-18,9.719405369416862e-05,0.8906313941882538,0.00018613218916702423,1.2506953323426455,0.00011979221359803811,8.773210799822011e-05,1.2325055807938312
2013-04-19,7.72897485213767e-05,0.8633060261955997,0.0002217681041237853,1.2079046534041462,0.00011302519407886478,8.765524964284919e-05,1.4623568615649514
2013-04-22,7.797978274745508e-05,0.8413915117516506,0.0002090515900595262,1.2108545396331265,0.00010742760024706978,8.978548218954984e-05,1.3776340028412781
2013-04-23,8.499754389235151e-05,0.8263589745884784,0.00019853821368269215,1.2850043219856673,0.00010734800835498489,9.503675364689157e-05,1.262954238900597
2013-04-24,7.773768893068322e-05,0.8144710362941432,0.0001874857097369024,1.2802709001890828,9.832762357080581e-05,9.555387267345688e-05,1.2648642495467306
2013-04-25,6.90805921567358e-05,0.8012432318394999,0.00017826041069668317,1.3005780088999137,8.891393915891656e-05,9.725525299221099e-05,1.287104472949236
2013-04-26,7.034557142953508e-05,0.8208263750126381,0.00017344798594991383,1.3016983212675928,9.066805813250683e-05,9.809911527718656e-05,1.2888950404408714
2013-04-29,6.776168711759701e-05,0.831216889267236,0.00016899031716216756,1.3351384585544903,8.894824316996239e-05,9.945422279642393e-05,1.3126627590543485
2013-04-30,5.8041023931509805e-05,0.8203082528088108,0.0001596921425663443,1.3405559837957972,7.897440952584316e-05,9.97194362109408e-05,1.3606653393819412
2013-05-01,6.311211636341748e-05,0.8227706487867965,0.00016485327253174645,1.343682583779515,8.392356977596475e-05,0.00010057694335836425,1.3297536925034967
2013-05-02,6.214021471172626e-05,0.8076817355187066,0.0001635943519762066,1.3257781873458083,8.143494168909261e-05,9.775947060675879e-05,1.3105030625799448
2013-05-03,7.476459886581012e-05,0.8137878708111649,0.00017173385379273462,1.3144812370129126,9.221194323433276e-05,9.553563914737295e-05,1.233363712682224
2013-05-06,7.535412832838797e-05,0.8172210683590497,0.0001740639944094711,1.3102239103962163,9.359390171077149e-05,9.509999177605014e-05,1.242054069060369
2013-05-07,7.392273390092128e-05,0.8226399722300778,0.00017306932496054142,1.298449367266768,9.304839108506302e-05,9.860416012025422e-05,1.2587249709916828
2013-05-08,6.958015556766957e-05,0.8210475357496556,0.00016845375395948796,1.2975510518594224,8.888968075901689e-05,9.808028450858045e-05,1.2775148321214662
2013-05-09,7.111722928104653e-05,0.8224442533247762,0.00016659671123452175,1.2987419608520214,8.952144762253179e-05,9.812328840798762e-05,1.2587870552261542
2013-05-10,7.562958883543677e-05,0.8324068322121707,0.00016341463214631914,1.3012044791623554,9.253946324670008e-05,9.867593016035657e-05,1.223588078047835
2013-05-13,7.357910230951406e-05,0.8435187777303255,0.0001518816197036505,1.3019083013206327,8.917119924035518e-05,9.88417675366852e-05,1.211909311766977
2013-05-14,7.590263764609063e-05,0.847151492182666,0.00016156007721436909,1.2920656099326184,9.381159937156466e-05,9.601908075722872e-05,1.2359465004230512
2013-05-15,7.650099964197039e-05,0.8500572096526793,0.0001636942673546595,1.291135705544805,9.512582699992489e-05,9.529814333924498e-05,1.2434586142026889
2013-05-16,7.639729836462006e-05,0.8500758940362342,0.00017258006669834406,1.2723744247762068,9.760948414458817e-05,9.320744693104272e-05,1.2776562291342959
2013-05-17,7.425705624970095e-05,0.8434608133071197,0.00018724625477226417,1.231125908101803,9.945814263092482e-05,8.799457203039358e-05,1.3393763186151804
2013-05-20,7.217439206379002e-05,0.8413187408366524,0.0001824962465870014,1.2295571651746364,9.655596280249841e-05,8.830984273476934e-05,1.3378147018842803
2013-05-21,7.13709588975209e-05,0.8384023799446745,0.0001805079818573859,1.2284840023833186,9.516154263830306e-05,8.832770311609522e-05,1.3333370338339188
2013-05-22,7.35750525384875e-05,0.8398009024349734,0.00018063016311784544,1.232464609168754,9.681368802932681e-05,8.693696489931803e-05,1.3158493903715944
2013-05-23,7.454058968752127e-05,0.8400524024537316,0.00017689798647903558,1.2289503477209476,9.646377089626676e-05,8.672385137725166e-05,1.2941106489853222
2013-05-24,7.630250921850573e-05,0.8341456772140226,0.0001738661536465443,1.2291100068969176,9.607686792931836e-05,8.669431737716926e-05,1.259157384381492
2013-05-28,7.438631671877e-05,0.8329014554707042,0.00017117812290246711,1.2322125741632888,9.398624057903474e-05,8.603674972146482e-05,1.2634882963000513
2013-05-29,7.273626036607267e-05,0.8319658488557148,0.00017442098514629278,1.2358764204105102,9.370879455990906e-05,8.828384488944088e-05,1.2883367125046599
2013-05-30,7.309916508279677e-05,0.8302111820075623,0.0001728079899583687,1.232691629500249,9.330967916840696e-05,8.783432565454978e-05,1.276480778716398
2013-05-31,7.696255068093324e-05,0.8398125066965811,0.000175812075354295,1.2589855782958508,9.768916883704582e-05,8.315286133424107e-05,1.2693078383282768
2013-06-03,7.835861755638394e-05,0.8386529385866622,0.00017187396595878088,1.2578391872619037,9.732641015616313e-05,8.367307562840989e-05,1.2420639004526932
2013-06-04,7.696792659140356e-05,0.8372067793163932,0.00016862130216152346,1.244759143002827,9.53770420649176e-05,8.237893977434549e-05,1.2391790488425358
2013-06-05,8.390672708275947e-05,0.8400582977907168,0.0001711447392663031,1.2573809226756112,0.00010066757190142833,7.69639493994645e-05,1.1997556739656545
2013-06-06,8.864935953499249e-05,0.8379116368505374,0.00016639305265831722,1.2540279199197903,0.00010176621399295468,7.537472120412122e-05,1.1479633302120427
2013-06-07,8.584609796353898e-05,0.8377754285614313,0.00017092091946812465,1.243684434753561,0.00010148118004117853,7.084406439932516e-05,1.1821292108615136
2013-06-10,7.344670994631798e-05,0.836149705262307,0.00016312095986718245,1.2413269912250615,9.152191492144745e-05,7.085384881931766e-05,1.2460995868751725
2013-06-11,7.540176794643908e-05,0.8380396683922583,0.00016036579243056758,1.263201943282397,9.215336709991047e-05,6.955782783719189e-05,1.2221645408284156
2013-06-12,7.564969572692771e-05,0.8361557271371918,0.00016113294812816485,1.2540473555673122,9.231726681733489e-05,7.297268592594416e-05,1.2203256857842761
2013-06-13,7.668406692361186e-05,0.8373994684217031,0.00015951917044205557,1.2919569752631952,9.261720929708518e-05,6.926759434543783e-05,1.2077764392614305
2013-06-14,7.978958283363962e-05,0.8387878512829047,0.0001581843695664328,1.3039314542780052,9.42338669144264e-05,6.994462895368974e-05,1.1810296979607344
2013-06-17,6.406673037804978e-05,0.833478536975542,0.00016049671832646958,1.267839954744128,8.451694285782395e-05,6.701317560442041e-05,1.3192017504108609
2013-06-18,5.269216623890948e-05,0.8183321147662597,0.00013588793408399264,1.2714863584324163,6.924574143229927e-05,6.652926008689508e-05,1.3141562849842778
2013-06-19,5.313666894497608e-05,0.8124897018869914,0.00013926158036982035,1.2535558289786355,6.989251810334277e-05,6.231889401692662e-05,1.315334955898678
2013-06-20,6.610900161714408e-05,0.8200352888913649,0.00014810307807635272,1.362185771039662,8.114184594896225e-05,4.740339397973648e-05,1.2273948171064148
2013-06-21,6.524441916700448e-05,0.8201793548403968,0.0001473364784596981,1.3796103422477457,8.041473971250932e-05,4.841115266393298e-05,1.2325152210593486
2013-06-24,5.5679700730278476e-05,0.8218130843494938,0.00012401164684836026,1.3537805978472794,6.828931165631146e-05,5.0814762028086294e-05,1.2264669306883669
2013-06-25,5.683904438603972e-05,0.8191513366623779,0.00012438159340853264,1.3482539334603956,6.887563028819901e-05,4.846633696903447e-05,1.211766155328178
2013-06-26,5.616484134519195e-05,0.8097154930039874,0.00013822479197108376,1.266239309962701,7.13440385721317e-05,4.31200178341797e-05,1.2702615526615242
2013-06-27,5.600093181678947e-05,0.8119580518349282,0.00013731429877147163,1.2741724676150536,7.12014931625953e-05,4.292596073537533e-05,1.2714340789102476
2013-06-28,5.651835513949762e-05,0.8054506987946014,0.00014076427627611292,1.2920767180370896,7.184225333723298e-05,4.340537094364284e-05,1.2711313547592313
2013-07-01,4.0959150997653995e-05,0.7948681182282685,0.00013385324734681907,1.220875661475764,5.885522264102254e-05,4.1874038666978025e-05,1.4369248680079714
2013-07-02,4.708768430286185e-05,0.7870179367344537,0.00015267797451556697,1.192166583485114,6.673082464496784e-05,4.08354715346666e-05,1.4171608910679037
2013-07-03,4.5307854285029834e-05,0.7812054262693672,0.0001482583667417324,1.1929230052083073,6.402677166627572e-05,4.0860894510492274e-05,1.4131495008235426
2013-07-05,5.048108536897671e-05,0.776154308096947,0.00014734657114390742,1.1349354989972402,6.693949495027225e-05,3.8297463137907056e-05,1.3260312146816498
2013-07-08,5.858594159480322e-05,0.7750588426804723,0.00013651958271574367,1.1847987388295411,6.931526034089859e-05,4.051306889786109e-05,1.1831381122164484
2013-07-09,6.185296409698371e-05,0.7930547870178756,0.00012345910689153395,1.1750585255214678,6.930187976480578e-05,3.91901364980564e-05,1.1204294050668675
2013-07-10,6.043816195282401e-05,0.8043042432061,0.00011755000449169542,1.1746102729708252,6.779338339108383e-05,3.944678476647722e-05,1.1216982979065622
2013-07-11,6.428746384905295e-05,0.8113838176079131,0.00011756129494873595,1.168984989350743,7.053776079468854e-05,3.4762393060546286e-05,1.097224195378298
2013-07-12,6.999194674271863e-05,0.8151580684067236,0.00011491302570659702,1.1915660985102878,7.310557511996647e-05,3.6241469615897345e-05,1.0444855232944603
2013-07-15,7.060701256657018e-05,0.8176608215025258,0.00011273829188751401,1.2017900951749525,7.295126589009083e-05,3.667802323199309e-05,1.0332014234607423
2013-07-16,3.5042919617133015e-05,0.8191728437094874,0.000106683239529467,1.202426806444483,5.008685759924658e-05,3.947479682113664e-05,1.4293003592873683
2013-07-17,3.792838595062833e-05,0.819656631837498,0.0001017078916466116,1.1950825602183242,5.090863631212902e-05,3.9290660690179546e-05,1.342230496662768
2013-07-18,3.7451029819475974e-05,0.8197556304663011,9.627451551326591e-05,1.2076165242526404,4.922344000792398e-05,4.3170336948613645e-05,1.3143414278644456
2013-07-19,4.0860668714576163e-05,0.8126950136372578,9.55020811840779e-05,1.2344612098596106,5.076761344720166e-05,4.470665513123432e-05,1.2424567449404322
2013-07-22,3.950888193740232e-05,0.8097881232962143,9.198871955410608e-05,1.2388039732015184,4.881868306027727e-05,4.4925925542066823e-05,1.2356381822605194
2013-07-23,3.3171208880188284e-05,0.8024597480337455,7.987327348069348e-05,1.248417750732676,4.130519230728028e-05,4.538383095589405e-05,1.2452121493814496
2013-07-24,3.471216593235655e-05,0.7967485921685212,8.272975249652661e-05,1.2458416567759305,4.269657355776576e-05,4.529548193353871e-05,1.2300175575608965
2013-07-25,3.488954269695917e-05,0.794058179073154,8.55869361074387e-05,1.2532755247744034,4.339140391432289e-05,4.6034015110736643e-05,1.2436793537596214
2013-07-26,3.343176772700175e-05,0.7884861882399933,8.694380636978774e-05,1.2541129151632953,4.25101938559069e-05,4.681721787381721e-05,1.2715508854643305
2013-07-29,3.360094972876798e-05,0.7862613082466603,8.83861833908026e-05,1.221719481139667,4.2848425849250706e-05,4.70850517199014e-05,1.2752147244387368
2013-07-30,3.816574763863081e-05,0.7869510984048029,8.736368149203526e-05,1.2239382484037564,4.5441231899219595e-05,4.719999923875269e-05,1.1906286319732577
2013-07-31,3.750748633018741e-05,0.7859764399549858,8.6091797022334e-05,1.2522950176994132,4.466315459653133e-05,5.070230369514494e-05,1.1907797340336501
2013-08-01,4.226173154810077e-05,0.7871985530230142,9.102364063607438e-05,1.2219277237439643,4.8824188260497e-05,4.7346258820459345e-05,1.1552813023036475
2013-08-02,4.130983358011611e-05,0.7875879998539208,8.989322699901423e-05,1.1338223980267403,4.7994259855903554e-05,4.561498913693955e-05,1.1618119875216564
2013-08-05,3.7225611971094185e-05,0.7817336776125265,8.951929530873998e-05,1.1337887400217628,4.512716724090776e-05,4.8790426113719896e-05,1.2122612591553674
2013-08-06,4.1983018398946586e-05,0.7888992462449114,9.171211285248978e-05,1.139409746774775,4.89521442719695e-05,4.8410821657116754e-05,1.165998685630421
2013-08-07,4.81253999850549e-05,0.7944263554784782,8.950455375610212e-05,1.2633629813430791,5.2139082616469326e-05,6.682407219579814e-05,1.0834005043627866
2013-08-08,4.5117615842124565e-05,0.794885053681872,9.042017826868278e-05,1.2937656241335511,5.077034113070134e-05,6.924682642518732e-05,1.1252886524047896
2013-08-09,4.7210405389653165e-05,0.796984208780551,9.450234173959041e-05,1.2765257484270087,5.3234093921755036e-05,6.848825823557887e-05,1.1275923916006458
2013-08-12,4.729046229109182e-05,0.7962461190877157,9.231194234883542e-05,1.2806660328172776,5.260936415840222e-05,7.026445718475696e-05,1.1124730359912836
2013-08-13,5.1414947954433665e-05,0.8107187295381371,9.76764273403433e-05,1.2243562829491197,5.7452613550491776e-05,7.21651989889662e-05,1.1174301606102757
2013-08-14,5.361675369996386e-05,0.8128215551402103,9.823971905940577e-05,1.236349199665441,5.8991443830296115e-05,7.307644840879655e-05,1.100242736820821
2013-08-15,5.120699157562921e-05,0.8191662228184606,0.00010609415519886898,1.1636437741200625,6.037851074263603e-05,6.383183037542933e-05,1.1791067759460367
2013-08-16,4.9139520575593413e-05,0.8132490924596535,0.00010380647006570887,1.1700627736169038,5.808329646462713e-05,6.369798192072782e-05,1.1820077970698784
2013-08-19,5.1240075352845624e-05,0.8138352934152074,0.0001054754066937909,1.1980275897037158,5.9829724640640434e-05,6.417566465711037e-05,1.1676353758000042
2013-08-20,5.687877447837599e-05,0.7950442336702173,0.00010225346819143069,1.1707053320222889,6.063249377437885e-05,6.33477236939548e-05,1.0659950804219585
2013-08-21,5.746511661394483e-05,0.7778190861311032,0.00010961319780353879,1.1512370982359508,6.17322584515165e-05,6.0946839464724055e-05,1.074256211228782
2013-08-22,5.43081375808944e-05,0.7710062007158768,0.00010991962552633832,1.175316929923448,5.957004740126412e-05,6.08993461309892e-05,1.0968898963351832
2013-08-23,4.6628310947370826e-05,0.7497821534382165,0.00010086255689384108,1.1713962610309872,5.141915409237704e-05,6.058150304449535e-05,1.1027453718067037
2013-08-26,5.7057237442025364e-05,0.7529143037434112,0.00010995000289419009,1.1630082881866537,5.963463159676131e-05,5.988428372490121e-05,1.045172081059038
2013-08-27,6.26349019454684e-05,0.7413980473692712,0.0001225705555441789,1.1396557300589394,6.49610021440737e-05,5.159887145136823e-05,1.0371374445613482
2013-08-28,6.352118414260544e-05,0.7278405747807026,0.0001268029309372836,1.1340408838709657,6.532210948078514e-05,5.176384618726566e-05,1.0283515706214892
2013-08-29,6.345432123592429e-05,0.7268452660442376,0.00011273965131096475,1.1336751972387311,6.147675156447182e-05,5.176457374067697e-05,0.9688347517878282
2013-08-30,6.533098257867051e-05,0.7219156336226067,0.00011709760309355453,1.117459049949337,6.314224872427699e-05,5.052258923433417e-05,0.9664977661746035
2013-09-03,6.741624909395761e-05,0.7141647886603807,0.00012697929573104725,1.0893381264103157,6.607652324890762e-05,4.961872785361589e-05,0.98012755288146
2013-09-04,5.29054408502055e-05,0.7041325006773185,0.00012592955071474545,1.1184063300881004,5.747359804300128e-05,5.011902857937252e-05,1.086345697519654
2013-09-05,5.526096611110341e-05,0.7171815938442132,9.890204484378297e-05,1.1200026496235989,5.3020156725703735e-05,5.5214585899225414e-05,0.9594504124141717
2013-09-06,5.903493096893949e-05,0.7145063035159499,0.00010286427207445027,1.1631737394178403,5.5679185424779e-05,6.118712987708666e-05,0.9431566110253254
2013-09-09,5.950680039687122e-05,0.7186413596355307,9.846169287515229e-05,1.1690316528788087,5.500841826881279e-05,5.974523167586875e-05,0.9244055788908633
2013-09-10,6.058865375686932e-05,0.7114744072127985,0.00011906179346358011,1.1447084666963807,6.0428406772956584e-05,5.7763914225716794e-05,0.9973551651344528
2013-09-11,5.2548421709793746e-05,0.7153461534273824,0.00012753000451208712,1.1543713305815255,5.8560162339398795e-05,5.9390912555734556e-05,1.1144038285832019
2013-09-12,5.463125330927889e-05,0.7162627668555965,0.00013351864687412494,1.1679659758582777,6.117358311918698e-05,6.006024812127183e-05,1.1197543423152054
2013-09-13,5.629719144726608e-05,0.7139447800220831,0.00012940364199530763,1.1606037226671415,6.0937023493338286e-05,5.9897523935067104e-05,1.0824167587546238
2013-09-16,5.4138744378514925e-05,0.7121409700861785,0.0001397939634543014,1.137608444575945,6.19532751877929e-05,5.877226032005782e-05,1.1443426680648914
2013-09-17,5.7555509167455784e-05,0.7107390048008796,0.0001451038908701237,1.147448082957173,6.495208981587758e-05,5.926196624088603e-05,1.1285121225650476
2013-09-18,6.204530316157312e-05,0.7141193887219702,0.00015045472638733532,1.1466676592897282,6.89966806179049e-05,5.6670123872996175e-05,1.112037126133941
2013-09-19,6.178297806302708e-05,0.7170474788344743,0.00014920239093913436,1.15039985867916,6.884465432616585e-05,5.806588501215549e-05,1.1142980879933448
2013-09-20,6.675064824066973e-05,0.7181223821604452,0.00015386175337585019,1.153817912030244,7.277656365278354e-05,5.42281948832078e-05,1.0902750096206908
2013-09-23,6.644616634370019e-05,0.7162967164531397,0.00015786549075223204,1.1252538212659606,7.336206153754145e-05,5.211566105758021e-05,1.1040826818821725
2013-09-24,6.687102886618699e-05,0.7161571153623377,0.00015167061741670155,1.1338976805093934,7.212370712555311e-05,5.2186688739500055e-05,1.0785493860110489
2013-09-25,5.221698153901886e-05,0.7110039386067109,0.000146848046724819,1.1321940919066031,6.226040985483081e-05,5.164065856146743e-05,1.1923402697704204
2013-09-26,5.0374063840171386e-05,0.7079479868788459,0.000141738563633471,1.136870339704864,5.98203374963088e-05,5.182983330013103e-05,1.1875225649077843
2013-09-27,5.122431082106018e-05,0.7058393624695877,0.00013952073803239558,1.138777324817491,5.9671000327326706e-05,5.138921648362708e-05,1.164896108329754
2013-09-30,5.1567877421329924e-05,0.7058664656381494,0.00013895474629225876,1.1591579614277183,5.9751508026239794e-05,5.1973559884595614e-05,1.1586962856362377
2013-10-01,5.3629225784131454e-05,0.7084645018123411,0.00013759411074628505,1.181942990136079,6.085815486442656e-05,5.19320271207576e-05,1.1347945821443146
2013-10-02,4.9785428743887e-05,0.7060439395230067,0.00013601402443685155,1.160977530373334,5.809980847346705e-05,5.173389235525604e-05,1.167004280958431
2013-10-03,5.1677659876475144e-05,0.7044127670658474,0.0001431605644651754,1.1485295439745855,6.0588519341580594e-05,5.0597032019238494e-05,1.1724315591380305
2013-10-04,4.988490741732951e-05,0.7071286104152471,0.00013153530902458522,1.141044139612983,5.7280152974313223e-05,4.9383962665033305e-05,1.1482461517892821
2013-10-07,5.300164613196136e-05,0.7106550323385848,0.0001322844412671388,1.233635753026057,5.950560820907083e-05,5.116947099760814e-05,1.1227124542682347
2013-10-08,5.7418241986777646e-05,0.71316187981396,0.00013621412658497642,1.2573038717865732,6.307019034677582e-05,5.183373054581097e-05,1.098434716292772
2013-10-09,4.671951297786224e-05,0.7159054632762438,0.00013338169600668077,1.249121236271956,5.6513596667732785e-05,5.21731716368274e-05,1.2096358259237723
2013-10-10,5.493659376391755e-05,0.7130375773747487,0.000171525170498165,1.0710162320306595,6.921611382790638e-05,3.51042315558898e-05,1.2599272922772224
2013-10-11,5.397060840252837e-05,0.7132726693538918,0.00016519810247464381,1.0449029552148323,6.734987089675306e-05,3.4191391761458945e-05,1.2478990489497228
2013-10-14,5.390763459317086e-05,0.7163676325566293,0.00015427159315984181,1.0801906585203696,6.532870889241678e-05,3.5573686628641524e-05,1.2118637626272841
2013-10-15,5.553151341989191e-05,0.7180471051482585,0.00014711009857725887,1.1237399735607612,6.489988596597786e-05,4.142815139783565e-05,1.1687037137858756
2013-10-16,4.144281603770634e-05,0.7075967924178937,0.0001351673294752796,1.1822923295499106,5.295980182340495e-05,3.9545288317495836e-05,1.2779006565388797
2013-10-17,4.1583055321708076e-05,0.700503137078827,0.00012990071096127253,1.1608990708031102,5.1484209225626594e-05,3.803211223247093e-05,1.2381054933871034
2013-10-18,4.3823960134694674e-05,0.6825309455056215,0.00013220670023258993,1.279425143664089,5.1952313211989365e-05,4.1510828935931134e-05,1.18547737475828
2013-10-21,4.4710412594374516e-05,0.6817555246492624,0.00012829442892791344,1.2841070188459425,5.163413474200678e-05,4.167403281005122e-05,1.1548570399125193
2013-10-22,4.4371990394003997e-05,0.6749753742320614,0.0001306235277019014,1.2519328113781112,5.1386979129329995e-05,4.044871512188665e-05,1.1580949755247836
2013-10-23,3.6244305626284386e-05,0.7133689190149785,0.00012219231120141238,1.303780302735575,4.747402073238e-05,4.113243761090728e-05,1.3098339149295721
2013-10-24,4.040389782719303e-05,0.7377914343757954,0.0001138253939263389,1.3000200877986658,5.0033953653526936e-05,4.0916183392110653e-05,1.2383447227671334
2013-10-25,3.967999624918889e-05,0.7547259217958671,0.00011245977628743364,1.303158338009854,5.0416615210068435e-05,4.104970600983628e-05,1.2705801405185118
2013-10-28,4.081308187982178e-05,0.7636684034635796,0.0001105304174912876,1.294970051244795,5.129150267005337e-05,4.407577924303685e-05,1.2567417187725825
2013-10-29,4.2024721372673885e-05,0.7649995663033865,0.00010932378835037424,1.309134185516446,5.185264882378855e-05,4.3968402731602566e-05,1.2338606213224097
2013-10-30,3.243679795796633e-05,0.7842447353102353,0.00010303587318340616,1.2947010444752052,4.533825781287799e-05,4.2906992747855146e-05,1.3977414747173933
2013-10-31,3.3498134377451295e-05,0.7957011723468989,0.0001067426869677521,1.2912280508508047,4.758054075968906e-05,4.32072053278854e-05,1.4203937515910467
2013-11-01,3.528785039280735e-05,0.8052134433283412,0.00010961288074348,1.2939180513669613,5.0078857758603685e-05,4.324941804123944e-05,1.4191529719478508
2013-11-04,3.477448195487655e-05,0.8077861295162686,0.00011574914532650656,1.314375233215315,5.1249026781348274e-05,4.372628973450812e-05,1.473753853410358
2013-11-05,3.766596277267884e-05,0.8130446912095195,0.0001161677878808068,1.3190638571406357,5.3781364243248585e-05,4.34825672757899e-05,1.4278505123532677
2013-11-06,3.8333959556374354e-05,0.8213974907080955,0.00011663565911322877,1.2937184323749844,5.492383906288725e-05,4.801412106332005e-05,1.4327723955078429
2013-11-07,4.0431492315281525e-05,0.828767931735494,0.00011674969871762794,1.2608079685583884,5.694042548770441e-05,4.442666253531796e-05,1.4083186701021955
2013-11-08,4.3778322206368926e-05,0.8133029839287524,0.0001214609013041487,1.2026074125611772,5.930621014072216e-05,3.8693469515197734e-05,1.3546935367042052
2013-11-11,4.088414418239951e-05,0.8134868560835332,0.00011632748808697187,1.1971329997968196,5.6100815061356937e-05,3.8633651559547866e-05,1.3721900307138666
2013-11-12,3.99781619662566e-05,0.801833631280964,0.00010942341746847324,1.1682814669866464,5.303356433913594e-05,3.817656114561886e-05,1.326563346856684
2013-11-13,4.4902541372157916e-05,0.8183213910542192,0.0001053136310793751,1.1672927532293662,5.627320595617742e-05,3.68872230622093e-05,1.2532298670976774
2013-11-14,4.545126757048379e-05,0.81940557634125,0.00010294517982333374,1.1438256396198476,5.604991047033475e-05,3.566185945014233e-05,1.233186959712731
2013-11-15,4.488960878325864e-05,0.8203151927331567,9.952722053867669e-05,1.1873731505320666,5.48308026217634e-05,3.8659769413975576e-05,1.2214586873880773
2013-11-18,4.304897041106976e-05,0.8191217091058455,9.47051471848968e-05,1.0736266895196742,5.2301797194040686e-05,4.61248865854694e-05,1.2149372376299998
2013-11-19,4.253689180732228e-05,0.8162660025849732,9.431191448210536e-05,1.00163000248291,5.1700871668619564e-05,4.346549353325075e-05,1.2154360479088837
2013-11-20,3.986505410246521e-05,0.7991043346174507,9.1091761478836e-05,0.9786254970050916,4.815475920008525e-05,4.304347278771027e-05,1.207944157715502
2013-11-21,3.485111027762049e-05,0.7939597886548885,9.579778304496266e-05,0.9762875717155346,4.587589456807824e-05,4.3478909529435795e-05,1.3163395427759808
2013-11-22,3.677714977289896e-05,0.7895134542691251,9.93742230856564e-05,1.0212189052309677,4.77293415044015e-05,4.754889188167017e-05,1.2977988179925024
2013-11-25,4.464079349966786e-05,0.7911212784040187,0.00010011139057023114,1.0206033285481877,5.2887223212702753e-05,4.824157191191935e-05,1.1847285647620993
2013-11-26,4.5604254902161166e-05,0.7909291120520603,0.0001081253655152739,1.0665689105708798,5.553976497364251e-05,6.234704987300828e-05,1.2178636640988185
2013-11-27,5.098239319509307e-05,0.7909818897906926,0.00010969819383086257,1.0748975818500592,5.9152947213355425e-05,6.403895155775903e-05,1.1602622691131093
2013-11-29,5.306536742177139e-05,0.7910552102235614,0.00011253386672485667,1.0753031166753968,6.11299448519839e-05,6.406926902915308e-05,1.1519744010460544
2013-12-02,5.1303727815654587e-05,0.7881252409547189,0.00011417688383841948,1.0830467213997577,6.0319646964700626e-05,6.90165414544406e-05,1.1757361410742353
2013-12-03,5.129816798105141e-05,0.7854286402329989,0.00011813666792445498,1.1014055792149682,6.114346124367072e-05,7.367768952056042e-05,1.1919229019300646
2013-12-04,4.926678581923591e-05,0.7797736164683422,0.00011838956674094372,1.0970052158839323,5.95528249148902e-05,7.346570689925726e-05,1.208782426631091
2013-12-05,6.186383108747796e-05,0.7899044972770856,0.00011541131316786033,1.1050026276975915,6.674476117521705e-05,7.633213079135122e-05,1.0788979602772621
2013-12-06,6.149224160789946e-05,0.7977344752494796,0.0001120248763400799,1.0936374785306329,6.621033117353704e-05,7.261778365714379e-05,1.0767265827731916
2013-12-09,5.694825981469449e-05,0.7999380963111523,0.00011059730212627314,1.0935588658130702,6.348467133560373e-05,7.308969064448185e-05,1.114778072976738
2013-12-10,5.3452041059883435e-05,0.8061984948628054,0.00010929285154916892,1.0851179201520804,6.161976082767352e-05,7.282136269489636e-05,1.152804637687074
2013-12-11,5.2671389427449466e-05,0.808534965145501,0.00011106571869397969,1.0632440678624142,6.18409579999064e-05,6.798107197309499e-05,1.1740901212618906
2013-12-12,5.926873458923956e-05,0.8184997679403638,0.00011068740927268129,1.0870006969662058,6.629495793567231e-05,7.042569176383845e-05,1.118548563507013
2013-12-13,5.102150798536989e-05,0.8144276421516529,7.990069001474993e-05,1.0863077196728494,5.200012834995897e-05,7.10372430084876e-05,1.0191805456802587
2013-12-16,5.265033739264804e-05,0.8202322837488266,7.97968701840281e-05,1.081581362202862,5.316555684139459e-05,7.005378261259588e-05,1.0097856818068272
2013-12-17,5.547285481711756e-05,0.8207109590074679,8.58384317316548e-05,1.0562076204833173,5.663323605980642e-05,6.862547021173359e-05,1.0209180011830001
2013-12-18,5.7755345996717895e-05,0.8278876356049545,9.834111033354227e-05,1.0326943095033283,6.23928817899086e-05,6.084073800533885e-05,1.0802962169675903
2013-12-19,6.478693026373803e-05,0.8189391789142005,0.00010444680341184776,1.0342995741540428,6.736633591698817e-05,6.088151036711022e-05,1.0398136729545568
2013-12-20,6.101338500649426e-05,0.8134408381147519,0.0001072935767641167,1.0332200318833729,6.581507700194774e-05,6.135262719977097e-05,1.078698993588741
2013-12-23,6.0371580554275465e-05,0.8397185835295199,9.15722510181708e-05,1.0391938531717957,6.243555586087113e-05,6.125161517454505e-05,1.0341878626937737
2013-12-24,6.05937066863415e-05,0.8385459530186588,9.730845183163975e-05,1.041968621943918,6.43896269515652e-05,6.26344335234707e-05,1.0626454540051986
2013-12-26,6.0130930524985e-05,0.8428427860222901,9.681218031381197e-05,1.018930264305693,6.430733865870745e-05,6.502878784288375e-05,1.0694552387142437
2013-12-27,6.1029823506439453e-05,0.8364242061661465,0.00010016998388241203,1.0188457429636977,6.5398298887463e-05,6.502202995549342e-05,1.0715793546504786
2013-12-30,6.103786899254316e-05,0.8200366522919039,0.0001039607870326253,1.0173354062183295,6.532324110115171e-05,6.499085057749251e-05,1.0702084161740981
2013-12-31,6.15980310886923e-05,0.8041735811113585,0.00010837354965004767,1.0190470841012271,6.57044623678314e-05,6.468221002087202e-05,1.0666649762429328
2014-01-02,6.274975633376732e-05,0.7944181444590577,0.00011399793786713999,1.0112113748065117,6.7189850443598e-05,6.183991810264849e-05,1.0707587466350263
2014-01-03,6.287727487442676e-05,0.7855294126425125,0.00011465366939148926,1.0269496396946332,6.669653708500406e-05,6.35023229710904e-05,1.0607415352876666
2014-01-06,6.194585296328845e-05,0.7862852566489941,0.00011199743096217811,1.0294377592828394,6.549230587796982e-05,6.338264882554192e-05,1.0572508528824864
2014-01-07,5.985294868622432e-05,0.7883097075809118,0.00011105421750629566,1.0317868663056164,6.426983402929424e-05,6.595500369551575e-05,1.0737956180943597
2014-01-08,5.957982003469859e-05,0.783255622483784,0.00011035315676052308,1.0386796878826154,6.351049463793563e-05,6.660566246544508e-05,1.0659732540472235
2014-01-09,5.8876921963223624e-05,0.7766223875059773,0.00010800297288197638,1.0549285492129323,6.192989010913703e-05,6.948846639421442e-05,1.051853392536729
2014-01-10,5.8643073362417135e-05,0.773473323255775,0.00010969175300603534,1.050737716001284,6.203555751132074e-05,7.016587242634364e-05,1.0578496991100361
2014-01-13,6.549653155125348e-05,0.7883745773550505,0.00011569339741872456,1.0556484646548638,6.862716357982799e-05,6.665869461689402e-05,1.0477984399238711
2014-01-14,6.384952094066409e-05,0.7998567200874322,0.00010968023492974597,1.0671694365126505,6.693529865811339e-05,6.54736802170961e-05,1.0483289094732118
2014-01-15,6.070372053025981e-05,0.8130858580559382,9.728088717978427e-05,1.0402735783418475,6.248241739207797e-05,6.49758712799717e-05,1.029301282463099
2014-01-16,6.085694586035492e-05,0.8168587119869717,9.870364228257808e-05,1.052707780865108,6.330946031413872e-05,6.614370473493567e-05,1.040299663729617
2014-01-17,6.130074788390541e-05,0.8221161277586165,9.690626381920498e-05,1.0573850298012035,6.336391160701405e-05,6.644322669022711e-05,1.0336564200981033
2014-01-21,6.022038567812545e-05,0.8152362270668984,9.904440883032858e-05,1.079872215799605,6.296079725947844e-05,6.90235648265553e-05,1.0455063771261834
2014-01-22,6.0180607898710316e-05,0.8164471680082722,9.979766971609472e-05,1.0815828059917845,6.327272988957616e-05,6.924073195965132e-05,1.0513807038318752
2014-01-23,6.197862719476769e-05,0.8118070563837483,0.00010818734666588984,1.068080749654249,6.647556436299117e-05,6.720578923930355e-05,1.0725562564348492
2014-01-24,8.312838911315208e-05,0.8254582226463256,0.00011585946628922174,1.1834556601624109,8.100942361568781e-05,6.269707368262836e-05,0.9745097250160834
2014-01-27,7.785643656399444e-05,0.8177748736185738,0.0001249660485820992,1.2479677863919634,8.066349637706343e-05,6.59341289719509e-05,1.03605430632266
2014-01-28,5.7778264472590076e-05,0.8353846527215704,0.00012097194754097372,1.2609423557070043,6.984110063106061e-05,6.61100037237677e-05,1.208778097933231
2014-01-29,5.541992369045716e-05,0.8465404216218043,0.00011930533514298977,1.2777495075229668,6.883520250660982e-05,6.371900569902757e-05,1.2420659922067459
2014-01-30,5.718939038351772e-05,0.846673693855463,0.0001269744414076214,1.208276894198001,7.21492723599924e-05,6.24663396381364e-05,1.2615849176945626
2014-01-31,5.786696567157789e-05,0.8520433648796361,0.00012315099985347994,1.222367695640609,7.19276754412349e-05,6.590339738729018e-05,1.2429833603071245
2014-02-03,7.055814511505822e-05,0.8651344085380658,0.00013872358674143982,1.2306435715110515,8.559183109502299e-05,5.0746917236906774e-05,1.2130680441705142
2014-02-04,5.3287933521446234e-05,0.8706193732021899,0.0001326489184764339,1.225396976879203,7.31972260712674e-05,5.207882201096221e-05,1.3736172756972924
2014-02-05,5.1744253938995175e-05,0.8726807633376795,0.00012428858428971631,1.1629391142764258,6.998453610757332e-05,6.261196988855172e-05,1.3525083614130924
2014-02-06,5.460185755120456e-05,0.8766947079698827,0.0001243972510538951,1.1449679959140986,7.225326643382944e-05,6.015371815049889e-05,1.323274878809237
2014-02-07,6.356327391387762e-05,0.8789612648677149,0.00012353965347179736,1.0907144570246097,7.788898687978282e-05,5.516750075065447e-05,1.2253772042219728
2014-02-10,6.2547563500994e-05,0.8795443481271716,0.00012003088422803243,1.0992698937098038,7.620955808077506e-05,5.6578532573542415e-05,1.2184256878297737
2014-02-11,5.609995653519849e-05,0.8787436219271484,0.00011699081560961784,1.1149507757546726,7.119005567663896e-05,5.713496314997295e-05,1.268985932849566
2014-02-12,5.280573476410588e-05,0.8802240789229615,0.00010816086996877852,1.1137822217561115,6.652254800312939e-05,5.7096127052302364e-05,1.2597599162344648
2014-02-13,5.31879934714369e-05,0.8790673356108029,0.00010523729398980832,1.1157497254277702,6.576787085665533e-05,5.687438223031226e-05,1.2365172394024242
2014-02-14,5.362200748552388e-05,0.8786175735385676,0.00010393488531856532,1.1212308224078686,6.559218382872484e-05,5.692918136260191e-05,1.2232325290401054
2014-02-18,5.088126402858046e-05,0.8789087850832791,9.617130532595548e-05,1.109251317306588,6.148164893469957e-05,5.6499041216445745e-05,1.2083357225591875
2014-02-19,5.093399391722896e-05,0.8761460436469557,0.0001024080407464846,1.081973401159009,6.327722118876366e-05,5.39203683571957e-05,1.2423377065539618
2014-02-20,5.128532994270177e-05,0.8755520632453588,0.00010249733316055961,1.0847489282248155,6.347969561165914e-05,5.516827396130571e-05,1.237774928670274
2014-02-21,5.0142924359823583e-05,0.8741754523982721,0.00010117616782592999,1.082419123844633,6.226479308928688e-05,5.519427680450018e-05,1.2417463457551312
2014-02-24,5.289213529725008e-05,0.8746795887608573,9.904382304836898e-05,1.0906609368667404,6.330794843773823e-05,5.541186181683983e-05,1.1969255557929739
2014-02-25,4.99909412374215e-05,0.87424612931817,9.090837326036448e-05,1.0938270452438323,5.8936089761317505e-05,5.57269021828561e-05,1.1789353891420626
2014-02-26,4.8822079787728685e-05,0.8656032964530019,9.124549314589395e-05,1.0948842633435965,5.777404177253922e-05,5.578032304945493e-05,1.1833588823690504
2014-02-27,4.902946505121921e-05,0.8655713177049867,9.145682170773267e-05,1.0908441669557438,5.796148271407536e-05,5.505654127184278e-05,1.1821765269828095
2014-02-28,4.913560627678946e-05,0.8591916857182614,9.201725741197766e-05,1.093076946563963,5.777272701299644e-05,5.5109475637198264e-05,1.1757812997676789
2014-03-03,5.060228536900576e-05,0.8566505975638665,9.336882072400483e-05,1.09474017424791,5.888297236146522e-05,5.587536156200562e-05,1.1636425495819886
2014-03-04,5.593664385448813e-05,0.8596973052134742,9.391612148440907e-05,1.1449203856683705,6.231087396440943e-05,5.431717840251384e-05,1.11395446116687
2014-03-05,4.9068183379191435e-05,0.8607266088914122,9.309599621458357e-05,1.1438056528915352,5.8174240337877654e-05,5.427532720532386e-05,1.1855796634718674
2014-03-06,4.928243059442446e-05,0.8618291081482511,9.21334908532531e-05,1.142949645026001,5.807322987138458e-05,5.415787983758531e-05,1.1783759277074832
2014-03-07,4.8971813978785636e-05,0.8568094081875741,9.206896412356935e-05,1.1699196419392537,5.7532593326957373e-05,5.7875931939936325e-05,1.1748103378788506
2014-03-10,4.912023117884392e-05,0.8524873934456487,8.859301623925408e-05,1.1688159362601949,5.623645167418422e-05,5.782131189821684e-05,1.1448735139179325
2014-03-11,5.148937537691702e-05,0.8495538326550701,9.303941112801575e-05,1.177478015965264,5.880079415932858e-05,5.819403710776097e-05,1.1419985915325226
2014-03-12,4.8906113932888686e-05,0.8500173389427101,9.422676013878051e-05,1.2021262225946656,5.770274739858582e-05,6.159237278597162e-05,1.1798677661808972
2014-03-13,5.192240840939531e-05,0.8498097363121204,9.678529264643572e-05,1.216742565890765,6.0242612971553205e-05,5.901132389748276e-05,1.1602430398943584
2014-03-14,5.053194068255615e-05,0.8486740029139436,9.815310411222106e-05,1.2150433920886785,5.9768988628515445e-05,5.8933041119843336e-05,1.182796223956385
2014-03-17,5.312543808337814e-05,0.8483232208549454,0.00010133100082357426,1.2214650786763273,6.224203496208727e-05,5.8373319559014665e-05,1.1716051143785584
2014-03-18,5.3640183376897774e-05,0.85092285000983,0.00010008080016372425,1.2368899971440914,6.234630179044882e-05,5.965535144494192e-05,1.1623059032512681
2014-03-19,4.9711758607667365e-05,0.8514429631260939,9.629033367805636e-05,1.2319070247919843,5.890829729308028e-05,5.8667910043438745e-05,1.1849972510124491
2014-03-20,4.924048797705463e-05,0.8518054527420093,9.532759703851149e-05,1.2497709165357536,5.835941270855261e-05,5.904904951531273e-05,1.1851915995582187
2014-03-21,5.1299807125194504e-05,0.8546832099886549,9.428911653922302e-05,1.2919939728886034,5.9442055909326727e-05,5.974228180571094e-05,1.1587188966278468
2014-03-24,5.150721281894852e-05,0.8544383112780565,9.718963004469332e-05,1.278133602194087,6.045395276930357e-05,5.848645014239213e-05,1.173698778495421
2014-03-25,5.187847468728203e-05,0.8550667467310576,9.72847261856818e-05,1.2732696757879125,6.074575678105392e-05,5.836821407056748e-05,1.1709241096085214
2014-03-26,4.894688218699071e-05,0.8572560747090565,0.0001023735089143319,1.2430390787189345,6.0682977595313965e-05,5.517992343185818e-05,1.2397720729890027
2014-03-27,4.819111839496585e-05,0.855998969199192,0.00010092650640751784,1.2387763422642477,5.9697942658757186e-05,5.472893550711321e-05,1.2387747918503043
2014-03-28,4.77393720640184e-05,0.8555209820322502,9.602737774952359e-05,1.2372995601571406,5.792506785432956e-05,5.427004265155575e-05,1.2133604894645904
2014-03-31,4.471229395078723e-05,0.8384593990598008,9.805608359554849e-05,1.1976374004290855,5.5517868650643e-05,5.109296235287859e-05,1.241668985083811
2014-04-01,4.637295349124256e-05,0.8336729257901729,9.011303175867381e-05,1.2174902833743029,5.38916991663421e-05,5.190508984795888e-05,1.1621364418058782
2014-04-02,4.141854620280984e-05,0.8410359356142187,9.076464570948932e-05,1.2076604564882432,5.1566818359745076e-05,5.174106860456758e-05,1.2450175848095504
2014-04-03,4.131197301210188e-05,0.8457113510956505,9.401557430263914e-05,1.2157018272175433,5.2705996615876174e-05,5.196552758480668e-05,1.2758043921174267
2014-04-04,4.5815215175484866e-05,0.8594339019877345,8.88886427615363e-05,1.2555705407340716,5.484543483287088e-05,4.899251160768648e-05,1.1971008893617063
2014-04-07,4.72141155464609e-05,0.8593866174813584,9.342597249268002e-05,1.2486228918041118,5.707663084174976e-05,4.506058089870481e-05,1.208889125235941
2014-04-08,4.530353492960697e-05,0.8570432760860589,8.318494501879658e-05,1.2728210924278371,5.2612769593080246e-05,4.76285484500095e-05,1.1613391686726087
2014-04-09,4.691297863661334e-05,0.8614291398985506,9.077277593212364e-05,1.2661347036570945,5.6213920009778435e-05,4.475317520149848e-05,1.1982594506567135
2014-04-10,5.810324280314903e-05,0.8742073673025023,0.00010618296894082046,1.427348413970403,6.866605231444037e-05,3.428786491631174e-05,1.1817938036105426
2014-04-11,5.691804938589508e-05,0.8773304212444345,0.00010513387139168949,1.473264722024237,6.786713583099499e-05,3.17836299047625e-05,1.1923658059830353
2014-04-14,5.793906540801691e-05,0.8827842396285547,9.814131522626215e-05,1.4389886258984337,6.656811369294125e-05,3.0824161743858854e-05,1.1489331632147861
2014-04-15,5.375893588153699e-05,0.8822293604436957,0.0001063195721692882,1.4368058784082784,6.669809790513135e-05,2.984132210655373e-05,1.2406885815617157
2014-04-16,3.1303883437837385e-05,0.8708850468404918,0.0001059564548556741,1.3537181459342134,5.0156087590841995e-05,2.6065479906151814e-05,1.6022321221084577
2014-04-17,3.0074876652121772e-05,0.8676676302434652,0.00010351065050961975,1.361802212774334,4.841142228867831e-05,2.628155728182012e-05,1.6096964535767397
2014-04-21,3.398061258211898e-05,0.8643047161960679,0.00010228267545971576,1.3997668314745588,5.09546149949333e-05,2.8394758653446115e-05,1.4995202005789106
2014-04-22,3.465237531876505e-05,0.8582694259604494,0.00010433416797387733,1.401315755550509,5.1606383486055736e-05,2.8420491533191023e-05,1.4892596253887882
2014-04-23,3.661275306357103e-05,0.8547547026051037,0.00010675274147266339,1.4442049861119015,5.3437632691083786e-05,2.9029521645154406e-05,1.4595360419441712
2014-04-24,2.8915216768426475e-05,0.8469144749468781,9.789363140021477e-05,1.4522377402927755,4.5058839418385503e-05,2.918521372432811e-05,1.5583088924855237
2014-04-25,3.367547480592454e-05,0.838795210518835,9.745558684506905e-05,1.4879392192296157,4.805252091145562e-05,2.709121816532692e-05,1.4269292768220068
2014-04-28,3.364553762091845e-05,0.8378047354580088,9.590854671206092e-05,1.560723565343114,4.759213655362253e-05,2.93611410188194e-05,1.4145155619101495
2014-04-29,3.9441733334885286e-05,0.8357885651094749,9.448783370995015e-05,1.5867508578966416,5.102257436906511e-05,2.9400388558655923e-05,1.2936189679051666
2014-04-30,4.001418281063408e-05,0.8361422886715584,9.369837365830388e-05,1.5834186902726275,5.119802301150492e-05,2.9730771388101315e-05,1.2794969037303103
2014-05-01,2.1991126094734782e-05,0.8411336141145154,0.00010229473974831048,1.568129933386457,3.989471567382223e-05,3.0156059724839753e-05,1.8141279124116345
2014-05-02,2.5114593555483047e-05,0.8451169314779037,0.00010857978631362404,1.5025258565367603,4.41320773833563e-05,3.059291246934269e-05,1.7572284132673663
2014-05-05,2.3421323104644024e-05,0.8465835749126959,0.00011671843128549158,1.4932388220472654,4.426345111945282e-05,3.0789619652056005e-05,1.889878335296787
2014-05-06,2.3724080850696792e-05,0.847464522773907,0.00012447038455248874,1.501988268256268,4.6052078877269644e-05,2.8553366139373654e-05,1.9411533440258473
2014-05-07,2.503936026433856e-05,0.8407234381713692,0.00013485654232193731,1.464246458512434,4.8854073297066804e-05,2.7068376039414765e-05,1.9510911134037847
2014-05-08,2.245244272166245e-05,0.8392715042593644,0.0001223002323602646,1.484098663437342,4.397925998338326e-05,2.7801751064048144e-05,1.958773952953966
2014-05-09,2.6257615904936162e-05,0.8381075842861787,0.00011201605096082578,1.4640375471072042,4.545352250071424e-05,2.7716176438854128e-05,1.7310605298392472
2014-05-12,2.5472098693136958e-05,0.8359425440571322,0.00011719035202031444,1.4218415968696343,4.5672493467739814e-05,2.4728350630378428e-05,1.793040063873713
2014-05-13,2.7268227179962204e-05,0.8353705595735561,0.00011582025794155066,1.364548833170352,4.6946139110732144e-05,2.8370812128519014e-05,1.7216425109304527
2014-05-14,2.54765910501542e-05,0.8336159173013501,0.00011805944742051679,1.3510194628765235,4.5717979607805535e-05,2.9811993349380436e-05,1.7945093014133389
2014-05-15,2.174205444419079e-05,0.8287227331700845,0.00011445543273429307,1.2674809831735738,4.134069254348699e-05,2.5400448331945456e-05,1.901416108105309
2014-05-16,2.0552751262807784e-05,0.8266112873049567,0.00010322717159021012,1.2523987319085934,3.807442280676525e-05,2.523675454072199e-05,1.8525219480306097
2014-05-19,2.1296152341554682e-05,0.8271809585894597,9.634061677620704e-05,1.2329836733343371,3.7467594570514004e-05,2.4700735690321967e-05,1.7593598115563986
2014-05-20,2.0908636850371392e-05,0.8261520161209356,9.261607729824514e-05,1.1616597716530674,3.635515647830102e-05,2.1809482533501258e-05,1.7387626337608546
2014-05-21,2.119414789263069e-05,0.8223460819392666,9.042264685907928e-05,1.1379228375402983,3.599989347049132e-05,2.0879454455135634e-05,1.6985770625394507
2014-05-22,2.007249814887391e-05,0.8067022697252726,8.352066500655525e-05,1.1434832474606105,3.303018178926928e-05,2.093387910503419e-05,1.645544144246057
2014-05-23,2.2049522594442057e-05,0.7944673419901093,9.117340788313038e-05,1.1975219913534554,3.562129786155048e-05,2.2376576756826367e-05,1.6155133386211913
2014-05-27,2.174082787467674e-05,0.782959774152806,9.781368446577125e-05,1.213780322942405,3.6105827092950797e-05,2.1873006170722335e-05,1.660738372111676
2014-05-28,2.1661197917021908e-05,0.7859340346537461,0.0001003798529930535,1.2082972272345176,3.664802787425028e-05,3.311849072162906e-05,1.6918744759472117
2014-05-29,2.1856321025887475e-05,0.7908639642292093,0.00010472456880083827,1.2153072817322716,3.7836818197459995e-05,3.28822820671105e-05,1.7311613492794418
2014-05-30,2.8179051435749515e-05,0.7951749265132446,9.305268104920049e-05,1.152117522558889,4.071836280023872e-05,3.2437602104523244e-05,1.4449869930178394
2014-06-02,2.8496658002674943e-05,0.7953858464522123,9.261856347948626e-05,1.074234649927417,4.086239749856289e-05,3.254207160621571e-05,1.433936481068313
2014-06-03,3.418588872187905e-05,0.7948799975622735,9.132834333391882e-05,1.0718270966506154,4.441480867916255e-05,3.246926265812978e-05,1.2992146859337597
2014-06-04,2.793146765100254e-05,0.7977951844493851,8.352479156870503e-05,1.0227335743116313,3.853416821680893e-05,3.151446466969833e-05,1.3795969727865636
2014-06-05,4.136471088316827e-05,0.7964764439464719,8.526624673616647e-05,1.0599399852021805,4.7301673473378594e-05,3.487689667268799e-05,1.1435272352556474
2014-06-06,3.9833023701562004e-05,0.7808596734179767,8.247586628773027e-05,1.0715248183035928,4.475670179491368e-05,3.489533000029736e-05,1.1236079422501537
2014-06-09,5.1073182956276414e-05,0.777460264045356,8.222365461855794e-05,1.0672924421356846,5.0381727177777775e-05,3.4751931255563955e-05,0.9864614708057143
2014-06-10,4.95066057749403e-05,0.7809355814317693,8.216393365660161e-05,1.1037178486529635,4.98066576012196e-05,3.7132768331651885e-05,1.0060608442364916
2014-06-11,4.7157992518462575e-05,0.7878940885282056,7.794441174762357e-05,1.0907855816554586,4.776810232803822e-05,3.6945306153010515e-05,1.012937569582437
2014-06-12,4.667919578081926e-05,0.7895376040805474,8.322282528878318e-05,1.0641595325725874,4.9210267935345065e-05,3.476608307379615e-05,1.0542227026877322
2014-06-13,3.72024477228719e-05,0.7859689014202111,8.018695669305267e-05,1.0789509978824492,4.29282303464332e-05,3.664953240132609e-05,1.1539087606873004
2014-06-16,2.938646502467408e-05,0.7629267075518477,7.58550530151421e-05,1.0439044478079804,3.602041813164818e-05,3.5999458349506785e-05,1.2257485921291982
2014-06-17,3.191330809025626e-05,0.7655474303608218,7.86649679387396e-05,1.0521794415378332,3.8357359287698055e-05,3.627320570365161e-05,1.2019236357201493
2014-06-18,3.560112133469648e-05,0.7771671153940559,8.144239559443785e-05,1.090975244313475,4.1847693321958826e-05,3.6593701087534544e-05,1.175459978592711
2014-06-19,3.687128606172102e-05,0.7785388175512014,8.401032801367281e-05,1.0930564075131732,4.333020605630233e-05,3.673584611522538e-05,1.175174795470094
2014-06-20,3.6786047916274955e-05,0.7717710905349151,7.869256386801563e-05,1.0996894668242798,4.152378370730229e-05,3.7256087447684345e-05,1.1287916495354549
2014-06-23,3.78482539714106e-05,0.764448552758063,7.957501907656937e-05,1.096528521580476,4.1952665867974854e-05,3.7133896556292116e-05,1.1084438901637206
2014-06-24,3.933090292313687e-05,0.758765020838794,8.345845161506616e-05,1.0658089544913678,4.34719800254471e-05,3.5059467737031884e-05,1.1052881270079917
2014-06-25,4.004889359785303e-05,0.7570199421843914,8.354520011464147e-05,1.0749576207427514,4.378882919684218e-05,3.5011450947825347e-05,1.0933842426845382
2014-06-26,4.4267929857314866e-05,0.7566311930398507,8.332322258718072e-05,1.068390271663042,4.595278924364598e-05,3.488610720457323e-05,1.038060496430752
2014-06-27,3.536085878696092e-05,0.7532563936325459,8.250218407163397e-05,1.0656917737204652,4.068524648741603e-05,3.477932623153709e-05,1.1505729182804363
2014-06-30,3.524942345217237e-05,0.7508179090383431,8.245526837219313e-05,1.063534850042628,4.047807371165582e-05,3.4710876027961846e-05,1.1483329299436023
2014-07-01,3.707778978776346e-05,0.7464176279147472,9.11257013672065e-05,1.0211709139073717,4.338696269382222e-05,3.25120726324176e-05,1.1701604368052418
2014-07-02,3.729144432547138e-05,0.7474367808313511,9.278924191699588e-05,1.0291101743092286,4.3967106031392956e-05,3.314716361762612e-05,1.1790132247938132
2014-07-03,3.7850371933542936e-05,0.7495577043358523,9.425929833909076e-05,1.0265831479802303,4.477156230997248e-05,3.278286772207464e-05,1.1828566014775668
2014-07-07,3.637233936281704e-05,0.7518939670055355,8.926749908581423e-05,1.0296046707847906,4.284389056335633e-05,3.3570184177490776e-05,1.177925074765883
2014-07-08,3.904012916123487e-05,0.7620865003019246,8.492836733053464e-05,1.043060090445881,4.388198645955122e-05,3.320383022077864e-05,1.124022573755317
2014-07-09,3.921043801203444e-05,0.7648211425928542,8.200184877489241e-05,1.047166197820658,4.336831550878941e-05,3.295165395481241e-05,1.1060400675829951
2014-07-10,3.784415060760939e-05,0.7609121600432817,7.723186618011821e-05,1.035173153505804,4.113695770060362e-05,3.304168401368075e-05,1.087009670982869
2014-07-11,4.137743263306523e-05,0.7636023822541388,7.27036911944056e-05,1.0290060551333304,4.188198675470784e-05,3.2842565446727894e-05,1.012193944610266
2014-07-14,3.5819786180035966e-05,0.7548531971484761,7.279456216016702e-05,0.9900496651790686,3.854548037600761e-05,3.226613818053548e-05,1.0760946528902176
2014-07-15,3.740515266448331e-05,0.7525079042365791,7.176609339428377e-05,1.001681392633753,3.8988491730177634e-05,3.2554099336649414e-05,1.0423294373343843
2014-07-16,4.331224214055195e-05,0.75362442018614,6.770782734972831e-05,1.0124515825843516,4.081123478547808e-05,3.320961641562298e-05,0.9422563406678905
2014-07-17,4.7474517764657056e-05,0.7679090670171627,7.221968035610536e-05,0.9729044866826604,4.496430214361288e-05,2.957969064121488e-05,0.9471249895894059
2014-07-18,4.82618636397603e-05,0.7754482927299243,7.305349952979509e-05,0.9821425878196892,4.604424973739398e-05,2.918332414707609e-05,0.9540503881300733
2014-07-21,3.56854935741795e-05,0.760627335282012,6.675933595755294e-05,1.0267877344600247,3.712562614573776e-05,3.121850214918404e-05,1.0403562463992448
2014-07-22,3.6878426197529086e-05,0.7476071134150558,6.716710249498916e-05,1.0292358532061916,3.7208136644752235e-05,3.2254482406239216e-05,1.0089404695703972
2014-07-23,3.8554343811198455e-05,0.7364812047274693,6.73031346823627e-05,1.0177580741251693,3.751595204260406e-05,3.785621273878802e-05,0.9730668021824098
2014-07-24,3.79220014302475e-05,0.7319296829549917,6.298502942745272e-05,1.0292933875733334,3.577121186269365e-05,3.981342814682553e-05,0.9432838593313714
2014-07-25,3.58816002468109e-05,0.7253364414041062,6.348666715292589e-05,1.0317625381371056,3.4619170949289245e-05,3.947733652567919e-05,0.9648168061391338
2014-07-28,3.90148494586092e-05,0.730499298368367,6.560775217896585e-05,1.03530362512496,3.69583309489288e-05,3.976472268161401e-05,0.947288826223406
2014-07-29,3.5953585678647994e-05,0.7303730097374225,7.11974802224032e-05,1.0232101921277927,3.695286644420973e-05,4.311519878151396e-05,1.0277936330048767
2014-07-30,3.539196672747045e-05,0.7325431505687356,7.18180693921497e-05,1.0210314486342096,3.693196570497095e-05,4.302343508191293e-05,1.0435126702440412
2014-07-31,4.5379445989039353e-05,0.7619434620176246,8.236465570045038e-05,0.9490182764867175,4.658249921384429e-05,3.393003036305408e-05,1.0265109720620105
2014-08-01,4.584672797284814e-05,0.7654574593483869,7.969336541680423e-05,0.9458340501190065,4.6268595469009765e-05,3.3610864244968185e-05,1.0092016925703284
2014-08-11,3.847004227028839e-05,0.7713749512525938,8.338446329187055e-05,1.1450657418639512,4.3688731241071105e-05,6.727232099052773e-05,1.1356559198483978
2014-08-12,3.841634430365733e-05,0.7741381153467078,8.456156652579093e-05,1.1539373160595536,4.41227912243915e-05,6.873418501348677e-05,1.1485421641275457
2014-08-13,3.776559449586869e-05,0.7759243842111305,8.536780689079483e-05,1.1314771474108256,4.4056969986911186e-05,6.588706631267455e-05,1.1665901351488253
2014-08-14,3.862814115860239e-05,0.7762445426961099,8.682827157474916e-05,1.2744145933567623,4.495531476137219e-05,7.79361546792612e-05,1.1637969991046477
2014-08-15,3.923523389055349e-05,0.775177125948484,8.550384042327184e-05,1.2268047096935606,4.4898505241941874e-05,7.803054549523489e-05,1.1443414704035166
2014-08-18,5.8802594173761744e-05,0.7949973206109016,9.36033390946152e-05,1.2762526109343229,5.898065330812297e-05,9.064457102717496e-05,1.0030280829759832
2014-08-19,5.790352204668287e-05,0.8047604612827093,9.305473409226001e-05,1.3196808328705725,5.9072908962978066e-05,9.40656856206271e-05,1.0201954367361699
2014-08-20,5.609710643686182e-05,0.8102016601302762,9.443129101518647e-05,1.3526931475564845,5.8968668619766766e-05,0.00010060682600310507,1.0511891319410018
2014-08-21,5.441563613273725e-05,0.8140122036314792,9.926501632576112e-05,1.3583559438059587,5.9826125862291095e-05,0.00010269704089973981,1.0994289530376145
2014-08-22,5.0059045313325706e-05,0.8199855885226444,0.00010285083022993748,1.3603900205666448,5.883711938510223e-05,0.0001028383562971387,1.1753544043206074
2014-08-25,6.652021183637015e-05,0.8304655662969631,0.00011547882221903111,1.367048129669665,7.278629522697696e-05,0.00010669470345068945,1.094198187552686
2014-08-26,6.338834696697776e-05,0.8371736655500955,0.00012878512951190437,1.3678792751574604,7.564028060628775e-05,0.0001067875908651202,1.1932836905447723
2014-08-27,6.228211919321129e-05,0.8434433823881212,0.00013527649939639946,1.3617929910583222,7.741922222319153e-05,0.00010764367226742001,1.2430409116783903
2014-08-28,6.139493236265438e-05,0.8425110269178228,0.00014597280834287977,1.3300024685054852,7.975865799913732e-05,0.00010900400912038671,1.2991081662572743
2014-08-29,6.15753093611576e-05,0.8401897920846098,0.000154575726892308,1.3327467460036495,8.196932347728509e-05,0.00010901280132988871,1.3312044117636583
2014-09-02,7.761239871585492e-05,0.8361254524050351,0.00016227502336069646,1.3324937567070436,9.383456329960227e-05,0.00010936549487356707,1.2090151168132037
2014-09-03,7.595624179294328e-05,0.8338825871104284,0.00016801421575258818,1.3434677934815926,9.420189815242051e-05,0.00011141441125761107,1.240212732078226
2014-09-04,7.498131031863036e-05,0.8409234848700315,0.00016138324493191969,1.3366119279158588,9.250436280777233e-05,0.00011118000708799876,1.2336989366373885
2014-09-05,7.387822741090312e-05,0.8466755042353105,0.00016616371503059497,1.335864140707755,9.380874483931655e-05,0.00011059503278809098,1.2697752521532755
2014-09-08,7.348698808482049e-05,0.849377054858408,0.0001680664829542092,1.336343799030875,9.439441615668373e-05,0.00011062360641532263,1.2845051704627135
2014-09-09,8.133593066383054e-05,0.8489530731973276,0.000176362736400449,1.3364098633172692,0.00010167831002375017,0.0001092301906264022,1.2501032347437777
2014-09-10,8.008754908927675e-05,0.8455320532672269,0.00018161252375474915,1.341164729103127,0.00010197306528912335,0.0001093638366513839,1.2732698958667088
2014-09-11,7.945435898388616e-05,0.8433665735139747,0.00018222477801874818,1.3404723900425757,0.00010147965053701432,0.00010930643276234843,1.2772068371679273
2014-09-12,7.986652544186676e-05,0.8436294855642059,0.00018234917297745194,1.350435824516056,0.00010180897025412861,0.00010888183100195505,1.2747389433916632
2014-09-15,7.976789477234261e-05,0.8446119651402357,0.00018060701298363232,1.351465606002251,0.00010137680496748794,0.00010891087612593233,1.270897336037476
2014-09-16,8.12776222335961e-05,0.849961010147546,0.00018017984336923278,1.3600106852645224,0.00010285788772396863,0.00010894504428477162,1.2655130021932695
2014-09-17,8.038458733415224e-05,0.8514493394653543,0.00018529969977318112,1.3587709277278883,0.00010391603416409699,0.00010896474512146283,1.2927358043417754
2014-09-18,8.052555846541116e-05,0.8532332245984581,0.00018992111535519974,1.3557728488779104,0.00010551671380607582,0.00010804701462629076,1.3103505994484885
2014-09-19,7.686942885417954e-05,0.8462191058629221,0.0001807051827845118,1.3836612107036383,9.973439511441153e-05,0.00010982692212420012,1.297452011821326
2014-09-22,7.562338268336147e-05,0.8413705278176923,0.00018199286714170202,1.3628423733464812,9.870576721123784e-05,0.00010605260395739514,1.3052281412023496
2014-09-23,7.716105522203933e-05,0.8458994447037342,0.00018955112191905944,1.3475945243495122,0.0001023012637369557,0.00010358303948190699,1.3258147318303604
2014-09-24,7.845740621167833e-05,0.8505194735111851,0.00019240516202554458,1.358793529500026,0.00010449838885699007,0.00010307237734846333,1.3319123573248532
2014-09-25,8.684570042440597e-05,0.8672879923053353,0.000200727212074038,1.3943625273171645,0.00011450926339810549,9.659562315044338e-05,1.3185369320359044
2014-09-26,7.784867175631449e-05,0.8740479755177012,0.00019996806909868258,1.4154806073476198,0.00010905389995322445,9.859595852069733e-05,1.4008447092660747
2014-09-29,7.945972408695768e-05,0.8759426925705359,0.00019861377835462244,1.4132744452673964,0.00011004084254013472,9.915262220799371e-05,1.3848631341799051
2014-09-30,7.034453028421699e-05,0.8758115543521513,0.00019469731074697242,1.4272728022955712,0.00010249573966301846,9.992376009813787e-05,1.4570534375437454
2014-10-01,6.051441443903661e-05,0.8837259603676634,0.0001900761013693497,1.452215948220512,9.477870892913016e-05,9.446282543276155e-05,1.5662170708866738
2014-10-02,5.727685640094654e-05,0.8821538655735764,0.00018619852396333859,1.4495996265169706,9.110076953167789e-05,9.423471583891633e-05,1.5905336859613752
2014-10-03,5.732458945014978e-05,0.8702947077196668,0.00016398872039206038,1.480489528509044,8.438083285644827e-05,9.527661860560458e-05,1.471983204168029
2014-10-06,5.950629355094935e-05,0.8668994902012905,0.00016575606032615987,1.479712456098352,8.609638280619394e-05,9.515885141904186e-05,1.4468449918239006
2014-10-07,5.823383972398379e-05,0.8643144298710406,0.00019191898508249397,1.4424902394894812,9.137311827135215e-05,9.343747929611043e-05,1.5690725307560278
2014-10-08,6.403572465426801e-05,0.8608147224919863,0.00020029295798777572,1.4806967291525737,9.748856787686843e-05,8.74613357180842e-05,1.5224090678010431
2014-10-09,6.579132724406009e-05,0.8637596970493232,0.00020537323659607835,1.551457193852548,0.00010040357660427403,8.662000805349778e-05,1.5260913681193273
2014-10-10,6.388921163395802e-05,0.8563258470586134,0.00021056553114254852,1.500876009364377,9.932222899930375e-05,8.061736653373537e-05,1.5546009484097716
2014-10-13,7.100010076144222e-05,0.8567403697303714,0.00019351085468536204,1.4132438600254758,0.00010042258107571002,6.856971215182308e-05,1.4144005430798792
2014-10-14,5.126108009219706e-05,0.8481367348358787,0.00017806267301080205,1.3035907495554286,8.103006636187403e-05,7.285357925279356e-05,1.5807327160515372
2014-10-15,4.732231652345586e-05,0.8431076488242194,0.00016809980930058643,1.2699597535079905,7.519684816090225e-05,8.334311750713119e-05,1.5890356534771506
2014-10-16,5.30327919984953e-05,0.8398011493211006,0.00015770362669513565,1.2791199921572527,7.680147325597324e-05,8.40222413153323e-05,1.4481883823531736
2014-10-17,4.626798859027275e-05,0.8207138049210267,0.00020676858728483719,1.1848262701761596,8.027389365005532e-05,7.55358338260292e-05,1.734976948337276
2014-10-20,4.9165393824874467e-05,0.8214452345271733,0.000193804642849225,1.2177266752115778,8.018450713425286e-05,7.603927344986713e-05,1.6309135531359205
2014-10-21,6.127847379397686e-05,0.8203707197256462,0.0002016509949990429,1.1612569752508908,9.11935885817509e-05,6.414218108599666e-05,1.488183091640811
2014-10-22,6.0122674099070425e-05,0.814636773691268,0.0001908287707598086,1.1147089033839728,8.725796523318054e-05,5.9687764979144686e-05,1.4513320729779327
2014-10-23,6.055871725038731e-05,0.8123097251884867,0.00018691336116567658,1.057704316321613,8.642316361219418e-05,5.42693117763429e-05,1.4270969983539645
2014-10-24,5.99990058104541e-05,0.812758815078054,0.00017818952357034405,1.0590838664885225,8.403782404723715e-05,5.448544808762828e-05,1.4006536093735502
2014-10-27,5.8561423507449295e-05,0.8137908469061664,0.00016908943216768996,1.0380781539619022,8.097982728605677e-05,5.616627774001737e-05,1.382818627620207
2014-10-28,5.4522480778452264e-05,0.8122760361747845,0.00015798800762182577,1.0203791451884914,7.538822290582435e-05,5.2700228667630824e-05,1.3826997933597034
2014-10-29,5.3729820257279105e-05,0.8106244925440264,0.00014380791097914656,1.027471789959956,7.125556765135053e-05,6.122724964947456e-05,1.3261828777790692
2014-10-30,5.3551839514494966e-05,0.8104153976613613,0.00013454952576540596,1.005391234495845,6.879168801850789e-05,6.118797810094823e-05,1.2845812327303514
2014-10-31,5.56093263598845e-05,0.8112783611579645,0.00012642791481190134,1.0060052943322757,6.802447474691311e-05,6.17730960603633e-05,1.2232565866143033
2014-11-03,5.4562010343014535e-05,0.8081364206141526,0.00011988443526313426,1.0051663046562933,6.535988244576832e-05,6.857950084132441e-05,1.1979009210780704
2014-11-04,6.02491600622342e-05,0.8075946938000229,0.00011497532019267565,1.0294336266153974,6.72157840710203e-05,7.155262966015593e-05,1.1156302262403317
2014-11-05,6.0354415020847636e-05,0.8003208987028445,0.00011435695040831817,1.0064723332791672,6.648902475667831e-05,7.058854911990056e-05,1.101643098250752
2014-11-06,5.86925643313682e-05,0.7964026112524307,0.00011014991555598804,1.0039458826754315,6.403483604953473e-05,7.021523907940184e-05,1.0910212695428498
2014-11-07,5.828791566618652e-05,0.7899103650004965,0.00010608100180485493,1.0029215545362862,6.211348280920305e-05,7.089735566005845e-05,1.0656322515446506
2014-11-10,5.7340540123530906e-05,0.7847102535904839,0.00010329202532992284,1.0221924672320193,6.039119366145234e-05,7.37628494827426e-05,1.0532023858050394
2014-11-11,6.57571982494724e-05,0.7894591104228095,0.00010125178173709205,1.014019260418724,6.441731641025575e-05,7.729425832894963e-05,0.9796237997529434
2014-11-12,6.673646336542344e-05,0.7924706880382751,0.0001006836455857202,1.0176740182552555,6.49597384388538e-05,7.768531869802858e-05,0.9733769990650992
2014-11-13,7.11343776232816e-05,0.7945969424763604,9.998027688901077e-05,1.0134282109438135,6.701064917301809e-05,7.795154344290767e-05,0.9420290359170324
2014-11-14,6.859476809423724e-05,0.7944250277370585,9.96456734063638e-05,0.9561848895244852,6.567916716399851e-05,7.825714776701342e-05,0.9574952870132428
2014-11-17,6.853595565786147e-05,0.7958219176733864,9.924340393395013e-05,0.9021368557644472,6.563355952608202e-05,7.44786547245101e-05,0.9576514822924697
2014-11-18,7.650833651469074e-05,0.7818450513005534,0.00010090724369153593,0.9014245470312742,6.86967581816782e-05,7.385668661685532e-05,0.8978989912881898
2014-11-19,7.466095393809579e-05,0.7752088007945924,0.00010137101850733313,0.896915882120777,6.744074618763081e-05,7.696186056753277e-05,0.9032933900569832
2014-11-20,7.31046489834875e-05,0.7709416955906679,0.00010085638380261354,0.8988534684562285,6.61981311555475e-05,8.020929963212281e-05,0.9055256003007414
2014-11-21,7.04730363634149e-05,0.7658119482957748,0.00010659158975495423,0.8705019912879317,6.637355810140435e-05,7.887580988585629e-05,0.941829123966358
2014-11-24,6.987047932397521e-05,0.7659383449832903,0.00010081315782801693,0.9138257404513364,6.428346568652077e-05,8.55268909262931e-05,0.9200375653421726
2014-11-25,8.166110492431963e-05,0.7508272578904944,0.0001045348840903216,0.9393961772161122,6.937105155106303e-05,9.15375260740403e-05,0.8494993009873361
2014-11-26,7.228929035700332e-05,0.7395364420350242,0.00010878453324132978,0.9424031060852228,6.558131740443112e-05,9.63246251745295e-05,0.9072065458182722
2014-11-28,6.63644735069259e-05,0.7256848666984557,0.00010239347314970936,0.9446407852701127,5.9820774331523e-05,9.674590712948185e-05,0.9013975576146175
2014-12-01,6.796408095783602e-05,0.7229311747904432,0.00010535565955474326,0.9395786043051372,6.117382164153384e-05,9.745248901750995e-05,0.9000904710163776
2014-12-02,6.956629167082881e-05,0.7229598901676408,0.00010469782752678189,0.9454813956350664,6.1699616556148e-05,9.731917022188018e-05,0.8869182915210709
2014-12-03,9.973973303376368e-05,0.7306154481037463,0.00011621452764118253,0.9284358484993472,7.865985872453386e-05,9.558045969496245e-05,0.7886511857607047
2014-12-04,7.195368455764464e-05,0.7312927115317008,0.0001137394195691181,0.921914995719474,6.615661378214307e-05,9.734487782173004e-05,0.91943330197556
2014-12-05,6.914099334132158e-05,0.7354577161153983,0.0001142861793155786,0.9209377765399858,6.53766063873635e-05,9.718817200940359e-05,0.9455549194184295
2014-12-08,6.652863915801598e-05,0.7345174424439002,0.00011696520530956769,0.9167250933231206,6.479399784621295e-05,9.767045442270914e-05,0.9739263972064274
2014-12-09,5.578278936298998e-05,0.7362217924203406,0.00011701963666958924,0.9210455851080572,5.948235501642624e-05,9.841424394816196e-05,1.0663209153877629
2014-12-10,7.622608908783083e-05,0.7517157091410922,0.00010961260237479704,0.9031753435359688,6.871249043343108e-05,9.079380766692069e-05,0.901430091136615
2014-12-11,6.0199482263474304e-05,0.7519551533436998,0.00010159978903408682,0.9038863989520658,5.880777135266035e-05,9.048134322289541e-05,0.9768816797340072
2014-12-12,5.635062229218622e-05,0.7473209128130426,0.00010675364260635798,0.8746131959785145,5.796259826816705e-05,8.178224694908383e-05,1.0286061787857905
2014-12-15,5.5088696774690915e-05,0.7539129266591422,0.00010103255942416806,0.8829891836878626,5.624489580041171e-05,8.174714532116975e-05,1.0209879538528488
2014-12-16,5.154869882225274e-05,0.7502775200518468,8.973667685144622e-05,0.9157578561865783,5.102884978667398e-05,8.298499850336803e-05,0.9899153800686362
2014-12-17,8.951914955443635e-05,0.7637814887194597,9.723951434512303e-05,0.9391427553743842,7.126043889436842e-05,7.812301477491524e-05,0.7960357001720078
2014-12-18,9.913276275332198e-05,0.7757227264506026,0.0001122327733703631,0.8880279508540254,8.182291877674612e-05,6.265456594842708e-05,0.8253872534587885
2014-12-19,7.377698274922788e-05,0.7761019706501127,0.00011313456855785773,0.8950337797905704,7.090500527307257e-05,6.31434808960688e-05,0.9610721749638729
2014-12-22,6.996587850894997e-05,0.787211811953696,8.324774377550844e-05,0.9065650316251856,6.007876321943927e-05,6.390399099703937e-05,0.8586866126715476
2014-12-23,6.063494070426503e-05,0.7858923187956095,8.890902283844412e-05,0.9264136896809614,5.770287355841193e-05,6.601676365373981e-05,0.9516439348039659
2014-12-24,5.292955813268682e-05,0.7640927745744454,7.568863007302893e-05,0.9285171758734068,4.836270120330952e-05,6.659479396593066e-05,0.9137182117045293
2014-12-26,5.0003308753932844e-05,0.7518847132041125,7.52172547425413e-05,0.9426151567658124,4.6111512305782296e-05,6.785309288839544e-05,0.9221692214948786
2014-12-29,4.966432774890378e-05,0.7448056565926516,7.191029003665583e-05,0.942871200157178,4.4510325184770224e-05,6.786050793936607e-05,0.8962232492063216
2014-12-30,4.653062419950052e-05,0.73789134411931,7.926882335238386e-05,0.9318086181626656,4.481393304622792e-05,7.073231880747173e-05,0.9631062083776853
2014-12-31,4.3755181092948726e-05,0.7386271177623406,8.490657741146366e-05,0.9448902876437468,4.5020535702571786e-05,6.986851053891438e-05,1.0289189663490383
2015-01-02,6.483180836307134e-05,0.7325171236246004,8.989382526560741e-05,0.9649918688173128,5.592123832600449e-05,7.730312361030331e-05,0.8625586689304447
2015-01-05,8.284505496642122e-05,0.7387830042993948,0.00010898520656218981,0.956532573454697,7.019949161588701e-05,6.94362296542588e-05,0.8473588634148446
2015-01-06,7.372029621424698e-05,0.7410953984090808,0.00011335319569459802,0.9971849199088658,6.774613709751696e-05,7.342429376579014e-05,0.9189618134554446
2015-01-07,7.097584833724285e-05,0.7423985321206025,0.0001177088264679906,1.0313902841103824,6.78573531533773e-05,7.375097213240595e-05,0.9560625866837409
2015-01-08,6.58935484829367e-05,0.7449150662246447,0.0001260018316689022,1.041065307058822,6.787606161335739e-05,7.136706759420847e-05,1.0300866044713628
2015-01-09,5.142752848602693e-05,0.7473198819190705,0.00013217569018606086,1.019684724071387,6.16141067444089e-05,6.85257710074792e-05,1.1980763719016694
2015-01-12,5.214866604959718e-05,0.7565231961140532,0.0001248360773730541,1.0401238291763548,6.103991320452836e-05,7.123196832286419e-05,1.1704980746099038
2015-01-13,5.1084978694142575e-05,0.7615198723319065,0.0001242347561816635,1.0578933857565636,6.066656497626232e-05,7.282997505691352e-05,1.1875617163214824
2015-01-14,5.779000718727771e-05,0.7640112204268152,0.00012265025945526245,1.0821860482946184,6.432211950979236e-05,7.359400179159178e-05,1.1130318655498053
2015-01-15,5.577655409897309e-05,0.7642031537390794,0.0001276931326734202,1.068231818386097,6.449386977129964e-05,7.028913455249003e-05,1.156289964719908
2015-01-16,7.006830803083834e-05,0.7691625360399175,0.00013438099773412982,1.0729842279528186,7.463591623106928e-05,6.813374305860376e-05,1.0651879334409025
2015-01-20,6.698197984101967e-05,0.774094356301076,0.00013736816290138503,1.0966728150635956,7.425333023269896e-05,7.545614113413318e-05,1.108556814966319
2015-01-21,5.396910834789416e-05,0.7813030000625066,0.00013842742747928333,1.097389348086264,6.753100102955223e-05,7.512786255190826e-05,1.2512899155983044
2015-01-22,5.806897077464812e-05,0.7943099264696386,0.00013825143141975185,1.181520683325987,7.116998471074263e-05,7.524356368879506e-05,1.2256112646965354
2015-01-23,5.910063936486745e-05,0.7816956634782045,0.0001664230745966442,1.2693425682506112,7.752478364019291e-05,8.404671216237049e-05,1.3117418774707494
2015-01-26,6.288399592442454e-05,0.8006459822587894,0.00016298036708056274,1.2602104026765275,8.105470694106964e-05,8.563819276273344e-05,1.288956049142982
2015-01-27,6.964065036165525e-05,0.8166468551206872,0.0001616560283009938,1.300465130358781,8.664862099094508e-05,8.341039332975444e-05,1.2442247529419193
2015-01-28,7.988841611727443e-05,0.8272568988819884,0.00016148219430509055,1.3285891047811595,9.396034963373797e-05,8.006539160737367e-05,1.1761448555420881
2015-01-29,8.021798542057233e-05,0.8317596819465287,0.0001506249932608885,1.3581820303680758,9.1428640199106e-05,8.073569620467454e-05,1.1397523849515503
2015-01-30,7.830236811365751e-05,0.8381405377920977,0.00016829740116281218,1.3180990459716162,9.621504772047294e-05,7.331902010801547e-05,1.228762935762234
2015-02-02,6.708254753246161e-05,0.8542542824879211,0.00017112530893550833,1.290193807263549,9.152696483344428e-05,6.80507148634388e-05,1.3643930977599483
2015-02-03,8.067150173734702e-05,0.8652185573415465,0.00016848916916349202,1.3127614042671012,0.00010087229245716953,6.400170525470437e-05,1.2504080162731186
2015-02-04,7.910110058857453e-05,0.8662805117751706,0.00016154682929902202,1.30270357791528,9.792622809749571e-05,6.36618760980991e-05,1.2379881868753708
2015-02-05,8.520627788871464e-05,0.8683443462670529,0.00015136833453113237,1.3088622256689963,9.861552572903046e-05,6.198914642782183e-05,1.157373942068321
2015-02-06,8.507292515013707e-05,0.8669846372856704,0.0001476030942069232,1.3040242046416568,9.715268681110005e-05,6.15383717725335e-05,1.1419930211597236
2015-02-09,6.296753465448077e-05,0.8737747716562687,0.00013094768435821977,1.3144045274822096,7.934266023952181e-05,6.174660906946836e-05,1.2600566414882783
2015-02-10,6.653518645016198e-05,0.8794888511340047,0.0001289053705017394,1.3410629288518352,8.145008339863214e-05,5.9910549939401886e-05,1.2241655542611598
2015-02-11,6.58212274519105e-05,0.8813677073579442,0.00012798399351559369,1.3738825634128466,8.089430560836744e-05,6.573160976296748e-05,1.229000259338364
2015-02-12,6.625281595902424e-05,0.8836092615551041,0.00012915107965151838,1.369618422196916,8.173563684173541e-05,6.525438923155581e-05,1.233693023588415
2015-02-13,6.59493776327874e-05,0.8854068855106382,0.00013883393394595935,1.3691267233292097,8.472197292579705e-05,6.476320808576481e-05,1.2846515913696304
2015-02-17,5.2818371217651516e-05,0.8770058695027652,0.00012956895154672693,1.378322935328104,7.255134607715125e-05,6.58698434156399e-05,1.3736005939710825
2015-02-18,4.925751255554142e-05,0.8740976024197044,0.00013099429976055698,1.3840578391790466,7.021378194514217e-05,6.63298511955978e-05,1.4254431111593593
2015-02-19,5.2538640297651296e-05,0.8654303762356712,0.00011928190598445467,1.3772251445519066,6.851076772456097e-05,6.612751375397022e-05,1.3040072475500226
2015-02-20,5.811623348480445e-05,0.8632725585548511,0.00012174134488221388,1.3673354640078383,7.261322294960792e-05,6.512141267842013e-05,1.2494481936547723
2015-02-23,5.7842904366347e-05,0.862623437806452,0.00012650254053301862,1.3666428722069628,7.378973035131731e-05,6.540324969385223e-05,1.2756919999032443
2015-02-24,5.363774172174018e-05,0.858024290903493,0.00012402634155281864,1.3833676831223072,6.998287694723656e-05,6.64610361801762e-05,1.3047319797744477
2015-02-25,4.6420168910813084e-05,0.8434318303148731,0.00010944774560963428,1.356571034237284,6.011830885764868e-05,6.81459517106139e-05,1.2950902650344462
2015-02-26,6.082008377129165e-05,0.8404963136556759,0.0001167931730426881,1.359638305670858,7.083828669924663e-05,7.199953696280822e-05,1.1647186637497495
2015-02-27,6.477291200020017e-05,0.8376783461408551,0.00012444743073116097,1.3508387898123646,7.520850704115249e-05,7.142434606548359e-05,1.1611104815068385
2015-03-02,7.10002492943561e-05,0.8347395440113904,0.00013671066470045216,1.300659812540624,8.223981449158756e-05,7.138664090036428e-05,1.1583031793400322
2015-03-03,6.22129036386534e-05,0.8383356207722371,0.0001381165903936412,1.3010314812781725,7.771074629335151e-05,7.140993039772316e-05,1.2491097786515974
2015-03-04,6.357489191775788e-05,0.8423537623942384,0.00013797162223435806,1.2864657994390034,7.889186457995834e-05,7.066527145151132e-05,1.2409280173376447
2015-03-05,6.337223751236057e-05,0.8447375031214566,0.0001355629106448268,1.258359021345002,7.829639002393891e-05,7.398781622308422e-05,1.235499851313715
2015-03-06,6.737776824421294e-05,0.8498864286810138,0.00013518043288044144,1.268323543146702,8.111032126801283e-05,6.933488919712352e-05,1.2038143052471817
2015-03-09,6.459093954914395e-05,0.84756856545498,0.00013597518807944217,1.2557339189857204,7.943108160120446e-05,6.851240824904892e-05,1.2297557854963452
2015-03-10,6.248974140729342e-05,0.8586169549519567,0.00014319857405250278,1.265440759629475,8.122190486096734e-05,6.101145498807209e-05,1.299763817737412
2015-03-11,5.4252554100076106e-05,0.8533279343292743,0.0001309695223930101,1.287454566086448,7.193018529462048e-05,6.455381752776817e-05,1.3258396123053602
2015-03-12,5.508043688697334e-05,0.8568457759405822,0.00013516294857998277,1.2799895804950965,7.39316122222867e-05,6.003684502526463e-05,1.3422481084163604
2015-03-13,5.707193087433516e-05,0.8542826605300613,0.00013525425892181326,1.2572124016667428,7.505650697759265e-05,5.7803414893774795e-05,1.3151212133133736
2015-03-16,5.2149496476829495e-05,0.851014748672382,0.0001301433238934767,1.268849664074588,7.010889041933695e-05,5.373862292365678e-05,1.3443828829773454
2015-03-17,4.691748238540657e-05,0.8413889927338599,0.00012122158807500788,1.262213948574245,6.345329230405523e-05,5.3153140285313576e-05,1.352444527666984
2015-03-18,5.051902620859181e-05,0.8372592791205774,0.0001235761928200808,1.2546208325076302,6.615380980492773e-05,4.921888915775672e-05,1.309483075381942
2015-03-19,5.142834644805491e-05,0.836623751439022,0.00012297817994403682,1.2499652220985291,6.653428603995554e-05,4.8562470117230714e-05,1.2937278881240786
2015-03-20,5.066833282542825e-05,0.8275305679335856,0.00013255058661412446,1.1904349097974862,6.781771913856821e-05,4.9065886913797794e-05,1.3384635995864742
2015-03-23,5.007282454924587e-05,0.822773727796271,0.0001264114518093652,1.1522008602872762,6.545979943307844e-05,4.963373518551948e-05,1.3072919297512309
2015-03-24,4.2218867344400384e-05,0.8035930064205279,0.00012077745230493375,1.1625354193592647,5.738288372388134e-05,4.919415188148549e-05,1.3591762956542748
2015-03-25,4.692159710753298e-05,0.7989311296940846,0.00012653843010864996,1.15907436735088,6.156118308546267e-05,4.4115070199084495e-05,1.3120010161712803
2015-03-26,4.732340893496746e-05,0.7892541259406535,0.00012140369700804861,1.1658875541840064,5.98233635836317e-05,4.418761968926129e-05,1.2641389310275992
2015-03-27,4.354358066573599e-05,0.7792006072574873,0.00012010004395059496,1.154368388218488,5.6348574655579086e-05,4.374903120453029e-05,1.2940730595432917
2015-03-30,4.5502666776921666e-05,0.7751882198766079,0.00010499419000446582,1.1172317927641555,5.3580680264215515e-05,3.9023375323295686e-05,1.177528352940204
2015-03-31,3.983451498744685e-05,0.7723233103230093,0.0001009703316793119,1.156734527760525,4.8980791777090204e-05,4.02647820885921e-05,1.2296068319778877
2015-04-01,4.176214734580363e-05,0.7649544282547922,9.880433397702136e-05,1.138115365299811,4.913771660228074e-05,3.932843533239084e-05,1.1766089563212612
2015-04-02,4.894523588776545e-05,0.7595857448633385,9.51937901559024e-05,1.1289965937602116,5.184851569312804e-05,3.9826737587959176e-05,1.0593169029161489
2015-04-06,4.8199312485919956e-05,0.7545598101577201,9.832431617658755e-05,1.1191553095125106,5.194509667926714e-05,3.837630949091298e-05,1.077714473509169
2015-04-07,4.533264144371158e-05,0.7576511529171704,8.686681536942892e-05,1.1085228917398455,4.754466055773188e-05,4.1248171555119e-05,1.048795284006711
2015-04-08,4.177649686660928e-05,0.7651600772147169,8.136322311999426e-05,1.1160553002398617,4.461001655294374e-05,4.1509509993976065e-05,1.0678256890562599
2015-04-09,4.664355209638432e-05,0.764503068242212,8.159062391864232e-05,1.1119109304746624,4.716232079215904e-05,4.250456316200656e-05,1.0111219809053722
2015-04-10,4.853778747139849e-05,0.7679610461408967,8.473603347147883e-05,1.1237325256669928,4.925079494500909e-05,4.267584257145586e-05,1.0146897399068868
2015-04-13,4.467938122611643e-05,0.7693694823646741,8.796995105287371e-05,1.1017334599999218,4.823426952031921e-05,4.205990694739117e-05,1.0795644030120284
2015-04-14,4.646938254229903e-05,0.7723699074411062,8.93501442508222e-05,1.1035699474231546,4.976871465877371e-05,4.210565767985997e-05,1.0710001281697996
2015-04-15,4.691423215315267e-05,0.7689746352488717,8.927230139055594e-05,1.109908139133918,4.9764848521336974e-05,4.4488024607468276e-05,1.0607622940279273
2015-04-16,4.176974619173272e-05,0.7645435500161423,8.768709533136386e-05,1.067656895831972,4.6270158695389284e-05,4.495601988466837e-05,1.1077433528803033
2015-04-17,4.332386275975345e-05,0.763671425021909,9.68471125419453e-05,0.9875025432382352,4.9466759891669917e-05,3.898898731768286e-05,1.1417901530613985
2015-04-20,4.305137811564542e-05,0.7648720504783505,9.421401138019941e-05,0.9894867864809536,4.8712460675774814e-05,3.734043960109212e-05,1.1314959661668085
2015-04-21,4.4326391543702614e-05,0.7689857176047789,9.374186464312067e-05,0.9781702798191004,4.9569696156249935e-05,3.810719762905429e-05,1.1182885506792901
2015-04-22,3.760113128202133e-05,0.7661552202692709,9.22543368771672e-05,0.977062294714574,4.512431440470693e-05,3.7738749907067464e-05,1.200078637694679
2015-04-23,3.981692672329287e-05,0.763824230913831,8.940251104451936e-05,0.9688539567203426,4.557242699400939e-05,3.727017036003705e-05,1.1445490836275305
2015-04-24,4.472325784062566e-05,0.7638176163705823,8.817155798233203e-05,0.942269251490756,4.7964579777275455e-05,4.534581232367471e-05,1.072475085518154
2015-04-27,4.8016264703360416e-05,0.7639747548485413,8.625194512966912e-05,0.9472930818063146,4.916518106058584e-05,4.5468210964071406e-05,1.0239276496063012
2015-04-28,4.837591330570472e-05,0.7627184888668255,8.455264462941578e-05,0.94877042996868,4.87800746699815e-05,4.6794084119169556e-05,1.0083545991519114
2015-04-29,4.7158652268819175e-05,0.7646762857516598,8.584932312910122e-05,0.9353147872800333,4.865491881077034e-05,4.5839038284334835e-05,1.0317283567270323
2015-04-30,4.7296624411946914e-05,0.773344039550971,8.585847792481927e-05,0.938143048746475,4.9280988235480904e-05,4.4070385997878114e-05,1.0419557177326326
2015-05-01,5.0018555724514286e-05,0.7755008558798626,8.867281812985779e-05,0.904479064635762,5.1646763444309656e-05,4.086280102832962e-05,1.032552073849613
2015-05-04,4.992916004912971e-05,0.7784266775926371,8.646736346371389e-05,0.9322270248582484,5.114709235972245e-05,4.75864709207802e-05,1.0243932064828312
2015-05-05,5.102770643270727e-05,0.7863656922968175,8.246042179973524e-05,0.9334532436925148,5.100941676631289e-05,4.523058178383943e-05,0.999641573810132
2015-05-06,5.61480236098465e-05,0.7887547301546658,8.105290174775773e-05,0.9305066329156508,5.321002921760338e-05,4.8211332059885885e-05,0.9476741262941285
2015-05-07,5.2055366505413186e-05,0.7925238862091862,7.863857761472458e-05,0.9487436527353192,5.070641885141192e-05,5.140702947032208e-05,0.9740862903374047
2015-05-08,4.9463315458690945e-05,0.7992569543008103,8.076764518071003e-05,0.9572512716036704,5.051806947372677e-05,4.8552816420668014e-05,1.021323965149823
2015-05-11,4.237087867236375e-05,0.798913333062671,8.33640937055339e-05,0.9786358652719284,4.7481334962997845e-05,4.913558595770815e-05,1.1206124690061565
2015-05-12,4.7490306282055044e-05,0.8021290763262984,8.485649058111226e-05,0.9405856639943488,5.0920103521876645e-05,4.8344459805611944e-05,1.0722209964166436
2015-05-13,4.663897325113825e-05,0.7922389920904143,8.700405748046042e-05,0.9458869656200236,5.046618289721028e-05,4.862449413256552e-05,1.082060332363312
2015-05-14,4.9144732522979803e-05,0.7903008800596212,9.271186112391644e-05,0.9036013593095594,5.334559986305775e-05,4.4306729324430885e-05,1.0854795035889888
2015-05-15,5.102390807027307e-05,0.7831977504626163,8.877194846678148e-05,0.9119518354004847,5.271038244582561e-05,4.5013332398052636e-05,1.033052630410627
2015-05-18,5.1224895533544154e-05,0.7775354576716434,8.441627489789762e-05,0.920306735404117,5.112976959948988e-05,4.5265985545712925e-05,0.9981429745622032
2015-05-19,5.107054978153525e-05,0.7654429564624967,8.262801680604804e-05,0.9166891327028468,4.9723508186893017e-05,4.569666920906978e-05,0.9736239065292134
2015-05-20,4.960583034370502e-05,0.7737125351566345,8.086579135269987e-05,0.9402810189986412,4.9003648418644805e-05,4.9015920378997426e-05,0.9878606623276365
2015-05-21,4.7917991249736124e-05,0.7725270198615806,7.73604438121992e-05,0.9540638533266144,4.7035141670661326e-05,5.00568802847212e-05,0.9815758224406024
2015-05-22,4.8649795894238564e-05,0.7742358251672323,7.845686768035672e-05,1.0220108129164045,4.783318030061299e-05,5.732207914645592e-05,0.9832144086400518
2015-05-26,5.2044924254716454e-05,0.7902549776751968,7.223663630061192e-05,1.041822678795916,4.845461954034499e-05,5.693728207159948e-05,0.931015276402365
2015-05-27,5.41376103742017e-05,0.7958237384854585,7.23824830428646e-05,1.06166220511286,4.981764220968898e-05,5.5827131146735954e-05,0.9202039370660636
2015-05-28,5.2639353679274204e-05,0.8078139194809473,7.510845930538902e-05,1.0642113056163518,5.079383841777198e-05,5.598235182481073e-05,0.9649403890339014
2015-05-29,4.7121939363217764e-05,0.8103000994838957,7.395321369479366e-05,1.0436056709532675,4.783392254311909e-05,5.4271475929039196e-05,1.0151093777022488
2015-06-01,4.566975475334599e-05,0.8169222038950592,7.666522274951668e-05,1.046523760933097,4.833861924518104e-05,5.438032353417791e-05,1.0584383364055512
2015-06-02,4.848176142599366e-05,0.8206884401180948,7.773955908544422e-05,1.0586284100608727,5.038352486859604e-05,5.5283864009007114e-05,1.0392263685696606
2015-06-03,4.583723039523311e-05,0.8201811139663253,7.34092122484706e-05,1.0279761778606846,4.757669074180385e-05,5.496833044109108e-05,1.0379486354557677
2015-06-04,5.208668778062701e-05,0.822680984130573,7.863052350766915e-05,1.0151332889532063,5.264903471957462e-05,5.2797544123484215e-05,1.0107963658836598
2015-06-05,5.356843740955158e-05,0.82734679642547,7.872766846677927e-05,1.036365307165286,5.37286308436106e-05,5.757452646947895e-05,1.0029904444072968
2015-06-08,5.4875341169450945e-05,0.8307331819693204,8.144026951627142e-05,1.0734640162975695,5.553538354925971e-05,6.07189795012965e-05,1.0120280323683202
2015-06-10,5.7400521339002106e-05,0.8356124227123328,8.453030032970686e-05,1.081324841250442,5.820616850997143e-05,5.767885145924972e-05,1.0140355375208396
2015-06-11,5.7399555912391706e-05,0.8362971745281594,8.537749090216182e-05,1.0867818526929267,5.854456580780765e-05,5.804549093867497e-05,1.0199480619181716
2015-06-12,5.544172754801711e-05,0.8388836808625898,8.701258915959494e-05,1.0747473458159942,5.826545859159364e-05,5.677425515913233e-05,1.0509315125711216
2015-06-15,5.424960916028536e-05,0.8386910598181954,8.771776471833049e-05,1.0689264943728942,5.78554263726406e-05,5.621790284947781e-05,1.066467155582661
2015-06-16,5.423174022350414e-05,0.8390794755197231,8.44491300393867e-05,1.0789388095253103,5.6784193034436014e-05,5.75274083291804e-05,1.0470656630307733
2015-06-17,5.412494915971205e-05,0.8371300191177872,8.474880855498746e-05,1.0855950067256197,5.669678948566589e-05,6.829220540383755e-05,1.0475167250201907
2015-06-18,5.572982074389677e-05,0.8308892247553195,8.806080297272281e-05,1.1114128050882126,5.82074093676397e-05,8.990829777368906e-05,1.044457143243445
2015-06-19,6.241618085312648e-05,0.8368478188982054,9.057451754720942e-05,1.0533948961013857,6.292135969817076e-05,0.00012175176220184556,1.0080937160547043
2015-06-22,6.257165974145031e-05,0.8390848818340196,8.157632128768846e-05,1.0648701535688905,5.994828898093874e-05,0.0001238629628883072,0.9580741381745109
2015-06-23,5.295413252336654e-05,0.8342106839416673,8.348487259975187e-05,1.0687290741477051,5.546634785969295e-05,0.00016296767405221324,1.0474413462484324
2015-06-24,5.124155217210486e-05,0.8415406977139965,8.32480444483962e-05,1.0492327727456543,5.49633610431774e-05,0.0001753411972940663,1.0726326333474854
2015-06-25,5.1531038942745836e-05,0.8386028108227819,8.583586331177588e-05,1.0482688040176276,5.5773147324273945e-05,0.00017513387336226318,1.08232142158518
2015-06-26,9.885673436567757e-05,0.862210762833273,0.00010181248564803812,1.0475838907584902,8.650019568142988e-05,0.00017611846447658999,0.8750055950812614
2015-06-29,0.00010219846828200267,0.892683158646002,0.00012081656318057505,1.0704757070629067,9.919339929885086e-05,0.00019074655836743654,0.9705957532077709
2015-06-30,8.697755639475864e-05,0.9030983343040333,0.00012900237813408738,1.072708661029388,9.5661569192753e-05,0.00020075134223609067,1.0998419955440097
2015-07-01,9.667073925185136e-05,0.909601635607255,0.0001356309057004728,1.0743378600130482,0.00010415451078792161,0.00019907335874289135,1.0774150647237026
2015-07-02,9.521395937942913e-05,0.9143561278987569,0.00013592751478357218,1.081718449229809,0.00010402060628662615,0.0002050982290984993,1.092493232763301
2015-07-06,0.000172264093177785,0.9204603300713651,0.00015106916689033425,1.097733418098744,0.00014848766375813568,0.00022513706550150606,0.8619768694622223
2015-07-07,0.00016730584927433944,0.9242365266256015,0.00015682160762386262,1.094107986471855,0.00014970683932503321,0.00022670487009087754,0.8948093564831181
2015-07-08,0.00018325021701855255,0.9327729471612305,0.00018174591609369442,1.0933191010465158,0.0001702278136235552,0.00022150587153467992,0.9289364912802317
2015-07-09,0.00017483634785152047,0.9329664823812055,0.0001871753111854163,1.0904746203996345,0.00016877424991209317,0.00022148424723224044,0.9653270157268697
2015-07-10,0.0001852458943863911,0.9369808448406092,0.00019773383306543124,1.0941075607797508,0.0001793269247228961,0.00021779789972210166,0.9680480386186101
2015-07-13,0.00021177015433928543,0.9378079786679702,0.00021563895339119762,1.0883722656701051,0.00020040562515855162,0.00021758183498168108,0.9463355484808957
2015-07-14,0.0001959846645507268,0.9329067060218754,0.0002051578894332753,1.085810342641659,0.0001870653587619499,0.00021869620274178272,0.9544897769974838
2015-07-15,0.00017788056160659394,0.9297471616661994,0.00020034589707361067,1.0863376112228682,0.00017551705918138376,0.00021881509564626803,0.9867129808683797
2015-07-16,0.00018174519139179188,0.9295710391855809,0.00019632439442839001,1.103580084544803,0.00017559056757050103,0.00023021163901026803,0.9661359743597111
2015-07-17,0.00017984339911716185,0.9289809407562344,0.00019069298638536836,1.0916261192283785,0.00017203682353864237,0.0002287417572214386,0.9565923708246097
2015-07-20,0.0001933298802508964,0.9307644863630005,0.00018873657329965396,1.0937926236456306,0.00017779409306731332,0.0002321539262573597,0.9196410448120006
2015-07-21,0.00019419877324157122,0.9268764589997374,0.0002032933784322584,1.092218705810143,0.00018416483560903027,0.00023173062793670803,0.9483316116520502
2015-07-22,0.00018582236281108658,0.9187671016022122,0.00021641498949517742,1.0933645599452293,0.00018424601097692062,0.00023203704256202166,0.9915168884394795
2015-07-23,0.00018795658724473803,0.9189329312940143,0.00022074513594118992,1.0942453631455298,0.00018717944800964419,0.00023196129061535975,0.9958653258899518
2015-07-24,0.00019329917782205091,0.9271891138852696,0.00023355344892731276,1.074306860621368,0.000197004646678716,0.00023933269126457307,1.0191696048499301
