Date,Predicted_Index_Var,Predicted_Corr,Predicted_Var,Future_Beta_45d_BDX,Predicted_Covariance,Future_Cov_45_BDX,Beta_Predicted
2013-02-28,5.497886498863307e-05,0.6708153659898916,8.21380181898894e-05,0.8409985370126507,4.507886752461376e-05,4.6060416949269506e-05,0.8199308504083135
2013-03-01,5.488021190183326e-05,0.6729994729081631,8.253350261551498e-05,0.8336349552721005,4.5293695081153626e-05,4.561369569304942e-05,0.8253192455264663
2013-03-04,5.501029900576039e-05,0.6787044937069244,8.327334794841615e-05,0.8450254265881757,4.59362713099439e-05,4.619945180523848e-05,0.83504856618092
2013-03-05,5.845535101370509e-05,0.6773036325972949,8.339467236036153e-05,0.848147766323145,4.7289496999878095e-05,4.545628785945347e-05,0.808984912070597
2013-03-06,5.9250468430820016e-05,0.6859314402431912,8.361261781049017e-05,0.8438763984924545,4.8279472249512183e-05,4.553914395046585e-05,0.8148369713883797
2013-03-07,5.369174155549812e-05,0.6813569779174399,8.448479273257065e-05,0.8569017842961041,4.588996484337778e-05,4.6317196927547264e-05,0.8546931709403376
2013-03-08,4.524810700565277e-05,0.6675790987645963,8.570059004518991e-05,0.8542894906468197,4.15714185544717e-05,4.599049709302373e-05,0.9187438172668362
2013-03-11,4.8373919939468494e-05,0.6690119454124637,8.624847798978093e-05,0.8642707771719261,4.321308113110376e-05,4.8015730168394016e-05,0.8933136116563921
2013-03-12,5.1431479865635213e-05,0.673312515835878,8.607395594085958e-05,0.856619557898965,4.479887205742194e-05,4.7646990253825605e-05,0.8710399190235053
2013-03-13,5.5261000285198275e-05,0.673247533156537,8.583533020711738e-05,0.8698839312784576,4.636787391266716e-05,4.9108338260171505e-05,0.8390704777938457
2013-03-14,6.195858588029715e-05,0.663048136308851,8.629725564227805e-05,0.8651661496201256,4.848353749024593e-05,4.9886182108228145e-05,0.7825152366116818
2013-03-15,6.386120353979619e-05,0.6624420455291108,8.73360445988014e-05,0.8754584407614769,4.947242498018448e-05,4.9487426060828696e-05,0.7746866992469834
2013-03-18,6.402550064969363e-05,0.6554775579630148,8.752269030957019e-05,0.8735981921057758,4.9067580988495625e-05,4.83704819723947e-05,0.7663755923903177
2013-03-19,6.71640875084588e-05,0.6515336036256962,8.785087355761843e-05,0.8882566567227962,5.004704287374766e-05,5.052827693027932e-05,0.7451458767670242
2013-03-20,6.839791392936718e-05,0.6425234467874403,8.712231138774142e-05,0.8668446457248508,4.9599249267469e-05,4.908833857500401e-05,0.7251573391359407
2013-03-21,6.814178529168062e-05,0.6397322417537693,8.623006991382064e-05,0.8410607514423131,4.903818211764963e-05,4.5808733278081145e-05,0.7196492124141142
2013-03-22,6.79733209422515e-05,0.6429720523427754,8.637925581091692e-05,0.8475629891178282,4.926812895477246e-05,4.573429178357393e-05,0.7248156816794266
2013-03-25,7.243408887933498e-05,0.6420833299382923,8.642965807526348e-05,0.8672728981088379,5.0803577191381646e-05,4.742250786329603e-05,0.7013766304980141
2013-03-26,7.339742545776695e-05,0.63723449418397,8.623719540878802e-05,0.84028452299727,5.0697553463102164e-05,4.521847791820116e-05,0.6907265908430761
2013-03-27,7.311742529462491e-05,0.6243844319228482,8.606348824715873e-05,0.9066227490748874,4.953041688522243e-05,5.381102250567034e-05,0.6774092042442796
2013-03-28,6.422356192814954e-05,0.636922981287797,8.72532488705919e-05,0.90671412032615,4.767875614927646e-05,5.414595407746647e-05,0.7423872908609044
2013-04-01,6.678777769649997e-05,0.6461206363819803,8.925158304135275e-05,0.9244518140188316,4.9885011027051845e-05,5.540043086588012e-05,0.7469182648020056
2013-04-02,6.451960799026473e-05,0.6524099834690391,8.9318156395437e-05,0.9247159620924572,4.952635124005729e-05,5.97437597017289e-05,0.7676170513548416
2013-04-03,6.836168011312682e-05,0.6722796113370583,8.991375785689508e-05,0.9596116659803744,5.2707131207835045e-05,6.0800691303068996e-05,0.7710040350180658
2013-04-04,6.901245142532413e-05,0.6755008344173615,8.993584019313625e-05,0.9539052065136576,5.321768948716404e-05,6.312127656075475e-05,0.7711317072216883
2013-04-05,6.697476452894188e-05,0.6823092283570013,9.136680299644652e-05,0.9550585325763232,5.337416051139998e-05,6.250254732069372e-05,0.7969294238927164
2013-04-08,7.273438811092278e-05,0.6909721305341786,9.22675971024409e-05,0.947018861952556,5.660503080911366e-05,6.416115887084252e-05,0.7782430330312091
2013-04-09,7.022991067372413e-05,0.6945324769608031,9.355442281080162e-05,0.9396208986268958,5.6297068182927606e-05,6.529223201999779e-05,0.801610989432607
2013-04-10,6.636144982931065e-05,0.6984414687980257,9.412271907733041e-05,0.9460180435528572,5.519950487621891e-05,6.73568928411816e-05,0.8318007671351129
2013-04-11,6.716170407401359e-05,0.7370096711350541,9.867944867619819e-05,0.9320419533985844,5.99994676911233e-05,6.72485518449133e-05,0.8933583285052245
2013-04-12,6.98842565011876e-05,0.7549739560886121,9.953599867241826e-05,0.9492143832639576,6.296681610553414e-05,6.935347534252216e-05,0.9010157545922248
2013-04-15,9.593981606210937e-05,0.7779544318827053,9.779391152342758e-05,0.9951510798218248,7.535455484633118e-05,6.006362187152431e-05,0.7854356818606809
2013-04-16,8.836558039441448e-05,0.786794902873434,9.795793041838609e-05,1.0494265496725266,7.320199301845917e-05,6.437670397919149e-05,0.8283993913888922
2013-04-17,8.959564094882932e-05,0.7882277784629915,9.748584459743548e-05,1.0775611441796642,7.366580782736406e-05,7.658026543946238e-05,0.8222030340676592
2013-04-18,9.719405369416862e-05,0.7865388313024115,9.732346577721621e-05,1.0716248978875862,7.649777428665965e-05,7.517091400585665e-05,0.7870622880630948
2013-04-19,7.72897485213767e-05,0.7844105971830649,0.00010012579408785731,0.9446048852022024,6.900449566485116e-05,6.854810666794455e-05,0.892802693565059
2013-04-22,7.797978274745508e-05,0.7808545871826822,0.00010267898213289309,0.9243646831521378,6.987180359302399e-05,6.854211309390765e-05,0.8960245993414787
2013-04-23,8.499754389235151e-05,0.7745041773622906,0.00010328353117932507,0.9394533301624972,7.256755513546434e-05,6.948038475344599e-05,0.8537606125109966
2013-04-24,7.773768893068322e-05,0.7622510587279744,0.00010358686227707787,0.9234302245416712,6.840158857414004e-05,6.892083080670254e-05,0.8799025223805155
2013-04-25,6.90805921567358e-05,0.7556451503753395,0.00010316339383591289,0.9055705623851702,6.379090092519259e-05,6.77171946199239e-05,0.9234272453898263
2013-04-26,7.034557142953508e-05,0.7333431646382249,0.00010476574846946008,0.8918897770176571,6.295573364658749e-05,6.721495804419433e-05,0.8949494952877031
2013-04-29,6.776168711759701e-05,0.7298814186837125,0.00010645542406652493,0.9087112100989134,6.199095257088368e-05,6.768973402551193e-05,0.9148377971065197
2013-04-30,5.8041023931509805e-05,0.7181854626656067,0.0001070898957681544,0.9142940134086308,5.6621111516375993e-05,6.801124656501862e-05,0.9755360550356701
2013-05-01,6.311211636341748e-05,0.7134176450890499,0.00010678441868000425,0.908882283918331,5.856715964598334e-05,6.803139602505612e-05,0.9279859878052102
2013-05-02,6.214021471172626e-05,0.689803294695272,0.0001057339164952017,0.8621697386878595,5.591377296988802e-05,6.357417706202487e-05,0.8998001250764383
2013-05-03,7.476459886581012e-05,0.6872035335813951,0.00010718412527463349,0.8234589405041661,6.151749204228509e-05,5.984845882734452e-05,0.8228157841480382
2013-05-06,7.535412832838797e-05,0.674910241127255,0.00010825491589723819,0.8281575512430955,6.0956967976545256e-05,6.011016566525313e-05,0.8089399921249052
2013-05-07,7.392273390092128e-05,0.6631166745081948,0.00010916169716901803,0.817891452751383,5.956814805577285e-05,6.211062348765091e-05,0.8058163559753094
2013-05-08,6.958015556766957e-05,0.6569713328892727,0.00011045332957593614,0.8202030465427789,5.759416989320395e-05,6.199813721736769e-05,0.8277384467355962
2013-05-09,7.111722928104653e-05,0.6597455912173121,0.00012095147585774165,0.8219424890067955,6.118845632046213e-05,6.209986458794524e-05,0.860388641951346
2013-05-10,7.562958883543677e-05,0.6532904238820465,0.00012097857578238769,0.8091693899341061,6.248940588182795e-05,6.136279384807869e-05,0.8262560572397044
2013-05-13,7.357910230951406e-05,0.6520586860342642,0.00012284617622796554,0.8078884950430146,6.199329904751466e-05,6.133544639173322e-05,0.8425394860994205
2013-05-14,7.590263764609063e-05,0.6532871780299168,0.00012214739702837672,0.7983373479244282,6.290348061234668e-05,5.932796112874262e-05,0.8287390605007062
2013-05-15,7.650099964197039e-05,0.6513800428850351,0.00012121353104872751,0.813217933088651,6.272541666558853e-05,6.002324838567287e-05,0.8199293729382299
2013-05-16,7.639729836462006e-05,0.6505343983654068,0.00012358537999500823,0.8084306253996644,6.321102239752416e-05,5.922136844869566e-05,0.8273986613484421
2013-05-17,7.425705624970095e-05,0.6569534858024968,0.00012043386482499692,0.7956181329664446,6.21266301471597e-05,5.686670766107692e-05,0.8366427823134975
2013-05-20,7.217439206379002e-05,0.649717669862891,0.00011854441976315851,0.7986854708876843,6.009755491088898e-05,5.736356984965301e-05,0.8326714391687962
2013-05-21,7.13709588975209e-05,0.6493838434741527,0.00011431580190386982,0.796655903302724,5.865639646368859e-05,5.727936707038325e-05,0.8218524364778577
2013-05-22,7.35750525384875e-05,0.6449419961297133,0.00011404677097990795,0.7850205410911308,5.907822583831081e-05,5.5374655562818354e-05,0.8029654590787642
2013-05-23,7.454058968752127e-05,0.6418882100898816,0.0001087984639146049,0.7878754773727454,5.7805237885310706e-05,5.559833717461955e-05,0.7754867264618353
2013-05-24,7.630250921850573e-05,0.653280000102814,0.00010437978989118196,0.7909799615839092,5.8301131265335634e-05,5.5791155749891854e-05,0.7640788207682664
2013-05-28,7.438631671877e-05,0.656469083312463,0.00010210509183575795,0.7809511037664171,5.7211654227724775e-05,5.452833063733129e-05,0.769115299041127
2013-05-29,7.273626036607267e-05,0.6554020245521586,9.957426606895092e-05,0.7156837062446783,5.577721424610331e-05,5.112429387642037e-05,0.7668419295325802
2013-05-30,7.309916508279677e-05,0.6656946632674364,9.620022667914383e-05,0.7126167394758869,5.582379166425023e-05,5.077686037941571e-05,0.7636720829987682
2013-05-31,7.696255068093324e-05,0.6603101327404926,9.581575797434502e-05,0.6569204530851857,5.670301579753908e-05,4.3387959548320503e-05,0.7367611298723072
2013-06-03,7.835861755638394e-05,0.6384358812758528,9.710089856151276e-05,0.6575383053610762,5.568936864332503e-05,4.374029121546048e-05,0.7106987129176064
2013-06-04,7.696792659140356e-05,0.6167286900129986,0.00010139945427284354,0.6470680427546726,5.448373283507463e-05,4.282336837904209e-05,0.7078758029212631
2013-06-05,8.390672708275947e-05,0.6102364780616438,0.00010561938715299733,0.6161088091694517,5.744713533736067e-05,3.7711855141383654e-05,0.6846547033195445
2013-06-06,8.864935953499249e-05,0.5964901538091923,0.00011118965092587597,0.6099462891500524,5.922066280572984e-05,3.666148956006823e-05,0.6680326075266648
2013-06-07,8.584609796353898e-05,0.6000716157674805,0.00011569379323127064,0.59982161322973,5.980236984462262e-05,3.416767132264893e-05,0.6966230412711619
2013-06-10,7.344670994631798e-05,0.5770213657661074,0.00011046916736933416,0.5965323601475968,5.1975491854947894e-05,3.404954050021564e-05,0.7076626290399755
2013-06-11,7.540176794643908e-05,0.575482326870206,0.00010590399804276315,0.6159558773978191,5.142554858399367e-05,3.3917421599284076e-05,0.682020461649166
2013-06-12,7.564969572692771e-05,0.5719808892614953,0.00010246861437048109,0.6597167776460889,5.035939953860632e-05,3.838874584880857e-05,0.6656920302811047
2013-06-13,7.668406692361186e-05,0.5733539916833463,0.00010029215067144729,0.6638964869631406,5.028157598483165e-05,3.5594461291527e-05,0.6556978261849256
2013-06-14,7.978958283363962e-05,0.5767462371341567,9.743882440944402e-05,0.6540226939522376,5.085385550985552e-05,3.5082652930641466e-05,0.6373495599780893
2013-06-17,6.406673037804978e-05,0.557453070929139,9.672398491359231e-05,0.6229846399504545,4.3882532468733464e-05,3.292858764991513e-05,0.6849503979645616
2013-06-18,5.269216623890948e-05,0.5265318488619365,9.337437841047746e-05,0.6173011947450449,3.693274049088564e-05,3.229967153385476e-05,0.7009152048035063
2013-06-19,5.313666894497608e-05,0.5165695234744142,9.438173510183932e-05,0.5746946488990364,3.6582208570921774e-05,2.8570195350624707e-05,0.6884550593264186
2013-06-20,6.610900161714408e-05,0.5279519768555901,9.971319317057957e-05,0.3798493970551923,4.286482269694677e-05,1.3218571948398576e-05,0.6483961585925783
2013-06-21,6.524441916700448e-05,0.5297097948413171,9.682739519653854e-05,0.3704544073187087,4.210258996696604e-05,1.2999413181053282e-05,0.6453056139437323
2013-06-24,5.5679700730278476e-05,0.4581071394550884,9.57937403519335e-05,0.683734453901772,3.345677470446472e-05,2.566427944134381e-05,0.6008792120944539
2013-06-25,5.683904438603972e-05,0.42332674264980646,9.29087390943316e-05,0.7019969442368084,3.076290694258512e-05,2.5235024060556978e-05,0.5412284332869752
2013-06-26,5.616484134519195e-05,0.39416088788024434,9.197464846882926e-05,0.6676664861606795,2.8329562265772383e-05,2.2736453183861955e-05,0.50440029006149
2013-06-27,5.600093181678947e-05,0.39335797743811673,8.964330606398147e-05,0.6929673428641572,2.7870484687462433e-05,2.3345575035349928e-05,0.4976789453904527
2013-06-28,5.651835513949762e-05,0.40709765442285817,8.645030177462246e-05,0.6973697215638549,2.8456180957486595e-05,2.3427085270392728e-05,0.5034856532404658
2013-07-01,4.0959150997653995e-05,0.4576236768955247,7.931723839294614e-05,0.7416954288086705,2.6083613220239816e-05,2.5438940299222006e-05,0.6368201631360425
2013-07-02,4.708768430286185e-05,0.4737002176483501,8.116587383332348e-05,0.7208036495201372,2.9284916166554567e-05,2.468980201241392e-05,0.6219230484599285
2013-07-03,4.5307854285029834e-05,0.49121890269956675,7.867079409554837e-05,0.72113719345969,2.932706387907906e-05,2.4700932634293108e-05,0.6472843250219645
2013-07-05,5.048108536897671e-05,0.5046128162716916,7.747353805500289e-05,0.692529828412958,3.1557261849646786e-05,2.3368848360968275e-05,0.6251304150651322
2013-07-08,5.858594159480322e-05,0.5328846977281054,7.20376528817865e-05,0.6586564469446248,3.461861855849024e-05,2.2522132359331525e-05,0.5909031691924029
2013-07-09,6.185296409698371e-05,0.5416219981960643,6.852870155035227e-05,0.7145956873456022,3.526247610844043e-05,2.3832942717102923e-05,0.5701016373790891
2013-07-10,6.043816195282401e-05,0.5471407939265157,6.615914519817255e-05,0.7258808804329149,3.459789393784639e-05,2.4377163656263512e-05,0.5724511272340205
2013-07-11,6.428746384905295e-05,0.5585698740936849,6.650095502227566e-05,0.7333258633009702,3.6522003726264516e-05,2.1807090881202147e-05,0.5681045967533924
2013-07-12,6.999194674271863e-05,0.5614230976560031,6.913166020489471e-05,0.7460352605952594,3.905285653000258e-05,2.269065414252198e-05,0.5579621420383668
2013-07-15,7.060701256657018e-05,0.5534241835577429,6.911747802973779e-05,0.7416743143537939,3.866125901988904e-05,2.263552332612704e-05,0.5475555134617567
2013-07-16,3.5042919617133015e-05,0.5741935124868555,6.328999270272126e-05,0.7962881922888561,2.704119907107255e-05,2.6141561742639156e-05,0.7716594212615692
2013-07-17,3.792838595062833e-05,0.5833928842406385,6.032041054483797e-05,0.7860617629078687,2.790457759666505e-05,2.584330742998652e-05,0.7357175080687233
2013-07-18,3.7451029819475974e-05,0.5923427868131157,5.754561899693067e-05,0.7529795529997071,2.7498633917516566e-05,2.69178007799547e-05,0.7342557481080593
2013-07-19,4.0860668714576163e-05,0.6084625706941219,5.5704781018569656e-05,0.7409961493724436,2.902905101247245e-05,2.6835561165452834e-05,0.710439939572427
2013-07-22,3.950888193740232e-05,0.622715010427106,5.4051067835001635e-05,0.7403906981083197,2.8776557818546125e-05,2.6850686706541903e-05,0.7283566734219299
2013-07-23,3.3171208880188284e-05,0.6321698799660578,5.25982532231503e-05,0.7508811620411474,2.6405847460813783e-05,2.7296843309093497e-05,0.7960471852620615
2013-07-24,3.471216593235655e-05,0.6375131167691188,5.2215456542345053e-05,0.7569394123962285,2.714122973662985e-05,2.752029946382128e-05,0.7818938694151166
2013-07-25,3.488954269695917e-05,0.6404175353313396,5.230384557515986e-05,0.7788948916618855,2.7357579121301135e-05,2.8609558316311254e-05,0.7841197392273506
2013-07-26,3.343176772700175e-05,0.643659171409056,5.19670999927639e-05,0.7610981703130912,2.6828715070843942e-05,2.8412512487579384e-05,0.802491668700344
2013-07-29,3.360094972876798e-05,0.6455195981127272,5.194000903383071e-05,0.7803774849446755,2.696722253136813e-05,3.007573735780193e-05,0.802573223347902
2013-07-30,3.816574763863081e-05,0.6536657404728605,5.162855736152794e-05,0.7811821942794505,2.9016004216362802e-05,3.0125538623705052e-05,0.7602629585852322
2013-07-31,3.750748633018741e-05,0.6740347089608866,5.1261584158691115e-05,0.7965954315068999,2.9555427959059843e-05,3.225216336373104e-05,0.7879874353316112
2013-08-01,4.226173154810077e-05,0.7068815800122492,5.131309503254305e-05,0.9128000815665605,3.2918073737489515e-05,3.536843306964887e-05,0.7789097259307362
2013-08-02,4.130983358011611e-05,0.7272693227516899,5.2196998194577905e-05,0.9407766810039248,3.3771064898629526e-05,3.784853620722705e-05,0.8175066799321298
2013-08-05,3.7225611971094185e-05,0.7564757822348408,5.348224134057312e-05,0.9388174482130248,3.375365070670861e-05,4.04002101312361e-05,0.9067319224441074
2013-08-06,4.1983018398946586e-05,0.7833838758147332,5.3973026791219254e-05,0.9415945749109148,3.729064067859956e-05,4.000612349363318e-05,0.8882315302878565
2013-08-07,4.81253999850549e-05,0.8131395692503944,5.593117618144384e-05,0.9450628077563268,4.218705872692023e-05,4.998796563433784e-05,0.8766069215013529
2013-08-08,4.5117615842124565e-05,0.8312967921571469,6.206306871146897e-05,0.9726254614332072,4.398917311512978e-05,5.205829034890989e-05,0.9749888661904602
2013-08-09,4.7210405389653165e-05,0.8387237994741636,7.243018383213613e-05,0.9630660597963382,4.904532595812319e-05,5.1670494764817933e-05,1.038866867448509
2013-08-12,4.729046229109182e-05,0.8417427606886039,7.712182464716187e-05,0.9944839332092372,5.0834062410597315e-05,5.456291644761614e-05,1.0749326597336524
2013-08-13,5.1414947954433665e-05,0.8469710410703752,7.462301059884333e-05,1.0193981027213437,5.2462580057420716e-05,6.008468936400069e-05,1.0203760218509899
2013-08-14,5.361675369996386e-05,0.8408941399153183,7.21006567577108e-05,1.0335857466015566,5.2283083617689135e-05,6.10917817620094e-05,0.9751258703625015
2013-08-15,5.120699157562921e-05,0.8312987842260116,7.048413873143048e-05,1.01333222651013,4.994217761418377e-05,5.5586470907270005e-05,0.9752999752079283
2013-08-16,4.9139520575593413e-05,0.8170458875930537,6.848918524820972e-05,1.0089256019133297,4.739940672381765e-05,5.4925706722019434e-05,0.9645883022179902
2013-08-19,5.1240075352845624e-05,0.8126639898103362,6.707472766020622e-05,1.036618663174688,4.764258910551989e-05,5.552934863683169e-05,0.9297915504114116
2013-08-20,5.687877447837599e-05,0.8263641482016405,6.898051975824201e-05,0.9989954278457728,5.176185281043421e-05,5.4056374908091136e-05,0.910038116769075
2013-08-21,5.746511661394483e-05,0.8318634122529261,7.102362158955152e-05,1.0109390955824216,5.3144163586626434e-05,5.351942085734213e-05,0.9248073739004673
2013-08-22,5.43081375808944e-05,0.841282553116798,7.295679582761897e-05,1.0085108976077153,5.2955029367896526e-05,5.2256249073419864e-05,0.9750846139589604
2013-08-23,4.6628310947370826e-05,0.7698085740091897,7.798343451443725e-05,1.0110982035581322,4.642038787996883e-05,5.2291313311201003e-05,0.9955408406786024
2013-08-26,5.7057237442025364e-05,0.7791133358694912,8.050799947565031e-05,1.0134620374494356,5.280505823233656e-05,5.218402036469242e-05,0.9254751999865162
2013-08-27,6.26349019454684e-05,0.8609548854173437,8.090872089279434e-05,1.0009718908096763,6.128952610319623e-05,4.53198440178512e-05,0.9785203488712494
2013-08-28,6.352118414260544e-05,0.8584758584177554,8.191442114021012e-05,1.0060588122250265,6.192522064921182e-05,4.59220424519412e-05,0.9748750985212954
2013-08-29,6.345432123592429e-05,0.8626788634420635,8.362820585975999e-05,1.005215249980901,6.284288995741849e-05,4.589898328871335e-05,0.990364229470953
2013-08-30,6.533098257867051e-05,0.8403107763793242,8.50726866908913e-05,1.016374750221928,6.264618120814033e-05,4.595236310085767e-05,0.9589046228212289
2013-09-03,6.741624909395761e-05,0.8204203093916542,8.757021795692312e-05,1.0076538413183216,6.303719949407871e-05,4.589805544379861e-05,0.9350445974267146
2013-09-04,5.29054408502055e-05,0.789773406089013,8.534210350337289e-05,0.9791322596493872,5.306819864022232e-05,4.3877753893334594e-05,1.003076390393904
2013-09-05,5.526096611110341e-05,0.8011384701536256,8.820107676232254e-05,0.9472499377081972,5.59311523183394e-05,4.6698115465353884e-05,1.0121276599813431
2013-09-06,5.903493096893949e-05,0.7924000078850468,8.77284457755323e-05,0.9490654133460888,5.702551534481402e-05,4.992426044394875e-05,0.965962260120492
2013-09-09,5.950680039687122e-05,0.7909922134079719,8.76905464044749e-05,0.9704248578596611,5.713890272735384e-05,4.959511388256477e-05,0.9602079484407654
2013-09-10,6.058865375686932e-05,0.7947181067530364,8.836289578103212e-05,0.979432104427115,5.81491980185748e-05,4.9423791049015765e-05,0.9597374163802419
2013-09-11,5.2548421709793746e-05,0.7808777837641284,8.744695032073496e-05,0.9257355101900012,5.293406417504037e-05,4.7627895183204036e-05,1.0073388020553002
2013-09-12,5.463125330927889e-05,0.7697031853730619,8.649810852686681e-05,0.9175990937866167,5.291114638870453e-05,4.718564614708062e-05,0.9685142328542881
2013-09-13,5.629719144726608e-05,0.7568933398218607,8.626129965519862e-05,0.9167328599418132,5.274557692785394e-05,4.731160804330399e-05,0.9369131136366019
2013-09-16,5.4138744378514925e-05,0.7687819261061497,8.965709087560274e-05,0.9276204081367048,5.356111085963539e-05,4.792364927066883e-05,0.9893304965693152
2013-09-17,5.7555509167455784e-05,0.7631823493942272,9.001806918848996e-05,0.927304866307062,5.4933417047361046e-05,4.7892284189863e-05,0.9544423781837139
2013-09-18,6.204530316157312e-05,0.7496232960975481,8.673236361431278e-05,0.9015813664716597,5.499055730472949e-05,4.455757281162189e-05,0.8862968589504308
2013-09-19,6.178297806302708e-05,0.7480881930586716,8.676517759806795e-05,0.8973049946101962,5.477217027378131e-05,4.529104227958674e-05,0.8865252532486572
2013-09-20,6.675064824066973e-05,0.7586046930230727,8.693531147540215e-05,0.9017941930407568,5.778849393223283e-05,4.238335246391763e-05,0.8657368198714144
2013-09-23,6.644616634370019e-05,0.763887927727463,8.725414100450759e-05,0.9058979519226152,5.816445121217235e-05,4.1956285526797995e-05,0.8753620323452561
2013-09-24,6.687102886618699e-05,0.7661236621596312,8.752171617818879e-05,0.8969027078159283,5.8610549226894144e-05,4.127919409922186e-05,0.8764714738302805
2013-09-25,5.221698153901886e-05,0.7552562353355171,8.63618167612745e-05,0.8824337132182535,5.071787932800406e-05,4.024880399322105e-05,0.9712909063903933
2013-09-26,5.0374063840171386e-05,0.7484205764843486,8.561383170859758e-05,0.8823695827071918,4.914973499809625e-05,4.0227162925802494e-05,0.9756952536932552
2013-09-27,5.122431082106018e-05,0.7375707576965373,8.467597318325017e-05,0.867214437789028,4.857601124209616e-05,3.9134490571639865e-05,0.9482999471048968
2013-09-30,5.1567877421329924e-05,0.7375029074001227,8.469072124041483e-05,0.8685032566112569,4.873840139582244e-05,3.894137599836199e-05,0.9451310356951567
2013-10-01,5.3629225784131454e-05,0.7342470960619137,8.38841186752517e-05,0.8701589611597706,4.9247350925186525e-05,3.823290898752812e-05,0.9182931546208989
2013-10-02,4.9785428743887e-05,0.7244892223520075,8.313070942800485e-05,0.86847073692758,4.660835748747684e-05,3.869960480927956e-05,0.9361847163604018
2013-10-03,5.1677659876475144e-05,0.7172605589105843,8.205774740856713e-05,0.8600798768599325,4.6707665931429986e-05,3.788974284282557e-05,0.9038270317014178
2013-10-04,4.988490741732951e-05,0.6963749181648032,8.13593682053426e-05,0.852835271748711,4.436408098503677e-05,3.691039089315765e-05,0.8893287224910262
2013-10-07,5.300164613196136e-05,0.7055313750569674,8.233325622656216e-05,0.8632755495454542,4.660673251234341e-05,3.580745214870357e-05,0.8793449998949816
2013-10-08,5.7418241986777646e-05,0.7001221035285419,8.176131996453977e-05,0.8989515983047535,4.797032730246333e-05,3.706026519590996e-05,0.8354544765322143
2013-10-09,4.671951297786224e-05,0.682592825802556,8.055771940585868e-05,0.9108823382925668,4.187592895083119e-05,3.80456429661933e-05,0.8963263159586841
2013-10-10,5.493659376391755e-05,0.6929745983004714,7.781187298297515e-05,0.888185388308723,4.5307605893196934e-05,2.9111664793942033e-05,0.8247254296089076
2013-10-11,5.397060840252837e-05,0.6805662252431164,7.6390451768979e-05,0.8447197507561449,4.369870716809296e-05,2.7640982143463457e-05,0.8096760155485999
2013-10-14,5.390763459317086e-05,0.6793017743127274,7.626069995117042e-05,0.8470630768198719,4.3555026312448096e-05,2.7896146121795845e-05,0.8079565471783052
2013-10-15,5.553151341989191e-05,0.6691779582270685,7.537974574889543e-05,0.9049488342171702,4.329509694341383e-05,3.3362128422333616e-05,0.7796491447305869
2013-10-16,4.144281603770634e-05,0.6687500925070546,7.438137574705862e-05,0.8675990172760013,3.712962709557167e-05,2.9019433201615138e-05,0.8959243276757457
2013-10-17,4.1583055321708076e-05,0.6618450417761698,7.429221802751482e-05,0.8413282682710371,3.678630607381456e-05,2.7562681311389706e-05,0.8846465414630219
2013-10-18,4.3823960134694674e-05,0.6625875024204595,7.37725275656516e-05,0.8381717763430596,3.7674403223019595e-05,2.7194404767644035e-05,0.8596759194565217
2013-10-21,4.4710412594374516e-05,0.6654217420740444,7.327945721222733e-05,0.8397146053523618,3.8088375292022846e-05,2.725185167664905e-05,0.8518904899753742
2013-10-22,4.4371990394003997e-05,0.6699416795712965,7.268967804114728e-05,0.8414433855291221,3.804764891466737e-05,2.7186206386745114e-05,0.857469961947183
2013-10-23,3.6244305626284386e-05,0.64660933210053,7.137408340172976e-05,0.9021677229169204,3.288759625356516e-05,2.8462124715026222e-05,0.9073865724638153
2013-10-24,4.040389782719303e-05,0.6368343385238202,7.116075941151371e-05,0.9128094944481808,3.4147458977498786e-05,2.8729310437152112e-05,0.8451525920481
2013-10-25,3.967999624918889e-05,0.6297912414582069,7.060507680680178e-05,0.9202264403810572,3.3334994875754e-05,2.8987287068898718e-05,0.8400957164010673
2013-10-28,4.081308187982178e-05,0.6283763268401429,7.019539970930106e-05,0.941281868992112,3.363363727515254e-05,3.2037599497601726e-05,0.8240896233759107
2013-10-29,4.2024721372673885e-05,0.6274306258046416,7.019901091743296e-05,0.950368886792292,3.407874801923711e-05,3.191896019550044e-05,0.8109214506630005
2013-10-30,3.243679795796633e-05,0.6360353962007068,6.918836453734378e-05,0.9289725514146934,3.0131226193640983e-05,3.0786580961370455e-05,0.9289211047492094
2013-10-31,3.3498134377451295e-05,0.6510426588232996,6.805815207845503e-05,0.95289829859819,3.108564140531571e-05,3.188598049507675e-05,0.9279812736747659
2013-11-01,3.528785039280735e-05,0.6622824661832818,6.715007548836113e-05,0.955147071040322,3.2238818088928833e-05,3.192594378186998e-05,0.9135954083363492
2013-11-04,3.477448195487655e-05,0.6577460843799774,6.62976591517521e-05,0.9368475724469304,3.1581859933307953e-05,3.116679876086381e-05,0.908190666198526
2013-11-05,3.766596277267884e-05,0.6616295100015135,6.563502852042856e-05,0.9570648128296484,3.289707181831593e-05,3.154937108304043e-05,0.873389909528025
2013-11-06,3.8333959556374354e-05,0.6769122065631219,6.63896053184901e-05,0.9748224603174696,3.4148704244078884e-05,3.617884885430777e-05,0.8908212102081293
2013-11-07,4.0431492315281525e-05,0.6947053824542477,6.599934267300063e-05,0.9871487989028912,3.588643808271229e-05,3.478382723988335e-05,0.8875862855338787
2013-11-08,4.3778322206368926e-05,0.7015977591041453,6.577293451816955e-05,0.9744165118946332,3.764795227148424e-05,3.135150773584838e-05,0.8599679104652204
2013-11-11,4.088414418239951e-05,0.6939504273470978,6.640006782465351e-05,0.9713509353125724,3.6156814792288345e-05,3.134725513646023e-05,0.8843725487068832
2013-11-12,3.99781619662566e-05,0.6752616694297313,6.73450177208159e-05,0.9989411815737588,3.5037752897349836e-05,3.264293766260975e-05,0.8764223059310057
2013-11-13,4.4902541372157916e-05,0.6647715795507173,6.621444542136456e-05,1.079729462409066,3.6248019095350405e-05,3.412016515697203e-05,0.8072598562945972
2013-11-14,4.545126757048379e-05,0.6590081205418162,6.528450620854251e-05,1.0780977000490006,3.5897882172869224e-05,3.361261307750287e-05,0.7898103637527908
2013-11-15,4.488960878325864e-05,0.6540661016520947,6.46425964305823e-05,1.0881535711510115,3.523335078704312e-05,3.54292718585067e-05,0.7848887914608699
2013-11-18,4.304897041106976e-05,0.650789786715681,6.344179383288517e-05,1.0867507759634991,3.401025125032137e-05,4.668872036928696e-05,0.7900363452496383
2013-11-19,4.253689180732228e-05,0.6514768601348969,6.258986290886194e-05,1.0988967023759395,3.361505847267264e-05,4.768635862786768e-05,0.7902565759843827
2013-11-20,3.986505410246521e-05,0.6894935472281642,6.197343951583407e-05,1.1262350296611463,3.427119002652644e-05,4.953587148520148e-05,0.859680007919697
2013-11-21,3.485111027762049e-05,0.7158809412363549,6.294508652957363e-05,1.1133660004208636,3.352972774296539e-05,4.958368928161811e-05,0.96208492285815
2013-11-22,3.677714977289896e-05,0.7203010897580109,6.48750893306374e-05,1.0785338429566926,3.5183747111130616e-05,5.0217528119371636e-05,0.9566741122787464
2013-11-25,4.464079349966786e-05,0.7248829149180426,6.629852954782172e-05,1.058789135482712,3.943535590754634e-05,5.00465271768282e-05,0.8833928076981818
2013-11-26,4.5604254902161166e-05,0.7328721346147492,6.763817030805815e-05,1.072865374269527,4.070303720358417e-05,6.271511416998192e-05,0.8925271839416737
2013-11-27,5.098239319509307e-05,0.7679071908447338,6.982153553748353e-05,1.0702516191863356,4.5815617184222146e-05,6.376215999827933e-05,0.8986556792047924
2013-11-29,5.306536742177139e-05,0.7816908429712257,7.150393856136332e-05,1.0678842036476186,4.815103142029164e-05,6.362723149823796e-05,0.907390898428727
2013-12-02,5.1303727815654587e-05,0.7939128031546432,7.302995300761563e-05,0.9929958545902408,4.859569277094057e-05,6.327810075805518e-05,0.9472156281811611
2013-12-03,5.129816798105141e-05,0.7928873816935885,7.49056839904706e-05,1.0647204608850285,4.914958114418051e-05,7.122366639833809e-05,0.9581157198895573
2013-12-04,4.926678581923591e-05,0.7879864850777811,7.531299225321056e-05,1.0673708614000397,4.799885031729956e-05,7.148111396465758e-05,0.9742638883204495
2013-12-05,6.186383108747796e-05,0.8055186049961317,7.8566771251903e-05,1.0884621558600616,5.6158232997159516e-05,7.518953671238184e-05,0.9077716657694462
2013-12-06,6.149224160789946e-05,0.806702648428849,8.114812853414198e-05,1.0900081855539616,5.698530793064881e-05,7.23767977569877e-05,0.9267072794973265
2013-12-09,5.694825981469449e-05,0.805466209883217,8.333282610277215e-05,1.0953417038359916,5.548755776708045e-05,7.320884936893498e-05,0.9743503655358907
2013-12-10,5.3452041059883435e-05,0.7965029501237896,8.478014569027225e-05,1.0721426787288426,5.361874129280688e-05,7.195060501576519e-05,1.0031186878857756
2013-12-11,5.2671389427449466e-05,0.775544962935394,8.536023280494119e-05,1.053447298749009,5.200225353763239e-05,6.735469192891475e-05,0.9872960273672151
2013-12-12,5.926873458923956e-05,0.7528046985872323,8.74679131717214e-05,1.0641468058593386,5.420252658503383e-05,6.894501093705661e-05,0.9145214076305669
2013-12-13,5.102150798536989e-05,0.7189226713641382,9.040360466655894e-05,1.075626003808298,4.882606200723156e-05,7.03387303938059e-05,0.9569701864012357
2013-12-16,5.265033739264804e-05,0.7292974626909078,9.280696868157832e-05,1.0859895405417832,5.097950048014785e-05,7.033929933640806e-05,0.9682654092026104
2013-12-17,5.547285481711756e-05,0.7240197084521989,9.31821539129799e-05,1.0756141723682502,5.205434894946839e-05,6.988638115619604e-05,0.938375158824631
2013-12-18,5.7755345996717895e-05,0.7147953613479201,9.103818473749873e-05,1.0330522050728266,5.183100325122726e-05,6.0861823267818594e-05,0.897423474082775
2013-12-19,6.478693026373803e-05,0.7496790812490179,9.316400578725707e-05,1.030023944271518,5.824292411425722e-05,6.062983588949898e-05,0.8989918781019393
2013-12-20,6.101338500649426e-05,0.7744848456306802,9.477773432930661e-05,1.0221969831976525,5.889502978372747e-05,6.069807833723385e-05,0.9652804835768198
2013-12-23,6.0371580554275465e-05,0.7783175397416463,9.591156529222794e-05,1.022497403140675,5.922547874485815e-05,6.026750183614751e-05,0.9810158720561085
2013-12-24,6.05937066863415e-05,0.7830242584868484,9.637190238993956e-05,1.0116427980148028,5.9836225903216795e-05,6.08114987796308e-05,0.9874990188825097
2013-12-26,6.0130930524985e-05,0.7893806039938766,9.687327962210357e-05,1.0164083387643703,6.0247275886174014e-05,6.486783692531155e-05,1.0019348671336572
2013-12-27,6.1029823506439453e-05,0.7723334801314377,9.791542200600267e-05,1.015845033240509,5.970373055546223e-05,6.483052673839086e-05,0.9782713946266401
2013-12-30,6.103786899254316e-05,0.7643907869178166,9.85789649386809e-05,1.0082683450154055,5.929352258320914e-05,6.441161582736563e-05,0.971421898599587
2013-12-31,6.15980310886923e-05,0.7608529487442929,9.917491809663995e-05,1.0176954677354386,5.9468237699156216e-05,6.459641856432064e-05,0.9654243268511377
2014-01-02,6.274975633376732e-05,0.7597271040413609,9.888054592088902e-05,1.0058951994791756,5.9843787233535754e-05,6.151481115166649e-05,0.9536895556251301
2014-01-03,6.287727487442676e-05,0.7498614320866936,9.954957100360172e-05,1.002306838647901,5.932634170027982e-05,6.197851396381802e-05,0.943525968941266
2014-01-06,6.194585296328845e-05,0.7424505177569598,9.987843382957487e-05,1.0060632363944162,5.839954923271329e-05,6.19434756823948e-05,0.9427515554160367
2014-01-07,5.985294868622432e-05,0.7210043512313956,9.942726665760411e-05,0.9561456366523956,5.562031081028607e-05,6.111978263947093e-05,0.9292827175795864
2014-01-08,5.957982003469859e-05,0.710792763670857,9.954302259432796e-05,0.9525442129863712,5.4739144187674806e-05,6.108219798051306e-05,0.9187530972029685
2014-01-09,5.8876921963223624e-05,0.7127745195901588,0.00010070398039896873,0.9308038676365356,5.488428781120739e-05,6.131233563080963e-05,0.9321867716775316
2014-01-10,5.8643073362417135e-05,0.7047343954798594,0.00010112712474897402,0.9377484371234166,5.427097943845711e-05,6.262070562919107e-05,0.925445689093744
2014-01-13,6.549653155125348e-05,0.7337220068872182,9.808114896937991e-05,0.9436465728137192,5.880760174704955e-05,5.9586359313309786e-05,0.897873526341321
2014-01-14,6.384952094066409e-05,0.7000343039059138,9.716627278692605e-05,0.9508100403773044,5.513862297058263e-05,5.833472211713786e-05,0.8635714435794033
2014-01-15,6.070372053025981e-05,0.6749336410428886,9.743952841326859e-05,0.9649077116122992,5.190824156349418e-05,6.0268491454629955e-05,0.8551080742673552
2014-01-16,6.085694586035492e-05,0.6624297335304563,9.686927242588229e-05,0.9741987711480606,5.086135350635674e-05,6.121082891493466e-05,0.8357526456070518
2014-01-17,6.130074788390541e-05,0.6565245575749559,9.434271476243976e-05,0.9735115632937704,4.992729610898452e-05,6.117284400900448e-05,0.814464714256659
2014-01-21,6.022038567812545e-05,0.6931444825128994,9.550985836316526e-05,0.9529055681448844,5.2567780090735776e-05,6.090807624653228e-05,0.8729233381484399
2014-01-22,6.0180607898710316e-05,0.7078500730503388,9.46156445602859e-05,0.9477553266334642,5.3413500718076456e-05,6.0673368854624815e-05,0.8875533595136901
2014-01-23,6.197862719476769e-05,0.7193746866533671,9.461946825499455e-05,0.9343926870728572,5.508918908658833e-05,5.8793867424811434e-05,0.8888417117318633
2014-01-24,8.312838911315208e-05,0.7618561160199231,9.196219348802871e-05,0.9025621541509864,6.661197362796786e-05,4.781590708196915e-05,0.8013143805457058
2014-01-27,7.785643656399444e-05,0.763748206997833,9.166346802158894e-05,0.8783849678992918,6.452018547009795e-05,4.640788679965559e-05,0.828707147636603
2014-01-28,5.7778264472590076e-05,0.7433262203648777,8.944913853828215e-05,0.8615829851023454,5.343794885326402e-05,4.517197324338775e-05,0.9248797855223725
2014-01-29,5.541992369045716e-05,0.7350189148210218,8.8243080383547e-05,0.8746431914623957,5.1401028261314924e-05,4.361683896043802e-05,0.9274828407994676
2014-01-30,5.718939038351772e-05,0.7343962256197716,8.702369995812939e-05,0.9044236563390988,5.180920662399963e-05,4.675752351545455e-05,0.9059233937722008
2014-01-31,5.786696567157789e-05,0.7308057425124996,8.573333994934305e-05,0.913386212937486,5.14745048743321e-05,4.924480152246223e-05,0.889531778225145
2014-02-03,7.055814511505822e-05,0.7425824982669954,8.509265925873355e-05,0.8115613442418528,5.753926830682253e-05,3.3465608826401185e-05,0.8154872582462878
2014-02-04,5.3287933521446234e-05,0.7112003430309687,8.394601445207123e-05,0.841750287782485,4.7567074033498875e-05,3.577400976354919e-05,0.89264249690514
2014-02-05,5.1744253938995175e-05,0.6806035864999316,8.35796601157648e-05,0.9252689003271884,4.475850772439776e-05,4.981594291128893e-05,0.8649947446757396
2014-02-06,5.460185755120456e-05,0.6719555366792183,8.274895347391351e-05,1.016428748516344,4.5167442516555384e-05,5.340059169907461e-05,0.8272143942025825
2014-02-07,6.356327391387762e-05,0.6468748934016637,8.539784243818953e-05,0.9583170673066804,4.765921379947572e-05,4.8470942316310975e-05,0.7497916778806826
2014-02-10,6.2547563500994e-05,0.6486307041147409,8.44533060654804e-05,0.9617662184694912,4.714232841208967e-05,4.950132959265229e-05,0.7537036740262549
2014-02-11,5.609995653519849e-05,0.6747417136826284,8.611728514110549e-05,0.8496442755808137,4.689904370099667e-05,4.35394955826971e-05,0.8359907315003188
2014-02-12,5.280573476410588e-05,0.6823235869753705,8.470658365742817e-05,0.8501827068754072,4.5634102406885154e-05,4.358315198539596e-05,0.8641883804996202
2014-02-13,5.31879934714369e-05,0.6930593147832961,8.473010740243488e-05,0.8475658601140282,4.6526039675845815e-05,4.320394044910679e-05,0.8747470366753222
2014-02-14,5.362200748552388e-05,0.7117217200593471,8.289204179066436e-05,0.8506660240142804,4.745021371010669e-05,4.319157072057012e-05,0.8849018515936136
2014-02-18,5.088126402858046e-05,0.7195876689717811,8.055535270856719e-05,0.8500999849915069,4.606911402644681e-05,4.329932571705933e-05,0.9054239297311752
2014-02-19,5.093399391722896e-05,0.7153699054604157,7.946911467301511e-05,0.8324793349189296,4.551281728028299e-05,4.148677993423723e-05,0.8935646663453148
2014-02-20,5.128532994270177e-05,0.7112322291104735,7.858758784330631e-05,0.8318994655876596,4.515283095845814e-05,4.230882965785441e-05,0.8804239147706542
2014-02-21,5.0142924359823583e-05,0.7135319662090018,7.716108352302613e-05,0.8304368979790191,4.4383078485728786e-05,4.234530137727276e-05,0.8851314328465891
2014-02-24,5.289213529725008e-05,0.7200522167979163,7.603264527946973e-05,0.8220533059077682,4.5662490207831864e-05,4.176504599486109e-05,0.8633134198725743
2014-02-25,4.99909412374215e-05,0.7224473002152382,7.268288799653329e-05,0.8277954240077343,4.3547970195209193e-05,4.217346318294016e-05,0.8711172287872564
2014-02-26,4.8822079787728685e-05,0.7218743913528763,7.151987526364205e-05,0.8302207243269658,4.26562966128063e-05,4.2296689938612904e-05,0.8737091250161747
2014-02-27,4.902946505121921e-05,0.7249421051663782,7.065764027336828e-05,0.8252156736204703,4.26689019423997e-05,4.1649872794984005e-05,0.8702705994818652
2014-02-28,4.913560627678946e-05,0.7223703629500539,7.044019760773373e-05,0.8307983104355472,4.249798726383297e-05,4.1886217976050036e-05,0.864912239495619
2014-03-03,5.060228536900576e-05,0.7247978808431744,7.02626636320633e-05,0.782764982960105,4.321796221696455e-05,3.9952198220021255e-05,0.8540713507662214
2014-03-04,5.593664385448813e-05,0.7279548076986145,7.055692341278995e-05,0.7646742421217375,4.573223632955962e-05,3.627758554136206e-05,0.8175720454113418
2014-03-05,4.9068183379191435e-05,0.7011372587779378,7.088119621072898e-05,0.7606592424086799,4.134933746363812e-05,3.609444416463285e-05,0.8426914268273751
2014-03-06,4.928243059442446e-05,0.6761758539013704,7.147484830345171e-05,0.7780020972299502,4.0131217797202554e-05,3.686509224490858e-05,0.8143108469520733
2014-03-07,4.8971813978785636e-05,0.6642315508115788,7.152973517606712e-05,0.7663302040646538,3.9312974508883256e-05,3.791035994612899e-05,0.8027673740228094
2014-03-10,4.912023117884392e-05,0.6579153631590454,7.072488732583128e-05,0.7650321634826813,3.8778085245378214e-05,3.7846132966356475e-05,0.7894524173591416
2014-03-11,5.148937537691702e-05,0.6580485038358769,7.075618355923488e-05,0.7677544483615889,3.9719055962774274e-05,3.794442889957184e-05,0.7714029481231687
2014-03-12,4.8906113932888686e-05,0.6414665186779286,7.12167432916451e-05,0.7899907515907146,3.7857037546508214e-05,4.047611969101149e-05,0.7740757648104581
2014-03-13,5.192240840939531e-05,0.6409791412167795,7.067305410570357e-05,0.8281213333678533,3.8828287902308664e-05,4.016341467762291e-05,0.7478136914635632
2014-03-14,5.053194068255615e-05,0.6361450462869391,7.04414317673267e-05,0.8264588654293736,3.795362181746296e-05,4.00855925124472e-05,0.7510818168629078
2014-03-17,5.312543808337814e-05,0.6425414450795711,7.000948666475328e-05,0.8491476405136975,3.918599281274541e-05,4.058042054399507e-05,0.7376126056832631
2014-03-18,5.3640183376897774e-05,0.6481644748537636,7.011774792715938e-05,0.8283477554837196,3.975065877739e-05,3.995131061461195e-05,0.741061202160434
2014-03-19,4.9711758607667365e-05,0.6442609460782031,7.073619345432696e-05,0.8086580656533118,3.8204296962531675e-05,3.8511249385610576e-05,0.7685163034372954
2014-03-20,4.924048797705463e-05,0.6438129981978162,7.124970877854278e-05,0.8175284902939448,3.8134008712701904e-05,3.862650319736814e-05,0.7744441673785161
2014-03-21,5.1299807125194504e-05,0.6476051833367423,7.234638748059293e-05,0.8138923804831019,3.9452688844392505e-05,3.7634686364388155e-05,0.7690611535460606
2014-03-24,5.150721281894852e-05,0.6461072080344409,7.328586310376908e-05,0.798173293851331,3.969617984217667e-05,3.65238207302338e-05,0.7706916695669699
2014-03-25,5.187847468728203e-05,0.6493831235786581,7.368478211185329e-05,0.7846103362481657,4.014981041927424e-05,3.596748193957705e-05,0.7739204103685211
2014-03-26,4.894688218699071e-05,0.6471719114304768,7.374666594906137e-05,0.8180488032497838,3.888242758794146e-05,3.6314120046303835e-05,0.7943800677518082
2014-03-27,4.819111839496585e-05,0.6432763950215185,7.415402435676241e-05,0.8296057738029498,3.8454616145265954e-05,3.66518469409914e-05,0.7979606497217755
2014-03-28,4.77393720640184e-05,0.64377523712879,7.383277436376902e-05,0.8285803955445655,3.822057466335806e-05,3.6342931699365965e-05,0.8006090782280159
2014-03-31,4.471229395078723e-05,0.6381940025531234,7.233669861512081e-05,0.8066520040988868,3.629489434475976e-05,3.441295375589672e-05,0.8117430607498664
2014-04-01,4.637295349124256e-05,0.649467096393519,7.14372056945357e-05,0.7907397998407586,3.738107282141852e-05,3.3711497264141433e-05,0.8060964421530291
2014-04-02,4.141854620280984e-05,0.6527593655714569,7.122930394161869e-05,0.7965258956760698,3.5455195740622806e-05,3.412639769073318e-05,0.8560222168835449
2014-04-03,4.131197301210188e-05,0.6482195066990343,7.082205370759085e-05,0.801442371779954,3.506261658123143e-05,3.4257886881428134e-05,0.8487277180143449
2014-04-04,4.5815215175484866e-05,0.6484860274321682,7.052257646214747e-05,0.809155703039392,3.686120883844327e-05,3.1573351625792384e-05,0.804562604306336
2014-04-07,4.72141155464609e-05,0.6476172911273055,7.038776974417468e-05,0.8213858835105706,3.733386625616292e-05,2.964235662819227e-05,0.7907352668594342
2014-04-08,4.530353492960697e-05,0.6397692837001411,7.117657488096314e-05,0.8604597010954088,3.632937888703864e-05,3.219812022813954e-05,0.8019104677700659
2014-04-09,4.691297863661334e-05,0.6342107351417317,7.104421900445887e-05,0.8125206126127466,3.6613771372683105e-05,2.8719596126744546e-05,0.7804614508981061
2014-04-10,5.810324280314903e-05,0.6365249137828514,7.117909743153026e-05,0.6530013590924812,4.093472063823616e-05,1.5686444999402363e-05,0.7045169712286286
2014-04-11,5.691804938589508e-05,0.6196801024330253,7.140112480555977e-05,0.5628721867460585,3.9504364722370726e-05,1.2143181737658372e-05,0.6940568966890904
2014-04-14,5.793906540801691e-05,0.6399492639654862,7.062485495749732e-05,0.5138774036517245,4.093643992067576e-05,1.1007620158766256e-05,0.7065429798080841
2014-04-15,5.375893588153699e-05,0.6350500236964205,7.083798771782841e-05,0.4833579217042479,3.918919803944316e-05,1.003896187445309e-05,0.7289801666796446
2014-04-16,3.1303883437837385e-05,0.5547654364246077,6.728372969417195e-05,0.6086499248861253,2.546030095595291e-05,1.1719391096771968e-05,0.8133272348305111
2014-04-17,3.0074876652121772e-05,0.5102031214171757,6.438809019337156e-05,0.6082286493670745,2.2451626591982235e-05,1.1738265615106438e-05,0.7465243116931713
2014-04-21,3.398061258211898e-05,0.4931459725384544,6.197436168789086e-05,0.6035903082107316,2.2630654989873884e-05,1.2244040037116951e-05,0.6659872577395034
2014-04-22,3.465237531876505e-05,0.46019173259090496,6.0051692296776856e-05,0.6474079771335076,2.099268273813667e-05,1.3130269077303558e-05,0.6058079004693411
2014-04-23,3.661275306357103e-05,0.4529361083957426,5.862115873249582e-05,0.6288543152697195,2.0983616330455072e-05,1.2640407789975986e-05,0.5731231490300946
2014-04-24,2.8915216768426475e-05,0.4597994374309388,5.638801685623303e-05,0.6246999336084146,1.856628754213791e-05,1.2554418997718315e-05,0.642094011980954
2014-04-25,3.367547480592454e-05,0.48143654879781317,5.486232909858277e-05,0.5491386313324024,2.069345664643872e-05,9.998281026652154e-06,0.6144963587209202
2014-04-28,3.364553762091845e-05,0.49753719641508365,5.500143449381863e-05,0.6040329811136527,2.140308119314026e-05,1.1363381659837273e-05,0.6361343199293483
2014-04-29,3.9441733334885286e-05,0.5085391244421117,5.507058705873621e-05,0.6437575993916552,2.370075714955505e-05,1.1927974366934309e-05,0.6009055674181613
2014-04-30,4.001418281063408e-05,0.5138157476133923,5.503445288830023e-05,0.6245136177184292,2.41119155128191e-05,1.1726065702777453e-05,0.6025842293700715
2014-05-01,2.1991126094734782e-05,0.4878957018998344,5.2859076795846785e-05,0.5966084898413737,1.6634529190298217e-05,1.1473131702262455e-05,0.75642007228911
2014-05-02,2.5114593555483047e-05,0.4723458048009021,5.1785681189460124e-05,0.6260588942312295,1.703444491452807e-05,1.2747178272203543e-05,0.678268787304706
2014-05-05,2.3421323104644024e-05,0.4625164259433367,5.117852354543783e-05,0.5965291332076631,1.6013149196776794e-05,1.2300045278526226e-05,0.6836995982349808
2014-05-06,2.3724080850696792e-05,0.4680088966741222,5.0389410035375826e-05,0.7589223651049916,1.6181487550941314e-05,1.4427401744861637e-05,0.6820701570179505
2014-05-07,2.503936026433856e-05,0.4884539508537329,4.9965469356648653e-05,0.735003111157835,1.7277075329818783e-05,1.3587426138064347e-05,0.6899966751317148
2014-05-08,2.245244272166245e-05,0.5170532491338015,4.7984495293677735e-05,0.751553762718099,1.6971394772538068e-05,1.407892287561473e-05,0.7558818870146283
2014-05-09,2.6257615904936162e-05,0.5379841972051341,4.6451900623528256e-05,0.755307696918544,1.8788794161421402e-05,1.4298978489167098e-05,0.71555598305059
2014-05-12,2.5472098693136958e-05,0.5449585412491171,4.506212051555021e-05,0.7635631129291978,1.8462973251646498e-05,1.3279718659593853e-05,0.7248312545452348
2014-05-13,2.7268227179962204e-05,0.5475514243314462,4.392694919932386e-05,0.802063809835543,1.8950422007300303e-05,1.6675989243316117e-05,0.6949634782720983
2014-05-14,2.54765910501542e-05,0.559543666525047,4.301712129103516e-05,0.8168650302582945,1.852359658845444e-05,1.802518432824929e-05,0.7270830132645366
2014-05-15,2.174205444419079e-05,0.5782745226907146,4.1561886066026185e-05,0.7809306295894931,1.7383289863431658e-05,1.5649929561905767e-05,0.799523794223423
2014-05-16,2.0552751262807784e-05,0.5738145185355705,4.0872634054032176e-05,0.7756982911245264,1.6631171004422808e-05,1.5630890444079343e-05,0.8091943891968634
2014-05-19,2.1296152341554682e-05,0.5730128741819278,4.0395943264010935e-05,0.7905837308347755,1.6806753436886873e-05,1.5838003534636518e-05,0.7891920177567593
2014-05-20,2.0908636850371392e-05,0.5730215647347242,3.989073070229346e-05,0.7841975452710223,1.654892630145867e-05,1.4722850083777114e-05,0.7914875761575398
2014-05-21,2.119414789263069e-05,0.5802963566614104,3.9471639408062313e-05,0.7707237353295905,1.6784190746799016e-05,1.4141812255118087e-05,0.7919257160904762
2014-05-22,2.007249814887391e-05,0.5940939542085922,3.9353340318971145e-05,0.7784098449278103,1.6697315244490685e-05,1.4250438407448949e-05,0.8318503815842884
2014-05-23,2.2049522594442057e-05,0.6014178870717151,3.927235582832865e-05,0.7613907485188136,1.7697805299028728e-05,1.4227144594574705e-05,0.8026389334837458
2014-05-27,2.174082787467674e-05,0.6122229324505779,3.9327624107141406e-05,0.7400095196515497,1.790179119271377e-05,1.3335389018742226e-05,0.8234181005390968
2014-05-28,2.1661197917021908e-05,0.6243371222504666,3.974875210621156e-05,0.942703185992466,1.831985967970694e-05,2.5838763852829698e-05,0.8457454546089872
2014-05-29,2.1856321025887475e-05,0.6349235670220925,4.009964343335825e-05,0.9554037360743984,1.8796640417941874e-05,2.5850133221278896e-05,0.860009349042705
2014-05-30,2.8179051435749515e-05,0.6496405778026962,4.076159126046238e-05,0.9542931948897714,2.2017190176785486e-05,2.5940664640655025e-05,0.781331842449929
2014-06-02,2.8496658002674943e-05,0.6568396167562213,4.118487195087349e-05,0.949052045801511,2.2502209524473776e-05,2.5813400965755558e-05,0.7896438074374028
2014-06-03,3.418588872187905e-05,0.6561689421350335,4.189524739362848e-05,0.9615430188444468,2.4832559653533235e-05,2.71208222924423e-05,0.7263979548859976
2014-06-04,2.793146765100254e-05,0.6607447494721493,4.210542672052698e-05,0.9468404909820076,2.2659464145713953e-05,2.7075113977110394e-05,0.81125218441218
2014-06-05,4.136471088316827e-05,0.6681876251942187,4.297002784708132e-05,0.998532579951412,2.817060943060001e-05,2.763587774140207e-05,0.6810300091342576
2014-06-06,3.9833023701562004e-05,0.6817619765539645,4.364805786974527e-05,0.982465695292567,2.842738265752599e-05,2.822707497518773e-05,0.7136636894680743
2014-06-09,5.1073182956276414e-05,0.6930117379016729,4.544628303136016e-05,0.9694430426852276,3.338767960429475e-05,2.839168966758443e-05,0.6537223190666976
2014-06-10,4.95066057749403e-05,0.6958678940334465,4.839663312008478e-05,0.9558016155427336,3.406167101940805e-05,2.8117562769599607e-05,0.6880227494135681
2014-06-11,4.7157992518462575e-05,0.6901609160890946,4.917517567083338e-05,0.9518662616781696,3.323540505782839e-05,2.7823265502011558e-05,0.7047671727081378
2014-06-12,4.667919578081926e-05,0.7041499569490173,5.101030087364336e-05,0.9576243351543318,3.436020784396174e-05,2.6826545456436725e-05,0.7360925412104151
2014-06-13,3.72024477228719e-05,0.735852787960724,5.057680379297358e-05,0.9715164479351274,3.1919228628063134e-05,2.7524687838647947e-05,0.8579873256145814
2014-06-16,2.938646502467408e-05,0.7576323183720758,5.504246476218058e-05,0.9707465801102564,3.0470606735018697e-05,2.7501800760969404e-05,1.0368925527256962
2014-06-17,3.191330809025626e-05,0.7647566967992534,5.7472861164870894e-05,0.9867941757385524,3.2752210020097465e-05,2.786696831626078e-05,1.026286899730628
2014-06-18,3.560112133469648e-05,0.7824735426358441,5.95263499153163e-05,0.9890878342784676,3.602102999467816e-05,2.6898842020460246e-05,1.011794815563083
2014-06-19,3.687128606172102e-05,0.7940559078705163,6.0899231930149654e-05,0.998104018513494,3.7627133295895315e-05,2.726928791263451e-05,1.0204996167724942
2014-06-20,3.6786047916274955e-05,0.8162795039076087,5.940192417553742e-05,1.0119560674181267,3.815757043107738e-05,2.7436421684809588e-05,1.03728376905081
2014-06-23,3.78482539714106e-05,0.8164869061173972,5.81147732742382e-05,1.010150037595147,3.8292650061975487e-05,2.73970522683714e-05,1.0117415215745638
2014-06-24,3.933090292313687e-05,0.8231100172569369,5.873980095426007e-05,1.0263396945628924,3.956316986458506e-05,2.6929633573405683e-05,1.0059054566304286
2014-06-25,4.004889359785303e-05,0.811252261129408,5.8462313772667134e-05,0.9817040287119329,3.92544757223565e-05,2.5754059903258976e-05,0.9801637996926058
2014-06-26,4.4267929857314866e-05,0.8097291769477565,5.919595119375791e-05,1.002428017074841,4.145055947414286e-05,2.6482585739091587e-05,0.9363564008470014
2014-06-27,3.536085878696092e-05,0.8051866082125088,5.6885707119281886e-05,0.9417569115554428,3.611266386949864e-05,2.580465101261893e-05,1.0212609395904986
2014-06-30,3.524942345217237e-05,0.7873518322897306,5.5736277371024514e-05,0.9154314307135464,3.489906814850205e-05,2.530818824406762e-05,0.9900606798818797
2014-07-01,3.707778978776346e-05,0.7855713907909396,5.340767018578401e-05,0.8766802311732251,3.495782422030243e-05,2.34517258487311e-05,0.9428238419928507
2014-07-02,3.729144432547138e-05,0.7872159064131846,5.2712193771880004e-05,0.908936435817138,3.4902296891040566e-05,2.5060286100702036e-05,0.9359330946375026
2014-07-03,3.7850371933542936e-05,0.7923660237584905,5.244460001450793e-05,0.9102363405959376,3.530297534459587e-05,2.4624985767005936e-05,0.9326982415544094
2014-07-07,3.637233936281704e-05,0.8101708135510937,5.2308709485784204e-05,0.9040261955668428,3.533858970943415e-05,2.530826744463315e-05,0.9715786866753015
2014-07-08,3.904012916123487e-05,0.8098711852113732,5.116373042154252e-05,0.926497017771208,3.619534088911204e-05,2.498989298388845e-05,0.9271316890276178
2014-07-09,3.921043801203444e-05,0.8085714015642093,5.031560029481049e-05,0.947562846505021,3.591456021775226e-05,2.571997362158307e-05,0.915943866955258
2014-07-10,3.784415060760939e-05,0.770331915361567,5.034791620526419e-05,0.9717572245795985,3.362544362760377e-05,2.674319245417371e-05,0.8885241995850911
2014-07-11,4.137743263306523e-05,0.7671433014278857,5.180515206796735e-05,0.964662644890206,3.551769256760303e-05,2.7944987611327502e-05,0.8583831887921531
2014-07-14,3.5819786180035966e-05,0.765176908318814,5.1317600694741e-05,0.947711118756333,3.2806244811924195e-05,2.7657671047694347e-05,0.9158693646867341
2014-07-15,3.740515266448331e-05,0.7614392595995194,5.168729285089869e-05,0.9666058168386212,3.3480572388400584e-05,2.9438575989604128e-05,0.8950791536319763
2014-07-16,4.331224214055195e-05,0.7449070681454951,5.4210575869667176e-05,0.7979100879530205,3.609519885128548e-05,2.881865089350265e-05,0.8333717458946932
2014-07-17,4.7474517764657056e-05,0.7436599474017465,5.49357155871584e-05,0.7688755196299725,3.797799784580969e-05,2.6616864460771477e-05,0.7999659529787334
2014-07-18,4.82618636397603e-05,0.7343832331764706,5.6085686607751695e-05,0.7527917308802744,3.8207693166188594e-05,2.436016816062487e-05,0.7916746326122263
2014-07-21,3.56854935741795e-05,0.7300071360348394,5.5781933088373684e-05,0.750980450897404,3.257014857419675e-05,2.4357342216017057e-05,0.9126999604613321
2014-07-22,3.6878426197529086e-05,0.7302190346134562,5.516770940401952e-05,0.6732012014812531,3.2936831281127183e-05,2.421693493045081e-05,0.8931192211053194
2014-07-23,3.8554343811198455e-05,0.7244599966903709,5.461195384063076e-05,0.6716558150346043,3.324259547395367e-05,2.4052371539792346e-05,0.8622269811345632
2014-07-24,3.79220014302475e-05,0.726609738966934,5.49638347036463e-05,0.7252137308124791,3.3173046089604276e-05,2.810643677109444e-05,0.87477044561115
2014-07-25,3.58816002468109e-05,0.7276429012289667,5.5117283617536074e-05,0.689979039307961,3.235922422982401e-05,2.644862684104232e-05,0.9018333632625555
2014-07-28,3.90148494586092e-05,0.6333036149120159,7.156608451153732e-05,0.4293134171940099,3.346420894365399e-05,1.868436365247979e-05,0.8577300542747478
2014-07-29,3.5953585678647994e-05,0.5751796561793856,8.463260944364836e-05,0.4722749061774406,3.172805774817697e-05,2.374931744870344e-05,0.8824726977654286
2014-07-30,3.539196672747045e-05,0.5365570540981066,9.648643597619366e-05,0.5298378242072251,3.1354609026250606e-05,3.1308600028078004e-05,0.8859244604203886
2014-07-31,4.5379445989039353e-05,0.5222463293182962,9.490321218523415e-05,0.3625644107696638,3.4272473322037665e-05,1.929826206153593e-05,0.755242215392308
2014-08-01,4.584672797284814e-05,0.5212343038778274,0.00010107102678504666,0.4358071912773821,3.5481379935371746e-05,2.567953514494044e-05,0.7739130250774913
2014-08-11,3.847004227028839e-05,0.38797042520717195,0.00010719070756212213,0.4263029336880665,2.4913716684562228e-05,2.5045188888093184e-05,0.6476134470952705
2014-08-12,3.841634430365733e-05,0.36170017917670694,0.00011202151977180116,0.4337849946159844,2.3727799920552582e-05,2.5838368914027384e-05,0.6176485647098294
2014-08-13,3.776559449586869e-05,0.3386061044582143,0.00012291415607609346,0.4212737975280163,2.3069803640996695e-05,2.453120215201523e-05,0.6108682770377248
2014-08-14,3.862814115860239e-05,0.33186612964713913,0.0001251309848220348,0.4306960411733017,2.3072638765980602e-05,2.6338990042646966e-05,0.597301295737923
2014-08-15,3.923523389055349e-05,0.32175959356296724,0.00012573177606732376,0.4406884303333054,2.2599152499759214e-05,2.8029855396410997e-05,0.5759912777071611
2014-08-18,5.8802594173761744e-05,0.3009852811902583,0.0001387765879173319,0.4099133343039596,2.718952396007388e-05,2.9113686450443082e-05,0.4623864702249156
2014-08-19,5.790352204668287e-05,0.2900806235637616,0.0001484149359978339,0.4004436527333097,2.6891189637783135e-05,2.8543270318514363e-05,0.4644137124526375
2014-08-20,5.609710643686182e-05,0.2791321441519723,0.00015578449181061717,0.4234834445106059,2.609409221073889e-05,3.149666670082313e-05,0.46515932582205827
2014-08-21,5.441563613273725e-05,0.267511863478487,0.00016340473990327658,0.4296109332451338,2.5225351520646084e-05,3.248027277653905e-05,0.4635680718518724
2014-08-22,5.0059045313325706e-05,0.24053060563946382,0.0001698793788528383,0.4276650484436351,2.2181042727001038e-05,3.232923644159065e-05,0.44309759781008945
2014-08-25,6.652021183637015e-05,0.25141333955270984,0.0001772467145907881,0.424121516280764,2.729947063009886e-05,3.310162855609722e-05,0.41039362137407964
2014-08-26,6.338834696697776e-05,0.2576447068129841,0.00018301340109055732,0.4237229384575511,2.775028090787452e-05,3.3079199761223526e-05,0.4377820567293081
2014-08-27,6.228211919321129e-05,0.26793067782916336,0.0001864791417649138,0.4256150010742909,2.8874818586176523e-05,3.364297069272863e-05,0.46361329640375915
2014-08-28,6.139493236265438e-05,0.25571501705121624,0.0001906158025370205,0.4320661441286978,2.766317006210986e-05,3.5411168798909987e-05,0.45057741734620677
2014-08-29,6.15753093611576e-05,0.25550445454091997,0.00019253430256074578,0.4286741754859327,2.7819917351590214e-05,3.506365546764852e-05,0.45180312758833385
2014-09-02,7.761239871585492e-05,0.2664474168764055,0.00019556999509891626,0.4366423734074166,3.2826772074359686e-05,3.583777335548877e-05,0.42295783428290984
2014-09-03,7.595624179294328e-05,0.2686657781337525,0.00019822121056439572,0.4408658240045638,3.2966219577655824e-05,3.6561208585267695e-05,0.43401593864427546
2014-09-04,7.498131031863036e-05,0.27255628002590837,0.0001991883543343115,0.4396819807270694,3.330923647004352e-05,3.6572953385148905e-05,0.4442338541230758
2014-09-05,7.387822741090312e-05,0.28042081471900293,0.00020334858274614524,0.4422320915631929,3.437075364997072e-05,3.661201103913521e-05,0.46523522361742814
2014-09-08,7.348698808482049e-05,0.28898774214281175,0.00020270853588203925,0.4485272585305712,3.527123481858963e-05,3.712944449640313e-05,0.4799657155342753
2014-09-09,8.133593066383054e-05,0.2906684503268507,0.00020443110089949455,0.4566100781972196,3.7481123384907356e-05,3.732059097469998e-05,0.46081876827377255
2014-09-10,8.008754908927675e-05,0.30349464072373383,0.00020840700831757222,0.4631946966774131,3.920935406015325e-05,3.777071380268943e-05,0.48958114595871866
2014-09-11,7.945435898388616e-05,0.295276030136471,0.00021451575090951743,0.4628748076259091,3.854931367979277e-05,3.7744301496235384e-05,0.48517556711533993
2014-09-12,7.986652544186676e-05,0.3058658143716677,0.00021076461287534501,0.4403822641826271,3.9683702312432974e-05,3.550677965920686e-05,0.496875281513504
2014-09-15,7.976789477234261e-05,0.30301517043988874,0.00021054457741356058,0.4406871013307615,3.9269056559932484e-05,3.5513754911829124e-05,0.49229149988233084
2014-09-16,8.12776222335961e-05,0.29639299811116154,0.00021262976765813575,0.4566304109803576,3.896417337051098e-05,3.657884521425829e-05,0.47939607852363014
2014-09-17,8.038458733415224e-05,0.2770349511936372,0.00021476813576483235,0.461950176971014,3.640037692886582e-05,3.7045452081192504e-05,0.4528278135900903
2014-09-18,8.052555846541116e-05,0.2710275943786487,0.0002158474258319938,0.4626072056698302,3.573171159035166e-05,3.686703680384479e-05,0.443731310546574
2014-09-19,7.686942885417954e-05,0.29857552742506693,0.0002147317660685635,0.4351607436113775,3.836005165018212e-05,3.4540510878245684e-05,0.49902870649592984
2014-09-22,7.562338268336147e-05,0.3249801996146818,0.00021488216414768482,0.4164404362408193,4.1427157513654445e-05,3.24062367888118e-05,0.5478088395901547
2014-09-23,7.716105522203933e-05,0.30698216427299424,0.0002155980852510179,0.4006323602759122,3.9594482625974884e-05,3.079466177871331e-05,0.5131407613858759
2014-09-24,7.845740621167833e-05,0.3029781237226465,0.0002134716900326102,0.4159950408969765,3.921013965373615e-05,3.15556388071699e-05,0.49976339452195334
2014-09-25,8.684570042440597e-05,0.30952960604524554,0.00021374819849613575,0.442850266429489,4.217232916245939e-05,3.067882032831325e-05,0.48560065675522873
2014-09-26,7.784867175631449e-05,0.2812792914100442,0.0002157370195084589,0.4411187845058276,3.645236415073363e-05,3.072633362412124e-05,0.4682464495327358
2014-09-29,7.945972408695768e-05,0.2662774119724764,0.00021718273050649105,0.4256183042434349,3.498005581277499e-05,2.9860563223777372e-05,0.44022372610423555
2014-09-30,7.034453028421699e-05,0.25350648506667256,0.0002201006582336605,0.4067501763488866,3.1543865436075274e-05,2.8476691334684527e-05,0.44841959010354904
2014-10-01,6.051441443903661e-05,0.2618148170359512,0.00022104013868043198,0.4056228696686328,3.0280232885308333e-05,2.6384700137741162e-05,0.5003804988613618
2014-10-02,5.727685640094654e-05,0.2610546571315434,0.0002210064586319899,0.4050668269287237,2.9371323391408098e-05,2.6332344899340205e-05,0.5127956601843587
2014-10-03,5.732458945014978e-05,0.3341003562521667,0.00021566656969831095,0.3722108846947546,3.714829028816052e-05,2.395355983208496e-05,0.6480341271430328
2014-10-06,5.950629355094935e-05,0.24339728545868405,0.00029515422606290055,0.4348393309678223,3.225682985751255e-05,2.7964089317615334e-05,0.5420742569001415
2014-10-07,5.823383972398379e-05,0.22337766648402768,0.0003144490524121605,0.6947633835655574,3.022752634416974e-05,4.5003381992086965e-05,0.5190714967009197
2014-10-08,6.403572465426801e-05,0.2571101832208945,0.0003163098601428712,0.6914066338759445,3.659205560239815e-05,4.083979287084865e-05,0.5714318968038613
2014-10-09,6.579132724406009e-05,0.3116232271187695,0.00031915678892316336,0.6522473156715,4.515607524802083e-05,3.641587274222076e-05,0.6863530063850126
2014-10-10,6.388921163395802e-05,0.28708368470274503,0.00028305639619438753,0.7025755548949603,3.860635170878153e-05,3.7737821561020415e-05,0.6042702785247972
2014-10-13,7.100010076144222e-05,0.3328951082605366,0.0002821329052481699,0.6935899788530122,4.71154958964075e-05,3.365255391980442e-05,0.6635975919909448
2014-10-14,5.126108009219706e-05,0.3705640775039483,0.0002533353874614061,0.739388208634461,4.2228448196740134e-05,4.132207709720415e-05,0.8237916197003452
2014-10-15,4.732231652345586e-05,0.40074403479096365,0.000231030631277121,0.7951660038320002,4.190200910522644e-05,5.218402670792133e-05,0.8854598038212524
2014-10-16,5.30327919984953e-05,0.411851855719878,0.00023829676358963416,0.7668901271066041,4.629907827300355e-05,5.037512330131356e-05,0.8730273577585203
2014-10-17,4.626798859027275e-05,0.4260285996996444,0.0002210373517629665,0.7728103961889111,4.308359144825533e-05,4.926872330141206e-05,0.9311749388931314
2014-10-20,4.9165393824874467e-05,0.44127855644477776,0.0002061029710274099,0.7794676968537528,4.442062973453365e-05,4.867279214040584e-05,0.9034938252047464
2014-10-21,6.127847379397686e-05,0.4659617898486925,0.0001940175536233362,0.8574118661660406,5.080714449529583e-05,4.73592566994248e-05,0.8291189605360199
2014-10-22,6.0122674099070425e-05,0.4816484196253263,0.0001846946021001935,0.8821420844841468,5.0754714057966234e-05,4.7234833468236514e-05,0.8441859052099442
2014-10-23,6.055871725038731e-05,0.5068063669610654,0.00017783093570717466,0.8866376173568453,5.25937397207072e-05,4.549212151871524e-05,0.8684751280852276
2014-10-24,5.99990058104541e-05,0.516621657250886,0.0001715452900143174,0.8751868998924804,5.2412398520694044e-05,4.502471608709081e-05,0.8735544499899333
2014-10-27,5.8561423507449295e-05,0.52142496400566,0.0001650906388402291,0.8668288315671638,5.126947335766129e-05,4.69006584148219e-05,0.8754820201926882
2014-10-28,5.4522480778452264e-05,0.523414122232195,0.00016037421624099697,0.890283551422611,4.894411878655639e-05,4.598109140140752e-05,0.8976869373467596
2014-10-29,5.3729820257279105e-05,0.5209588880749046,0.00015607522061629418,0.74371319898818,4.7706562496279976e-05,4.4318018408888256e-05,0.8878973029844982
2014-10-30,5.3551839514494966e-05,0.5293511086096633,0.00015089854367176175,0.7347867555917528,4.758538067099052e-05,4.471902515895746e-05,0.8885853614442227
2014-10-31,5.56093263598845e-05,0.5439304674955313,0.00014735075279708696,0.794466426423227,4.923720393969155e-05,4.8783690456370474e-05,0.8854127025572156
2014-11-03,5.4562010343014535e-05,0.5484983674713766,0.00014643936452548995,0.8045200064780721,4.9028593974677574e-05,5.489000198826933e-05,0.8985848150837904
2014-11-04,6.02491600622342e-05,0.5527472631014979,0.0001468534178929127,0.8163040076945169,5.199291041263261e-05,5.6738673424438966e-05,0.8629649004056933
2014-11-05,6.0354415020847636e-05,0.5604923863266692,0.00014536501702444175,0.8277038947690265,5.249938207905986e-05,5.805069359659247e-05,0.8698515603361495
2014-11-06,5.86925643313682e-05,0.5661374829477255,0.0001427309916957281,0.8398374558451996,5.181703916114785e-05,5.873761600860279e-05,0.8828552603119825
2014-11-07,5.828791566618652e-05,0.5624596449798583,0.00014895302003609792,0.8553191759204749,5.2408929347379974e-05,6.046322121986862e-05,0.8991388480508488
2014-11-10,5.7340540123530906e-05,0.5671409365586153,0.00015301018651472985,0.8252486389391872,5.312293458595608e-05,5.955110518936398e-05,0.926446358396892
2014-11-11,6.57571982494724e-05,0.5722770448082481,0.00014777222276619276,0.7643785307776491,5.641237434497275e-05,5.826523610077542e-05,0.8578889588779792
2014-11-12,6.673646336542344e-05,0.5827488397727582,0.0001420518567260532,0.7621251254779812,5.67396260005715e-05,5.8177699536868606e-05,0.8502042682406907
2014-11-13,7.11343776232816e-05,0.5925149868796059,0.00013782145362293663,0.7821656215802464,5.866749173874081e-05,6.016313417343959e-05,0.824741759173549
2014-11-14,6.859476809423724e-05,0.5971987017749951,0.0001297445670840463,0.7913303798533102,5.6338975035954315e-05,6.476494153709547e-05,0.8213304979550977
2014-11-17,6.853595565786147e-05,0.6077768715310744,0.00012669099858843814,0.8072247378291395,5.6633875979651674e-05,6.664289586408118e-05,0.8263381671129502
2014-11-18,7.650833651469074e-05,0.6031389165577493,0.0001297677302009791,0.7987315608273801,6.0097317237346693e-05,6.544271150957783e-05,0.7855002470980024
2014-11-19,7.466095393809579e-05,0.6002897113108955,0.0001322466796305562,0.7973380783677715,5.964857261765593e-05,6.841736581520551e-05,0.7989259374734592
2014-11-20,7.31046489834875e-05,0.5974609394375034,0.00013236298815272668,0.8037803025116584,5.877129996383548e-05,7.172543399457938e-05,0.8039338233757259
2014-11-21,7.04730363634149e-05,0.5911216653700585,0.00012846143844349092,0.7813178355512039,5.624381347420159e-05,7.079487200963953e-05,0.7980898280608183
2014-11-24,6.987047932397521e-05,0.5846056220778121,0.00012550473855562253,0.8035002081255812,5.4744426511299426e-05,7.520129015589924e-05,0.783512966290966
2014-11-25,8.166110492431963e-05,0.5671218613671621,0.00013942838778728702,0.8004120460446941,6.051452344215479e-05,7.799450360966988e-05,0.7410446319363095
2014-11-26,7.228929035700332e-05,0.5467762600485133,0.0001844423722991842,0.770666732877155,6.313598792987046e-05,7.877115822256021e-05,0.8733795506647121
2014-11-28,6.63644735069259e-05,0.5445353769329941,0.0001926094870571001,0.7737068485201835,6.156484124316268e-05,7.92396137024448e-05,0.9276776864166287
2014-12-01,6.796408095783602e-05,0.549379253851166,0.000196468027496085,0.8557466652192455,6.348307016454922e-05,8.875749417019095e-05,0.9340679557475845
2014-12-02,6.956629167082881e-05,0.5470171621696601,0.0002082611676480842,0.8727943230780454,6.584222951311203e-05,8.98374306342329e-05,0.9464674331738401
2014-12-03,9.973973303376368e-05,0.5884549547503901,0.00020104087189345504,0.8928495106996386,8.332772101660902e-05,9.191692329527038e-05,0.8354516147381414
2014-12-04,7.195368455764464e-05,0.6064040218417254,0.00019345619556416978,0.884754429981976,7.154510302148837e-05,9.342109878754695e-05,0.9943216037001005
2014-12-05,6.914099334132158e-05,0.6242685339739941,0.00019261096598984957,0.8894258119469118,7.204100405256351e-05,9.386265934911054e-05,1.0419434342941203
2014-12-08,6.652863915801598e-05,0.622131418508307,0.00018501217056894574,0.9024135583539948,6.902185127399645e-05,9.614566347490824e-05,1.0374757720514725
2014-12-09,5.578278936298998e-05,0.805992796686382,6.83248318183263e-05,0.902793256985071,4.975887577636682e-05,9.646397232039372e-05,0.892011251939656
2014-12-10,7.622608908783083e-05,0.8547906810927034,7.78638614576622e-05,0.8795061589931663,6.585360687207617e-05,8.841440769282645e-05,0.8639247751015658
2014-12-11,6.0199482263474304e-05,0.8332369325595008,8.224919183107501e-05,0.8744491379021169,5.8631460053455226e-05,8.753459800835255e-05,0.9739528954226494
2014-12-12,5.635062229218622e-05,0.8156617716452155,8.33720955670964e-05,0.9026076009661084,5.5907468189291236e-05,8.439991308128375e-05,0.9921357726877058
2014-12-15,5.5088696774690915e-05,0.7912098666808898,8.838235425196032e-05,0.907180461729651,5.520847189261493e-05,8.39867740257111e-05,1.0021742231153858
2014-12-16,5.154869882225274e-05,0.7604639394095508,8.81966692645788e-05,0.8898266280083611,5.127593293895286e-05,8.063513831159108e-05,0.9947085786929285
2014-12-17,8.951914955443635e-05,0.7604838518271786,0.00010480079338220366,0.8823665787902796,7.365975257252041e-05,7.340006285225999e-05,0.8228379395821686
2014-12-18,9.913276275332198e-05,0.7452002452113893,0.000126380230301953,0.8554396222978328,8.341058463909445e-05,6.035530545926189e-05,0.8414028049097151
2014-12-19,7.377698274922788e-05,0.7596284500341999,9.576590591173578e-05,0.8513665722357744,6.385091532913903e-05,6.006281562032233e-05,0.8654584797289947
2014-12-22,6.996587850894997e-05,0.7458931833707158,9.75070178238486e-05,0.8685940611482971,6.160808662811296e-05,6.122740799322112e-05,0.8805447446819684
2014-12-23,6.063494070426503e-05,0.7296130281250682,0.00010330334308505637,0.8774308076993407,5.774458267372581e-05,6.252621577121305e-05,0.9523318074204712
2014-12-24,5.292955813268682e-05,0.6732370274366509,0.00011000338244988011,0.8917485222898122,5.137125168402641e-05,6.395768506430923e-05,0.9705588615579606
2014-12-26,5.0003308753932844e-05,0.6568296161191715,0.00011326740791907266,0.8747907334440996,4.943158988926558e-05,6.297082798662982e-05,0.9885663793274021
2014-12-29,4.966432774890378e-05,0.6484358315891625,0.00011383176416659436,0.8765306507176462,4.875520863698334e-05,6.30858331150711e-05,0.9816947263130827
2014-12-30,4.653062419950052e-05,0.6507577860647422,0.00011476397633290452,0.97177804162964,4.755449847984924e-05,7.376634312116764e-05,1.0220043100208338
2014-12-31,4.3755181092948726e-05,0.6651760859054687,0.00011726555174643966,0.9795076307831694,4.764711348656308e-05,7.242823862120573e-05,1.0889479210552635
2015-01-02,6.483180836307134e-05,0.6593776269587931,0.00012167725926845143,0.9998006128529402,5.856430374413166e-05,8.009156642506346e-05,0.9033267037093833
2015-01-05,8.284505496642122e-05,0.7136495822804488,0.0001282272785293793,1.1450918306484803,7.355437737884529e-05,8.312404776865592e-05,0.8878547718829852
2015-01-06,7.372029621424698e-05,0.7292371485015134,0.00013280898187461926,1.1752950278611356,7.215659709262273e-05,8.653882109953613e-05,0.9787887569377122
2015-01-07,7.097584833724285e-05,0.7167662456054408,0.00015208724109585698,1.1416844518844778,7.446963616242212e-05,8.163770736657626e-05,1.049225023821885
2015-01-08,6.58935484829367e-05,0.730349280856885,0.00015952643964064833,1.1002002168836882,7.488044042166264e-05,7.542088158458309e-05,1.13638500499109
2015-01-09,5.142752848602693e-05,0.7307276965790447,0.00016643435292029813,1.0953521136088995,6.760438731848119e-05,7.361083905427514e-05,1.3145564118806443
2015-01-12,5.214866604959718e-05,0.722892950865499,0.00017214428358686514,1.1328557192474282,6.849232275447364e-05,7.758263049478343e-05,1.3134050771180312
2015-01-13,5.1084978694142575e-05,0.7102402600918394,0.0001837214329769621,1.1064576160918362,6.880687074287657e-05,7.617334758537176e-05,1.3469100409112238
2015-01-14,5.779000718727771e-05,0.7010391560630688,0.00016773286176931506,1.10152757673162,6.902044078176334e-05,7.490932135303692e-05,1.1943317563206322
2015-01-15,5.577655409897309e-05,0.7077632128562165,0.000156003606579623,1.1275140379384727,6.602085510286895e-05,7.418987579139335e-05,1.1836667963696321
2015-01-16,7.006830803083834e-05,0.7285513836133768,0.00015465884674435647,1.203019509375456,7.584175711983267e-05,7.63908918798006e-05,1.0823974383176675
2015-01-20,6.698197984101967e-05,0.7320583519112068,0.00015349110354326078,1.1695272794260323,7.422774961767691e-05,8.046886386207373e-05,1.1081749120264126
2015-01-21,5.396910834789416e-05,0.7265022522164836,0.00016202976245901544,1.1435944282113222,6.793709682431825e-05,7.82910870855608e-05,1.2588145126723984
2015-01-22,5.806897077464812e-05,0.7311058202290773,0.00016609110756841435,1.152490703886648,7.180017390803178e-05,7.339482829410074e-05,1.236463690508158
2015-01-23,5.910063936486745e-05,0.7308786724789043,0.00016461580797756212,1.1136116166270091,7.209035226132492e-05,7.373533145769644e-05,1.2197897186232345
2015-01-26,6.288399592442454e-05,0.7321989214265726,0.00015911487594936534,1.1279831242954896,7.324104674593784e-05,7.665262564597526e-05,1.1647009015451346
2015-01-27,6.964065036165525e-05,0.7365249864534881,0.00015868206813864923,1.1679370964644826,7.742528630142129e-05,7.491019199694933e-05,1.1117829299315722
2015-01-28,7.988841611727443e-05,0.7361578353434224,0.00016434198753337954,1.1870642010957158,8.435039327784524e-05,7.153660961225323e-05,1.0558526176563663
2015-01-29,8.021798542057233e-05,0.7406352371530167,0.00016442890287626729,1.219172985749388,8.506077310269758e-05,7.247245037672411e-05,1.0603703478307909
2015-01-30,7.830236811365751e-05,0.7353707760431516,0.00016828745059397753,1.2213087167357026,8.441501088896079e-05,6.79350756182612e-05,1.0780645965449047
2015-02-02,6.708254753246161e-05,0.7491567146431584,0.0001445210877108405,1.2428773272381977,7.376376247733033e-05,6.555502757024373e-05,1.099596917389514
2015-02-03,8.067150173734702e-05,0.7831536633966805,9.085103006546745e-05,1.2820263055598011,6.704586255944113e-05,6.250326180409355e-05,0.8310972414735912
2015-02-04,7.910110058857453e-05,0.7817537212890521,8.868462086128225e-05,1.269754822310145,6.547648804776695e-05,6.205170197063008e-05,0.8277569788608538
2015-02-05,8.520627788871464e-05,0.7558187275177569,0.00011373678334156822,1.1504007536332344,7.440530759960226e-05,5.4484237812881755e-05,0.8732373886438367
2015-02-06,8.507292515013707e-05,0.7450407376130169,0.00011479446682878677,1.1287889751457156,7.362684324555218e-05,5.326882381323802e-05,0.8654556442677291
2015-02-09,6.296753465448077e-05,0.7270779204916745,0.0001186466134400467,1.0874873115996735,6.284445649558062e-05,5.108674878500156e-05,0.9980453711650692
2015-02-10,6.653518645016198e-05,0.7259392523814638,0.0001185058547850255,1.1080332848535954,6.44608269368446e-05,4.9500200190885445e-05,0.9688231201565631
2015-02-11,6.58212274519105e-05,0.7225104573400143,0.00011522852921806815,1.0687262918062526,6.292266887430323e-05,5.113180807967096e-05,0.9559631643192162
2015-02-12,6.625281595902424e-05,0.7168920164506783,0.00011495999518331757,1.1171879909869828,6.256468803451931e-05,5.322754047930236e-05,0.9443325106847391
2015-02-13,6.59493776327874e-05,0.7126255551115759,0.00011405128612502622,1.1105312814707848,6.180403596312504e-05,5.253097996126833e-05,0.9371435816613155
2015-02-17,5.2818371217651516e-05,0.7150068198527264,0.00010292092250043215,1.0784834683379034,5.271746538953109e-05,5.154056089827997e-05,0.9980895694851206
2015-02-18,4.925751255554142e-05,0.7177536038982762,9.987330007003873e-05,1.0755311429334835,5.0342678696878503e-05,5.154395910890877e-05,1.0220304697707479
2015-02-19,5.2538640297651296e-05,0.7097650516555709,9.782224719168822e-05,1.0717873942950502,5.088301575485877e-05,5.1461909432852966e-05,0.9684874878106325
2015-02-20,5.811623348480445e-05,0.7064156763590141,9.95918340607e-05,1.0704390880138557,5.374287845069351e-05,5.098127521196406e-05,0.9247481336646767
2015-02-23,5.7842904366347e-05,0.7058644843809088,9.701721103685644e-05,1.0797674962966652,5.287748240808899e-05,5.167429224399598e-05,0.9141567662852889
2015-02-24,5.363774172174018e-05,0.7008328853189527,9.194461658431246e-05,1.0708747563588537,4.92167427027466e-05,5.144796050618087e-05,0.9175767122723273
2015-02-25,4.6420168910813084e-05,0.6959599381937952,8.169968429102355e-05,1.0598552302649742,4.2859567895580155e-05,5.3240738243011575e-05,0.9232962503416586
2015-02-26,6.082008377129165e-05,0.7017084709157497,8.064276070907649e-05,1.0559419805925083,4.9143141977758496e-05,5.591732252993475e-05,0.8080084559330233
2015-02-27,6.477291200020017e-05,0.7011917253285505,8.263748026971961e-05,1.056302556325362,5.130055064059455e-05,5.5851016347640876e-05,0.7920062423692795
2015-03-02,7.10002492943561e-05,0.7116297960523746,8.073918661191344e-05,1.0527998572442534,5.3879833565940214e-05,5.7782861148178275e-05,0.7588682307658206
2015-03-03,6.22129036386534e-05,0.7114242986614158,8.755962375728656e-05,1.0440135707080251,5.250744347462841e-05,5.730294577137798e-05,0.8439960266057265
2015-03-04,6.357489191775788e-05,0.7138268286493356,9.482944812584327e-05,1.090675273255053,5.542520312081052e-05,5.99105427315902e-05,0.8718096318985488
2015-03-05,6.337223751236057e-05,0.7132068451583857,9.936224113717014e-05,0.9922117170936012,5.65946935515122e-05,5.8339136076003206e-05,0.8930518437268934
2015-03-06,6.737776824421294e-05,0.6781588784153836,0.00012618247325123347,0.8889446802776879,6.253012265181537e-05,4.8595550593116155e-05,0.9280527432308662
2015-03-09,6.459093954914395e-05,0.6704202944406321,0.00012906459897645776,0.9079942247352324,6.121199323133541e-05,4.953985081735005e-05,0.9476869923027259
2015-03-10,6.248974140729342e-05,0.6714241947512105,0.00013647115004114654,0.8790562435728553,6.20042953643538e-05,4.238246636881901e-05,0.992231588225408
2015-03-11,5.4252554100076106e-05,0.6234935543140617,0.00013311630654800873,0.9017423606972296,5.2985579924055434e-05,4.521395421855938e-05,0.9766467367843444
2015-03-12,5.508043688697334e-05,0.6092701395908625,0.00013226454972033018,0.8803784102159895,5.2003229006178756e-05,4.1293415964590916e-05,0.9441324714415554
2015-03-13,5.707193087433516e-05,0.6127654230459674,0.00011861695356554634,0.8716529841568232,5.041722254745195e-05,4.007637772250479e-05,0.8833978765930315
2015-03-16,5.2149496476829495e-05,0.6112615987654526,0.00010961979360996046,0.9252626371079644,4.621645847007168e-05,3.918694339345341e-05,0.8862301957336459
2015-03-17,4.691748238540657e-05,0.6093149251804458,0.00010393828011070885,0.921076694763334,4.2549741815655305e-05,3.878749622882077e-05,0.9069059048422039
2015-03-18,5.051902620859181e-05,0.5985825564810592,0.00010846122098647266,0.8600137609134528,4.4308677395310095e-05,3.3738417915428115e-05,0.8770691108011596
2015-03-19,5.142834644805491e-05,0.6138414482460643,0.00010224284876073151,0.8825390547641889,4.45116774316354e-05,3.42875751393479e-05,0.8655086252208074
2015-03-20,5.066833282542825e-05,0.6123764763349884,9.918531924969763e-05,0.901776432374348,4.341207099395767e-05,3.716831561999045e-05,0.8567890154098582
2015-03-23,5.007282454924587e-05,0.6052560990290483,9.712407630376818e-05,0.9169005657071512,4.22088646242823e-05,3.949762705299059e-05,0.842949544073962
2015-03-24,4.2218867344400384e-05,0.5926844838817855,9.643209792998388e-05,0.9065480079731604,3.781705056984348e-05,3.836172184471545e-05,0.8957381604141796
2015-03-25,4.692159710753298e-05,0.6118750490468144,9.694428628966052e-05,0.9350950571652844,4.1267698207071914e-05,3.559028242850918e-05,0.8795032725014945
2015-03-26,4.732340893496746e-05,0.6202828541145821,9.043923705879837e-05,0.9494157254570642,4.0579457082378375e-05,3.598324800101576e-05,0.8574922643071482
2015-03-27,4.354358066573599e-05,0.6002514750638798,8.663007254408551e-05,0.9411188516324472,3.686630778035825e-05,3.566715653984691e-05,0.846653105158345
2015-03-30,4.5502666776921666e-05,0.6147754876127418,9.242139994074438e-05,0.962689213787964,3.9867705300733544e-05,3.3625414844658365e-05,0.8761619510387444
2015-03-31,3.983451498744685e-05,0.6129935030029002,9.934328987890808e-05,0.8973580669710383,3.856158775313323e-05,3.123614464243717e-05,0.9680446157129122
2015-04-01,4.176214734580363e-05,0.590741169274628,0.00010294081819247898,0.8761343233050737,3.873311781385318e-05,3.027548272095825e-05,0.9274694975124449
2015-04-02,4.894523588776545e-05,0.5734946107916593,0.00010419616854897349,0.8808512485246319,4.0955329928210664e-05,3.107310661777569e-05,0.8367582500189364
2015-04-06,4.8199312485919956e-05,0.5658941089248894,0.00011199392799017449,0.8994303969474288,4.1576969714195156e-05,3.0841849192337934e-05,0.8626050366660453
2015-04-07,4.533264144371158e-05,0.5519228654949361,0.00011357214028716595,0.93142223352305,3.960224484181339e-05,3.465825051056074e-05,0.8735922633360448
2015-04-08,4.177649686660928e-05,0.5484022064939195,0.00010764777754535882,0.9334794156872268,3.6776274925449324e-05,3.471895445173015e-05,0.8803101668116053
2015-04-09,4.664355209638432e-05,0.5280942531430679,0.00010183728874061553,0.9285428898298588,3.6396587258769623e-05,3.549502826863756e-05,0.7803133685779259
2015-04-10,4.853778747139849e-05,0.5372404214625852,9.896714195531499e-05,0.934144497173765,3.723524221617906e-05,3.547588290791628e-05,0.7671392569782954
2015-04-13,4.467938122611643e-05,0.6177285942247086,7.790718160326113e-05,0.933885041743394,3.644517388432812e-05,3.565210586895522e-05,0.8157045349371319
2015-04-14,4.646938254229903e-05,0.6271652059726589,7.607510364504924e-05,0.9462561014604788,3.72895106143043e-05,3.6103498086919437e-05,0.8024533267762123
2015-04-15,4.691423215315267e-05,0.6589726236006732,7.274899513424439e-05,0.9529038369339304,3.8497557681088105e-05,3.81948810458741e-05,0.8205944318860826
2015-04-16,4.176974619173272e-05,0.6461873348190831,7.370038094752651e-05,0.8726671508269704,3.585289474675515e-05,3.6745551813911826e-05,0.858346004358804
2015-04-17,4.332386275975345e-05,0.6773067087717032,7.484984176281768e-05,0.9113463516617368,3.8569535297727906e-05,3.5982156795705226e-05,0.890260767180664
2015-04-20,4.305137811564542e-05,0.6571660648755724,7.843018744701991e-05,0.8545128444007322,3.818653779310981e-05,3.224690384010195e-05,0.8869991964143963
2015-04-21,4.4326391543702614e-05,0.6546926640780135,8.116660801088836e-05,0.8786232688160384,3.926967999727535e-05,3.4229081824537055e-05,0.8859209746085082
2015-04-22,3.760113128202133e-05,0.6567684247714879,8.050736454130725e-05,0.9058993478938252,3.613520525282502e-05,3.499010156883341e-05,0.9610137785961449
2015-04-23,3.981692672329287e-05,0.6561444721290081,7.920725959095632e-05,0.90873846419948,3.684816253016746e-05,3.49576292056255e-05,0.9254396449591202
2015-04-24,4.472325784062566e-05,0.6645872249867426,7.79721469158248e-05,0.740384530253751,3.924537208687855e-05,3.5630301957877074e-05,0.8775159499053506
2015-04-27,4.8016264703360416e-05,0.6672493679074406,7.734730107979817e-05,0.7147912348166043,4.0663517103504405e-05,3.430857807800956e-05,0.8468696462484007
2015-04-28,4.837591330570472e-05,0.670836944814036,7.645395312543125e-05,0.7241602909824798,4.079731051462905e-05,3.571614007101264e-05,0.8433393341189495
2015-04-29,4.7158652268819175e-05,0.6742950503985787,7.421160369123249e-05,0.7154746772641238,3.9890232963451094e-05,3.506484829343637e-05,0.8458730486203083
2015-04-30,4.7296624411946914e-05,0.6774276562454097,7.413039665288576e-05,0.7064075479657423,4.011217006102603e-05,3.31843351099409e-05,0.8480979469413017
2015-05-01,5.0018555724514286e-05,0.681281820096552,7.420465638463187e-05,0.696827809853939,4.150572008850604e-05,3.1481476198163596e-05,0.8298064485729229
2015-05-04,4.992916004912971e-05,0.6717753621701381,7.389066705831543e-05,0.7052140648434578,4.080336642050152e-05,3.5998364877590886e-05,0.8172251722310467
2015-05-05,5.102770643270727e-05,0.6710386852993173,7.411324745310895e-05,0.6801949444447019,4.126658245925706e-05,3.2958922443676665e-05,0.8087093335005625
2015-05-06,5.61480236098465e-05,0.6698648745584932,7.107417154645498e-05,0.7188016293721721,4.231655899671429e-05,3.724249007259897e-05,0.7536607039057627
2015-05-07,5.2055366505413186e-05,0.6652288633815642,6.953034912961008e-05,0.7189599111276685,4.002128637466838e-05,3.895635373450138e-05,0.7688215271811909
2015-05-08,4.9463315458690945e-05,0.6832032437434922,6.824905532032356e-05,0.8200358241815074,3.9695369916075844e-05,4.15931010080082e-05,0.8025214150722922
2015-05-11,4.237087867236375e-05,0.7154988167207069,6.263905360985995e-05,0.8206780996176164,3.686084177505265e-05,4.120480429783253e-05,0.8699569829571413
2015-05-12,4.7490306282055044e-05,0.7033111968199321,6.35931904076371e-05,0.8023534948917836,3.8650518428362784e-05,4.123956782305477e-05,0.8138612161987148
2015-05-13,4.663897325113825e-05,0.710017676998755,6.19324866405993e-05,0.8018539962944206,3.815952065105346e-05,4.122030047473438e-05,0.8181895524495096
2015-05-14,4.9144732522979803e-05,0.7159070379551064,6.29520271347329e-05,0.7727142881736347,3.9819882988616306e-05,3.788887927015672e-05,0.8102573957442285
2015-05-15,5.102390807027307e-05,0.7125712425394346,6.361197529919102e-05,0.7763657536820227,4.059612601563255e-05,3.832089412661413e-05,0.7956294911734558
2015-05-18,5.1224895533544154e-05,0.7110064817123724,6.423953708041837e-05,0.7772861327241949,4.078639321888194e-05,3.823140861109357e-05,0.7962220868205254
2015-05-19,5.107054978153525e-05,0.6854453894373022,6.487586662894298e-05,0.766663529700975,3.945478782822796e-05,3.821793938813908e-05,0.7725545935378395
2015-05-20,4.960583034370502e-05,0.6939655453797484,6.357384155611945e-05,0.7629557080375386,3.8971174818190804e-05,3.9772127143112666e-05,0.7856168226228724
2015-05-21,4.7917991249736124e-05,0.7166420994779586,6.248754764515965e-05,0.7647835355034568,3.921465150091438e-05,4.012590745046972e-05,0.8183701043839213
2015-05-22,4.8649795894238564e-05,0.7157850410112347,6.182946025526263e-05,0.8314792529166836,3.92573388761241e-05,4.6635631386636404e-05,0.8069373808158817
2015-05-26,5.2044924254716454e-05,0.7164949716134691,6.111377551911473e-05,0.8313326665497832,4.040842232944923e-05,4.543366495475584e-05,0.7764142787812263
2015-05-27,5.41376103742017e-05,0.7143332880996823,6.092301564109154e-05,0.8335459432956841,4.102429496730673e-05,4.38317182895768e-05,0.7577780896449784
2015-05-28,5.2639353679274204e-05,0.7241524137219078,6.144511811302254e-05,0.8325995829041761,4.1184040130800325e-05,4.37985224676192e-05,0.7823811892093158
2015-05-29,4.7121939363217764e-05,0.7029101743403182,6.293931833588264e-05,0.8202233074821327,3.8280043721279865e-05,4.2654740892498226e-05,0.8123613806769662
2015-06-01,4.566975475334599e-05,0.69963064512148,6.448806503060899e-05,0.8222409678373822,3.7968447268999696e-05,4.2725957616275104e-05,0.8313696334491033
2015-06-02,4.848176142599366e-05,0.7061368961832089,6.594128788940212e-05,0.8287812226552856,3.9926092800940364e-05,4.328074702232747e-05,0.8235280985383888
2015-06-03,4.583723039523311e-05,0.6941833029423501,6.69552719279166e-05,0.8985665629369822,3.845702962688558e-05,4.8048490634896146e-05,0.8389911278514978
2015-06-04,5.208668778062701e-05,0.7263467763602071,6.846905410662007e-05,0.9158591482333216,4.33765041720965e-05,4.763425090670469e-05,0.8327752448914566
2015-06-05,5.356843740955158e-05,0.7407669732831202,6.986414570674923e-05,0.8957091379982649,4.531722175186969e-05,4.9760474533532936e-05,0.845968707382705
2015-06-08,5.4875341169450945e-05,0.7369416463253154,7.107604178119085e-05,0.9148942001321804,4.602389115149216e-05,5.174970128507944e-05,0.8386989524014772
2015-06-10,5.7400521339002106e-05,0.726005778857984,7.192360006629918e-05,0.8968101241014711,4.6648072649564944e-05,4.7836668466233566e-05,0.8126768113144094
2015-06-11,5.7399555912391706e-05,0.7229883473301997,7.302629079508262e-05,0.8944216032799274,4.680854966184499e-05,4.777144644060364e-05,0.8154862684528144
2015-06-12,5.544172754801711e-05,0.7326379004494588,7.667372078079246e-05,0.8731526991891921,4.7767336773898914e-05,4.6124881656734565e-05,0.8615773513285361
2015-06-15,5.424960916028536e-05,0.732063957163811,7.983687715021304e-05,0.8755774258181931,4.817803717870334e-05,4.6049122106118896e-05,0.8880808161466562
2015-06-16,5.423174022350414e-05,0.7065143637815191,8.223674640722256e-05,0.872573674906251,4.7182475799852124e-05,4.652432709850341e-05,0.8700158911626286
2015-06-17,5.412494915971205e-05,0.6914631315710021,8.453729797309316e-05,0.8945490097312504,4.677264830565867e-05,5.627395514707493e-05,0.8641605956550982
2015-06-18,5.572982074389677e-05,0.6862554426336801,8.699444269633794e-05,0.7752885794600578,4.778321642870524e-05,6.271735951170973e-05,0.8574083998635184
2015-06-19,6.241618085312648e-05,0.674423485081762,8.749191065855997e-05,0.7592796319733608,4.983853079711589e-05,8.77578138444179e-05,0.7984873492082531
2015-06-22,6.257165974145031e-05,0.6282097275293382,8.632024790020962e-05,0.7479326986795983,4.616893258802041e-05,8.699761167032198e-05,0.7378569272222135
2015-06-23,5.295413252336654e-05,0.5971629935512967,8.698781583045256e-05,0.6733096384519226,4.05295730339317e-05,0.00010267120858759492,0.7653712959238378
2015-06-24,5.124155217210486e-05,0.5575601068674712,9.387451088436155e-05,0.6822898176663775,3.867022282511188e-05,0.00011401999312136724,0.754665328935203
2015-06-25,5.1531038942745836e-05,0.52829829496423,9.83485505835732e-05,0.6826325379158416,3.760950697437957e-05,0.00011404716041354477,0.7298418146811683
2015-06-26,9.885673436567757e-05,0.6201471896342899,0.00010190556423265922,0.6900861807344404,6.224390895911725e-05,0.0001160164064946308,0.6296375189663148
2015-06-29,0.00010219846828200267,0.7204837063399417,0.00010663003123409501,0.8094106304801448,7.521182473408534e-05,0.00014422774010791403,0.7359388648227938
2015-06-30,8.697755639475864e-05,0.7703216515514846,0.00011162605581944064,0.8059490809368117,7.590292212028385e-05,0.00015082879970107352,0.8726725061783621
2015-07-01,9.667073925185136e-05,0.7964018888937912,0.0001138310888367576,0.8003526047831115,8.354303457145243e-05,0.0001483042599009407,0.864201879679455
2015-07-02,9.521395937942913e-05,0.8168376277154117,0.00011660881871243462,0.8070105634488118,8.606998868953312e-05,0.00015301249372697855,0.9039639696795179
2015-07-06,0.000172264093177785,0.827839368017885,0.0001260976457093761,0.8274836997348087,0.0001220104266396525,0.00016971083219028513,0.7082754414393936
2015-07-07,0.00016730584927433944,0.8286403687474514,0.00013422531296143077,0.834338191573113,0.00012417634193538567,0.00017287921637642274,0.7422115991400143
2015-07-08,0.00018325021701855255,0.8321291341357543,0.0001399238353029914,0.8260979672860512,0.0001332474255119868,0.00016736701118783335,0.7271337937815191
2015-07-09,0.00017483634785152047,0.824684177470185,0.00014751076976065436,0.826341443647317,0.00013243884659080066,0.0001678366549566787,0.7575017907790785
2015-07-10,0.0001852458943863911,0.8098645469025888,0.0001484852700674394,0.8139872412880811,0.00013431619174632085,0.00016203590753616933,0.7250697360458654
2015-07-13,0.00021177015433928543,0.8155446856290097,0.00015510501766253338,0.8051092906683006,0.00014780633976305995,0.00016095334505473883,0.6979564246161596
2015-07-14,0.0001959846645507268,0.7817544471037615,0.0001568771179255529,0.8078975575116785,0.00013707593170194716,0.00016272098458954766,0.6994217226953884
2015-07-15,0.00017788056160659394,0.7534860114454507,0.0001579649643687697,0.8070741979072,0.00012630479168341266,0.00016256458027804423,0.7100539291232517
2015-07-16,0.00018174519139179188,0.7496911759224276,0.00016063016485487854,0.7895598933990593,0.00012809359551162948,0.00016470565181605576,0.7047977144853063
2015-07-17,0.00017984339911716185,0.7384091119087784,0.00015857641573608486,0.7908383964263535,0.00012469917983132998,0.00016571403092170155,0.6933764622080608
2015-07-20,0.0001933298802508964,0.7599964377218945,0.0001654692073235161,0.785777426610269,0.00013593135335597094,0.00016677870266117213,0.7031057650248592
2015-07-21,0.00019419877324157122,0.7781963858917119,0.0001674145796196807,0.7858498266543061,0.00014031661167114576,0.0001667298617262559,0.7225411846273643
2015-07-22,0.00018582236281108658,0.7895259249394883,0.00016790198390405887,0.7858393714749091,0.00013945795677327652,0.00016677314261491141,0.750490708780053
2015-07-23,0.00018795658724473803,0.7988501886095082,0.00016671474397218485,0.7845151594919714,0.00014141032565265978,0.00016630378800962763,0.7523563165601085
2015-07-24,0.00019329917782205091,0.8052190497271664,0.00016361847296289008,0.8407136530143139,0.00014320072335914112,0.0001872930989590888,0.7408242754708979
