Date,Predicted_Index_Var,Predicted_Corr,Predicted_Var,Future_Beta_45d_UNP,Predicted_Covariance,Future_Cov_45_UNP,Beta_Predicted
2013-02-28,5.497886498863307e-05,0.6624955160076124,0.00019895771420956265,1.208429161166633,6.928850955465691e-05,6.618412347625068e-05,1.2602753725269225
2013-03-01,5.488021190183326e-05,0.6671898816896609,0.0001984879815498254,1.219742161690997,6.963449795989159e-05,6.674018098148933e-05,1.2688452822385232
2013-03-04,5.501029900576039e-05,0.6710259717832534,0.00019881222629553418,1.223063580620794,7.017507358976716e-05,6.686765293652032e-05,1.2756715534743557
2013-03-05,5.845535101370509e-05,0.6732924794485825,0.00019689252811909237,1.2498363936289625,7.223214595402676e-05,6.698469906053362e-05,1.2356806468768213
2013-03-06,5.9250468430820016e-05,0.679417851064793,0.000193287248765487,1.2642630120200045,7.270837687521236e-05,6.82249857899582e-05,1.2271358995263575
2013-03-07,5.369174155549812e-05,0.6893087522177279,0.0001921700168539598,1.2677640206045917,7.001810496627057e-05,6.852509456289301e-05,1.3040758771793017
2013-03-08,4.524810700565277e-05,0.6948054311444664,0.00018128205446343144,1.2609105913555927,6.292754938909357e-05,6.788085949927332e-05,1.3907222545516025
2013-03-11,4.8373919939468494e-05,0.697841683980187,0.00018188026785846773,1.280460874857991,6.54568860221684e-05,7.113773308354833e-05,1.3531441343615787
2013-03-12,5.1431479865635213e-05,0.7015494125163416,0.0001748296550068113,1.2744941187252965,6.652430191728988e-05,7.089005649416302e-05,1.2934549441525827
2013-03-13,5.5261000285198275e-05,0.7071468696950134,0.0001745587784328176,1.2776519040628258,6.945281313256046e-05,7.212842958399821e-05,1.2568142591360851
2013-03-14,6.195858588029715e-05,0.7049346415050354,0.00017873613262470696,1.2894651575353082,7.418323698154447e-05,7.435160714420701e-05,1.1973035847665265
2013-03-15,6.386120353979619e-05,0.7098831545678322,0.00017902669622769221,1.3243345529681896,7.590393982292774e-05,7.486124437021719e-05,1.1885767197548496
2013-03-18,6.402550064969363e-05,0.7064877757611547,0.00018456051525524335,1.3140924996181849,7.679811143178236e-05,7.276032406800644e-05,1.199492556129662
2013-03-19,6.71640875084588e-05,0.7078795989920038,0.00018439662911193453,1.2974651245453546,7.877790813626062e-05,7.380600710867134e-05,1.1729171207207891
2013-03-20,6.839791392936718e-05,0.7127628890757937,0.00018424862071643832,1.3377953830172815,8.001448796288875e-05,7.575769548731161e-05,1.1698381334483055
2013-03-21,6.814178529168062e-05,0.717573881606955,0.00018623947302491233,1.3548936940426963,8.083682428802068e-05,7.379486409765399e-05,1.186303293082196
2013-03-22,6.79733209422515e-05,0.7175050718418036,0.00018709374116753608,1.3659197652750363,8.091403318792472e-05,7.370469676013083e-05,1.1903792850825596
2013-03-25,7.243408887933498e-05,0.7169544730971809,0.00019702303427827632,1.3515673905123649,8.564885887278977e-05,7.39037451119611e-05,1.1824385478979207
2013-03-26,7.339742545776695e-05,0.7152404069610422,0.00020513818663108187,1.3387164350289291,8.776385898678233e-05,7.204074084354585e-05,1.1957348427334398
2013-03-27,7.311742529462491e-05,0.7162703284182546,0.00020541375653927846,1.3292600288705918,8.778133235037063e-05,7.889592600939171e-05,1.200552836709688
2013-03-28,6.422356192814954e-05,0.7181629197847675,0.00020062047417946865,1.3245987996882516,8.15188038248383e-05,7.910063841642697e-05,1.26929745684361
2013-04-01,6.678777769649997e-05,0.7165741122593187,0.00020204522782083547,1.2919363442521148,8.324035225043593e-05,7.742299710755873e-05,1.2463410989462846
2013-04-02,6.451960799026473e-05,0.7169464139829137,0.00019794082247518037,1.3419864795336511,8.102149306390291e-05,8.67026428037494e-05,1.255765426785112
2013-04-03,6.836168011312682e-05,0.7123578489064151,0.0001952351437545868,1.3523097552737893,8.229691888590543e-05,8.56819178959546e-05,1.2038457619783216
2013-04-04,6.901245142532413e-05,0.7110553790956584,0.00019210512651666577,1.3814230157858596,8.18722320820915e-05,9.141074357430176e-05,1.1863400066389826
2013-04-05,6.697476452894188e-05,0.7068600058148858,0.0001630971580224075,1.3964311445562143,7.387750234920249e-05,9.138759637827803e-05,1.1030647568350573
2013-04-08,7.273438811092278e-05,0.7082099753997168,0.0001668361112830081,1.4049529353593948,7.801479357837732e-05,9.51864974534868e-05,1.0725984723952269
2013-04-09,7.022991067372413e-05,0.7073418780366113,0.00015737937892890437,1.3874645903320586,7.436427405930777e-05,9.641192536678971e-05,1.0588689825449327
2013-04-10,6.636144982931065e-05,0.7103015987602254,0.00015363397073473795,1.388640982677328,7.172067241881855e-05,9.887183706749673e-05,1.080758069681908
2013-04-11,6.716170407401359e-05,0.7140190908121445,0.00015410236012823836,1.3758127218204903,7.263991414264791e-05,9.926743406224151e-05,1.0815674668200381
2013-04-12,6.98842565011876e-05,0.7356389287995981,0.0001645780251599208,1.3358429263726366,7.889333248696433e-05,9.760213402698162e-05,1.128914242446346
2013-04-15,9.593981606210937e-05,0.7384292046615218,0.0002365866504523091,1.2479607141382087,0.00011125087185184629,7.532227212971065e-05,1.159590214138256
2013-04-16,8.836558039441448e-05,0.7455778750276383,0.00026826762660666346,1.1997899367613845,0.00011479387402043202,7.360069327405793e-05,1.2990790476117107
2013-04-17,8.959564094882932e-05,0.7466425729505916,0.0002840599378353607,1.0809962354401346,0.00011911355418308641,7.682439098348042e-05,1.3294570240433419
2013-04-18,9.719405369416862e-05,0.8125713982779248,0.0003402930546365685,1.1839640845251755,0.0001477773662132983,8.305113343232608e-05,1.5204362879883107
2013-04-19,7.72897485213767e-05,0.8041342195318754,0.0003271763880125319,1.1825881138548826,0.0001278734750471074,8.58180784820048e-05,1.6544687684129327
2013-04-22,7.797978274745508e-05,0.7977661231392732,0.0003042133450086291,1.2194312152224056,0.00012287279331669527,9.042144706242391e-05,1.5757006365948782
2013-04-23,8.499754389235151e-05,0.8002784212573782,0.00028447528665335954,1.2771667230991466,0.00012444188092173688,9.445709804432486e-05,1.4640644331951662
2013-04-24,7.773768893068322e-05,0.7938001554259716,0.0002661473404490699,1.2534193586385842,0.00011417947916613101,9.35497899578195e-05,1.4687789248268244
2013-04-25,6.90805921567358e-05,0.7917008590132179,0.0002389643451744934,1.2558919831062796,0.00010171984630352714,9.391369968742126e-05,1.472480810134584
2013-04-26,7.034557142953508e-05,0.8047948488653386,0.00022781791214574525,1.2529822250215683,0.00010188200957282261,9.442775313173994e-05,1.448307370349212
2013-04-29,6.776168711759701e-05,0.8163353151722692,0.00021441134444454484,1.27219314704937,9.839761455353426e-05,9.476543790350858e-05,1.452112819782219
2013-04-30,5.8041023931509805e-05,0.8113553268100266,0.00019218060589639666,1.272266097054285,8.569064338943251e-05,9.463958196606957e-05,1.4763806284766807
2013-05-01,6.311211636341748e-05,0.8108571611742258,0.00019664713113954634,1.2558095943107486,9.033260529034285e-05,9.399949955488007e-05,1.4313036940511084
2013-05-02,6.214021471172626e-05,0.8066184386752249,0.00018443639056211738,1.2370480009270814,8.635307901056884e-05,9.121673507684381e-05,1.3896488676643317
2013-05-03,7.476459886581012e-05,0.8155088878752813,0.0001832839546088522,1.2525557814971362,9.5463845721047e-05,9.103493742139333e-05,1.2768589301520703
2013-05-06,7.535412832838797e-05,0.8196520267055052,0.00018081179832543705,1.246952166249728,9.567454931293714e-05,9.0507538302836e-05,1.2696656631205954
2013-05-07,7.392273390092128e-05,0.8179598141059237,0.00018307106581959558,1.211546183738884,9.515482888194949e-05,9.200473804068477e-05,1.2872200994282166
2013-05-08,6.958015556766957e-05,0.8137158750733183,0.00018716046662862104,1.2049390654141416,9.285868864428146e-05,9.107985861671196e-05,1.3345570714335722
2013-05-09,7.111722928104653e-05,0.8125030142241151,0.00022569773845638094,1.186689668097585,0.00010293806460889489,8.965745010435205e-05,1.4474420003357602
2013-05-10,7.562958883543677e-05,0.8080652660912132,0.00021903374905969618,1.1854980483594142,0.00010400346952732464,8.990141403483184e-05,1.375169045988428
2013-05-13,7.357910230951406e-05,0.8071520833458633,0.00021937526597073234,1.1856224962184685,0.00010254782290986488,9.001326978145527e-05,1.3937085353187988
2013-05-14,7.590263764609063e-05,0.8064949042500255,0.00023131826606693083,1.169786050051352,0.00010686488576159984,8.693194861398563e-05,1.4079205818890792
2013-05-15,7.650099964197039e-05,0.8056202519227024,0.00023255558364853373,1.173140049987041,0.00010745517006879753,8.658893729029051e-05,1.4046243914680154
2013-05-16,7.639729836462006e-05,0.7958618651380934,0.00023937432735186294,1.1701035692301056,0.00010762557414502793,8.57156228615813e-05,1.408761519698841
2013-05-17,7.425705624970095e-05,0.7940069734429005,0.00022945457572264802,1.1563578803815924,0.00010364337395260778,8.265053649552246e-05,1.3957377141923153
2013-05-20,7.217439206379002e-05,0.7913730102528228,0.000217535829009788,1.168186566392833,9.916038411242528e-05,8.39020542394781e-05,1.3738998178853268
2013-05-21,7.13709588975209e-05,0.792702475020781,0.0002056545845099391,1.1726972650617045,9.603735217630541e-05,8.431665017409558e-05,1.345608265039596
2013-05-22,7.35750525384875e-05,0.7962451616563258,0.00020577246299762874,1.1798609141752363,9.797284617780177e-05,8.322634671912516e-05,1.331604161975306
2013-05-23,7.454058968752127e-05,0.7938710497860656,0.00020853731508361655,1.1845670369488044,9.89779069403134e-05,8.359183578836172e-05,1.3278390653365484
2013-05-24,7.630250921850573e-05,0.7930050050717021,0.00020216649017969432,1.1856820226808211,9.849176587951385e-05,8.363115832260572e-05,1.2908063822313531
2013-05-28,7.438631671877e-05,0.7922116456019791,0.0002013918935976504,1.1872124566074875,9.696360248402243e-05,8.289470756675468e-05,1.3035139627978847
2013-05-29,7.273626036607267e-05,0.7935437043752954,0.00019365265687203202,1.2252961898340258,9.417986524562127e-05,8.75280545695652e-05,1.2948131340768079
2013-05-30,7.309916508279677e-05,0.7951789395898979,0.00018888779756680968,1.2238066496763782,9.343789132777646e-05,8.720123446401386e-05,1.2782347270580006
2013-05-31,7.696255068093324e-05,0.7946963105095615,0.0001946934871802657,1.236646532195954,9.727844840913747e-05,8.16774229855363e-05,1.263971211302867
2013-06-03,7.835861755638394e-05,0.795163342933219,0.00018704734325580293,1.2451821138995185,9.626657165465213e-05,8.283111087853551e-05,1.228538412962458
2013-06-04,7.696792659140356e-05,0.791665266521802,0.00018100164202299336,1.2571066792241388,9.344105694060597e-05,8.319610745570366e-05,1.2140259076569988
2013-06-05,8.390672708275947e-05,0.7917488147141829,0.0001977842288196091,1.2163535383984725,0.00010199564802243782,7.4452674199918e-05,1.2155836792661066
2013-06-06,8.864935953499249e-05,0.7925890868076922,0.00020063005490724125,1.1947740520663352,0.00010570216566269434,7.181320259773665e-05,1.1923624289803314
2013-06-07,8.584609796353898e-05,0.7931749428281796,0.00020530546367286887,1.1557323094983776,0.0001053002783816968,6.58340426835911e-05,1.2266169445048103
2013-06-10,7.344670994631798e-05,0.7846438694173784,0.00019912495121148863,1.1573833538547589,9.489025204775019e-05,6.606242010341636e-05,1.2919605536736125
2013-06-11,7.540176794643908e-05,0.7796036912340275,0.00020248612639369725,1.1566040330457998,9.633016126464192e-05,6.368804658212607e-05,1.277558390050869
2013-06-12,7.564969572692771e-05,0.7767393057019021,0.00020119065409228683,1.1503768725271577,9.582587125790039e-05,6.694012777325951e-05,1.2667053097450982
2013-06-13,7.668406692361186e-05,0.7745521395794837,0.00019578362336597645,1.133789947023727,9.490550568725164e-05,6.078755223824381e-05,1.2376170108686448
2013-06-14,7.978958283363962e-05,0.7734048006563121,0.00019040786982839577,1.1603678664319397,9.53284228444983e-05,6.22436858939845e-05,1.1947477284504293
2013-06-17,6.406673037804978e-05,0.7716210071958043,0.0001821585760590404,1.1988260874034986,8.33575869886304e-05,6.336536627806803e-05,1.301105683039351
2013-06-18,5.269216623890948e-05,0.7699303983257161,0.0001372868635371891,1.1939572999656884,6.54845707415454e-05,6.247262915191265e-05,1.242776211640918
2013-06-19,5.313666894497608e-05,0.7710838047744223,0.00014789462435098726,1.261094781162004,6.835573206512973e-05,6.269368319763413e-05,1.2864135713119926
2013-06-20,6.610900161714408e-05,0.7713248194745002,0.0001553142106088912,1.515037290157128,7.815795764814065e-05,5.272255156834967e-05,1.182258932010129
2013-06-21,6.524441916700448e-05,0.7154557289249229,0.00012839614705249902,1.5264121163110893,6.54832832010657e-05,5.356249350118557e-05,1.0036610646107496
2013-06-24,5.5679700730278476e-05,0.7225591239954037,0.00015461687125961792,1.4418051176495033,6.704251162884305e-05,5.4118801865486316e-05,1.2040745684609169
2013-06-25,5.683904438603972e-05,0.7087325002592515,0.00019172761773348935,1.3615591627143426,7.398574826945023e-05,4.8944626487402135e-05,1.3016712203490515
2013-06-26,5.616484134519195e-05,0.6866681208731599,0.00022072872301713748,1.3233713074303333,7.645547291582946e-05,4.506556851352104e-05,1.3612692760214575
2013-06-27,5.600093181678947e-05,0.6776702871915493,0.00023700922102265988,1.368098794624013,7.807260893845208e-05,4.60902716333744e-05,1.3941305332895437
2013-06-28,5.651835513949762e-05,0.6724419076125142,0.00024842990237387906,1.3554690222741932,7.96803921607679e-05,4.5534939909612565e-05,1.409814421599888
2013-07-01,4.0959150997653995e-05,0.6994266980427739,0.00022382077250631993,1.353597803470485,6.69680840599388e-05,4.642619109430483e-05,1.6349968792999279
2013-07-02,4.708768430286185e-05,0.7128713646222123,0.00020616579875514182,1.356069380706317,7.023816337332568e-05,4.6449660107888146e-05,1.4916461578692841
2013-07-03,4.5307854285029834e-05,0.7250497466788093,0.00019442925618757273,1.3570139987480443,6.805113296673608e-05,4.648146243304508e-05,1.5019720982289124
2013-07-05,5.048108536897671e-05,0.7352753394272481,0.00018340253476813303,1.348551754990145,7.074846296333685e-05,4.550576765985937e-05,1.4014845846958652
2013-07-08,5.858594159480322e-05,0.7501113352237441,0.0001761842469780717,1.3745669920006525,7.620894907920894e-05,4.700201428865637e-05,1.3008060808562465
2013-07-09,6.185296409698371e-05,0.7573701928414408,0.00017167218252148208,1.3191551694901782,7.804380435062987e-05,4.399599682194068e-05,1.2617633688218945
2013-07-10,6.043816195282401e-05,0.7629434680450293,0.00016482739151034808,1.339322389980129,7.614873200593237e-05,4.497829047318594e-05,1.259944537449228
2013-07-11,6.428746384905295e-05,0.763397724319515,0.00015787313774598413,1.3961613712395813,7.690739972338989e-05,4.151799279299342e-05,1.1963047710820973
2013-07-12,6.999194674271863e-05,0.7642014778741756,0.00015322894482475944,1.409120491271338,7.914114243994826e-05,4.2858384048854054e-05,1.130717834308294
2013-07-15,7.060701256657018e-05,0.7624433389401606,0.00015372434771010086,1.44071789762834,7.943333967766064e-05,4.396997839482767e-05,1.1250063809564066
2013-07-16,3.5042919617133015e-05,0.76891333704765,0.0001491006211264627,1.428707429177035,5.557983606779605e-05,4.6903424958046245e-05,1.5860503826462629
2013-07-17,3.792838595062833e-05,0.7712389588317776,0.00014528424450854224,1.4092866187260018,5.725064714129573e-05,4.63330352184691e-05,1.5094406394150106
2013-07-18,3.7451029819475974e-05,0.7730773615192452,0.00013579478463813667,1.3266622687553455,5.513106514739679e-05,4.7426029711397686e-05,1.472084089894012
2013-07-19,4.0860668714576163e-05,0.7783546709155235,0.00013659602211003906,1.3017457871313565,5.814994348916529e-05,4.714340111216387e-05,1.42312755318225
2013-07-22,3.950888193740232e-05,0.7817331473400648,0.0001341341128077945,1.2988215252572726,5.690828762940807e-05,4.7102495954499085e-05,1.4403922571024226
2013-07-23,3.3171208880188284e-05,0.7896208218288568,0.00012447414860706504,1.3025047613789933,5.073864016963402e-05,4.73500604064458e-05,1.5295987659930597
2013-07-24,3.471216593235655e-05,0.793505157072676,0.0001259591078606574,1.2785820755846102,5.246931545602924e-05,4.64858362940462e-05,1.5115540631568762
2013-07-25,3.488954269695917e-05,0.787678074836213,0.00012189960709051174,1.2829523022385516,5.13685785679042e-05,4.712407168266925e-05,1.472320202476637
2013-07-26,3.343176772700175e-05,0.785568471884469,0.00011952152671399556,1.288891184080527,4.965772070291708e-05,4.811552345179643e-05,1.4853453490229342
2013-07-29,3.360094972876798e-05,0.7844972187590205,0.00011947899350573747,1.265793653257544,4.970647462567253e-05,4.878366969703823e-05,1.4793175498582876
2013-07-30,3.816574763863081e-05,0.7906854753179039,0.00011787860022268377,1.2675849623575293,5.303445780067037e-05,4.888319270711514e-05,1.3895825729086377
2013-07-31,3.750748633018741e-05,0.7912139092570896,0.00011462070249960131,1.2303646499859642,5.187814350538165e-05,4.9814397771829724e-05,1.3831410361303846
2013-08-01,4.226173154810077e-05,0.7925187530887499,0.00012501261983299166,1.0620015321691212,5.7604991829117696e-05,4.114956918707196e-05,1.363053280567877
2013-08-02,4.130983358011611e-05,0.7871723782466851,0.00012332315521612085,1.046473228927076,5.618480564155963e-05,4.210083082913383e-05,1.3600830788290412
2013-08-05,3.7225611971094185e-05,0.7817609795287433,0.00015673712906518958,0.9881069981766872,5.9714645205194825e-05,4.2521291476279624e-05,1.6041279657554979
2013-08-06,4.1983018398946586e-05,0.7730134081417841,0.00018774017183091952,0.9729105893609457,6.862817690624372e-05,4.1336666781369144e-05,1.634665146133602
2013-08-07,4.81253999850549e-05,0.7667967172307212,0.00021256382924137555,1.064396564284665,7.75554109674931e-05,5.6299981800244414e-05,1.6115276131019698
2013-08-08,4.5117615842124565e-05,0.7630309165865514,0.00023086198081921945,1.042267094580541,7.787380852290926e-05,5.5785752257437286e-05,1.7260178107683055
2013-08-09,4.7210405389653165e-05,0.7578779010568746,0.0002455299673289979,1.0337093694115649,8.159628036489826e-05,5.546065507886211e-05,1.728353732433343
2013-08-12,4.729046229109182e-05,0.7563612628058188,0.00024286853962671786,1.0263988901059198,8.105908343779888e-05,5.631394838330913e-05,1.7140683239433696
2013-08-13,5.1414947954433665e-05,0.7623562979068144,0.00022053849011962855,0.9789848162558168,8.117922317473614e-05,5.770267613778679e-05,1.5789031479071216
2013-08-14,5.361675369996386e-05,0.7693170230777124,0.00019723038321882273,0.8650919347383658,7.911202651218235e-05,5.113267849801742e-05,1.475509445329132
2013-08-15,5.120699157562921e-05,0.7708077361060484,0.00018557276493005303,0.8839570457417929,7.513941591992923e-05,4.848957856163797e-05,1.4673663421322745
2013-08-16,4.9139520575593413e-05,0.777114273769293,0.00016646362880740664,0.9000084389235614,7.02845748915259e-05,4.899627828842086e-05,1.4303064838291237
2013-08-19,5.1240075352845624e-05,0.7753074942567222,0.00015932530530743633,0.8970975822183589,7.005211331526437e-05,4.8055515662529854e-05,1.3671352517121935
2013-08-20,5.687877447837599e-05,0.7118603773895729,0.0001530002548108032,0.884721741569387,6.640732902013167e-05,4.7872941976064125e-05,1.1675239072771904
2013-08-21,5.746511661394483e-05,0.6742206780234332,0.00014702417888275485,0.8683961767583062,6.197243996917159e-05,4.597315571029413e-05,1.0784358167322152
2013-08-22,5.43081375808944e-05,0.654741729918153,0.00015431506157545998,0.7889842505278934,5.993860548346746e-05,4.0881419931496034e-05,1.103676320959934
2013-08-23,4.6628310947370826e-05,0.6318788346316191,0.00014830692235540184,0.7926916652986616,5.254596373802932e-05,4.0995907304988826e-05,1.1269111548419097
2013-08-26,5.7057237442025364e-05,0.6226320908075851,0.00015392946676024525,0.7602077594597869,5.835092612273061e-05,3.914374267129462e-05,1.0226735246693242
2013-08-27,6.26349019454684e-05,0.637306202182845,0.00014609828221413685,0.698497613176298,6.0964764534722377e-05,3.1625066764247556e-05,0.9733353552273446
2013-08-28,6.352118414260544e-05,0.6416443883350114,0.000122253059999787,0.6770666156980234,5.654361389714238e-05,3.090503407063474e-05,0.8901536496895529
2013-08-29,6.345432123592429e-05,0.6519111620175013,0.00011279906586087229,0.6806317937246008,5.515333394184874e-05,3.1078226605223074e-05,0.8691816864100976
2013-08-30,6.533098257867051e-05,0.6504503478529702,0.00011369839780569853,0.6841215343113204,5.605971915267649e-05,3.0930521584607716e-05,0.8580878006108401
2013-09-03,6.741624909395761e-05,0.6601804164767241,0.00011577810511584165,0.6856963847724745,5.8325456796133066e-05,3.123307766556422e-05,0.8651542852057111
2013-09-04,5.29054408502055e-05,0.6370888707494089,0.00012325562954292903,0.6744123811871763,5.1446231710240576e-05,3.0222373119383256e-05,0.9724185430361223
2013-09-05,5.526096611110341e-05,0.6330585896822798,0.00012751105048750496,0.6164035847519795,5.314067350750094e-05,3.0387846573681378e-05,0.9616312787702702
2013-09-06,5.903493096893949e-05,0.6249143971052805,0.00013147968667070244,0.6060524123471599,5.505596641878654e-05,3.188054063631696e-05,0.932599827172722
2013-09-09,5.950680039687122e-05,0.6087262502250215,0.00013094900998062515,0.5809515348890946,5.373489934792773e-05,2.969045701964289e-05,0.9030043455462451
2013-09-10,6.058865375686932e-05,0.5900883055092014,0.0001317332246507367,0.5691350805067813,5.27181693232711e-05,2.8719513247000212e-05,0.8700996977886162
2013-09-11,5.2548421709793746e-05,0.5630202367214383,0.00011572062968639521,0.5851044910162606,4.3904520398651565e-05,3.0102869623770527e-05,0.8355059765851889
2013-09-12,5.463125330927889e-05,0.5463051007139409,0.00011648547900579554,0.5622382217062921,4.358045220638179e-05,2.8911944180675245e-05,0.7977201613820533
2013-09-13,5.629719144726608e-05,0.5546295361147369,0.00011138637113211134,0.5702272427896751,4.3920005513718205e-05,2.942882161788254e-05,0.7801455878106875
2013-09-16,5.4138744378514925e-05,0.5565209250030303,0.00011205037583795597,0.5538086199424158,4.3345323307535874e-05,2.8611412418690596e-05,0.8006340709434251
2013-09-17,5.7555509167455784e-05,0.5573102818124576,0.00011309558959648504,0.5553683776161217,4.4963834443168964e-05,2.8682972706461443e-05,0.7812255524027809
2013-09-18,6.204530316157312e-05,0.5135761859555587,0.00011711853485210239,0.5110558843334427,4.377963621892731e-05,2.5257187674708757e-05,0.7056075800761274
2013-09-19,6.178297806302708e-05,0.4934297850228448,0.00011783768030594521,0.5553817025093116,4.2101917203523156e-05,2.803262694484968e-05,0.6814484915339213
2013-09-20,6.675064824066973e-05,0.4997667576709424,0.00011596231154603262,0.5579409640177531,4.3969703908253726e-05,2.6222622317278022e-05,0.6587157588300983
2013-09-23,6.644616634370019e-05,0.49786820743828303,0.00011076603289954759,0.55976881456427,4.2712270633260573e-05,2.5925459002320236e-05,0.642810157207966
2013-09-24,6.687102886618699e-05,0.5010933324400589,0.00011044718507355598,0.5642547471663341,4.3064058075143876e-05,2.596935099728402e-05,0.6439867728268049
2013-09-25,5.221698153901886e-05,0.4694705942205365,0.00011060443234789955,0.5470199040492636,3.567800337339987e-05,2.4950199169264733e-05,0.683264377255121
2013-09-26,5.0374063840171386e-05,0.46911817451655935,0.00010557668683910844,0.5503733812977966,3.421131496493011e-05,2.509148106801653e-05,0.679145424388967
2013-09-27,5.122431082106018e-05,0.481272090149584,0.00010725927345859622,0.510114560616642,3.567353642012846e-05,2.3019766038263988e-05,0.6964180844666781
2013-09-30,5.1567877421329924e-05,0.48663333976988565,0.00010986936180691344,0.5045393062794767,3.6629398615422555e-05,2.262220052972804e-05,0.710314258547931
2013-10-01,5.3629225784131454e-05,0.4884224292438609,0.00010842274004613086,0.4947377774798392,3.724402009064506e-05,2.1737711456614496e-05,0.6944724550110013
2013-10-02,4.9785428743887e-05,0.4417292139178464,0.00010721294421361809,0.4676037459563242,3.2272369955728675e-05,2.0836718390613305e-05,0.6482292263013061
2013-10-03,5.1677659876475144e-05,0.4155651196357388,0.00010829455086725912,0.4951751212600095,3.108807348756219e-05,2.1814320403826983e-05,0.6015766495981408
2013-10-04,4.988490741732951e-05,0.42173528323149,0.00011219172421103679,0.5377499787461255,3.155040460268961e-05,2.3273617515382276e-05,0.6324639301972388
2013-10-07,5.300164613196136e-05,0.42116802020785465,0.00013123531480700487,0.544378979249802,3.512573536376788e-05,2.2580072215077736e-05,0.6627291400782768
2013-10-08,5.7418241986777646e-05,0.42603094095696326,0.00014497308482766657,0.611518410062166,3.886957365822891e-05,2.521051688636301e-05,0.6769551333038
2013-10-09,4.671951297786224e-05,0.41401857751375226,0.00013754231542612743,0.6025119531087451,3.318846359011145e-05,2.51656593691428e-05,0.71037691693913
2013-10-10,5.493659376391755e-05,0.40328713861520127,0.0001691881810666416,0.3601742369492829,3.888035725605727e-05,1.180527375421842e-05,0.7077314881068211
2013-10-11,5.397060840252837e-05,0.3992170067372512,0.00015594805388785012,0.3759276126666165,3.6625003148963935e-05,1.2301131138050515e-05,0.6786101589925407
2013-10-14,5.390763459317086e-05,0.39772149806803053,0.00014685414685376336,0.389821516520225,3.5387290544521546e-05,1.2837908160386742e-05,0.6564430216903727
2013-10-15,5.553151341989191e-05,0.39690437414986707,0.00014062157099454785,0.4556018015980648,3.5073702401341695e-05,1.6796359351642e-05,0.6315999734445913
2013-10-16,4.144281603770634e-05,0.3631470150695486,0.00013079107786013688,0.4595926431718276,2.673598366564603e-05,1.5372444807917185e-05,0.6451295115013553
2013-10-17,4.1583055321708076e-05,0.36329062036229637,0.00016353156257060378,0.6267683180678557,2.9958024832240766e-05,2.053350167644033e-05,0.7204382794979819
2013-10-18,4.3823960134694674e-05,0.37171606112845573,0.00015253072983072873,0.6346427521091366,3.039105738450953e-05,2.0590924641971545e-05,0.693480399559999
2013-10-21,4.4710412594374516e-05,0.37691150471557583,0.0001470694364257439,0.6432675433882349,3.056363093544915e-05,2.087641630749351e-05,0.6835908944238792
2013-10-22,4.4371990394003997e-05,0.4002805232878274,0.00014104054719763716,0.6423086197966766,3.166583220442141e-05,2.075235839045458e-05,0.7136446195729013
2013-10-23,3.6244305626284386e-05,0.45519171072551706,0.00012787671104802883,0.6588957510122809,3.098917150843235e-05,2.0787235636049616e-05,0.8550080067186883
2013-10-24,4.040389782719303e-05,0.48864491544998967,0.00011953945464609037,0.6721816051377988,3.395945026805428e-05,2.1155908348456856e-05,0.8404993600691306
2013-10-25,3.967999624918889e-05,0.5020884168472715,0.00010546393378652466,0.7314396944713103,3.2480147795470104e-05,2.3040472938864496e-05,0.8185521891558657
2013-10-28,4.081308187982178e-05,0.516858827263693,0.00010360757430825934,0.7312051594563486,3.360991282913648e-05,2.4887399641858717e-05,0.823508328239074
2013-10-29,4.2024721372673885e-05,0.5265014161021664,0.00010369623202252166,0.7811210135109722,3.475629325450768e-05,2.6234624138715845e-05,0.827043990281101
2013-10-30,3.243679795796633e-05,0.559714656297787,9.204498751982565e-05,0.8141711922425314,3.058339814983681e-05,2.6982010704426942e-05,0.9428611970105288
2013-10-31,3.3498134377451295e-05,0.5775674072743611,8.900391969469008e-05,0.8385796375124537,3.1536794950908185e-05,2.8060637745524514e-05,0.9414492937295232
2013-11-01,3.528785039280735e-05,0.5895091758726481,8.756027213535099e-05,0.8326947644601488,3.2768512131383574e-05,2.7832955828108022e-05,0.928606071682471
2013-11-04,3.477448195487655e-05,0.6005004384243433,8.468577502131863e-05,0.8269186110642076,3.2587338847240175e-05,2.750971097180375e-05,0.9371049406149481
2013-11-05,3.766596277267884e-05,0.6180365101068166,8.333649784513846e-05,0.8234904193170153,3.4626316210684356e-05,2.71461289497698e-05,0.9192999106291448
2013-11-06,3.8333959556374354e-05,0.6381432686995225,7.602177146656729e-05,0.857313289187664,3.4449190836016946e-05,3.1817699296966e-05,0.898659862813169
2013-11-07,4.0431492315281525e-05,0.6482402495189735,7.170056492813397e-05,0.8964913756937885,3.490255076749767e-05,3.158936238268734e-05,0.8632516083089485
2013-11-08,4.3778322206368926e-05,0.6611651571811014,6.954662064463179e-05,0.9666621415861708,3.648190694080419e-05,3.110201360500715e-05,0.8333326884669132
2013-11-11,4.088414418239951e-05,0.6565624025798775,6.928193725234147e-05,0.988168688696,3.4943264588651946e-05,3.18899945182498e-05,0.8546898874232741
2013-11-12,3.99781619662566e-05,0.6479075277429195,7.072241437690405e-05,0.9918243008733928,3.4451090758184204e-05,3.241037552848253e-05,0.8617477408606855
2013-11-13,4.4902541372157916e-05,0.6601058443644577,7.066445320519774e-05,0.987604654995606,3.7183437804634945e-05,3.1208960310353966e-05,0.8280920560031098
2013-11-14,4.545126757048379e-05,0.6583833206077014,6.644065788954133e-05,1.0003647563161338,3.61800182713531e-05,3.11890782151713e-05,0.7960178055594764
2013-11-15,4.488960878325864e-05,0.6613361168644563,6.640911506434472e-05,0.7530581146681949,3.610846260620358e-05,2.4518874336471105e-05,0.8043835440969594
2013-11-18,4.304897041106976e-05,0.6594196726808627,6.543560555611923e-05,0.7503501303334156,3.499857378114216e-05,3.223635831604084e-05,0.8129944443954114
2013-11-19,4.253689180732228e-05,0.6599815443949354,6.683045197925937e-05,0.7434524661680783,3.5188590124982805e-05,3.226194131605921e-05,0.8272487393854541
2013-11-20,3.986505410246521e-05,0.622220498282373,6.883780651448683e-05,0.7581248317486093,3.259522662100476e-05,3.334505964224726e-05,0.8176390915518439
2013-11-21,3.485111027762049e-05,0.6264386741755962,7.44582047935365e-05,0.7304524446966204,3.191120114203795e-05,3.253065662068405e-05,0.9156437452877823
2013-11-22,3.677714977289896e-05,0.6112396400890304,7.81515744861057e-05,0.8040649288132857,3.276946956153529e-05,3.743800292978195e-05,0.8910279824262801
2013-11-25,4.464079349966786e-05,0.6087925769576017,8.091817814401037e-05,0.8267688347811971,3.6589657927351805e-05,3.907946121865668e-05,0.8196462262173732
2013-11-26,4.5604254902161166e-05,0.6173296844297264,8.365615803281168e-05,0.8072895483447613,3.8130175181726e-05,4.719068897823853e-05,0.8361100354238882
2013-11-27,5.098239319509307e-05,0.6176694847974792,8.29881579310648e-05,0.8064219027053772,4.017670511995353e-05,4.804403138909398e-05,0.788050591627002
2013-11-29,5.306536742177139e-05,0.6243497563873976,8.462920264014902e-05,0.807444777516085,4.18401910497909e-05,4.8109594285198326e-05,0.7884651154346841
2013-12-02,5.1303727815654587e-05,0.6179781060539384,8.515059454372843e-05,0.823184602254784,4.084523440639208e-05,5.2456974480978415e-05,0.7961455462487611
2013-12-03,5.129816798105141e-05,0.6249451735627634,8.573683762898465e-05,0.8082911716491514,4.1445422990274704e-05,5.407002389566864e-05,0.8079318350235017
2013-12-04,4.926678581923591e-05,0.6255817436907509,8.666174078214712e-05,0.7984417082811588,4.087661130424292e-05,5.347110812910854e-05,0.8296991700295355
2013-12-05,6.186383108747796e-05,0.6299981823862497,8.963630474044889e-05,0.8319629447069307,4.691369870808939e-05,5.7470907957249435e-05,0.7583380770866183
2013-12-06,6.149224160789946e-05,0.649119675473395,9.315846631008773e-05,0.8282879630810123,4.912992494773357e-05,5.49985139405118e-05,0.7989613594021625
2013-12-09,5.694825981469449e-05,0.6763857540864853,9.191063263297908e-05,0.8184578658073774,4.8934770806565436e-05,5.470289171212261e-05,0.8592847431299153
2013-12-10,5.3452041059883435e-05,0.6814394045890069,9.376713206896194e-05,0.8095842609200419,4.8243044410183944e-05,5.433052758752277e-05,0.9025482180584321
2013-12-11,5.2671389427449466e-05,0.7106485464430895,9.654811843206157e-05,0.7836442820503052,5.0677381492726565e-05,5.0104185811699936e-05,0.9621424846316332
2013-12-12,5.926873458923956e-05,0.6961802993336552,9.722113842249544e-05,0.8132274061394734,5.2846339192752494e-05,5.2688193115726184e-05,0.8916394041310767
2013-12-13,5.102150798536989e-05,0.5723255163417353,7.931680508305408e-05,0.8214442031427048,3.640846423580423e-05,5.3716944489849766e-05,0.713590516498339
2013-12-16,5.265033739264804e-05,0.5904489654497002,8.239847737884092e-05,0.8193108429997588,3.8890411509400295e-05,5.306657981859949e-05,0.7386545544688352
2013-12-17,5.547285481711756e-05,0.6073140619053957,8.518217627991714e-05,0.8086762011031555,4.174725850035839e-05,5.2542495881962804e-05,0.7525709401109858
2013-12-18,5.7755345996717895e-05,0.6563557624549656,8.98226719494773e-05,0.8100171316796445,4.7274656548130595e-05,4.7721808510845126e-05,0.8185329986737003
2013-12-19,6.478693026373803e-05,0.6447981915545362,9.364077291212882e-05,0.8132780432094372,5.0222694220983564e-05,4.78716194575404e-05,0.7751979298376137
2013-12-20,6.101338500649426e-05,0.7281104587123677,5.8155711218043614e-05,0.8159638159839578,4.337165705988847e-05,4.8451948535408415e-05,0.7108547912113381
2013-12-23,6.0371580554275465e-05,0.7208828706672229,6.29185385239828e-05,0.8170540692299724,4.4429384033389254e-05,4.815836936729541e-05,0.7359320995985221
2013-12-24,6.05937066863415e-05,0.7161653595789638,6.457224789203755e-05,0.8183840869151562,4.4797112709818913e-05,4.919440241196867e-05,0.7393030590075568
2013-12-26,6.0130930524985e-05,0.7154883954213955,6.864559522192308e-05,0.8724074205445577,4.5968241909443565e-05,5.567760527930422e-05,0.7644691593512477
2013-12-27,6.1029823506439453e-05,0.686496884490966,8.016526699810763e-05,0.8716713775172237,4.80178542796052e-05,5.562946384346879e-05,0.7867932679592081
2013-12-30,6.103786899254316e-05,0.6726602907284545,8.607593602173857e-05,0.8739560066690892,4.875692963991796e-05,5.5831286214512385e-05,0.7987980321835035
2013-12-31,6.15980310886923e-05,0.6615069215713696,8.881182487440492e-05,0.8654954748144184,4.892752020841638e-05,5.493579339705913e-05,0.7943033136557204
2014-01-02,6.274975633376732e-05,0.6592774083728252,9.596579496572508e-05,0.8728974848701733,5.116022530736244e-05,5.338142975963658e-05,0.8153055612716659
2014-01-03,6.287727487442676e-05,0.6474684376801413,9.395130053177278e-05,0.8719506952154722,4.976418044840923e-05,5.3917828608328245e-05,0.7914493837049092
2014-01-06,6.194585296328845e-05,0.6392999388528962,0.00010488767275470087,0.8587828355531242,5.15315263414528e-05,5.2875397655111176e-05,0.8318801643104731
2014-01-07,5.985294868622432e-05,0.6423272305807325,0.00010901124632006179,0.8628562711571491,5.1884156626160026e-05,5.515643822511303e-05,0.8668604933427719
2014-01-08,5.957982003469859e-05,0.6472969185462967,0.00010944820789292618,0.866747725902127,5.227059701881208e-05,5.558047119590296e-05,0.8773204918774561
2014-01-09,5.8876921963223624e-05,0.6591830423448766,0.00011681889842041974,0.8714276094554749,5.4668244547668735e-05,5.740120333250629e-05,0.9285173668184665
2014-01-10,5.8643073362417135e-05,0.665642128527332,0.00011744091868634975,0.875639805402978,5.5240662950524345e-05,5.8473232607611714e-05,0.9419810351537048
2014-01-13,6.549653155125348e-05,0.6575935642585048,0.0001273749628660441,0.8786815976466564,6.006323788355535e-05,5.5484159968122156e-05,0.9170445588642144
2014-01-14,6.384952094066409e-05,0.6517696687095142,0.0001280293469696908,0.9109141595821164,5.892881834939836e-05,5.588700383380719e-05,0.9229328189347171
2014-01-15,6.070372053025981e-05,0.640884154058607,0.000129568067167894,0.915157404880684,5.6837658556748906e-05,5.716106895190208e-05,0.9363126025927235
2014-01-16,6.085694586035492e-05,0.6449258472292005,0.00013853311560350348,0.8997724688289314,5.921635349390389e-05,5.6534477647668316e-05,0.9730418222068586
2014-01-17,6.130074788390541e-05,0.6439642484734157,0.00013827578066130626,0.8816730474616243,5.928812323369356e-05,5.540195908596307e-05,0.9671680245398724
2014-01-21,6.022038567812545e-05,0.6477745268223352,0.00013471078567574413,0.9111509897600466,5.8344082760128715e-05,5.8239195794026685e-05,0.9688427283075624
2014-01-22,6.0180607898710316e-05,0.6500845465905167,0.00013387266980752042,0.9153821916133134,5.8350433896994345e-05,5.860090657785202e-05,0.9695886421620012
2014-01-23,6.197862719476769e-05,0.6763921444859454,0.00016715655747775017,1.0367710866861262,6.884640076483177e-05,6.523572226518154e-05,1.110808739736718
2014-01-24,8.312838911315208e-05,0.6897030984981649,0.00017005913505002576,1.1238864566034517,8.200434089362264e-05,5.9541218444047625e-05,0.9864781667066901
2014-01-27,7.785643656399444e-05,0.6925504821273385,0.00016144123827005553,1.1200341575201556,7.764364891903515e-05,5.917498624578268e-05,0.997266922885889
2014-01-28,5.7778264472590076e-05,0.7244048614960847,0.00015254969915291854,1.1151931969076976,6.800945274522283e-05,5.8468514493631045e-05,1.177076766947308
2014-01-29,5.541992369045716e-05,0.7436362914425317,0.0001389639478487693,1.1395145243498823,6.525963040543522e-05,5.682548265029929e-05,1.1775481823096117
2014-01-30,5.718939038351772e-05,0.7576368513957608,0.0001482170590277929,1.0488579211279792,6.975380773360748e-05,5.42245866389906e-05,1.219698396255521
2014-01-31,5.786696567157789e-05,0.7657814910435418,0.00014884589662809853,1.0253113507722975,7.107038262710593e-05,5.5279194334593106e-05,1.228168468871577
2014-02-03,7.055814511505822e-05,0.7718881183458017,0.00014959233426617695,1.118993983329981,7.93017192801391e-05,4.614292584401087e-05,1.1239201250376247
2014-02-04,5.3287933521446234e-05,0.7695763630516868,0.0001416883088370334,1.0895329908311184,6.687028404796056e-05,4.63046635295874e-05,1.2548860432174196
2014-02-05,5.1744253938995175e-05,0.7684068057002796,0.0001340219994523454,1.022340479390542,6.398973533386594e-05,5.504222063360144e-05,1.2366539366730034
2014-02-06,5.460185755120456e-05,0.7741520823823096,0.000130627862887531,1.0393855881329752,6.538045008825809e-05,5.4606685899832115e-05,1.1974034038484052
2014-02-07,6.356327391387762e-05,0.7731038478956981,0.0001252327811633916,1.0459356795800383,6.897631305711403e-05,5.290262452903937e-05,1.0851598542669556
2014-02-10,6.2547563500994e-05,0.7755058123473842,0.00012281001142290198,1.0858078030888223,6.796841483568281e-05,5.588564965455625e-05,1.0866676658732304
2014-02-11,5.609995653519849e-05,0.7759151842216171,0.00012383676527098598,1.076099074775604,6.467259879024165e-05,5.514403175459325e-05,1.1528101407648057
2014-02-12,5.280573476410588e-05,0.7760988350483352,0.00011493134615884672,1.0783038425064593,6.046120845411113e-05,5.527738905336567e-05,1.1449742859218575
2014-02-13,5.31879934714369e-05,0.7749770915171128,0.0001096367185414842,1.1015025387228643,5.917982580698366e-05,5.614814414672156e-05,1.1126538518277531
2014-02-14,5.362200748552388e-05,0.7703181897210007,0.0001027800592344534,1.0924985612751157,5.718684265818928e-05,5.547033446658857e-05,1.066480822703771
2014-02-18,5.088126402858046e-05,0.7674478690258296,9.850088741332313e-05,1.0959678241607804,5.433102544749282e-05,5.5822454571891855e-05,1.0678002302964524
2014-02-19,5.093399391722896e-05,0.7713118108554932,0.00010269025046713292,1.06393746997009,5.578256167026581e-05,5.302154399392587e-05,1.0951931584418078
2014-02-20,5.128532994270177e-05,0.7683756747782445,0.00010283920212425383,1.081586780464828,5.580197031305517e-05,5.500745312121078e-05,1.0880688566379428
2014-02-21,5.0142924359823583e-05,0.764483928353868,0.00010217196788578509,1.0821265167680336,5.4719115433200795e-05,5.517935630316655e-05,1.0912629475006015
2014-02-24,5.289213529725008e-05,0.7578491557384751,0.00010185553254698959,1.100258282118164,5.562507801947578e-05,5.589946227166872e-05,1.0516701151667776
2014-02-25,4.99909412374215e-05,0.7570736034184209,9.916804302020271e-05,1.0968167351500686,5.330520678772418e-05,5.587921708280875e-05,1.066297322440125
2014-02-26,4.8822079787728685e-05,0.7647451515606835,0.0001001076926887456,1.096747172074196,5.3463648914897775e-05,5.587523139208383e-05,1.0950711060927751
2014-02-27,4.902946505121921e-05,0.7712958528994729,9.905668648826723e-05,1.0982530467980682,5.375160936240981e-05,5.543047855012085e-05,1.0963123767770575
2014-02-28,4.913560627678946e-05,0.7770161499104639,9.889029827970726e-05,1.088029439461604,5.4163291493551196e-05,5.485499632486759e-05,1.10232264538347
2014-03-03,5.060228536900576e-05,0.7818257848627931,9.897665828442564e-05,1.0693317288483672,5.533009917236282e-05,5.457851861531886e-05,1.0934308355616855
2014-03-04,5.593664385448813e-05,0.7865876300797945,0.0001068720036678495,1.010386623392007,6.081732176515855e-05,4.793464346104635e-05,1.0872536779890989
2014-03-05,4.9068183379191435e-05,0.7879682659861315,0.0001032221898244061,1.0085388701459728,5.6078353165357724e-05,4.785671152969106e-05,1.1428658919771446
2014-03-06,4.928243059442446e-05,0.7883729370425674,0.00010152929522350879,1.0034382364069807,5.5766508283178656e-05,4.754722805879288e-05,1.1315697625004675
2014-03-07,4.8971813978785636e-05,0.7887786191523631,9.885441389601151e-05,1.011197169005294,5.488153607796328e-05,5.0023930219854614e-05,1.1206759892892209
2014-03-10,4.912023117884392e-05,0.7880451435222765,9.784121631179645e-05,1.0105694493919626,5.4631386098210396e-05,4.999285988097093e-05,1.112197251256833
2014-03-11,5.148937537691702e-05,0.78857534388116,9.711191336916176e-05,1.0138929048055807,5.576198961420761e-05,5.01092339097157e-05,1.0829805024048909
2014-03-12,4.8906113932888686e-05,0.7887762762179,9.202368775972054e-05,1.002276794488068,5.291578390353981e-05,5.1352848644790474e-05,1.0819870901244246
2014-03-13,5.192240840939531e-05,0.7911944084663854,9.172980245400095e-05,1.0375313412239902,5.460291809305667e-05,5.031968121040906e-05,1.0516252956243133
2014-03-14,5.053194068255615e-05,0.7922112888320194,9.010615532320744e-05,1.0314456087283284,5.345658921922196e-05,5.002802934270174e-05,1.0578772257142979
2014-03-17,5.312543808337814e-05,0.7816780946188305,8.728937181244198e-05,1.0324745617132065,5.323041938722891e-05,4.934153958191789e-05,1.001976102365236
2014-03-18,5.3640183376897774e-05,0.7851054837951126,8.795870812399365e-05,1.0148123010729462,5.3927782037668856e-05,4.8944517791345795e-05,1.0053616270986678
2014-03-19,4.9711758607667365e-05,0.7799298715143829,8.777968020697125e-05,0.9886806655439888,5.152074269329744e-05,4.708458283011741e-05,1.0363894606889057
2014-03-20,4.924048797705463e-05,0.7749403310894265,8.857243890924917e-05,0.9796230951283388,5.11774614445565e-05,4.628513264728553e-05,1.039337007959882
2014-03-21,5.1299807125194504e-05,0.7692235189454637,8.956909977633346e-05,0.973655864024194,5.2142220887583116e-05,4.5022209260206463e-05,1.0164213826444366
2014-03-24,5.150721281894852e-05,0.7658516138377741,8.569364055410307e-05,0.9931774196340468,5.08806854659978e-05,4.544706557769967e-05,0.9878361239395149
2014-03-25,5.187847468728203e-05,0.7682689208048141,8.639154414891342e-05,1.018051387828551,5.14330740983709e-05,4.666870064493143e-05,0.9914145396217611
2014-03-26,4.894688218699071e-05,0.7769660312455485,8.920076567434412e-05,0.988485327296605,5.13391696020305e-05,4.387999187439457e-05,1.0488751746413711
2014-03-27,4.819111839496585e-05,0.7814074186466896,8.876692548305281e-05,0.9816524498174196,5.1107733525450176e-05,4.336924413511027e-05,1.0605218394514164
2014-03-28,4.77393720640184e-05,0.7381464474201896,7.299097860594547e-05,0.983772133775647,4.357280095331701e-05,4.3149902722535195e-05,0.9127225405245376
2014-03-31,4.471229395078723e-05,0.7318750700935148,7.261068110109974e-05,0.9558679283117648,4.1701404783035174e-05,4.077872322462485e-05,0.93266082095752
2014-04-01,4.637295349124256e-05,0.7286760853500743,7.313582687064377e-05,0.982409443032848,4.2435759842371975e-05,4.18829218634726e-05,0.9150971988529021
2014-04-02,4.141854620280984e-05,0.7338638822140432,7.254929414727148e-05,0.9879106001350508,4.022810131599707e-05,4.232609411208672e-05,0.9712581682373969
2014-04-03,4.131197301210188e-05,0.7308709454829394,7.220205613688436e-05,0.990448064359456,3.991659142423884e-05,4.233699008875422e-05,0.9662233128528073
2014-04-04,4.5815215175484866e-05,0.7301309467392132,6.445137783652759e-05,1.0266940675800775,3.967543753971333e-05,4.0061724444451695e-05,0.8659882396654801
2014-04-07,4.72141155464609e-05,0.7289476867016909,6.503300574704414e-05,1.0331252085033884,4.039235781197591e-05,3.728365252778134e-05,0.8555144440273998
2014-04-08,4.530353492960697e-05,0.7320718663934851,6.286182438987086e-05,1.0930170304279097,3.9067286988938985e-05,4.0900339332939275e-05,0.8623452242665408
2014-04-09,4.691297863661334e-05,0.7428372391504345,6.644753167445584e-05,1.127118871312491,4.147435090712007e-05,3.9839480092494286e-05,0.8840698696277478
2014-04-10,5.810324280314903e-05,0.7490797119252038,7.432264790046967e-05,1.282072278897495,4.9225349408561014e-05,3.0798031287612914e-05,0.8472048552493725
2014-04-11,5.691804938589508e-05,0.7547485662671828,7.84978271802556e-05,1.2451804418768715,5.044941313851275e-05,2.6863029934556424e-05,0.8863517580596265
2014-04-14,5.793906540801691e-05,0.7614817214556279,8.11657754427071e-05,1.2964296187938549,5.2219378282757944e-05,2.7770446228705286e-05,0.9012809909000096
2014-04-15,5.375893588153699e-05,0.7593638617721995,8.666564852020993e-05,1.2390722687924691,5.1832093762005654e-05,2.5734551369804053e-05,0.9641577332598749
2014-04-16,3.1303883437837385e-05,0.7539579156022563,8.358072353645807e-05,1.2105147644804766,3.8565527603737535e-05,2.3308137195642814e-05,1.231972629859812
2014-04-17,3.0074876652121772e-05,0.7506776999308669,8.303152953634592e-05,1.2145339475130763,3.751258229280385e-05,2.3439412282383624e-05,1.2473062724982897
2014-04-21,3.398061258211898e-05,0.7471448521718268,8.341542155271796e-05,1.218426863400878,3.97780587513015e-05,2.4716214118816965e-05,1.1706104077780284
2014-04-22,3.465237531876505e-05,0.7472614612211255,8.369346718769227e-05,1.2244833298403566,4.024249229041602e-05,2.4834101786424205e-05,1.1613198783698901
2014-04-23,3.661275306357103e-05,0.739966251394146,8.223914047114857e-05,1.2405779618043702,4.0603866135264954e-05,2.4936477259822272e-05,1.1090088217284322
2014-04-24,2.8915216768426475e-05,0.7366261057973383,7.579099010456656e-05,1.2502901231150354,3.4484118001777726e-05,2.5126729218021985e-05,1.1925941374727
2014-04-25,3.367547480592454e-05,0.7336139081206239,7.676345431758957e-05,1.195889956865752,3.7299385323879856e-05,2.177381663475982e-05,1.1076127519757422
2014-04-28,3.364553762091845e-05,0.7281600041257626,7.42892551585415e-05,1.1730264313076852,3.640437327376022e-05,2.2067581494392027e-05,1.0819970744389746
2014-04-29,3.9441733334885286e-05,0.7251786789227578,7.474358779673935e-05,1.15181125527337,3.937404139042055e-05,2.13415346730356e-05,0.998283748234643
2014-04-30,4.001418281063408e-05,0.7186961544454145,7.267934212337737e-05,1.1688602758204074,3.875768161720828e-05,2.194689115300648e-05,0.968598604165624
2014-05-01,2.1991126094734782e-05,0.7103346224786299,6.974297404791535e-05,1.1752557590821526,2.7818707559876958e-05,2.2600858582111424e-05,1.264996955591894
2014-05-02,2.5114593555483047e-05,0.7049499555943955,6.728202517883372e-05,1.120394009776965,2.897816574854979e-05,2.2812330132731957e-05,1.1538377352009044
2014-05-05,2.3421323104644024e-05,0.6992732205000601,6.41818976913903e-05,1.1235760098493883,2.71118333520767e-05,2.316741132272963e-05,1.1575705279733284
2014-05-06,2.3724080850696792e-05,0.7002452962351825,6.780070269327188e-05,1.2422113538894166,2.808419600555612e-05,2.3614908558020584e-05,1.1837843658643268
2014-05-07,2.503936026433856e-05,0.7013391851308965,6.344255422920849e-05,1.2545570827146442,2.7953104533853783e-05,2.3192012984160263e-05,1.1163665620349343
2014-05-08,2.245244272166245e-05,0.7059547282845782,6.471799305805511e-05,1.2711830729041391,2.6910463031930724e-05,2.3813184541153416e-05,1.1985539108387129
2014-05-09,2.6257615904936162e-05,0.7083691484550274,6.590861391772363e-05,1.2526001085251082,2.9468523265831465e-05,2.371338473101842e-05,1.1222848019607021
2014-05-12,2.5472098693136958e-05,0.7040216854768536,6.97053178957053e-05,1.2516117378019984,2.966547844779518e-05,2.1767751044565047e-05,1.1646263939683956
2014-05-13,2.7268227179962204e-05,0.7015071213608016,7.15740223159219e-05,1.2371005230191634,3.0991189679574e-05,2.5720989728982185e-05,1.1365311530904207
2014-05-14,2.54765910501542e-05,0.7010859169808641,7.323787682510241e-05,1.2138909928572907,3.0283758487997658e-05,2.6786076144960567e-05,1.1886895867810525
2014-05-15,2.174205444419079e-05,0.6976586730707858,6.998857332732371e-05,1.2529237654747567,2.7214907181806046e-05,2.5108720202747074e-05,1.2517173688283876
2014-05-16,2.0552751262807784e-05,0.713076919944234,7.632434230540158e-05,1.2333437347397618,2.824248445459201e-05,2.4852782348741883e-05,1.374146171160041
2014-05-19,2.1296152341554682e-05,0.7102479475685323,7.600221682315364e-05,1.232003148877342,2.8574174314658924e-05,2.468109254664211e-05,1.341752907115658
2014-05-20,2.0908636850371392e-05,0.7074597010904439,7.587951581637359e-05,1.2360108529416718,2.817908204972292e-05,2.3205380582379358e-05,1.3477244954504237
2014-05-21,2.119414789263069e-05,0.7104981286169236,7.474230577899678e-05,1.2247882730655242,2.8278356446337523e-05,2.2473326064826557e-05,1.3342530489829247
2014-05-22,2.007249814887391e-05,0.7197693450282956,6.707741623635949e-05,1.236092056794672,2.6410840484647174e-05,2.2629279210777447e-05,1.3157724708087146
2014-05-23,2.2049522594442057e-05,0.7252139132032162,6.347855385347154e-05,1.2624554560921488,2.7131839227122246e-05,2.3589906172321954e-05,1.2304955407044174
2014-05-27,2.174082787467674e-05,0.7226752269671911,6.071779385681114e-05,1.2830332572941563,2.625664292413103e-05,2.312098311662007e-05,1.207711273714384
2014-05-28,2.1661197917021908e-05,0.71631949835416,6.149561851960091e-05,1.0399638788360868,2.614388323168398e-05,2.850460407899075e-05,1.2069454021810802
2014-05-29,2.1856321025887475e-05,0.6924213420492342,6.372525210368274e-05,1.0328830832448948,2.584132374386334e-05,2.7946473617104035e-05,1.1823272413164079
2014-05-30,2.8179051435749515e-05,0.6924000159577519,6.0792176967975874e-05,1.0068795590434374,2.865788278256691e-05,2.8348460867853314e-05,1.016992457957968
2014-06-02,2.8496658002674943e-05,0.6873054852213378,6.102093984686565e-05,0.9581249722318688,2.866066225224193e-05,2.902473072915639e-05,1.0057552099460783
2014-06-03,3.418588872187905e-05,0.6891626726069681,6.171302599655201e-05,0.9542216367596305,3.1654364925141956e-05,2.8906596087035127e-05,0.9259482818383798
2014-06-04,2.793146765100254e-05,0.6838882489895856,6.011916963405286e-05,0.9340723645851484,2.8024540875251164e-05,2.878246228737834e-05,1.0033321995611386
2014-06-05,4.136471088316827e-05,0.6806364200545347,6.523650810274847e-05,0.9131441248065628,3.535701020508838e-05,3.0046638236858014e-05,0.8547626575936136
2014-06-06,3.9833023701562004e-05,0.6850403853667955,6.607191344733578e-05,0.9161673841544532,3.514360061250698e-05,2.9835952149193072e-05,0.8822729822322996
2014-06-09,5.1073182956276414e-05,0.6933254939782876,6.977906009562831e-05,0.9043397504442708,4.1390072745614696e-05,2.94460558309826e-05,0.8104071520478487
2014-06-10,4.95066057749403e-05,0.6938727980504473,7.100717909683238e-05,0.9188258412671582,4.1139837115067844e-05,3.09123814048569e-05,0.8309969239679198
2014-06-11,4.7157992518462575e-05,0.6965620732577784,6.837305773448366e-05,0.944776616415722,3.955305015527588e-05,3.199992915812992e-05,0.8387348155202042
2014-06-12,4.667919578081926e-05,0.6901862789885423,7.203831521740824e-05,0.902990702744097,4.00230127655068e-05,2.9500698744457716e-05,0.8574057906531559
2014-06-13,3.72024477228719e-05,0.6934680441546704,6.962303106908187e-05,0.9567603999206684,3.529300794362776e-05,3.2498993324086565e-05,0.9486743508527202
2014-06-16,2.938646502467408e-05,0.704038674568112,7.436461393896669e-05,0.9611735110007148,3.2911930244264015e-05,3.3146449225862656e-05,1.1199690135111455
2014-06-17,3.191330809025626e-05,0.7129189531407796,7.760589323147506e-05,0.9846403885679942,3.54791677724095e-05,3.39448405363716e-05,1.1117358210583617
2014-06-18,3.560112133469648e-05,0.7068779006832179,8.633811388549886e-05,0.9597567623001236,3.919020376138874e-05,3.2192345572837896e-05,1.1008137466500072
2014-06-19,3.687128606172102e-05,0.7066859542733578,8.644912152978786e-05,0.958945636768186,3.989797876023921e-05,3.2228601472937534e-05,1.0820880696553852
2014-06-20,3.6786047916274955e-05,0.7267975861259416,8.422173115515288e-05,0.9432485816052656,4.045452668597136e-05,3.195606823685736e-05,1.0997247319974646
2014-06-23,3.78482539714106e-05,0.7363793398337304,8.542523476869854e-05,0.9408375710128598,4.18714123719875e-05,3.186142845414402e-05,1.106297067326167
2014-06-24,3.933090292313687e-05,0.7398101840903226,8.743327471719435e-05,0.919803598593354,4.338360488567734e-05,3.0256665093116062e-05,1.1030411625804915
2014-06-25,4.004889359785303e-05,0.7447019397423261,8.871164240058337e-05,0.9236558140219788,4.4388253364849536e-05,3.0083539668251835e-05,1.1083515517449685
2014-06-26,4.4267929857314866e-05,0.748456827219033,9.100740396135424e-05,0.9173427889370308,4.750613776546953e-05,2.9953959453772215e-05,1.0731501996725872
2014-06-27,3.536085878696092e-05,0.7412150348879415,8.270715112121546e-05,0.9128400723564626,4.0084562952826185e-05,2.97909428003457e-05,1.1335856743277712
2014-06-30,3.524942345217237e-05,0.7369411275794594,7.645437850628596e-05,0.9108622211519958,3.825691840307924e-05,2.972805793406172e-05,1.08532040119713
2014-07-01,3.707778978776346e-05,0.7255907888230104,7.68575571877469e-05,0.918667858664896,3.873396610928643e-05,2.9248577039562934e-05,1.044667611823765
2014-07-02,3.729144432547138e-05,0.7143114465152474,7.540386012774344e-05,0.9161459623542396,3.787817108005087e-05,2.9508638501380345e-05,1.0157335486783152
2014-07-03,3.7850371933542936e-05,0.7097976126096546,7.680870622148884e-05,0.9072038724099272,3.827144278653069e-05,2.8970614416068006e-05,1.0111246159939211
2014-07-07,3.637233936281704e-05,0.7123599487359967,7.339377544831599e-05,0.8724632220753323,3.680566980782039e-05,2.8446598858988608e-05,1.0119137358936647
2014-07-08,3.904012916123487e-05,0.7178630829978607,7.122963832547339e-05,0.8720459800925301,3.785538019174039e-05,2.775992191909796e-05,0.9696530468789821
2014-07-09,3.921043801203444e-05,0.7188880255691733,7.119467383572757e-05,0.8722747857529181,3.7982701364258246e-05,2.7448266524891162e-05,0.9686885250453112
2014-07-10,3.784415060760939e-05,0.7137881360873781,7.567905696027259e-05,0.8602015189240545,3.819940181939852e-05,2.7456765740223094e-05,1.0093872158863488
2014-07-11,4.137743263306523e-05,0.7143619561992907,7.879990983864158e-05,0.8572558323897899,4.0790868132071514e-05,2.736085044339498e-05,0.9858240479491474
2014-07-14,3.5819786180035966e-05,0.7049263465946523,7.991117244614252e-05,0.8513378459198792,3.771455505971253e-05,2.7745461203506327e-05,1.0528972694072811
2014-07-15,3.740515266448331e-05,0.7004352779410424,8.043681942829938e-05,0.8650052875170581,3.842033720129682e-05,2.8112200409869595e-05,1.027140232414489
2014-07-16,4.331224214055195e-05,0.6945642821949595,7.58717968832181e-05,0.8404053013683978,3.981603083563905e-05,2.756629370943305e-05,0.9192789121014009
2014-07-17,4.7474517764657056e-05,0.6815368285695783,7.568628963156379e-05,0.7834235678940489,4.085340107140732e-05,2.3818809653512733e-05,0.8605332501517498
2014-07-18,4.82618636397603e-05,0.6779530306380656,7.210278769522285e-05,0.8077729066543153,3.999241944115122e-05,2.4002114218924993e-05,0.82865468560571
2014-07-21,3.56854935741795e-05,0.676275021248001,6.802000864606759e-05,0.8262687730640588,3.3318661176333106e-05,2.5121914298352257e-05,0.9336752231568143
2014-07-22,3.6878426197529086e-05,0.6613721917562215,6.241347590379448e-05,0.8076418878293126,3.173009007159568e-05,2.5310108446361825e-05,0.8603970761019527
2014-07-23,3.8554343811198455e-05,0.6634208779483217,6.251223354621058e-05,0.8353826534518314,3.256929072551649e-05,3.107263332157704e-05,0.8447631967232819
2014-07-24,3.79220014302475e-05,0.6697376207472029,6.340727387783984e-05,0.8598549339213144,3.2841263768469786e-05,3.325948951161476e-05,0.8660213736048964
2014-07-25,3.58816002468109e-05,0.6736249548386852,6.570551646588747e-05,0.8642914504361462,3.270807507248481e-05,3.306955155276355e-05,0.9115556398684268
2014-07-28,3.90148494586092e-05,0.6947496257845898,6.757620121889578e-05,0.868070971658493,3.567304457104517e-05,3.334152476457607e-05,0.9143453086725517
2014-07-29,3.5953585678647994e-05,0.7059594876133517,6.828418798356684e-05,0.9532514396615436,3.497928746410611e-05,4.016733377557948e-05,0.9729012226137852
2014-07-30,3.539196672747045e-05,0.713984445468982,6.746723714337e-05,0.954250992348249,3.488892289088662e-05,4.020949176057568e-05,0.9857864966799548
2014-07-31,4.5379445989039353e-05,0.7234522595208204,7.012711015372107e-05,1.157153475346392,4.081148930233154e-05,4.137143986158651e-05,0.8993386413793786
2014-08-01,4.584672797284814e-05,0.7279719384815262,6.947808577586341e-05,1.1542793130022897,4.108589329597103e-05,4.1018110190909016e-05,0.8961575910128936
2014-08-11,3.847004227028839e-05,0.7471164937374672,6.908887430163505e-05,1.4865505793082592,3.851711180898266e-05,8.733446830493163e-05,1.0012235374831036
2014-08-12,3.841634430365733e-05,0.7476656769359855,6.706889084147778e-05,1.477149359121691,3.795124465004574e-05,8.798628480889157e-05,0.9878931829136249
2014-08-13,3.776559449586869e-05,0.7472487591161658,7.067371799290345e-05,1.486170056218691,3.860489138892147e-05,8.654119552486097e-05,1.0222238496244138
2014-08-14,3.862814115860239e-05,0.7485463305995949,7.44102862364658e-05,1.4948450318558404,4.0131655753381025e-05,9.141646229691916e-05,1.0389227788260738
2014-08-15,3.923523389055349e-05,0.7493662243611523,7.110080519921558e-05,1.4250595386289924,3.9579426496989e-05,9.064048440944112e-05,1.0087725386675566
2014-08-18,5.8802594173761744e-05,0.7509490405984598,0.00010258199599559291,1.3848375615032378,5.8323594576916324e-05,9.835670903182966e-05,0.9918541077383427
2014-08-19,5.790352204668287e-05,0.74260861156476,0.00011373446318136916,1.411656439255718,6.026407746903407e-05,0.0001006216257081803,1.04076704385008
2014-08-20,5.609710643686182e-05,0.7407068475665688,0.00012613931295806657,1.5206830275580991,6.230771436826837e-05,0.00011310110725095128,1.110711734096244
2014-08-21,5.441563613273725e-05,0.742978453448755,0.00013154589439883917,1.5412406246749006,6.286033970064763e-05,0.00011652384059592952,1.1551889156879658
2014-08-22,5.0059045313325706e-05,0.7431359703722495,0.0001380888293985887,1.540452257970657,6.178582338055199e-05,0.00011645011781101754,1.2342589235137615
2014-08-25,6.652021183637015e-05,0.7489192250931975,0.00016190025602402656,1.5312362323662032,7.77204951561228e-05,0.00011950917614344801,1.1683741378831398
2014-08-26,6.338834696697776e-05,0.750256393983338,0.00018008950115287116,1.536219832150107,8.016016751768065e-05,0.00011992960043615338,1.2645883881376525
2014-08-27,6.228211919321129e-05,0.7539322888298722,0.00019118744863057735,1.513789104072894,8.227042158863569e-05,0.0001196582882058873,1.3209316358265972
2014-08-28,6.139493236265438e-05,0.7555870223821328,0.0002052348337606269,1.4919588245799231,8.481570759745351e-05,0.00012227758757808705,1.3814773358891366
2014-08-29,6.15753093611576e-05,0.7553166330332927,0.00021433444094150247,1.4935007661395707,8.677174493920802e-05,0.00012216177063902877,1.409197060306523
2014-09-02,7.761239871585492e-05,0.7665863930693985,0.00023268646292899767,1.4912452272096537,0.00010301778747868599,0.00012239514926859458,1.3273367294810998
2014-09-03,7.595624179294328e-05,0.7673176931283843,0.0002445092604120999,1.48950463263911,0.00010456939674896244,0.000123525314500399,1.376705775333364
2014-09-04,7.498131031863036e-05,0.7666089393947743,0.00025026507558141586,1.5066273371645378,0.00010501480157335436,0.0001253219685732678,1.4005463645153406
2014-09-05,7.387822741090312e-05,0.7644480873010326,0.00024819654709752056,1.510921657142811,0.0001035151937580947,0.00012508789263810502,1.4011596837909202
2014-09-08,7.348698808482049e-05,0.7638448667117184,0.00024185393885732382,1.519563013158587,0.0001018326324346744,0.00012579063921488193,1.3857233108688123
2014-09-09,8.133593066383054e-05,0.7662477017178689,0.00024626632786043035,1.5342095608143358,0.00010844584631417892,0.00012539716099716795,1.3333079910574375
2014-09-10,8.008754908927675e-05,0.7683935860294291,0.00025358142916429287,1.543963832478184,0.00010950273215944926,0.00012590087161306866,1.3672878419263679
2014-09-11,7.945435898388616e-05,0.7677913334579887,0.0002534038002419214,1.5426315659711891,0.00010894533322748392,0.00012579114258187037,1.3711687391446794
2014-09-12,7.986652544186676e-05,0.767001736903529,0.00024812119298600605,1.5438032365534098,0.00010797188246468801,0.0001244724999523153,1.3519040908231144
2014-09-15,7.976789477234261e-05,0.76593810162973,0.00024678500021802646,1.5435902645541268,0.00010746501878426946,0.00012439367109707248,1.3472214490676278
2014-09-16,8.12776222335961e-05,0.7657083228729219,0.00025237772635198764,1.5416824198777137,0.00010966659878064252,0.00012349804404217858,1.3492840435889601
2014-09-17,8.038458733415224e-05,0.7727727037490515,0.0002707275266391929,1.5389534669215137,0.00011399987480765602,0.00012341423330075607,1.4181807556437125
2014-09-18,8.052555846541116e-05,0.7763286308360209,0.00027364325810013416,1.554346023705505,0.00011524042524814625,0.00012387211301407994,1.4311037072490032
2014-09-19,7.686942885417954e-05,0.7801492382720265,0.000258170914740606,1.56340691084994,0.00010990265210333202,0.00012409408294320503,1.429731607760689
2014-09-22,7.562338268336147e-05,0.781790244050822,0.0002617106201055731,1.5722010775576507,0.00010998386305098869,0.0001223443161736955,1.4543631764198661
2014-09-23,7.716105522203933e-05,0.7795315092214774,0.00025223937634457743,1.5763270869279986,0.00010875248652287456,0.00012116459953744503,1.4094219708365503
2014-09-24,7.845740621167833e-05,0.7758107069032367,0.00023297562247273458,1.5879940342223493,0.00010488852605135626,0.00012045856619783935,1.3368849560023266
2014-09-25,8.684570042440597e-05,0.7661702540879318,0.00022958661405190234,1.705506255524995,0.00010818641494815057,0.00011815036356175901,1.2457313881914098
2014-09-26,7.784867175631449e-05,0.7575092764872426,0.0002180500000874444,1.7231334783850267,9.869419401485702e-05,0.00012002566201089019,1.2677697870529396
2014-09-29,7.945972408695768e-05,0.7545605807642034,0.00020510366854774106,1.7717936118081137,9.632840157278992e-05,0.0001243056387316956,1.2122921729173362
2014-09-30,7.034453028421699e-05,0.7359625177615264,0.00022448669767767334,1.784350784695752,9.248390717547003e-05,0.00012492288751953578,1.3147277663494528
2014-10-01,6.051441443903661e-05,0.7277662488527061,0.00028484977451761844,1.7895534901906152,9.554968691415117e-05,0.00011640574471972147,1.5789574731886364
2014-10-02,5.727685640094654e-05,0.7239771151041787,0.0003050194743965521,1.7901219812183613,9.569256802913979e-05,0.00011637119183207467,1.670702165623014
2014-10-03,5.732458945014978e-05,0.730285094198351,0.00037005772421892346,1.8006029786292217,0.00010636473189579173,0.0001158774580646579,1.855481790903848
2014-10-06,5.950629355094935e-05,0.7296810805293874,0.0003764817279681048,1.793893349932206,0.00010921605557315547,0.00011536351542103925,1.8353698248680967
2014-10-07,5.823383972398379e-05,0.7177276895558696,0.00043298142994966206,1.7479255047311872,0.00011396776986033191,0.00011322208545221468,1.9570711874833477
2014-10-08,6.403572465426801e-05,0.7139447236181778,0.00040391657062661105,1.8354761277214875,0.00011482106950001897,0.00010841733533176228,1.7930783187032475
2014-10-09,6.579132724406009e-05,0.7058120317289351,0.00040084440002655623,1.836840851696073,0.00011462023421725944,0.0001025533736911012,1.7421784757748267
2014-10-10,6.388921163395802e-05,0.7258121519574153,0.0004415453764387502,1.707879532843117,0.00012190616535775698,9.173625898183822e-05,1.908086862242046
2014-10-13,7.100010076144222e-05,0.7305596944558688,0.00043446182291983864,1.6147438967277747,0.0001283101464725879,7.834636847142617e-05,1.807182596876945
2014-10-14,5.126108009219706e-05,0.7259522956966155,0.00042117706025237255,1.5541374010692537,0.0001066680396788511,8.685584210929929e-05,2.0808777241330128
2014-10-15,4.732231652345586e-05,0.7161506770770935,0.0003918252916089091,1.534911776466419,9.751774220076924e-05,0.00010073101308585312,2.0607136202310263
2014-10-16,5.30327919984953e-05,0.7560576132517597,0.00043175190005131974,1.584532397982841,0.00011440480511342269,0.00010408402990460706,2.157246503572143
2014-10-17,4.626798859027275e-05,0.7538564575282863,0.0004112577493023111,1.5770531164483077,0.00010398866827208594,0.00010054134107032366,2.24752947859826
2014-10-20,4.9165393824874467e-05,0.7609012994006723,0.00038127293152156387,1.6242815011285936,0.00010417801393295447,0.00010142603240782106,2.1189297151576407
2014-10-21,6.127847379397686e-05,0.758158552175534,0.0003682697989591401,1.6739239982847578,0.0001138930073641188,9.245941123322791e-05,1.8586136421581942
2014-10-22,6.0122674099070425e-05,0.7585647913594105,0.0003581094284540985,1.6475406318508177,0.00011130628893590096,8.821856336571258e-05,1.851319666062922
2014-10-23,6.055871725038731e-05,0.7724902925057829,0.000414309989271361,1.5131315245139445,0.00012236129553123,7.763663738088711e-05,2.0205397519454134
2014-10-24,5.99990058104541e-05,0.7723518149479555,0.0003987299486001674,1.4703943789337222,0.00011946113230703009,7.564565860809652e-05,1.9910518631662966
2014-10-27,5.8561423507449295e-05,0.7704949796293579,0.00037319693328101276,1.4471113449247388,0.00011390549060272122,7.829743590072296e-05,1.945060139944035
2014-10-28,5.4522480778452264e-05,0.7519083566962211,0.000345806924177608,1.4665277964525143,0.00010324512588246966,7.574277716760597e-05,1.8936248756177834
2014-10-29,5.3729820257279105e-05,0.7454521085687001,0.0003248184040446624,1.5106706926575697,9.847993549637281e-05,9.002116899101862e-05,1.832872974910634
2014-10-30,5.3551839514494966e-05,0.7516614195732795,0.0003079735270697948,1.5523481993017243,9.653085436353531e-05,9.447570693368003e-05,1.8025684129376571
2014-10-31,5.56093263598845e-05,0.7582158452521665,0.00029699182198395494,1.5114926376570446,9.744036868231516e-05,9.28122152304312e-05,1.7522306969107033
2014-11-03,5.4562010343014535e-05,0.767377338186658,0.00028927817904132025,1.5747207699521442,9.640775925822473e-05,0.00010743850432263678,1.766939279768815
2014-11-04,6.02491600622342e-05,0.7623268590834322,0.00027699547271623366,1.5961437705418462,9.848113730460411e-05,0.00011094283414215147,1.634564485262173
2014-11-05,6.0354415020847636e-05,0.7585297910419355,0.0002696864037792776,1.584377192545575,9.677355399620728e-05,0.00011111968365396926,1.6034212901041247
2014-11-06,5.86925643313682e-05,0.757141424789905,0.00026944848556796836,1.575654153402864,9.521523065601515e-05,0.0001102000964362757,1.6222707550899669
2014-11-07,5.828791566618652e-05,0.7529797264983611,0.00026264876896714347,1.564274837794516,9.316659658724511e-05,0.00011057988436241696,1.5983861409765954
2014-11-10,5.7340540123530906e-05,0.7512725446394412,0.00025919791813644607,1.519738423318348,9.158917815062229e-05,0.00010966646709491651,1.597284886980629
2014-11-11,6.57571982494724e-05,0.7475043505403447,0.00025741270232403524,1.4838528039343886,9.725240766962862e-05,0.0001131076168139843,1.478962155605663
2014-11-12,6.673646336542344e-05,0.7447190255865203,0.0002583375380957352,1.4947856364768335,9.778400056642219e-05,0.0001141061837797768,1.4652259894413981
2014-11-13,7.11343776232816e-05,0.7433349367515333,0.00025943708873600943,1.4923956285428683,0.00010098115745457327,0.00011479307701926073,1.4195830599566965
2014-11-14,6.859476809423724e-05,0.7397603247226131,0.00026268051772496695,1.5945170616752196,9.930027772341783e-05,0.00013050023973354825,1.4476363209945777
2014-11-17,6.853595565786147e-05,0.7392340373011096,0.0002662147774391183,1.5776239906328142,9.985211573141952e-05,0.00013024555169501335,1.4569303772444866
2014-11-18,7.650833651469074e-05,0.7404303074664532,0.0002700561622959978,1.592324781530155,0.00010643037997101808,0.00013046442186319236,1.3910952037309277
2014-11-19,7.466095393809579e-05,0.7422018415475067,0.00026943742209770073,1.5338596447985204,0.00010526833459117159,0.00013161623566528932,1.4099516419044624
2014-11-20,7.31046489834875e-05,0.7394478837381289,0.00027290240887267405,1.5178338814495371,0.00010444406178437925,0.00013544409279308745,1.428692473552134
2014-11-21,7.04730363634149e-05,0.7406051797331218,0.0002757731963883753,1.5029124206622997,0.00010324624448422591,0.0001361782460622098,1.4650460631752311
2014-11-24,6.987047932397521e-05,0.7430550622355118,0.00027439074125058723,1.515683296675567,0.00010288512392345231,0.00014185601724192045,1.4725120668829952
2014-11-25,8.166110492431963e-05,0.7488745043345941,0.00029477598185542243,1.50462594702227,0.00011618838587678462,0.0001466151770655367,1.422811826811106
2014-11-26,7.228929035700332e-05,0.7544264620511777,0.0003286659125950618,1.5072471143875688,0.00011628701584390749,0.0001540582924666681,1.6086340766332023
2014-11-28,6.63644735069259e-05,0.7992559839557517,0.00045350787135416007,1.4911914441569312,0.0001386583850929112,0.00015272119436112683,2.089346570020488
2014-12-01,6.796408095783602e-05,0.8122515520992963,0.00048598719580326873,1.4848961784440335,0.0001476191457295305,0.00015401247735837625,2.1720170956348457
2014-12-02,6.956629167082881e-05,0.8306839539716381,0.0005494486163436684,1.450255857962194,0.0001624047734877464,0.00014927601680782038,2.3345325672411468
2014-12-03,9.973973303376368e-05,0.8412640921515704,0.0005175039909565915,1.4534249837858555,0.0001911275552299813,0.00014962695409374114,1.9162629517494418
2014-12-04,7.195368455764464e-05,0.8460577426146108,0.00046236806000629843,1.4427817533971854,0.00015431936801043166,0.00015234312725140523,2.1447041796282296
2014-12-05,6.914099334132158e-05,0.8471860569018841,0.00045303483892202446,1.4488243143090085,0.0001499382395348545,0.0001528969603131015,2.1685867137411385
2014-12-08,6.652863915801598e-05,0.8478204977858256,0.00044946001886166537,1.413531886469174,0.00014660668208925647,0.0001506016391369479,2.2036627224711833
2014-12-09,5.578278936298998e-05,0.8480481155536694,0.00044414049227399526,1.4019300815382152,0.00013348448544325234,0.00014979702554741834,2.392933142418562
2014-12-10,7.622608908783083e-05,0.8483320841424777,0.00039992697142713756,1.4062693953623295,0.00014811807483111015,0.00014136851047165394,1.943141470375614
2014-12-11,6.0199482263474304e-05,0.8465385000010218,0.00036600951285500297,1.4074943559132826,0.00012565774997909819,0.0001408937893626072,2.087355991354436
2014-12-12,5.635062229218622e-05,0.8456143230327272,0.00033605055271286366,1.4384506943420023,0.00011636543455400167,0.00013450486506454297,2.065024835939342
2014-12-15,5.5088696774690915e-05,0.8369341527024088,0.0002768003108188046,1.4594701009476418,0.0001033488923476358,0.0001351177530123001,1.8760453305026592
2014-12-16,5.154869882225274e-05,0.8325578956845173,0.00023842700902951847,1.483562105859644,9.22998558906811e-05,0.00013443881294896882,1.7905370649401677
2014-12-17,8.951914955443635e-05,0.8379819750940195,0.0002529073250803318,1.5018345499299892,0.00012608788358363108,0.0001249307861475082,1.4085018033706562
2014-12-18,9.913276275332198e-05,0.8485827994556475,0.00028416250220483324,1.5231902435073337,0.00014242499521687185,0.00010746826546625069,1.4367096332347413
2014-12-19,7.377698274922788e-05,0.8284042736952103,0.00024399398477083594,1.5288485806511032,0.00011114561559054373,0.00010785829912242375,1.5065080116970078
2014-12-22,6.996587850894997e-05,0.8211456649539308,0.00024051093102637762,1.5139729281694096,0.00010651990244418355,0.00010672032231163721,1.522455012560982
2014-12-23,6.063494070426503e-05,0.7607676149380355,0.000241410328003141,1.504587641307919,9.204313842595712e-05,0.00010721776655391342,1.517988429722054
2014-12-24,5.292955813268682e-05,0.7357371050153036,0.0002283205983986874,1.5217807677879325,8.088059552963687e-05,0.00010914464408999818,1.5280799308182549
2014-12-26,5.0003308753932844e-05,0.7218646775073269,0.00021759372809780872,1.5176613813151778,7.529711720709976e-05,0.00010924714921075021,1.5058426948832164
2014-12-29,4.966432774890378e-05,0.6988154928212,0.0001515471555243388,1.5172265156778584,6.062596996942612e-05,0.00010919811952662317,1.2207145997413464
2014-12-30,4.653062419950052e-05,0.6763688814480215,0.00014762963664456325,1.4992494999834929,5.605828832542089e-05,0.00011380598068933374,1.2047611500991349
2014-12-31,4.3755181092948726e-05,0.664271023369721,0.00015902409827434923,1.51989662739946,5.541043018022311e-05,0.00011238650128824029,1.2663741480698079
2015-01-02,6.483180836307134e-05,0.7162597125506955,0.00018088268621756164,1.4972363426492574,7.75645168043419e-05,0.00011993991846947431,1.1963960093472141
2015-01-05,8.284505496642122e-05,0.7533901043186272,0.0002414083393192898,1.459725015015145,0.00010654408424794926,0.0001059637739346245,1.286064500664931
2015-01-06,7.372029621424698e-05,0.7680143659855377,0.00026816391397772296,1.4001047364512298,0.00010798490421644791,0.00010309191346522217,1.4647920554011424
2015-01-07,7.097584833724285e-05,0.7845223102508768,0.00026729807910853354,1.4351005400813903,0.00010805839521956728,0.00010261882584053517,1.5224671173513296
2015-01-08,6.58935484829367e-05,0.7971344909542869,0.0003114273078977768,1.3683349583676174,0.00011419087334777175,9.380204373655361e-05,1.73295984169591
2015-01-09,5.142752848602693e-05,0.8004510995061784,0.0003029350006157831,1.3471628195859275,9.990963196421416e-05,9.053324886160828e-05,1.9427266855991343
2015-01-12,5.214866604959718e-05,0.8034517568795503,0.000286270671515681,1.3374728759530716,9.816797556466263e-05,9.159565703635652e-05,1.8824637905655677
2015-01-13,5.1084978694142575e-05,0.8043078632770494,0.0002677236532546163,1.3117250374320848,9.406158533544219e-05,9.030484833723237e-05,1.8412767850723863
2015-01-14,5.779000718727771e-05,0.8067477767627972,0.0002596659501133794,1.3131513595338096,9.882609925255746e-05,8.930078488671544e-05,1.710089755349844
2015-01-15,5.577655409897309e-05,0.8080207259203898,0.00024144345251930682,1.3801556314875256,9.376830313498346e-05,9.081356987808865e-05,1.6811419179570624
2015-01-16,7.006830803083834e-05,0.8044152787115023,0.00023882317252358205,1.3949659245748165,0.00010405893042593282,8.857935410833226e-05,1.4851069385054165
2015-01-20,6.698197984101967e-05,0.8080089363280547,0.0002442230276750026,1.3536914878160569,0.00010334475964692634,9.3140209690344e-05,1.5428740669089354
2015-01-21,5.396910834789416e-05,0.7980561833156248,0.00023916421451444106,1.3737288764416595,9.066803158604826e-05,9.404621467565366e-05,1.6799986948382866
2015-01-22,5.806897077464812e-05,0.793539205809577,0.00029781610647391536,1.2283628914983995,0.00010435530784064658,7.822664703526935e-05,1.7970924307514375
2015-01-23,5.910063936486745e-05,0.7870086238950813,0.0002865668809079529,1.2602479152658927,0.00010242089799117579,8.344452981952448e-05,1.7329913701756023
2015-01-26,6.288399592442454e-05,0.783299055749566,0.00027075282662281726,1.2615040317015462,0.00010220783007725261,8.572610193375178e-05,1.6253393025482727
2015-01-27,6.964065036165525e-05,0.7818920692011457,0.0002613362918768503,1.3388870204584091,0.00010548193291750162,8.587473081245062e-05,1.514660365314177
2015-01-28,7.988841611727443e-05,0.7825797138461571,0.0002547327480786634,1.366179081064267,0.00011163821444059854,8.233069407055662e-05,1.3974268093726643
2015-01-29,8.021798542057233e-05,0.7881359240805461,0.0002487247445249109,1.3406516931336292,0.0001113259720241658,7.969362382433074e-05,1.3877931668378156
2015-01-30,7.830236811365751e-05,0.7986319552147377,0.0002578541418405112,1.2901823793408238,0.00011348048614353435,7.176616059544134e-05,1.4492599505907033
2015-02-02,6.708254753246161e-05,0.7898772091642818,0.000251658053471178,1.280086588803658,0.0001026289234037839,6.751761399316305e-05,1.5298900709476069
2015-02-03,8.067150173734702e-05,0.7862009699846864,0.00025604933573127487,1.2535931279090065,0.00011299402337950701,6.111704504791384e-05,1.4006684014312358
2015-02-04,7.910110058857453e-05,0.7418726812216392,0.00018416329430252784,1.2703503401095189,8.954104930931538e-05,6.208080435508685e-05,1.1319823446584107
2015-02-05,8.520627788871464e-05,0.7346322960273219,0.00018437000739900957,1.2686875448675898,9.207695541222246e-05,6.008642960855037e-05,1.0806358133901988
2015-02-06,8.507292515013707e-05,0.7129491151990758,0.0001607638751180078,1.2644405516945594,8.33774196119818e-05,5.967037458160491e-05,0.980069974846133
2015-02-09,6.296753465448077e-05,0.6873539614010592,0.00016924158293047715,1.219985602739132,7.095652269131696e-05,5.731110362729061e-05,1.1268747153699734
2015-02-10,6.653518645016198e-05,0.6696943912743422,0.0001785769146084438,1.205386445392154,7.299868022271342e-05,5.384934836337071e-05,1.097143994289291
2015-02-11,6.58212274519105e-05,0.6580568924539929,0.00017995768118193498,1.1055805388357065,7.161955610505202e-05,5.2895051204199864e-05,1.0880920772463232
2015-02-12,6.625281595902424e-05,0.6401140049848602,0.00016366188649441098,1.1267397981620506,6.665508346583311e-05,5.368262879672336e-05,1.0060717042888814
2015-02-13,6.59493776327874e-05,0.6390758630136305,0.00016902304534957219,1.1530137696862353,6.747310980261447e-05,5.454051069163627e-05,1.0231045723935615
2015-02-17,5.2818371217651516e-05,0.6293460776453168,0.00016118509249081787,1.1713365567877605,5.8069016224100774e-05,5.597799587094433e-05,1.0994094457175259
2015-02-18,4.925751255554142e-05,0.6247278299243957,0.00016577723994626485,1.1434786166464086,5.645332728076852e-05,5.48002867658282e-05,1.1460856294177117
2015-02-19,5.2538640297651296e-05,0.6217708901521608,0.0001664911697862249,1.135007864786851,5.815209996541622e-05,5.449744254704031e-05,1.1068444032042426
2015-02-20,5.811623348480445e-05,0.6185023275562106,0.0001708228944803954,1.0908867549848982,6.162587610354755e-05,5.1955126175522714e-05,1.060390056414457
2015-02-23,5.7842904366347e-05,0.6205977406086576,0.00017190343110756818,1.0958677863087884,6.188387615511502e-05,5.24448017232615e-05,1.0698611494881825
2015-02-24,5.363774172174018e-05,0.6166884807493213,0.00016243781436237417,1.110734710336608,5.75631626779484e-05,5.336294946810041e-05,1.0731839341143847
2015-02-25,4.6420168910813084e-05,0.6134381985590089,0.00014081960630402178,1.0775377426971957,4.9597037579068336e-05,5.4129001082123204e-05,1.0684372492129222
2015-02-26,6.082008377129165e-05,0.610293433742953,0.0001508780095070786,1.0962835856998552,5.846220308848429e-05,5.8053608979022464e-05,0.9612318738054694
2015-02-27,6.477291200020017e-05,0.611000017638554,0.00014760000446326888,1.1016795796795598,5.9742187307181435e-05,5.8250284301681264e-05,0.9223328929074057
2015-03-02,7.10002492943561e-05,0.6085760534319126,0.00015146230294140172,1.121351305892554,6.310983929106598e-05,6.15453035644599e-05,0.8888678549482594
2015-03-03,6.22129036386534e-05,0.6133122968780803,0.00016407979791526988,1.076644750538018,6.19654295095979e-05,5.9093978743282646e-05,0.9960221414757799
2015-03-04,6.357489191775788e-05,0.6139512914886232,0.00016433569143612512,1.0860251724947545,6.2754183129102e-05,5.965511376282411e-05,0.9870906774058291
2015-03-05,6.337223751236057e-05,0.6138158131340169,0.00016416708436738675,1.0302379067055356,6.260811607201996e-05,6.057496438966256e-05,0.9879423313688179
2015-03-06,6.737776824421294e-05,0.6148342428791198,0.000170436071967659,1.0336813755220289,6.588660296503192e-05,5.6507808298769584e-05,0.9778685860627463
2015-03-09,6.459093954914395e-05,0.6121831718107664,0.00016913015606682353,1.0318857153429737,6.39849320303698e-05,5.6299327689613526e-05,0.990617762754278
2015-03-10,6.248974140729342e-05,0.6087098559942997,0.00017638937873530925,1.0245868258623243,6.390736522059732e-05,4.939901969474605e-05,1.0226857045873203
2015-03-11,5.4252554100076106e-05,0.601343385722254,0.00014556590969404896,0.9813394517015392,5.343951059883113e-05,4.920500463989773e-05,0.9850137285749679
2015-03-12,5.508043688697334e-05,0.6180371333874077,0.00013670016029483458,0.9964314896977052,5.362876175523376e-05,4.673678898396617e-05,0.9736444513917263
2015-03-13,5.707193087433516e-05,0.6253615864644565,0.000139664310144127,1.0101467764296443,5.583225951437082e-05,4.644396853241484e-05,0.9782787906248708
2015-03-16,5.2149496476829495e-05,0.626625207017379,0.00011723610432733121,0.9497303625558264,4.89963366748983e-05,4.0223206324256214e-05,0.9395361409993254
2015-03-17,4.691748238540657e-05,0.5831761951432761,0.00012188443540676366,0.958169519049376,4.410027146568176e-05,4.0349513583391604e-05,0.9399539195947759
2015-03-18,5.051902620859181e-05,0.5591238047942975,0.00013361497067578863,0.960541070689918,4.593704221287251e-05,3.7682113404148684e-05,0.909301814789533
2015-03-19,5.142834644805491e-05,0.5390344811884679,0.00013105414541960428,0.9792587701108132,4.425305006464982e-05,3.804523831527358e-05,0.8604797377521658
2015-03-20,5.066833282542825e-05,0.5293178545687524,0.0001399616110913092,0.9777462427981608,4.457479118511385e-05,4.029954614459887e-05,0.8797366856077744
2015-03-23,5.007282454924587e-05,0.5422792584464238,0.00019572732955979103,0.8921867914398947,5.368460647502602e-05,3.8433023675494524e-05,1.0721305809746766
2015-03-24,4.2218867344400384e-05,0.5302801311326812,0.0001898988188766567,0.9156008805373892,4.748099110013492e-05,3.874480556024977e-05,1.1246391503781654
2015-03-25,4.692159710753298e-05,0.5259554476559307,0.0001856477252352332,0.9092748546806164,4.9088545813203934e-05,3.460754993329485e-05,1.046182330509868
2015-03-26,4.732340893496746e-05,0.528673406805502,0.00020088375761829024,0.8824984785089978,5.1546346359713795e-05,3.344705671208565e-05,1.0892356979301632
2015-03-27,4.354358066573599e-05,0.5158452615456756,0.0001271624808835327,0.8805136742780717,3.8384952820812034e-05,3.337030068144585e-05,0.8815295442851987
2015-03-30,4.5502666776921666e-05,0.5105644088128436,0.0001433419419766716,0.8367467816229721,4.12340130559689e-05,2.922641829682143e-05,0.9061889330161684
2015-03-31,3.983451498744685e-05,0.4893855204596642,0.0001490431981655176,0.7565527975105719,3.77083008207222e-05,2.6334852811261804e-05,0.9466238218942872
2015-04-01,4.176214734580363e-05,0.5407625567570657,0.0001547859729193567,0.7327635916971363,4.347742594853768e-05,2.5321198894805916e-05,1.0410725671870034
2015-04-02,4.894523588776545e-05,0.58473985005484,0.00015567166513710153,0.7789516285995323,5.104141321018827e-05,2.747847272295311e-05,1.0428269939740302
2015-04-06,4.8199312485919956e-05,0.6141564620975078,0.00015360890642719148,0.8275397932971686,5.284545557265506e-05,2.8376689949718906e-05,1.0963943850463083
2015-04-07,4.533264144371158e-05,0.6398781921609116,0.00014808947851112063,0.7986246721356006,5.242819712427208e-05,2.9716849087976102e-05,1.1565219994817835
2015-04-08,4.177649686660928e-05,0.5973754759054923,0.0001410462095093971,0.8155553092654558,4.585578252941993e-05,3.033299627116943e-05,1.0976454697921574
2015-04-09,4.664355209638432e-05,0.585280758157342,0.00013427065604388006,0.7626677025332946,4.631808655456275e-05,2.915418550666679e-05,0.9930222822406616
2015-04-10,4.853778747139849e-05,0.5837588499056544,0.0001429568986056873,0.706865617261048,4.862683735349327e-05,2.6844542729153708e-05,1.0018346506244697
2015-04-13,4.467938122611643e-05,0.5834137777720165,0.00014878881573433922,0.6423754950906391,4.756805560945387e-05,2.4523402918886107e-05,1.0646534106799341
2015-04-14,4.646938254229903e-05,0.5830972773033269,0.00014965552429158105,0.6512558019856002,4.862625697336453e-05,2.4848043320188138e-05,1.0464149578295383
2015-04-15,4.691423215315267e-05,0.5579581859646687,0.00013771415255276305,0.7055923022360252,4.484801719247012e-05,2.8281987128422106e-05,0.9559576088992069
2015-04-16,4.176974619173272e-05,0.5520628806890199,0.00013543397110368132,0.7250268007246168,4.1522478777875113e-05,3.0528833183711257e-05,0.9940802270446512
2015-04-17,4.332386275975345e-05,0.5468733633803993,0.00013206394828888486,0.7998000506247822,4.136590163915741e-05,3.157803921014174e-05,0.9548064046954066
2015-04-20,4.305137811564542e-05,0.5254087332253409,0.0001386066007255919,0.7299442618696353,4.058660947434211e-05,2.7546036990996715e-05,0.9427482057674809
2015-04-21,4.4326391543702614e-05,0.5225063842208484,0.00014422000121532162,0.8190289204873481,4.177683528495785e-05,3.19074271431497e-05,0.9424822059735882
2015-04-22,3.760113128202133e-05,0.5120056747270958,0.00014809912222757125,0.8049360238838271,3.820775078820498e-05,3.109042223906001e-05,1.016133012106306
2015-04-23,3.981692672329287e-05,0.5082942242454191,0.00015764868053225943,0.840968082882792,4.02711668019492e-05,3.235061744754005e-05,1.0114082154510082
2015-04-24,4.472325784062566e-05,0.4886931825699372,0.00015429722599731978,0.7778728794283918,4.0595888931894016e-05,3.743439313808732e-05,0.9077131428251537
2015-04-27,4.8016264703360416e-05,0.4723940192339197,0.0001458526385764075,0.7856171500340764,3.9532631279680196e-05,3.770808316960277e-05,0.8233175055141994
2015-04-28,4.837591330570472e-05,0.46351527321001734,0.00014653512967475118,0.7965470925130199,3.902559329313401e-05,3.928631255209393e-05,0.8067153801627952
2015-04-29,4.7158652268819175e-05,0.48623097308981966,0.00014132112758428206,0.7882294122072298,3.969418227254787e-05,3.863050033463018e-05,0.8417157904826992
2015-04-30,4.7296624411946914e-05,0.4987049678171924,0.00013919346325543588,0.8048239265689128,4.046394183573874e-05,3.780756159906804e-05,0.8555355131331049
2015-05-01,5.0018555724514286e-05,0.5055691842902043,0.00013975952811841636,0.8058253634165531,4.227045097605374e-05,3.640579729961174e-05,0.8450953923752906
2015-05-04,4.992916004912971e-05,0.508657441811313,0.00013680935109511524,0.8308629030092284,4.2039778994742906e-05,4.241223684672265e-05,0.8419885083862068
2015-05-05,5.102770643270727e-05,0.5115158226981353,0.00014362899725490775,0.7965446202775789,4.379082837533766e-05,3.859665905645534e-05,0.858177477231644
2015-05-06,5.61480236098465e-05,0.5124096632018095,0.0001395277333678292,0.8663165439449093,4.5353918753730204e-05,4.488552052362072e-05,0.8077562813052717
2015-05-07,5.2055366505413186e-05,0.5133464965392459,0.00013897733231575264,0.7937513597470648,4.3663177983735984e-05,4.3008877503404106e-05,0.8387834130261189
2015-05-08,4.9463315458690945e-05,0.5150290053680261,0.00013962452659237968,0.8261333473618825,4.280102372444333e-05,4.190237395689825e-05,0.865308427620231
2015-05-11,4.237087867236375e-05,0.5158742085683022,0.00013728327764189264,0.8249523375920624,3.934471198482529e-05,4.141940627069079e-05,0.9285790905839234
2015-05-12,4.7490306282055044e-05,0.518048707170033,0.00013930986287318537,0.769707708186958,4.213703877588398e-05,3.956163142280001e-05,0.887276627057807
2015-05-13,4.663897325113825e-05,0.5241088353497985,0.00015354576872034524,0.7729435811584193,4.435217253205518e-05,3.973412468180653e-05,0.9509680303901789
2015-05-14,4.9144732522979803e-05,0.5285472987421154,0.0001544553877353708,0.8213639299796718,4.604938945380217e-05,4.027434105485087e-05,0.9370157713702019
2015-05-15,5.102390807027307e-05,0.5348583331402182,0.00016251540592706774,0.7957430940799628,4.8704926773680815e-05,3.927734668305834e-05,0.9545510842995715
2015-05-18,5.1224895533544154e-05,0.5413269992326755,0.00016693797303168274,0.8029706059738829,5.005849600390289e-05,3.949471892942912e-05,0.9772298309739361
2015-05-19,5.107054978153525e-05,0.5378292689368311,0.00015947635010609912,0.9317869582582248,4.853754915487539e-05,4.6449291134614025e-05,0.9504019314948577
2015-05-20,4.960583034370502e-05,0.5380562349135923,0.0001624961021494588,0.8560903892152657,4.830760472420758e-05,4.462714604160375e-05,0.973829172689936
2015-05-21,4.7917991249736124e-05,0.5326108024449099,0.0001665593109217271,0.8213913143482515,4.7582113679497306e-05,4.309594850059206e-05,0.9929905749076936
2015-05-22,4.8649795894238564e-05,0.5336021171313555,0.00016998104631734147,1.0076750921075897,4.85241910999332e-05,5.651802373682729e-05,0.9974181845576819
2015-05-26,5.2044924254716454e-05,0.5373830326873319,0.00017569789870665656,1.0457529801932313,5.138737389969702e-05,5.71520793531714e-05,0.987365715976427
2015-05-27,5.41376103742017e-05,0.5372137750769783,0.00013645470989506967,1.0927894963189164,4.617330338787591e-05,5.746394873337919e-05,0.8528877257182922
2015-05-28,5.2639353679274204e-05,0.5297895959822451,0.0001520638752980149,1.0879044865314402,4.7399278015058984e-05,5.7228720833331266e-05,0.900453267413912
2015-05-29,4.7121939363217764e-05,0.5170361974088735,0.00015633127765239744,1.1060048876626216,4.437674721186518e-05,5.751647323203324e-05,0.9417428020058229
2015-06-01,4.566975475334599e-05,0.5106076599778401,0.00015344896126867519,1.1010542999396669,4.27448346918876e-05,5.721388399822932e-05,0.9359549864619298
2015-06-02,4.848176142599366e-05,0.5076707061761172,0.00016160905929047631,1.08682094126894,4.493700775987654e-05,5.675613893244975e-05,0.9268848003485165
2015-06-03,4.583723039523311e-05,0.4970240844062818,0.00015793274297328273,1.0945043528145062,4.228854154237338e-05,5.852575013939081e-05,0.9225806441126343
2015-06-04,5.208668778062701e-05,0.4947842452302771,0.00015948789262810832,1.1320592138754038,4.509652657674169e-05,5.887891466609044e-05,0.8657975482463829
2015-06-05,5.356843740955158e-05,0.4949811904865914,0.00016670532688745936,1.1296683017957905,4.677544454912569e-05,6.275790697912678e-05,0.8731903861878441
2015-06-08,5.4875341169450945e-05,0.5023490564152215,0.00018115099814244146,1.114691192989759,5.008579518042287e-05,6.30509366591185e-05,0.9127195223399466
2015-06-10,5.7400521339002106e-05,0.5161605630585895,0.00017743028472115918,1.1782015440826876,5.209027049340292e-05,6.284634298387003e-05,0.9074877593142867
2015-06-11,5.7399555912391706e-05,0.5169532313395104,0.00018635532996114348,1.1593588180224206,5.3465844357448215e-05,6.192185819025446e-05,0.9314679095958953
2015-06-12,5.544172754801711e-05,0.5262441611175919,0.00018210365802312012,1.1690075214261149,5.287678023189826e-05,6.175361266326332e-05,0.9537361581329262
2015-06-15,5.424960916028536e-05,0.5271789484710789,0.00017678431580241862,1.1750775280065278,5.162715965657078e-05,6.180068943733236e-05,0.9516595687175124
2015-06-16,5.423174022350414e-05,0.525656618452993,0.00015855632870082474,1.1710327378709835,4.874394755961953e-05,6.243771925117867e-05,0.8988084719157474
2015-06-17,5.412494915971205e-05,0.5343158634160339,0.0001689671924308897,1.2018015837253622,5.109730710876741e-05,7.560248536697045e-05,0.9440619880859257
2015-06-18,5.572982074389677e-05,0.5538975014805524,0.00018141595527728076,1.1392030256842771,5.569432813156645e-05,9.215640164392407e-05,0.9993631306927503
2015-06-19,6.241618085312648e-05,0.5824139946757104,0.0001948115414043387,1.1051914543915276,6.422257860527629e-05,0.00012773842709945914,1.0289411772309571
2015-06-22,6.257165974145031e-05,0.6036353178956736,0.00020235515005145364,1.1258983863697598,6.792358663010255e-05,0.00013096161027664733,1.0855327621285213
2015-06-23,5.295413252336654e-05,0.6008725569320688,0.00019000092952821626,1.1419829230342975,6.027124479712583e-05,0.00017413796000886756,1.1381783049798906
2015-06-24,5.124155217210486e-05,0.6190166776270299,0.00023233800439453143,1.1249941516732742,6.754195322179639e-05,0.00018800196355573797,1.3181090415634447
2015-06-25,5.1531038942745836e-05,0.6214445692273303,0.000232257669343003,1.1242752108806802,6.798637387163226e-05,0.0001878322350642019,1.3193286078933768
2015-06-26,9.885673436567757e-05,0.6650464832617725,0.00022434719419920033,1.1271875348945324,9.904109936376489e-05,0.00018950132736295027,1.0018649715598062
2015-06-29,0.00010219846828200267,0.6957358252325759,0.00023968144327846133,1.13044955300311,0.00010888893893699743,0.0002014332134962488,1.0654654689787848
2015-06-30,8.697755639475864e-05,0.7106463434592444,0.00024534781581294626,1.1329273196305831,0.00010381215939190953,0.0002120209226739386,1.1935511147352187
2015-07-01,9.667073925185136e-05,0.7163773256306437,0.00025783265706163204,1.1342695088627934,0.00011309888237138873,0.00021017861257000068,1.1699391485642616
2015-07-02,9.521395937942913e-05,0.7183947928822432,0.0002603230066695255,1.1212827779570314,0.00011310186445596326,0.00021259978716400325,1.1878706146989493
2015-07-06,0.000172264093177785,0.740293706579865,0.00026968211849245514,1.146848584979027,0.00015956128092212637,0.00023521022567020677,0.9262596631641121
2015-07-07,0.00016730584927433944,0.7524052780215386,0.0002818204632254965,1.1313686519499848,0.00016337803111694208,0.0002344254739354382,0.9765231271086241
2015-07-08,0.00018325021701855255,0.7671856609322698,0.0002934310084189198,1.129889958702757,0.00017789991023942685,0.00022891510795080286,0.9708032717986684
2015-07-09,0.00017483634785152047,0.764307410440077,0.00027379931969971134,1.1195621869058794,0.00016722458071081702,0.00022739216810534844,0.9564634743619346
2015-07-10,0.0001852458943863911,0.7694066870430349,0.0002874906154655205,1.113547081435548,0.0001775587539213409,0.0002216676168524904,0.9585030454223393
2015-07-13,0.00021177015433928543,0.7729641397726753,0.00028987806153278666,1.160043178281194,0.00019151350159178705,0.000231909918462503,0.904346045311728
2015-07-14,0.0001959846645507268,0.770660812346906,0.0002908607528315939,1.1767614639012562,0.0001839996016643442,0.0002370149312281864,0.9388469352239521
2015-07-15,0.00017788056160659394,0.7716823671500985,0.000293418591475241,1.176239165983207,0.00017629769604773777,0.0002369234784366675,0.9911015259646139
2015-07-16,0.00018174519139179188,0.7661818620205368,0.00029407391930757093,1.1878136811280655,0.00017712978115088507,0.0002477831361772917,0.9746050489393292
2015-07-17,0.00017984339911716185,0.7673062030986013,0.00025174564486324516,1.1834182255259498,0.00016326644761087818,0.0002479760786834474,0.9078256328135549
2015-07-20,0.0001933298802508964,0.7862619371798011,0.00028660072476591886,1.1839691306659306,0.00018507825033376257,0.00025129359652790973,0.9573183932746187
2015-07-21,0.00019419877324157122,0.7962003651350602,0.0002900374498723444,1.1857417166326274,0.00018896120617809998,0.0002515729414853951,0.9730298653485517
2015-07-22,0.00018582236281108658,0.8046418546363256,0.00031965340751870914,1.1867891437832463,0.00019610617885157286,0.00025186388251140435,1.0553421874790234
2015-07-23,0.00018795658724473803,0.8260589960112119,0.0005845830828598885,1.1701237826818565,0.0002738186104473636,0.00024804621701148797,1.4568183773778822
2015-07-24,0.00019329917782205091,0.8242937430844849,0.0005349799529630567,1.160389199232392,0.0002650731632693385,0.00025851000319033763,1.371310350390429
