Date,Predicted_Index_Var,Predicted_Corr,Predicted_Var,Future_Beta_45d_PG,Predicted_Covariance,Future_Cov_45_PG,Beta_Predicted
2013-02-28,5.497886498863307e-05,0.5548936891422156,0.0001483488498475042,0.5950190257301095,5.0112926130755226e-05,3.2588432930252364e-05,0.9114943740856803
2013-03-01,5.488021190183326e-05,0.5620644080411523,0.0001474780166471274,0.5897539329621054,5.0565885746758086e-05,3.226934794634684e-05,0.9213864887622444
2013-03-04,5.501029900576039e-05,0.568027481535813,0.00014521613699784234,0.5899457407958841,5.0769021166545534e-05,3.22536683063481e-05,0.9229002947471576
2013-03-05,5.845535101370509e-05,0.5691352582227867,0.00014487915758634024,0.59573807345184,5.2375789635801684e-05,3.1928447413190166e-05,0.8959964952314112
2013-03-06,5.9250468430820016e-05,0.5668040077989321,0.0001401886466677347,0.5971372974364705,5.1657719310268986e-05,3.222405721351011e-05,0.8718533486462439
2013-03-07,5.369174155549812e-05,0.4908994994481374,0.000143965637443219,0.6029383227623367,4.315943563150355e-05,3.258998118843725e-05,0.8038375061254455
2013-03-08,4.524810700565277e-05,0.42218612677424966,0.00014071077136451902,0.6016197176320306,3.3687426688993164e-05,3.2388072401443885e-05,0.7445046636931054
2013-03-11,4.8373919939468494e-05,0.39249306833027897,0.00014192402275999303,0.6206765061863541,3.252112706341317e-05,3.448252148525115e-05,0.6722863705093092
2013-03-12,5.1431479865635213e-05,0.38694733927711455,0.00014408307894173082,0.6386507403460931,3.3309864441456475e-05,3.552310395002448e-05,0.6476551817773575
2013-03-13,5.5261000285198275e-05,0.3785536216661868,0.00014499225580920274,0.6463151351774221,3.3885131843862086e-05,3.648700836939747e-05,0.6131834687932397
2013-03-14,6.195858588029715e-05,0.38473890719394394,0.0001490101339396401,0.6121587689119347,3.696789807804466e-05,3.5297571268245204e-05,0.5966549680372945
2013-03-15,6.386120353979619e-05,0.3886608103813964,0.00015656540401869074,0.5901713106325357,3.886307877651952e-05,3.336087441540526e-05,0.608555376697549
2013-03-18,6.402550064969363e-05,0.3873769565046828,0.0001595363315540819,0.593644732123617,3.915074899904218e-05,3.2869667168125094e-05,0.6114868076276343
2013-03-19,6.71640875084588e-05,0.3799817986568623,0.00016326418257283151,0.5977597708634912,3.979026327442197e-05,3.400342796349777e-05,0.5924336166915197
2013-03-20,6.839791392936718e-05,0.37798951067413855,0.00016539254557094556,0.5913068500378679,4.0203062968863286e-05,3.348497449863872e-05,0.5877820047316061
2013-03-21,6.814178529168062e-05,0.3699114752723525,0.00016742849905797754,0.5542364685466655,3.951111175281889e-05,3.018672612781095e-05,0.5798367563117365
2013-03-22,6.79733209422515e-05,0.35405673421794187,0.00016595681733068806,0.5346207040853646,3.760448559397389e-05,2.8848002553331006e-05,0.5532241925611043
2013-03-25,7.243408887933498e-05,0.3511271807318851,0.00016734543731752172,0.5916721808552728,3.8658312124137505e-05,3.235265244686762e-05,0.533703298022245
2013-03-26,7.339742545776695e-05,0.3455371088102045,0.00016830917871948534,0.5785332775416251,3.8405109594271615e-05,3.1132781241938565e-05,0.5232487291583545
2013-03-27,7.311742529462491e-05,0.3451861414010842,0.00016902596829046308,0.7029233123563636,3.837430407539821e-05,4.1720795357898635e-05,0.5248311728807445
2013-03-28,6.422356192814954e-05,0.3404124992174318,0.00017565478735089653,0.7185050327162041,3.6156192307289136e-05,4.290673282102005e-05,0.5629739494632682
2013-04-01,6.678777769649997e-05,0.34115730158700847,0.00018146496545981523,0.7400611807319376,3.755774961565374e-05,4.435029241970462e-05,0.5623446521356851
2013-04-02,6.451960799026473e-05,0.3445520681592958,0.00016290049801720075,0.7091934776163543,3.5323353464250647e-05,4.581935042288023e-05,0.547482456334523
2013-04-03,6.836168011312682e-05,0.3547428432385423,0.00016760710242251696,0.6905126091988482,3.797223985509404e-05,4.37506602734806e-05,0.5554608925973809
2013-04-04,6.901245142532413e-05,0.3556267656008089,0.0001670247743743762,0.7042150798217036,3.818111562559187e-05,4.659892252201845e-05,0.5532496649087487
2013-04-05,6.697476452894188e-05,0.3560619318811623,0.00017716070497403498,0.7024472966476267,3.8785093384375274e-05,4.5970737814965565e-05,0.579100108185002
2013-04-08,7.273438811092278e-05,0.35437092634949435,0.00018339614355177212,0.6619568467499148,4.092824082390873e-05,4.484801741160171e-05,0.5627082579080966
2013-04-09,7.022991067372413e-05,0.369308968612674,0.00018658358481484993,0.670409523157203,4.227539060939368e-05,4.6585313500756424e-05,0.6019570607998883
2013-04-10,6.636144982931065e-05,0.3952326390560721,0.0001893315540541215,0.6577982303738582,4.430188801100621e-05,4.683551779626862e-05,0.6675846914881427
2013-04-11,6.716170407401359e-05,0.40402419007212054,0.00018898182681957958,0.6548617652887669,4.551748347011638e-05,4.724948830220776e-05,0.6777297285362975
2013-04-12,6.98842565011876e-05,0.39192504778765347,0.00019630757581352414,0.6789060158504694,4.590513030570127e-05,4.960364324471304e-05,0.6568737023756012
2013-04-15,9.593981606210937e-05,0.4258384781200535,0.00020019442652678468,0.7774226452391473,5.9016076447849806e-05,4.692234249131797e-05,0.615136435217304
2013-04-16,8.836558039441448e-05,0.4350754667342911,0.0001993296057085664,0.8337888905283792,5.7742032355517365e-05,5.1148487336663976e-05,0.6534448378858517
2013-04-17,8.959564094882932e-05,0.4541735437134708,0.00020307607403961884,0.9070968925621862,6.126249104936031e-05,6.446568826923272e-05,0.6837664243548311
2013-04-18,9.719405369416862e-05,0.46672275894702275,0.00020440007744629087,0.917886112978713,6.578386028954597e-05,6.438665077855544e-05,0.6768300918546092
2013-04-19,7.72897485213767e-05,0.4621409967889674,0.00022133970261203887,0.876305989207574,6.044565734741831e-05,6.359179098369923e-05,0.7820656491164585
2013-04-22,7.797978274745508e-05,0.48740278913048884,0.0002294366114910808,0.8643030514806711,6.519441317632331e-05,6.408851244725402e-05,0.8360425084468573
2013-04-23,8.499754389235151e-05,0.5028666208519516,0.00023687288443054243,0.8508243486570827,7.135323561036377e-05,6.292553467458482e-05,0.8394740876363661
2013-04-24,7.773768893068322e-05,0.4829086420330413,0.00037225011266395154,0.8549885871843232,8.214822975842955e-05,6.381264354677115e-05,1.056736196926038
2013-04-25,6.90805921567358e-05,0.4669854548774363,0.0003761928348963491,0.8735017941758748,7.52812184196042e-05,6.531914072081056e-05,1.0897593096596492
2013-04-26,7.034557142953508e-05,0.4819163034545307,0.0003397699113903562,0.8926316728930522,7.450449207561209e-05,6.72708691011689e-05,1.0591212859823447
2013-04-29,6.776168711759701e-05,0.49085757902613153,0.00030891581801615416,0.8870818542993244,7.101787606912515e-05,6.6078567215918e-05,1.048053540135109
2013-04-30,5.8041023931509805e-05,0.49361270862313184,0.0002847059173431426,0.8963292354844008,6.345299300976131e-05,6.6674907353592e-05,1.0932438594577139
2013-05-01,6.311211636341748e-05,0.49691543755516937,0.00026265925900581505,0.8869577495630501,6.397867157447044e-05,6.63903070680146e-05,1.013730409642153
2013-05-02,6.214021471172626e-05,0.4964321736350053,0.0002492108235753507,0.8825749094855838,6.177741690502107e-05,6.507880182796679e-05,0.9941616261162238
2013-05-03,7.476459886581012e-05,0.5297813335002947,0.0002375543804429147,0.900588957012991,7.060349134685735e-05,6.545421813157232e-05,0.9443438795622878
2013-05-06,7.535412832838797e-05,0.5516401872734834,0.00022877682443603293,0.9056553237189264,7.242949149420918e-05,6.573518705788288e-05,0.9611881007841611
2013-05-07,7.392273390092128e-05,0.564278009493002,0.00022363063535178553,0.9074579839520628,7.255173198875104e-05,6.891230001549134e-05,0.9814535821414858
2013-05-08,6.958015556766957e-05,0.5691740517793507,0.00021951536417420976,0.9045909419791948,7.034289721584188e-05,6.837691420777838e-05,1.0109620572410263
2013-05-09,7.111722928104653e-05,0.5674261050124944,0.00021438570174147302,0.8997201031953204,7.006395271467077e-05,6.797616295879266e-05,0.9851895725266048
2013-05-10,7.562958883543677e-05,0.5729002808819302,0.00020444913236986083,0.9012323870501594,7.123895509436269e-05,6.834432674260493e-05,0.9419455558507966
2013-05-13,7.357910230951406e-05,0.5718849820667693,0.00019595735213859654,0.8936626175831829,6.866994754697601e-05,6.784747636510275e-05,0.9332805836378997
2013-05-14,7.590263764609063e-05,0.5808781673260685,0.00019034311929336101,0.8842231907991903,6.982035918066685e-05,6.571051602340049e-05,0.9198673635851304
2013-05-15,7.650099964197039e-05,0.5821065862106953,0.00018597621441467308,0.8731373393917801,6.943281447424268e-05,6.444587270483278e-05,0.9076066299681408
2013-05-16,7.639729836462006e-05,0.5775799580795293,0.0001803572744257497,0.8688820910452275,6.779816617974114e-05,6.364972433698198e-05,0.8874419335636976
2013-05-17,7.425705624970095e-05,0.5646742679588235,0.00017646495513348626,0.9008007511698424,6.463921846307366e-05,6.438462228941483e-05,0.870479139998685
2013-05-20,7.217439206379002e-05,0.5506920038696804,0.00017298329127358756,0.9060989409646356,6.153219613739983e-05,6.507827146642915e-05,0.8525488664042465
2013-05-21,7.13709588975209e-05,0.5436999718767146,0.0001708766408474148,0.9076300089275146,6.004286756233669e-05,6.525837846669301e-05,0.8412787006063652
2013-05-22,7.35750525384875e-05,0.541436085121543,0.0001662384244460487,0.9244967741491285,5.987950400908747e-05,6.521318584388703e-05,0.8138560822333655
2013-05-23,7.454058968752127e-05,0.5368847475108394,0.0001623957176315078,0.9267366287362808,5.9069699917268396e-05,6.539740991605123e-05,0.7924501290490484
2013-05-24,7.630250921850573e-05,0.5405998509800782,0.00017142458174190927,0.9429683522992576,6.182752773089824e-05,6.651153855402169e-05,0.8102948168302588
2013-05-28,7.438631671877e-05,0.5480929879411122,0.00016979705548885162,0.9747775972871234,6.159789210367658e-05,6.806187335722587e-05,0.8280809538743231
2013-05-29,7.273626036607267e-05,0.5722252070908778,0.00016781399249618197,0.9539093856298076,6.322030027645131e-05,6.814175499161225e-05,0.8691717165313599
2013-05-30,7.309916508279677e-05,0.5725387942914415,0.0001616612354997583,0.9530919779025953,6.223921037989434e-05,6.791170570353792e-05,0.8514353113253517
2013-05-31,7.696255068093324e-05,0.6202583084160015,0.0001518208355141449,0.8653688831135988,6.704679236215e-05,5.71554591101143e-05,0.8711612565974924
2013-06-03,7.835861755638394e-05,0.6567805130239148,0.00014164757941568715,0.8359307656118368,6.919396537922755e-05,5.560718641896633e-05,0.8830421916190412
2013-06-04,7.696792659140356e-05,0.6833717496387276,0.00013210527348766623,0.828775058753246,6.8908372416337e-05,5.4848852515203614e-05,0.8952868482757501
2013-06-05,8.390672708275947e-05,0.6954024628347841,0.00012788640003356952,0.8378877466409236,7.203553668118755e-05,5.128688448499727e-05,0.8585192056190794
2013-06-06,8.864935953499249e-05,0.6939797027714658,0.00012230041118843868,0.863032626400861,7.22600950206797e-05,5.1873520973269986e-05,0.8151225840741301
2013-06-07,8.584609796353898e-05,0.7069649056442668,0.0001168146802071904,0.8603448744885521,7.079569467191563e-05,4.900787208611624e-05,0.8246815679611246
2013-06-10,7.344670994631798e-05,0.7003108359253879,0.0001105501962590753,0.8588247127108962,6.310398393346359e-05,4.9020956433613096e-05,0.8591805402799682
2013-06-11,7.540176794643908e-05,0.6911216533284626,0.00010528425024204314,0.9032795705726456,6.15781970112752e-05,4.973881269964021e-05,0.8166678141421919
2013-06-12,7.564969572692771e-05,0.6901046103034542,0.00010107140134004008,0.888171989477336,6.03438013644357e-05,5.1682494563397455e-05,0.7976740789845129
2013-06-13,7.668406692361186e-05,0.6853687637419618,9.800187888623813e-05,0.9140147630682004,5.941472303760213e-05,4.9004421235507325e-05,0.7747988000791295
2013-06-14,7.978958283363962e-05,0.6768884880974102,9.496584535059708e-05,0.9103245962341648,5.8921520371319996e-05,4.883103011444091e-05,0.738461316362196
2013-06-17,6.406673037804978e-05,0.693496406947893,9.241265180443193e-05,0.8842799960795481,5.336127670952082e-05,4.673966176804572e-05,0.8329015136973994
2013-06-18,5.269216623890948e-05,0.7111761698819898,9.091493943500199e-05,0.89566481121037,4.922297395574213e-05,4.686477112437041e-05,0.9341611375885018
2013-06-19,5.313666894497608e-05,0.733994886120683,8.8457267789211e-05,0.8424175726044324,5.032189155364747e-05,4.187969152351719e-05,0.9470275904151357
2013-06-20,6.610900161714408e-05,0.7845917184687792,8.155773140420087e-05,0.6709237229953628,5.761115570969842e-05,2.3347815142149636e-05,0.8714570527526782
2013-06-21,6.524441916700448e-05,0.7878848652241314,7.211315823400928e-05,0.7788382141435418,5.4043280163516326e-05,2.7329786194540505e-05,0.8283203506675891
2013-06-24,5.5679700730278476e-05,0.731701234158663,7.134383839323432e-05,0.7133207368332442,4.61169385710151e-05,2.6774813843187684e-05,0.8282540668530718
2013-06-25,5.683904438603972e-05,0.7029972650998364,6.771091654012506e-05,0.7126172440094181,4.361203636592529e-05,2.56167971188192e-05,0.767290105542958
2013-06-26,5.616484134519195e-05,0.6899524123931386,6.593120106112657e-05,0.699612319183246,4.1985265064016165e-05,2.3824324077477752e-05,0.7475364313053536
2013-06-27,5.600093181678947e-05,0.6853398835037997,6.304321091517104e-05,0.6763277400116416,4.07214088866945e-05,2.2784998695134015e-05,0.7271559162607708
2013-06-28,5.651835513949762e-05,0.6862773885662946,6.232235705971837e-05,0.6454021589521386,4.0730184946736506e-05,2.1681313288969272e-05,0.7206541104426513
2013-07-01,4.0959150997653995e-05,0.6424720309234782,6.207790578511761e-05,0.5686312033831052,3.239651004222146e-05,1.9503120382408333e-05,0.7909468153789865
2013-07-02,4.708768430286185e-05,0.6130595099628986,6.0324141023143033e-05,0.5733492827695261,3.267396756033389e-05,1.963902414334758e-05,0.6938962500296084
2013-07-03,4.5307854285029834e-05,0.5940474540185721,5.78975055694344e-05,0.5735869598122373,3.042550624055443e-05,1.9646931239614292e-05,0.6715282972605331
2013-07-05,5.048108536897671e-05,0.5852100412558767,5.722409300485275e-05,0.6801370888431186,3.14532531383159e-05,2.29506655767721e-05,0.6230700649246654
2013-07-08,5.858594159480322e-05,0.5774680631324627,5.6811049375497684e-05,0.6415153141342435,3.33150971002536e-05,2.1936007584063326e-05,0.5686534378959058
2013-07-09,6.185296409698371e-05,0.5563577532151435,5.645696952065565e-05,0.6179861163126502,3.287707589173794e-05,2.0610854460588246e-05,0.5315359800734465
2013-07-10,6.043816195282401e-05,0.538161279970078,5.56125660861438e-05,0.6134956033381684,3.119999605278815e-05,2.0602943441702535e-05,0.5162300613500096
2013-07-11,6.428746384905295e-05,0.5371176933722928,5.5790474109301426e-05,0.581925076511095,3.216715349595263e-05,1.7304848587236638e-05,0.5003643256402391
2013-07-12,6.999194674271863e-05,0.5535021025535716,5.567572079255321e-05,0.6268061922764998,3.4552242222357254e-05,1.906430335744304e-05,0.49366025421991533
2013-07-15,7.060701256657018e-05,0.5643129365234756,5.482312680736627e-05,0.6135929555497299,3.510959545741527e-05,1.8726545316854145e-05,0.49725366052434244
2013-07-16,3.5042919617133015e-05,0.5481725125890998,5.4451662313813525e-05,0.5981160983517217,2.3945448019300212e-05,1.963571614616631e-05,0.6833177224078362
2013-07-17,3.792838595062833e-05,0.5420769170353078,5.485257661750797e-05,0.6145958796838986,2.472530237879789e-05,2.0206033435740978e-05,0.6518943993815873
2013-07-18,3.7451029819475974e-05,0.536460392153493,5.387403281019405e-05,0.6271625102413833,2.409679528523889e-05,2.2420045059763147e-05,0.6434214333061579
2013-07-19,4.0860668714576163e-05,0.5518092309470923,5.297315800896721e-05,0.6082590793962571,2.5672586652229075e-05,2.202841909961917e-05,0.6282958027818799
2013-07-22,3.950888193740232e-05,0.5620622466039,5.248668650766856e-05,0.6204756571928728,2.5595072444362854e-05,2.2501900041272567e-05,0.6478308468692068
2013-07-23,3.3171208880188284e-05,0.5560698085557546,5.205576005265706e-05,0.6349761388560963,2.310704241165738e-05,2.308333867406058e-05,0.6965993459906192
2013-07-24,3.471216593235655e-05,0.5441218085496666,5.1330804701869705e-05,0.628731769885972,2.296815052992241e-05,2.2859011310964527e-05,0.6616743701525382
2013-07-25,3.488954269695917e-05,0.5351094086150374,5.098938011496554e-05,0.6478649094230815,2.2569923743331888e-05,2.379670107693719e-05,0.6468965196640136
2013-07-26,3.343176772700175e-05,0.5360492039293953,5.0689144034519746e-05,0.7011404803625391,2.2066924269051582e-05,2.6174235375776846e-05,0.6600585541646021
2013-07-29,3.360094972876798e-05,0.550317993335977,5.010362826028235e-05,0.7154781903714241,2.2580007275708536e-05,2.7574519452431177e-05,0.6720050313451799
2013-07-30,3.816574763863081e-05,0.5453866413055871,4.166455615482853e-05,0.7164713819770268,2.174827235929853e-05,2.763002849858472e-05,0.5698374512460814
2013-07-31,3.750748633018741e-05,0.5422928376393374,4.2234759507681e-05,0.6821647595361326,2.1583797666158375e-05,2.7619150694751356e-05,0.5754530569217842
2013-08-01,4.226173154810077e-05,0.5361823133505376,4.094456556993477e-05,0.6068789754958047,2.230407729091511e-05,2.3514851564608673e-05,0.5277606116429333
2013-08-02,4.130983358011611e-05,0.5365965970706711,4.236726759001012e-05,0.6030985370391797,2.2448631180359588e-05,2.4263353117229028e-05,0.5434210025761255
2013-08-05,3.7225611971094185e-05,0.5367814591288765,3.569477621064269e-05,0.5036269487188267,1.9566843043782084e-05,2.1672620800478513e-05,0.5256285124063456
2013-08-06,4.1983018398946586e-05,0.5200456145298581,3.830187199497377e-05,0.5319941792340482,2.0853947136118424e-05,2.260317274485662e-05,0.4967233879649225
2013-08-07,4.81253999850549e-05,0.5091306830136261,4.147860833199239e-05,0.5565280740474117,2.2747230857640415e-05,2.9436886111382215e-05,0.4726658036027639
2013-08-08,4.5117615842124565e-05,0.5008255489471524,4.3382159433900034e-05,0.5677872767448104,2.2157212855472975e-05,3.0389945648392715e-05,0.4910989298061633
2013-08-09,4.7210405389653165e-05,0.49487033948253584,4.618089935669874e-05,0.5661811532471648,2.3106889248940294e-05,3.0376795046627073e-05,0.4894448386584814
2013-08-12,4.729046229109182e-05,0.49106930360136636,4.725301994527691e-05,0.5959482118898073,2.3213699170486887e-05,3.269703150207476e-05,0.49087486241088596
2013-08-13,5.1414947954433665e-05,0.5020463464173218,5.1406258730337165e-05,0.6085543029163539,2.5810505482990367e-05,3.5869005596776215e-05,0.5020039212305504
2013-08-14,5.361675369996386e-05,0.5110590537866173,5.502204099369165e-05,0.6319615714499736,2.7758097209569347e-05,3.735312578752236e-05,0.5177131268502752
2013-08-15,5.120699157562921e-05,0.5182949623650246,5.8269937807469675e-05,0.6253212597708646,2.83115662344426e-05,3.430207892791516e-05,0.5528847792713688
2013-08-16,4.9139520575593413e-05,0.5291801697309798,6.16151153659851e-05,0.6195701094722159,2.911807442554793e-05,3.372927207126579e-05,0.592559188296401
2013-08-19,5.1240075352845624e-05,0.5374268770444953,6.451465768099311e-05,0.6510487883475816,3.089964290270513e-05,3.487523081730133e-05,0.6030366405577332
2013-08-20,5.687877447837599e-05,0.5374073429022523,6.698513220576849e-05,0.6300980880714656,3.317171464670062e-05,3.409506943501332e-05,0.583200235077353
2013-08-21,5.746511661394483e-05,0.5354175757592702,7.113730970954128e-05,0.6332594627018381,3.423288396155374e-05,3.3524947095559963e-05,0.5957159052079011
2013-08-22,5.43081375808944e-05,0.533188752985337,7.144324448227304e-05,0.6200433894280525,3.3211922759783024e-05,3.212770617663956e-05,0.611545971546389
2013-08-23,4.6628310947370826e-05,0.4913031787978626,6.77570990590313e-05,0.620904579292353,2.7615430509313578e-05,3.21115355342129e-05,0.5922459970828237
2013-08-26,5.7057237442025364e-05,0.5153250357807116,7.096455258777337e-05,0.6040749650835039,3.2791202776465505e-05,3.1104332589558046e-05,0.5747071580495628
2013-08-27,6.26349019454684e-05,0.5068105814784739,7.612637289803074e-05,0.6538219924146169,3.4996244631073165e-05,2.960234046902431e-05,0.5587339254005989
2013-08-28,6.352118414260544e-05,0.5019194644884377,8.474712468879636e-05,0.6867768503955092,3.682610752645806e-05,3.134826244314909e-05,0.5797452932203409
2013-08-29,6.345432123592429e-05,0.49015741857919864,8.97198768620411e-05,0.6880717113200767,3.698371348803934e-05,3.141793957057116e-05,0.5828399511285172
2013-08-30,6.533098257867051e-05,0.4766878875598392,9.412305711975297e-05,0.7116639622366623,3.7380208903884315e-05,3.217577059185442e-05,0.5721666417441629
2013-09-03,6.741624909395761e-05,0.4351492008313917,9.777008546880152e-05,0.7098368748527738,3.532836026201229e-05,3.233266316478328e-05,0.524033311505886
2013-09-04,5.29054408502055e-05,0.4457137083455807,9.488061077771149e-05,0.7654103175067863,3.1578747165781687e-05,3.43002543405197e-05,0.5968903511302851
2013-09-05,5.526096611110341e-05,0.46072334414179483,9.495514051204498e-05,0.7434955324496879,3.3374033294706974e-05,3.665330430774408e-05,0.603935031240817
2013-09-06,5.903493096893949e-05,0.4696701392112628,9.533336914883726e-05,0.7006732245926255,3.523464904405942e-05,3.685793630107494e-05,0.5968440796957601
2013-09-09,5.950680039687122e-05,0.499990944123297,9.793282212473816e-05,0.6808409519715714,3.816889375455728e-05,3.479546538349999e-05,0.6414207031800712
2013-09-10,6.058865375686932e-05,0.4938354233793816,9.785403747350228e-05,0.6929293900854101,3.8024828615345074e-05,3.4966382286738314e-05,0.6275899241453926
2013-09-11,5.2548421709793746e-05,0.5030204731158581,9.668520344338008e-05,0.6986170532216013,3.585465164243415e-05,3.594294419710436e-05,0.6823164326503781
2013-09-12,5.463125330927889e-05,0.5113008183392069,9.652353583352069e-05,0.7096961716838309,3.71290366378493e-05,3.649466597751265e-05,0.67962996249883
2013-09-13,5.629719144726608e-05,0.4935070835364347,9.671475155906147e-05,0.709767128179399,3.641523488756296e-05,3.663032671543647e-05,0.6468392818791562
2013-09-16,5.4138744378514925e-05,0.5160906951618204,9.9127276015129e-05,0.6936770954087141,3.780739064206816e-05,3.5837436882441034e-05,0.6983425839678709
2013-09-17,5.7555509167455784e-05,0.5147128428631581,0.00010056087441283358,0.707433817290637,3.915822300461771e-05,3.653665871304038e-05,0.6803557742958749
2013-09-18,6.204530316157312e-05,0.5275437384215783,9.900710886044266e-05,0.7113187462953493,4.134720120416887e-05,3.515449410225004e-05,0.6664034035984318
2013-09-19,6.178297806302708e-05,0.5428552842028393,9.624396994969262e-05,0.6879998914547464,4.1860581138371104e-05,3.472646687513913e-05,0.6775423013061558
2013-09-20,6.675064824066973e-05,0.5581986031864055,9.580392063627463e-05,0.6765703715282174,4.4638349721994076e-05,3.179807626220545e-05,0.6687328272985503
2013-09-23,6.644616634370019e-05,0.5603265437442124,9.285788068439577e-05,0.6735642167054541,4.401346342403781e-05,3.1195845554954994e-05,0.6623928188177671
2013-09-24,6.687102886618699e-05,0.5608630304561626,9.304642198085846e-05,0.6651825883677166,4.42410734031612e-05,3.0614470150857084e-05,0.661588047219825
2013-09-25,5.221698153901886e-05,0.5496648387995563,9.35427312743516e-05,0.6395403913564127,3.841570976291196e-05,2.9170163686941453e-05,0.7356938036375393
2013-09-26,5.0374063840171386e-05,0.5421719546640646,9.280658858553336e-05,0.6395446402600947,3.707062834646095e-05,2.9156792058871097e-05,0.7359070426416252
2013-09-27,5.122431082106018e-05,0.542784931626205,9.407411877820606e-05,0.632774572740599,3.767913499302634e-05,2.8555002628905283e-05,0.7355713408160697
2013-09-30,5.1567877421329924e-05,0.5500809034396004,9.706722016293152e-05,0.5451714515118746,3.8918177311081855e-05,2.4444037849358398e-05,0.7546980650978704
2013-10-01,5.3629225784131454e-05,0.5543103834437707,9.685493525036651e-05,0.5446052853892044,3.9949804206530565e-05,2.3928782256819178e-05,0.7449259917966494
2013-10-02,4.9785428743887e-05,0.5285108765202118,9.226368058332207e-05,0.5600659115583563,3.581957617264042e-05,2.4956890915098964e-05,0.7194791141984209
2013-10-03,5.1677659876475144e-05,0.5109886147234,8.902444029421956e-05,0.646205967250687,3.4659099061482326e-05,2.8467795354099672e-05,0.6706785706691789
2013-10-04,4.988490741732951e-05,0.4802763055038411,8.377375829989995e-05,0.6582129219800497,3.10477223625529e-05,2.8487208545438233e-05,0.6223870900032429
2013-10-07,5.300164613196136e-05,0.4766257464564946,8.141365624006892e-05,0.6911708734073583,3.1309116102195926e-05,2.8668792935399155e-05,0.5907196924458488
2013-10-08,5.7418241986777646e-05,0.447420422346412,8.111708217391587e-05,0.7294750919629931,3.053492863360365e-05,3.0073410418248427e-05,0.5317983897980589
2013-10-09,4.671951297786224e-05,0.47222211449238,8.113009176174893e-05,0.7840941550766796,2.9072773082256044e-05,3.274996673208598e-05,0.6222833079623925
2013-10-10,5.493659376391755e-05,0.5216217467173939,8.225213812818825e-05,0.8507199388612631,3.506389453244243e-05,2.7883676110469332e-05,0.6382611685596069
2013-10-11,5.397060840252837e-05,0.5359134897178344,8.276716286982424e-05,0.7955623727006736,3.5818086437029844e-05,2.6032450783998336e-05,0.6636591192355702
2013-10-14,5.390763459317086e-05,0.5433959765841541,8.269990442716386e-05,0.8154416511418674,3.6282237367396676e-05,2.6854764511107653e-05,0.6730445073543069
2013-10-15,5.553151341989191e-05,0.5519520607392544,8.42232810533338e-05,0.811362963212654,3.77474129256401e-05,2.9911962259437146e-05,0.6797475991734564
2013-10-16,4.144281603770634e-05,0.5484835972396802,8.610656941676207e-05,0.8353370287424083,3.27647166603267e-05,2.7940334905559685e-05,0.7906006346314893
2013-10-17,4.1583055321708076e-05,0.5441616153669369,8.847082006995924e-05,0.8041457191162539,3.3005485714703185e-05,2.63445470927398e-05,0.7937244019073547
2013-10-18,4.3823960134694674e-05,0.5475182783930198,8.842925245503373e-05,0.7934964285303575,3.408414537944685e-05,2.5744917292827528e-05,0.777751377892091
2013-10-21,4.4710412594374516e-05,0.5550353389445659,8.87999858008628e-05,0.7886398243018293,3.4972881986095306e-05,2.5594285702763886e-05,0.7822088850617229
2013-10-22,4.4371990394003997e-05,0.5697693712593128,9.255246653078952e-05,0.749151157152527,3.651300303076713e-05,2.42043354591354e-05,0.82288404704291
2013-10-23,3.6244305626284386e-05,0.5396536803849594,9.246326135690305e-05,0.791437915187089,3.124061962621937e-05,2.496875478256233e-05,0.8619455963190991
2013-10-24,4.040389782719303e-05,0.5282909619517924,9.201232207319401e-05,0.8001984687023577,3.221126704794641e-05,2.518504721796449e-05,0.7972316726894421
2013-10-25,3.967999624918889e-05,0.515515295107231,9.198602918048673e-05,0.7995596641925439,3.114499763599171e-05,2.518626339954334e-05,0.7849042484883894
2013-10-28,4.081308187982178e-05,0.5077646420553698,9.464009911123239e-05,0.8097191770140494,3.1557293146743475e-05,2.75597135706872e-05,0.7732151480171748
2013-10-29,4.2024721372673885e-05,0.5002816237544627,9.058054280201033e-05,0.7762385879889274,3.08662899515089e-05,2.6070643659071174e-05,0.7344793479482619
2013-10-30,3.243679795796633e-05,0.5188690712944134,8.835457977031798e-05,0.736530026007159,2.7777381576737958e-05,2.4408946466306733e-05,0.8563539968628734
2013-10-31,3.3498134377451295e-05,0.5479276846861021,8.47913087418604e-05,0.7402890140666956,2.920177320650759e-05,2.4771626833603673e-05,0.8717432701614652
2013-11-01,3.528785039280735e-05,0.5574705056853551,8.251031641615855e-05,0.7431974011079379,3.0080747417893225e-05,2.4841492128286332e-05,0.8524392130166286
2013-11-04,3.477448195487655e-05,0.5552262189283741,8.039444936248001e-05,0.7418945406250487,2.9357112232994888e-05,2.468115254763517e-05,0.844214222115192
2013-11-05,3.766596277267884e-05,0.5401537883324484,7.940308816516148e-05,0.7514393034519156,2.9540011460838916e-05,2.477098427732676e-05,0.7842627477523523
2013-11-06,3.8333959556374354e-05,0.5329199067009552,8.065291117372359e-05,0.6482428042385336,2.9632193931295942e-05,2.4058410008116463e-05,0.7730011267872943
2013-11-07,4.0431492315281525e-05,0.5328463139683396,7.990509351487309e-05,0.7090048346243714,3.0286499700671725e-05,2.4982962758223712e-05,0.7490819152679311
2013-11-08,4.3778322206368926e-05,0.5282101082542665,7.938295489935624e-05,0.7507665061838802,3.1138658243584184e-05,2.4155647650791258e-05,0.711280302081885
2013-11-11,4.088414418239951e-05,0.5197119242713848,7.766001898368176e-05,0.7508814810543211,2.9284572139657086e-05,2.4232306273817076e-05,0.7162818918015654
2013-11-12,3.99781619662566e-05,0.5207511769694342,7.76719722194342e-05,0.783830062558126,2.9018425073275358e-05,2.5613636059987768e-05,0.7258569090236875
2013-11-13,4.4902541372157916e-05,0.5218414025416473,7.64046833351521e-05,0.769641993524327,3.056567448174971e-05,2.4321196044979522e-05,0.6807114597015245
2013-11-14,4.545126757048379e-05,0.5277226184841465,7.644010485802085e-05,0.745849984565142,3.1105654620722796e-05,2.325389150158672e-05,0.6843737542079665
2013-11-15,4.488960878325864e-05,0.5311408527735335,7.437360981567094e-05,0.7600295408652443,3.068965789604895e-05,2.474585751285827e-05,0.683669533504478
2013-11-18,4.304897041106976e-05,0.5308858217216647,7.26383471605052e-05,0.4171613051724473,2.9686943651517905e-05,1.792198170626134e-05,0.6896086797904951
2013-11-19,4.253689180732228e-05,0.5294496373193966,7.191283919472506e-05,0.4306287823076938,2.9282675120261784e-05,1.8687032643020373e-05,0.688406554312957
2013-11-20,3.986505410246521e-05,0.48020969868448254,7.113324361968441e-05,0.4638468682066978,2.5571924432776767e-05,2.040165529144775e-05,0.6414621780532195
2013-11-21,3.485111027762049e-05,0.44669291375230213,7.06988565021006e-05,0.5347755887010024,2.2172954553601598e-05,2.3816199358990254e-05,0.6362194597811673
2013-11-22,3.677714977289896e-05,0.4382826392248097,6.991491473437006e-05,0.4561226998002626,2.22243065351911e-05,2.1237492594864414e-05,0.6042965991771381
2013-11-25,4.464079349966786e-05,0.43454134786335064,7.031360297680502e-05,0.4546172365902396,2.4345390004013132e-05,2.1488711135758988e-05,0.5453619457771123
2013-11-26,4.5604254902161166e-05,0.4319360031332534,7.020613716185979e-05,0.4529108186330849,2.4440474125600336e-05,2.6475226417604625e-05,0.5359253029796155
2013-11-27,5.098239319509307e-05,0.4110583008777608,7.030206792169632e-05,0.4688117178574925,2.4609204868364197e-05,2.7930299031758023e-05,0.48270007204629956
2013-11-29,5.306536742177139e-05,0.4087441539338973,7.12331341825777e-05,0.4673971195211754,2.513032867268819e-05,2.7848698036549236e-05,0.47357306457427534
2013-12-02,5.1303727815654587e-05,0.4061117579655404,7.19557562252387e-05,0.4689558992973385,2.4674751973881565e-05,2.9883950179295066e-05,0.4809543677321714
2013-12-03,5.129816798105141e-05,0.42069274151387237,6.838602790837062e-05,0.4877226660901558,2.4917222839071982e-05,3.262583724148443e-05,0.4857331912569654
2013-12-04,4.926678581923591e-05,0.434773923488025,6.915969540630201e-05,0.4937436533206158,2.537856952435286e-05,3.306568281810128e-05,0.5151253344894271
2013-12-05,6.186383108747796e-05,0.4381800344563247,7.184021565584937e-05,0.5092482398336426,2.9211563638916714e-05,3.517819982857558e-05,0.47219131316989377
2013-12-06,6.149224160789946e-05,0.45919564775545724,7.61223973322449e-05,0.441594139051244,3.141695964502065e-05,2.9321953831511553e-05,0.5109093248762743
2013-12-09,5.694825981469449e-05,0.4594742895545973,7.72759297469964e-05,0.4447023023634248,3.0480603621910007e-05,2.9722363125340487e-05,0.5352332752763944
2013-12-10,5.3452041059883435e-05,0.45833786116553915,7.977608662236556e-05,0.4658484564052195,2.9929829625903828e-05,3.126270313551517e-05,0.5599380123272153
2013-12-11,5.2671389427449466e-05,0.46043835385503523,8.007188128086958e-05,0.5095297159814406,2.9901907670138514e-05,3.2578010394361565e-05,0.5677068327830225
2013-12-12,5.926873458923956e-05,0.439546271984193,8.572758483870675e-05,0.4669938083009757,3.133125006009091e-05,3.0256063396110362e-05,0.5286303187883348
2013-12-13,5.102150798536989e-05,0.42254213792763995,8.638634498609736e-05,0.4602856689116839,2.8052348155789915e-05,3.0099597308993388e-05,0.5498141717770034
2013-12-16,5.265033739264804e-05,0.4024514179449459,8.798688247530585e-05,0.4774983940532173,2.7391953531047777e-05,3.0927464048325384e-05,0.5202616903813558
2013-12-17,5.547285481711756e-05,0.4002422475790838,8.988914536942302e-05,0.4636136416583467,2.8262905909585243e-05,3.012258531217519e-05,0.5094907410617707
2013-12-18,5.7755345996717895e-05,0.39903003328280773,9.412383734038164e-05,0.3896779595365873,2.942059771476357e-05,2.2957708224443555e-05,0.5094004235804505
2013-12-19,6.478693026373803e-05,0.39054953418538674,9.937079416009336e-05,0.3874998901793274,3.1336407475736495e-05,2.2809231648869725e-05,0.4836840910376615
2013-12-20,6.101338500649426e-05,0.38407282233603574,0.00010600099781306088,0.3938106042260879,3.088738302091826e-05,2.3384481952366035e-05,0.5062394590569038
2013-12-23,6.0371580554275465e-05,0.37887685295463946,0.00011500360305660793,0.4126492573593905,3.156967201094757e-05,2.432215455922334e-05,0.5229227348547831
2013-12-24,6.05937066863415e-05,0.3773180674654702,0.00012118744011820477,0.4437858504037376,3.233331010061439e-05,2.6676691370909568e-05,0.5336083872205606
2013-12-26,6.0130930524985e-05,0.37194958224817637,0.00012292093267315563,0.4722273462566027,3.197760701409562e-05,3.0137854364600313e-05,0.5317996368076926
2013-12-27,6.1029823506439453e-05,0.38054279300356475,0.00011537459844791425,0.4718583106070121,3.193226021244442e-05,3.011367070915948e-05,0.5232238662639283
2013-12-30,6.103786899254316e-05,0.3822777969999213,0.0001093333482134621,0.4742966635270291,3.1228784445105125e-05,3.0299686219780614e-05,0.5116296646745689
2013-12-31,6.15980310886923e-05,0.38394613681683815,0.00010642604054235765,0.486786029832481,3.108691817098654e-05,3.089788166620508e-05,0.5046738933298996
2014-01-02,6.274975633376732e-05,0.3948195658985252,0.00010277447444555561,0.4663137179452072,3.170642822238976e-05,2.8517086384032158e-05,0.5052836867404326
2014-01-03,6.287727487442676e-05,0.39496115456392017,9.880615340382618e-05,0.4491606847856928,3.1131011747777797e-05,2.7774241081245826e-05,0.49510752191391966
2014-01-06,6.194585296328845e-05,0.38736354541832085,9.531145351836457e-05,0.45416315221977,2.9764419172796145e-05,2.796289851141731e-05,0.4804909085751989
2014-01-07,5.985294868622432e-05,0.3880522868028957,9.286641086826121e-05,0.4173608228917916,2.8930927245733438e-05,2.6678993031529935e-05,0.48336678276958717
2014-01-08,5.957982003469859e-05,0.3831166232919636,9.24808527074606e-05,0.4185736904017611,2.843848801036736e-05,2.684116986695726e-05,0.4773174540273052
2014-01-09,5.8876921963223624e-05,0.3815506671998047,9.588958455527211e-05,0.4406765704744005,2.866886400648206e-05,2.9027500564824683e-05,0.486928715879365
2014-01-10,5.8643073362417135e-05,0.3835068010189675,9.864474726564998e-05,0.4340992600414858,2.9168789987931017e-05,2.8988160257877238e-05,0.4973953156865847
2014-01-13,6.549653155125348e-05,0.3815484059645025,9.946623098674985e-05,0.4679570805981626,3.079616411839476e-05,2.9549048924733362e-05,0.47019534300523397
2014-01-14,6.384952094066409e-05,0.3963717238421476,0.00010396114999782205,0.42834000142344,3.2293641851340724e-05,2.627979711360149e-05,0.5057773555004662
2014-01-15,6.070372053025981e-05,0.40068495953337935,0.00010703435833697471,0.4364163805158102,3.22977523744572e-05,2.7258728045429755e-05,0.5320555658257767
2014-01-16,6.085694586035492e-05,0.4040144429948532,0.00010953438707182193,0.4036534920244002,3.298581422201508e-05,2.536234449577882e-05,0.5420221760340358
2014-01-17,6.130074788390541e-05,0.41115552792493704,0.00011157217121544697,0.4009285843605462,3.4002978628402e-05,2.5193272144460038e-05,0.5546910894594408
2014-01-21,6.022038567812545e-05,0.39495330838344955,0.00011071091884039772,0.4003747956131399,3.224873993669628e-05,2.559126464741903e-05,0.5355120126440898
2014-01-22,6.0180607898710316e-05,0.3797115556231338,0.00011056452133549594,0.4007439390716887,3.09734793849024e-05,2.565481211054725e-05,0.5146754156593718
2014-01-23,6.197862719476769e-05,0.3823633242076634,0.00011165102213637486,0.3706112582093921,3.180742827646249e-05,2.331960586032129e-05,0.5131999483710363
2014-01-24,8.312838911315208e-05,0.3119514565889754,0.00011335273177312874,0.5825170335284792,3.0281521714591637e-05,3.086056757505321e-05,0.3642741311078849
2014-01-27,7.785643656399444e-05,0.31846085797973467,0.00011335695248011684,0.5507709227300427,2.9917644885350238e-05,2.9098989131981845e-05,0.38426681473867996
2014-01-28,5.7778264472590076e-05,0.36852122262916737,0.00010859834173403704,0.5364276164804601,2.919149561407353e-05,2.812438773473602e-05,0.5052331682257769
2014-01-29,5.541992369045716e-05,0.41672956480883355,0.00010884687715143362,0.4691367496808135,3.236646438590236e-05,2.339498238937714e-05,0.5840221752502266
2014-01-30,5.718939038351772e-05,0.41430705603699886,0.00010577177150220267,0.5249118886847073,3.222292440490993e-05,2.7137260073518725e-05,0.5634423481142184
2014-01-31,5.786696567157789e-05,0.4232046885280937,0.00010236941765649361,0.4510955300086872,3.2572488685901715e-05,2.4320609976700037e-05,0.5628857208578351
2014-02-03,7.055814511505822e-05,0.44733354169952294,0.00010235558762302368,0.4291919112486681,3.8015509807386107e-05,1.7698192151723656e-05,0.5387827265781254
2014-02-04,5.3287933521446234e-05,0.43920224934660096,9.888885789769543e-05,0.4065863781145174,3.1882522557851954e-05,1.7279738743794153e-05,0.5983066043463766
2014-02-05,5.1744253938995175e-05,0.42896123441574424,9.595595435851759e-05,0.3844621266793034,3.0226306077556443e-05,2.069921873245317e-05,0.5841480701063405
2014-02-06,5.460185755120456e-05,0.4298642025786781,9.285843995092882e-05,0.3913215650048967,3.060875608879659e-05,2.0559043756261233e-05,0.5605808567976335
2014-02-07,6.356327391387762e-05,0.44402932283288965,9.086856307640265e-05,0.3822494232028757,3.37459462395143e-05,1.9333882672654507e-05,0.5309032112668857
2014-02-10,6.2547563500994e-05,0.4468512573361516,9.039471234667517e-05,0.3690783031629113,3.360003240011503e-05,1.89961618317577e-05,0.5371917069092716
2014-02-11,5.609995653519849e-05,0.42656649433059823,8.784561621352767e-05,0.3670647562713511,2.9945257295553172e-05,1.8810006485732095e-05,0.5337839660671534
2014-02-12,5.280573476410588e-05,0.38267941004122713,8.271577001608461e-05,0.3669430770698613,2.5291221157675102e-05,1.881070476803789e-05,0.4789483807138791
2014-02-13,5.31879934714369e-05,0.37227450336369855,8.110511236713063e-05,0.3583330477656895,2.445086408111153e-05,1.8265718789726784e-05,0.45970645789151965
2014-02-14,5.362200748552388e-05,0.3695434026851737,8.47972963671191e-05,0.3073256544150987,2.4918849704475452e-05,1.5604100037140262e-05,0.46471310704290014
2014-02-18,5.088126402858046e-05,0.3726626225792661,8.781977647197695e-05,0.3271507293513922,2.4910987599427047e-05,1.6663223431183714e-05,0.48959058063955174
2014-02-19,5.093399391722896e-05,0.35986238469996473,8.011613110845209e-05,0.3453486328428269,2.298795317942886e-05,1.721052058635816e-05,0.4513283057438176
2014-02-20,5.128532994270177e-05,0.35458335396545565,7.669248581389546e-05,0.3386390853708956,2.2237774803405314e-05,1.722254187088313e-05,0.43360888636673167
2014-02-21,5.0142924359823583e-05,0.3597252797031102,7.342708199123009e-05,0.3593751735722055,2.182749628899216e-05,1.8325113045264943e-05,0.43530561026634457
2014-02-24,5.289213529725008e-05,0.35621765763689694,7.052702162698885e-05,0.3527780905773398,2.1756486700550802e-05,1.792316030244744e-05,0.4113368949519787
2014-02-25,4.99909412374215e-05,0.33506724089969203,6.834703067734566e-05,0.352603410362363,1.9585625774805648e-05,1.796398785717041e-05,0.3917834969697374
2014-02-26,4.8822079787728685e-05,0.34105292021886824,6.66778756209194e-05,0.3524369395732003,1.9459012087388695e-05,1.7955364783414426e-05,0.39856991287535587
2014-02-27,4.902946505121921e-05,0.34891656714227126,6.572671499280327e-05,0.353865973201622,1.9807110836027092e-05,1.7860146433790524e-05,0.403983825141379
2014-02-28,4.913560627678946e-05,0.3573534857150215,6.517306554945738e-05,0.3463820777767508,2.0222286404935254e-05,1.7463486661579578e-05,0.41156073847994423
2014-03-03,5.060228536900576e-05,0.3694529616417042,6.649789505849684e-05,0.3217664363785963,2.143128280337231e-05,1.6422906908960036e-05,0.4235240097772168
2014-03-04,5.593664385448813e-05,0.3833110984076826,6.736225200518608e-05,0.3000423534054984,2.352923978789651e-05,1.4234574073657116e-05,0.420640892383618
2014-03-05,4.9068183379191435e-05,0.36391013987323706,6.55559183643715e-05,0.3040362088433931,2.063954407257284e-05,1.4426983006706727e-05,0.4206298797139807
2014-03-06,4.928243059442446e-05,0.35897664177759386,6.39864488887239e-05,0.3035653783048514,2.0158409075518423e-05,1.4384235869561163e-05,0.40903845107426645
2014-03-07,4.8971813978785636e-05,0.36116851886590245,6.300958019309916e-05,0.2501719309717878,2.0062556683384613e-05,1.237600697617603e-05,0.4096755879223837
2014-03-10,4.912023117884392e-05,0.3447441357609179,6.165479662375896e-05,0.2497243793396171,1.8971886735209066e-05,1.2353862381946626e-05,0.38623366136314635
2014-03-11,5.148937537691702e-05,0.3355108908924898,6.128831703716728e-05,0.2749104387489281,1.88475229947688e-05,1.3586791478863447e-05,0.36604683697946455
2014-03-12,4.8906113932888686e-05,0.31907215827657504,5.947811135265922e-05,0.2982688127400463,1.72087399763725e-05,1.528215886104033e-05,0.3518729784989083
2014-03-13,5.192240840939531e-05,0.3000217933532505,5.7453493392121525e-05,0.3055482127049818,1.6386584334122835e-05,1.4818914905825134e-05,0.3155975394076231
2014-03-14,5.053194068255615e-05,0.2948064225904014,5.5130091115343124e-05,0.2930291082303907,1.556016810851752e-05,1.4212740546629167e-05,0.3079273801548049
2014-03-17,5.312543808337814e-05,0.29673025212794585,5.5028804553453606e-05,0.2421901788963709,1.604383278400112e-05,1.1574170194118992e-05,0.30199906791960945
2014-03-18,5.3640183376897774e-05,0.29234484350354506,5.448536489670436e-05,0.2553069749708708,1.580449039271485e-05,1.2313485720960162e-05,0.29463900750797334
2014-03-19,4.9711758607667365e-05,0.29206001714326063,5.475304138955174e-05,0.2258857683452789,1.5237221960153599e-05,1.0757504966425161e-05,0.30651142480007665
2014-03-20,4.924048797705463e-05,0.28948846833010833,5.407782862638033e-05,0.2407627727410345,1.493833054966155e-05,1.1375535068808393e-05,0.30337494942419335
2014-03-21,5.1299807125194504e-05,0.30017930707098256,5.41825083424415e-05,0.2021896476059502,1.5825890997475495e-05,9.349324500690624e-06,0.3084980604089453
2014-03-24,5.150721281894852e-05,0.29471374655305854,5.5851932483859454e-05,0.2465758968633329,1.5807148035133535e-05,1.1283131022810703e-05,0.30689193163483286
2014-03-25,5.187847468728203e-05,0.3055851682467716,5.66310870317967e-05,0.2415456704439979,1.6563546069449465e-05,1.1072744186395236e-05,0.3192758879148389
2014-03-26,4.894688218699071e-05,0.2885357488461088,5.497727872929479e-05,0.234246263629484,1.4967655030792823e-05,1.039845899663496e-05,0.30579383940354393
2014-03-27,4.819111839496585e-05,0.2871799763453069,5.295937244068551e-05,0.2373958069819233,1.4508050984652077e-05,1.0488107793716053e-05,0.30105238201252493
2014-03-28,4.77393720640184e-05,0.2807775153486869,5.150301119210771e-05,0.2405254320156964,1.3922492364640671e-05,1.0549850557303878e-05,0.2916354313578033
2014-03-31,4.471229395078723e-05,0.3317290556840895,5.119195816951647e-05,0.2053244867600112,1.587076494219146e-05,8.759442773242355e-06,0.35495304623957974
2014-04-01,4.637295349124256e-05,0.3285616215764885,5.115136733692755e-05,0.2252254758980985,1.600213151770667e-05,9.602005635839615e-06,0.3450746677312378
2014-04-02,4.141854620280984e-05,0.2987817594847809,4.946867365103461e-05,0.2256412208426765,1.3524357399877862e-05,9.667384424914223e-06,0.3265290223769459
2014-04-03,4.131197301210188e-05,0.2949200691935074,4.6702509594195876e-05,0.2258712880815004,1.295425389603977e-05,9.654933791026212e-06,0.3135714165054515
2014-04-04,4.5815215175484866e-05,0.3258440422603129,4.9397187167520586e-05,0.215861123587664,1.5501215710338666e-05,8.42292667748783e-06,0.3383420911800752
2014-04-07,4.72141155464609e-05,0.32269391535645936,5.231433547994996e-05,0.3061361766564179,1.603751451084056e-05,1.1047910497872567e-05,0.33967626683716856
2014-04-08,4.530353492960697e-05,0.32610367181870287,5.389316022633468e-05,0.2927301297420553,1.6113450876300213e-05,1.09538655904914e-05,0.3556775624978809
2014-04-09,4.691297863661334e-05,0.3275528699146249,5.263341127430054e-05,0.2946763931761516,1.6276411919354788e-05,1.0415719759885437e-05,0.346949019064243
2014-04-10,5.810324280314903e-05,0.36255686201381937,5.241817004801433e-05,0.3388942508852973,2.0008624906195226e-05,8.140941750127353e-06,0.34436330815447735
2014-04-11,5.691804938589508e-05,0.386462807221816,5.247138708765212e-05,0.3348992367496574,2.1120003254252368e-05,7.224983560058011e-06,0.3710598567962545
2014-04-14,5.793906540801691e-05,0.3936337164520669,5.5252120991064754e-05,0.3489778398971881,2.2271656019355108e-05,7.475354001006981e-06,0.3843979163715234
2014-04-15,5.375893588153699e-05,0.39943021525640204,5.7008362072455467e-05,0.3541788608204273,2.211238197252837e-05,7.356014913290409e-06,0.4113247706624093
2014-04-16,3.1303883437837385e-05,0.3635951762785113,5.4071275321434296e-05,0.2883546303990565,1.4958929943507909e-05,5.55219108725582e-06,0.4778617954290894
2014-04-17,3.0074876652121772e-05,0.3495447197466377,5.006053510691716e-05,0.2947605816654488,1.3562895550449272e-05,5.688613984317853e-06,0.45097094519562775
2014-04-21,3.398061258211898e-05,0.3383970229986864,5.0042466338120293e-05,0.3309346752883262,1.395441030485467e-05,6.713125374580884e-06,0.41065799714857565
2014-04-22,3.465237531876505e-05,0.3248586403296099,4.799792484222362e-05,0.3624038334095945,1.3248666186340107e-05,7.35001732351682e-06,0.3823306790506119
2014-04-23,3.661275306357103e-05,0.33426719927781573,4.771526302365356e-05,0.3423675770110543,1.3971357864695592e-05,6.881825698579412e-06,0.38159812348546984
2014-04-24,2.8915216768426475e-05,0.3216399413615648,4.7122339127004846e-05,0.3360616924002034,1.1872621445883852e-05,6.753737384129657e-06,0.41060115651105816
2014-04-25,3.367547480592454e-05,0.3111823998031951,4.623196113110657e-05,0.4248425979589553,1.2278435912116713e-05,7.735197351131942e-06,0.3646106248799367
2014-04-28,3.364553762091845e-05,0.30561983837183876,4.721479475090887e-05,0.4284737629967866,1.2181038921835804e-05,8.06067061302238e-06,0.3620402520856877
2014-04-29,3.9441733334885286e-05,0.29776261128465753,4.710612956539394e-05,0.4567207006947136,1.283473398452297e-05,8.462428740076807e-06,0.32540998833768164
2014-04-30,4.001418281063408e-05,0.295366579695837,4.688465132516282e-05,0.4735871951765213,1.2793332141319693e-05,8.892223338415249e-06,0.3197199403487447
2014-05-01,2.1991126094734782e-05,0.33099665827479313,4.394934464342321e-05,0.4424043325830831,1.0290193590509822e-05,8.507695180011192e-06,0.46792481413553205
2014-05-02,2.5114593555483047e-05,0.3524797337027811,4.1258110654243666e-05,0.3630859205164514,1.134623820297987e-05,7.392788441467126e-06,0.4517786910591968
2014-05-05,2.3421323104644024e-05,0.3644733031584817,3.888002598908463e-05,0.4146397775656895,1.0998531644769589e-05,8.549604293275298e-06,0.46959480451336155
2014-05-06,2.3724080850696792e-05,0.3693795972688692,3.638942143349692e-05,0.3717822267142038,1.0853134283970668e-05,7.067721012099811e-06,0.45747333067497553
2014-05-07,2.503936026433856e-05,0.36078403556689265,3.498999385045454e-05,0.3102430152391961,1.0679006713998844e-05,5.735219335020922e-06,0.42648880008360474
2014-05-08,2.245244272166245e-05,0.34839953221810266,3.325975151780011e-05,0.3196108562087117,9.520699590404228e-06,5.987298338441642e-06,0.4240384758322317
2014-05-09,2.6257615904936162e-05,0.34404399547865305,3.2232195365013865e-05,0.3164406329551664,1.0008905101985439e-05,5.990641724140031e-06,0.3811810309900933
2014-05-12,2.5472098693136958e-05,0.328808778427077,3.24846822660746e-05,0.4195502388089531,9.458343443106968e-06,7.296723794808239e-06,0.371321717815712
2014-05-13,2.7268227179962204e-05,0.32911314050336615,3.2526444662978435e-05,0.4369440473826401,9.801487083718218e-06,9.084656538209811e-06,0.3594471697419606
2014-05-14,2.54765910501542e-05,0.3358783951987062,3.2631747437934394e-05,0.4024289001994331,9.684403877140665e-06,8.880114628992928e-06,0.38012950233708953
2014-05-15,2.174205444419079e-05,0.3528940669025767,3.215674396616179e-05,0.3664810269998141,9.331053513607546e-06,7.3443172043807255e-06,0.4291707362595023
2014-05-16,2.0552751262807784e-05,0.3680675708385331,3.185999643840058e-05,0.3629211169664413,9.418579318590465e-06,7.313127132098687e-06,0.45826367468545715
2014-05-19,2.1296152341554682e-05,0.37376688843228767,3.148027689238325e-05,0.3775657347390132,9.67766688911366e-06,7.563888818000325e-06,0.4544326474519933
2014-05-20,2.0908636850371392e-05,0.36452271462522434,3.1710788092869175e-05,0.4322254995532139,9.386225276792071e-06,8.114780861891578e-06,0.44891617487848556
2014-05-21,2.119414789263069e-05,0.36891242248140754,3.238896562229203e-05,0.4743490498319188,9.665621827009153e-06,8.703709122501595e-06,0.45605144759652916
2014-05-22,2.007249814887391e-05,0.37211790607964446,3.0809784348546605e-05,0.4736331641940489,9.253917236619187e-06,8.670856719057053e-06,0.4610246900004493
2014-05-23,2.2049522594442057e-05,0.3837695504470176,2.9850069068931056e-05,0.5140824780998152,9.845613406700864e-06,9.606008168199648e-06,0.44652274735338765
2014-05-27,2.174082787467674e-05,0.3740012239605583,2.916741661457224e-05,0.5708757871786756,9.418029464256322e-06,1.028750374318568e-05,0.43319553048052256
2014-05-28,2.1661197917021908e-05,0.3786771075182007,2.7842547825008903e-05,0.5474079880338332,9.299610808007414e-06,1.5004028780350247e-05,0.4293211688306282
2014-05-29,2.1856321025887475e-05,0.3709768490946264,2.7753334521565837e-05,0.4562715818190678,9.136774867182007e-06,1.2345232418253888e-05,0.41803809782808626
2014-05-30,2.8179051435749515e-05,0.3840511714834442,2.9455663767316453e-05,0.5016814878084134,1.1064624655423322e-05,1.3637267143213917e-05,0.39265426235696926
2014-06-02,2.8496658002674943e-05,0.39597674088868073,3.095611391409894e-05,0.5076404335787801,1.176088111867988e-05,1.3807384027429457e-05,0.41271089113593257
2014-06-03,3.418588872187905e-05,0.4016155359810682,3.2444692573712284e-05,0.4889729752571334,1.3375369043587503e-05,1.3791737767169865e-05,0.39125409763085184
2014-06-04,2.793146765100254e-05,0.3977216265238683,3.314940634559202e-05,0.5032406411905795,1.210218987872621e-05,1.4390277821787786e-05,0.433281560064812
2014-06-05,4.136471088316827e-05,0.41410002157655096,3.426782257543354e-05,0.5070236187472347,1.5590624243497634e-05,1.4032634508914723e-05,0.3769063994556196
2014-06-06,3.9833023701562004e-05,0.39940196070535894,4.65338947007914e-05,0.5429234115242104,1.7195568212226203e-05,1.5598651348650836e-05,0.4316912605244151
2014-06-09,5.1073182956276414e-05,0.3894708414588879,6.407986926438064e-05,0.5417056104337553,2.2280873845938074e-05,1.5864715001743866e-05,0.43625387250707787
2014-06-10,4.95066057749403e-05,0.37324312235263446,8.243390365783868e-05,0.5406561575269098,2.3843846804868013e-05,1.5904904531262265e-05,0.4816296013760957
2014-06-11,4.7157992518462575e-05,0.3862862348434625,9.692999884866186e-05,0.5480157229732007,2.6116561117724437e-05,1.6018623175779136e-05,0.5538098575230843
2014-06-12,4.667919578081926e-05,0.3758266103368437,0.00010845461038843957,0.542282603154729,2.674072752843315e-05,1.5191310798738929e-05,0.5728617873794017
2014-06-13,3.72024477228719e-05,0.373664624466527,9.960406068439247e-05,0.5439785187140308,2.2746064376849536e-05,1.5411822363231483e-05,0.6114131130910871
2014-06-16,2.938646502467408e-05,0.3595983571294989,9.288024246180803e-05,0.5439503135058854,1.8786809973550056e-05,1.5410420651913723e-05,0.6393014592866437
2014-06-17,3.191330809025626e-05,0.3457851053054701,8.749767288469415e-05,0.5513937409681081,1.8272183407488717e-05,1.557130381099235e-05,0.5725568579669609
2014-06-18,3.560112133469648e-05,0.34208219365068304,8.326817173194288e-05,0.5664869315500819,1.8625237601891042e-05,1.5405954810410582e-05,0.5231643527963564
2014-06-19,3.687128606172102e-05,0.3529298260160264,8.022246031546563e-05,0.5610581334185668,1.9194663085140848e-05,1.5328718742864544e-05,0.5205856680184621
2014-06-20,3.6786047916274955e-05,0.3469092559635321,7.680980699598215e-05,0.5547809159074657,1.8440206941547787e-05,1.5041367547068556e-05,0.5012826325762881
2014-06-23,3.78482539714106e-05,0.35387615267337247,7.437528765872206e-05,0.5523637612332594,1.877537201446867e-05,1.4981080309306471e-05,0.4960697005640209
2014-06-24,3.933090292313687e-05,0.36552195919095853,7.249434786704326e-05,0.5141335921414717,1.9517873770327003e-05,1.3490104024521134e-05,0.49624779294973625
2014-06-25,4.004889359785303e-05,0.3768758466104475,7.076820991320063e-05,0.503624261593293,2.006377604520931e-05,1.3212097559410364e-05,0.500982030781617
2014-06-26,4.4267929857314866e-05,0.3806661411164131,6.940083896001346e-05,0.5071253252660184,2.1099453971314702e-05,1.3397460643619849e-05,0.4766306904190645
2014-06-27,3.536085878696092e-05,0.3751397797198048,6.959920441507449e-05,0.5128688394113418,1.8610440750459004e-05,1.4052884830330732e-05,0.5263005873975403
2014-06-30,3.524942345217237e-05,0.3960322289340539,7.052501117020665e-05,0.521892841086365,1.9745953995520034e-05,1.4428346921789349e-05,0.5601780699282082
2014-07-01,3.707778978776346e-05,0.42069498621134044,6.968612427302875e-05,0.4970739490121331,2.138441680362018e-05,1.3297028453782182e-05,0.5767446475646598
2014-07-02,3.729144432547138e-05,0.43323765451110496,7.043175144701041e-05,0.4998325997132614,2.220317296821553e-05,1.378088440256127e-05,0.5953958976335485
2014-07-03,3.7850371933542936e-05,0.43941416481821377,7.126133127506639e-05,0.4878998261088104,2.2821074776313143e-05,1.3199348056998216e-05,0.6029286797070849
2014-07-07,3.637233936281704e-05,0.4065518877207279,6.94947753862749e-05,0.4847554110187158,2.0439848711711792e-05,1.3570756740740528e-05,0.56196134397138
2014-07-08,3.904012916123487e-05,0.3666192061195799,6.811881392789698e-05,0.5236106036036459,1.8906205508429808e-05,1.4123059975693948e-05,0.4842762028359998
2014-07-09,3.921043801203444e-05,0.37048521676033386,6.800309902932382e-05,0.4748419747856849,1.913092999613123e-05,1.2888773669160018e-05,0.4879040114333734
2014-07-10,3.784415060760939e-05,0.35029154361173276,6.697405862862021e-05,0.450212350726745,1.763527934014511e-05,1.239004479327653e-05,0.46599749385309636
2014-07-11,4.137743263306523e-05,0.33502120477563063,6.581916567307753e-05,0.4132159634743758,1.748357547287767e-05,1.1970314224625605e-05,0.42253891457988435
2014-07-14,3.5819786180035966e-05,0.33660799741598296,6.468039517307685e-05,0.4300160435955318,1.6202135389814812e-05,1.2549438371688133e-05,0.4523236210395085
2014-07-15,3.740515266448331e-05,0.33484040716338154,6.372571317704017e-05,0.4585210163681828,1.634786073679773e-05,1.3964540196263733e-05,0.43704836292033744
2014-07-16,4.331224214055195e-05,0.36546149906167175,6.755315958208132e-05,0.517882364182126,1.9768321600821848e-05,1.870470280123245e-05,0.45641418277705287
2014-07-17,4.7474517764657056e-05,0.38219832885125293,7.10396839858623e-05,0.4928560356212997,2.219573725712272e-05,1.7061646474475567e-05,0.46752949376236924
2014-07-18,4.82618636397603e-05,0.3727537780045806,7.354866682496701e-05,0.5252823023984513,2.220810491574416e-05,1.69980151127106e-05,0.4601584613787712
2014-07-21,3.56854935741795e-05,0.35793266614330926,7.104528821328132e-05,0.5351868027098564,1.8022491508392503e-05,1.7358278883987696e-05,0.5050369128544941
2014-07-22,3.6878426197529086e-05,0.3596364962178274,6.926868396850027e-05,0.5597254192087812,1.8176841310226343e-05,2.0134892846408275e-05,0.49288549388922187
2014-07-23,3.8554343811198455e-05,0.36796126320790756,6.776573768287662e-05,0.5652778928190774,1.8808053185981366e-05,2.024291846652866e-05,0.4878322732734047
2014-07-24,3.79220014302475e-05,0.38371453171683434,6.571024346186346e-05,0.5748904362534664,1.915448192487837e-05,2.2280496094251393e-05,0.5051020832882596
2014-07-25,3.58816002468109e-05,0.390923473131272,6.429008566377724e-05,0.5575953374902957,1.8775851966731703e-05,2.1374027571007776e-05,0.5232724247966191
2014-07-28,3.90148494586092e-05,0.416299579529035,6.322081975004816e-05,0.5406165512635933,2.0675261033003556e-05,2.3528442941240932e-05,0.5299331234108159
2014-07-29,3.5953585678647994e-05,0.4364822065358971,6.32659776924052e-05,0.5390143260771305,2.0817221381786774e-05,2.7105446789491447e-05,0.5790026499123185
2014-07-30,3.539196672747045e-05,0.44818241916423956,6.31713132828663e-05,0.5185500610609551,2.1191764437184517e-05,3.064159581393552e-05,0.5987732922662347
2014-07-31,4.5379445989039353e-05,0.458509245706302,6.343764428969241e-05,0.4219532080379945,2.4600912481912707e-05,2.245935713639634e-05,0.5421157518726571
2014-08-01,4.584672797284814e-05,0.37920108225522925,6.77274048134372e-05,0.5151801732222082,2.1130314373406087e-05,3.0356514598713497e-05,0.4608903472003524
2014-08-11,3.847004227028839e-05,0.4078301827707426,6.901795437092823e-05,0.4876678580467625,2.1014629485890228e-05,2.8650362580826056e-05,0.5462595891692191
2014-08-12,3.841634430365733e-05,0.4233564456858202,6.71319449139907e-05,0.4983814777590781,2.1499522215128333e-05,2.9686053326157753e-05,0.55964518761046
2014-08-13,3.776559449586869e-05,0.4292035407129569,6.555375584756839e-05,0.5083258761890967,2.135552480191823e-05,2.9600333324945744e-05,0.565475668713606
2014-08-14,3.862814115860239e-05,0.4324143190810604,6.451877999838567e-05,0.5298273831742953,2.158713686713555e-05,3.240131516354999e-05,0.5588448271041939
2014-08-15,3.923523389055349e-05,0.4277513354300634,6.34776724036487e-05,0.5484283727141717,2.1347154527210927e-05,3.488262210750722e-05,0.5440812354211706
2014-08-18,5.8802594173761744e-05,0.4957679341677879,6.122692547846361e-05,0.4989890543948292,2.97473239189523e-05,3.5440200784202205e-05,0.5058845504511063
2014-08-19,5.790352204668287e-05,0.506582378823557,5.9016691470507967e-05,0.503136652029741,2.9613517699733396e-05,3.586313671851735e-05,0.5114286083644176
2014-08-20,5.609710643686182e-05,0.5081227151679178,5.683261369542686e-05,0.4358718187525394,2.869046948272221e-05,3.241805453669031e-05,0.5114429478642323
2014-08-21,5.441563613273725e-05,0.5125049383951971,5.5247786061840606e-05,0.4782874909293937,2.8100713648794958e-05,3.6160411592991283e-05,0.516408805370726
2014-08-22,5.0059045313325706e-05,0.50651844970652,5.3605452653534704e-05,0.4759277697819845,2.623862267460071e-05,3.5977645249231905e-05,0.5241534773659775
2014-08-25,6.652021183637015e-05,0.5098527135414338,5.31757041641346e-05,0.4773605781360743,3.032341933083108e-05,3.7256804802904086e-05,0.45585271744807715
2014-08-26,6.338834696697776e-05,0.504282025853304,5.286054213961465e-05,0.4779199155864596,2.919066632309168e-05,3.731024903938575e-05,0.46050524615034677
2014-08-27,6.228211919321129e-05,0.49991940686402875,5.246619841442499e-05,0.4789236758648,2.85773191948476e-05,3.785678406659563e-05,0.4588366543244166
2014-08-28,6.139493236265438e-05,0.5025514674149729,5.244720608421755e-05,0.4698723646792335,2.8517272590819923e-05,3.850968155154315e-05,0.46448903017550275
2014-08-29,6.15753093611576e-05,0.49744195228864263,5.198581472804127e-05,0.470931001798226,2.8144150061374947e-05,3.8520077346318746e-05,0.4570687561844163
2014-09-02,7.761239871585492e-05,0.5020058777716475,5.2306333242280284e-05,0.4560235009204694,3.198537842997271e-05,3.7428494956249456e-05,0.4121168648204482
2014-09-03,7.595624179294328e-05,0.5052288548227393,5.2377707305012964e-05,0.4551429482545238,3.186714251148878e-05,3.7745217164021004e-05,0.4195460670415818
2014-09-04,7.498131031863036e-05,0.4899617092000342,5.280637260556667e-05,0.4549480815026266,3.083058899442508e-05,3.784279480806589e-05,0.41117698348310544
2014-09-05,7.387822741090312e-05,0.48851482872168756,5.272039535396868e-05,0.457920154538837,3.0487745726635182e-05,3.7910812156929776e-05,0.41267565282888374
2014-09-08,7.348698808482049e-05,0.49051120564431944,5.2522995821602455e-05,0.4541436991454798,3.0473960614883264e-05,3.75943779338084e-05,0.4146851219389951
2014-09-09,8.133593066383054e-05,0.5017603366994682,5.27701388117948e-05,0.4494429042400343,3.2872419199850945e-05,3.673478881992337e-05,0.40415618204107
2014-09-10,8.008754908927675e-05,0.5093501975955615,5.275526641326828e-05,0.446436504398586,3.310791952177516e-05,3.640418502126244e-05,0.4133965878374984
2014-09-11,7.945435898388616e-05,0.4998619389488588,5.258707578343674e-05,0.444883368982618,3.2310854557947375e-05,3.627722168693145e-05,0.40665930694249536
2014-09-12,7.986652544186676e-05,0.5053548729523859,5.264245872782548e-05,0.4431709298471014,3.276777372465554e-05,3.5731621905012243e-05,0.41028169866368536
2014-09-15,7.976789477234261e-05,0.5011098750053569,5.2301504399208395e-05,0.4456259700326279,3.2367124390357725e-05,3.591176468359263e-05,0.40576631090407267
2014-09-16,8.12776222335961e-05,0.4722979241261321,5.312699712311287e-05,0.4457286341836645,3.1035529995906744e-05,3.570554725508275e-05,0.3818459391775638
2014-09-17,8.038458733415224e-05,0.45869020922451115,5.3811243737859116e-05,0.4406025135715807,3.0167712355041973e-05,3.5333505899691735e-05,0.3752922463809788
2014-09-18,8.052555846541116e-05,0.4286542619382719,5.3508876738493305e-05,0.4429364371176482,2.8137592517695527e-05,3.5299393802860515e-05,0.3494243697767301
2014-09-19,7.686942885417954e-05,0.41736207771634615,6.215188702670092e-05,0.4491621787839163,2.8848083893740966e-05,3.5651862788977796e-05,0.3752868249933984
2014-09-22,7.562338268336147e-05,0.4014564679810034,6.893735106132951e-05,0.4619128076190006,2.898636822850194e-05,3.594477028842123e-05,0.3832990167851811
2014-09-23,7.716105522203933e-05,0.42747950759207715,7.109136448634356e-05,0.4536907365948606,3.166086708310939e-05,3.487300121226386e-05,0.4103218520275779
2014-09-24,7.845740621167833e-05,0.4469440432981423,7.728227229858552e-05,0.4423986610495615,3.4802470033235596e-05,3.355850667535449e-05,0.4435842543575608
2014-09-25,8.684570042440597e-05,0.4907484994538382,8.335026352336298e-05,0.3997959454309581,4.175289853101378e-05,2.769619645202903e-05,0.48077104942411286
2014-09-26,7.784867175631449e-05,0.47961698079631804,0.00010384285619299339,0.4082675858942595,4.312295039423677e-05,2.843806814111289e-05,0.5539330270042657
2014-09-29,7.945972408695768e-05,0.48534491495362575,0.00012223587285132455,0.4190810264913603,4.7832529626375205e-05,2.9401920365420546e-05,0.6019720075296148
2014-09-30,7.034453028421699e-05,0.4721249323825289,0.00012037551199383463,0.395758251228913,4.344513752544541e-05,2.7707143644195165e-05,0.6176050554309136
2014-10-01,6.051441443903661e-05,0.48986872295310807,0.00011898200138350196,0.3751672773568898,4.1567103625694794e-05,2.4403644012086657e-05,0.6868959075456361
2014-10-02,5.727685640094654e-05,0.48935020985241534,0.00012217077601038015,0.3737986718344698,4.093483386490633e-05,2.4299683151769324e-05,0.7146836687117809
2014-10-03,5.732458945014978e-05,0.49065698654944695,0.00012503308120287218,0.3469082056284558,4.153946803860139e-05,2.2325210791664885e-05,0.7246361192821915
2014-10-06,5.950629355094935e-05,0.4880979815455974,0.00012603828786286674,0.3450645117252505,4.227072623930661e-05,2.2190759066682342e-05,0.710357236468011
2014-10-07,5.823383972398379e-05,0.46230243447747305,0.00011964583341362737,0.3618244589035531,3.858892528102006e-05,2.3437222978778836e-05,0.6626546603130326
2014-10-08,6.403572465426801e-05,0.4383426116154927,0.0001149026293373501,0.3350650757637527,3.760017259743905e-05,1.9791520101182832e-05,0.5871749371221175
2014-10-09,6.579132724406009e-05,0.44127398424379966,0.00011059213033443198,0.3661948118216291,3.764044591798074e-05,2.0445164503941337e-05,0.572118659019439
2014-10-10,6.388921163395802e-05,0.4007354557644137,0.00010796379396620669,0.4555455268590578,3.328209090973605e-05,2.4468963780128123e-05,0.5209344435242044
2014-10-13,7.100010076144222e-05,0.4374850604191614,0.00010166499210907924,0.3611424695744563,3.7168790165571314e-05,1.752240776342205e-05,0.5235033438960476
2014-10-14,5.126108009219706e-05,0.4168797228157148,9.222330090092202e-05,0.4101656991117876,2.8663220133431503e-05,2.29228684517813e-05,0.5591614550820713
2014-10-15,4.732231652345586e-05,0.4237117229834012,8.921157792729353e-05,0.4159193151402454,2.7530499334903516e-05,2.7295362911672656e-05,0.581765673310978
2014-10-16,5.30327919984953e-05,0.4290589600948114,8.69685124901402e-05,0.4058093352568698,2.9138704735813947e-05,2.6656615566974455e-05,0.5494469296777869
2014-10-17,4.626798859027275e-05,0.4350404654648747,8.553638260560206e-05,0.3870963360059602,2.7368147680023754e-05,2.4678423535345487e-05,0.5915136688215047
2014-10-20,4.9165393824874467e-05,0.43734788908688943,8.464588042084034e-05,0.3702157564333251,2.8213678236380624e-05,2.3117615563436533e-05,0.5738523795187491
2014-10-21,6.127847379397686e-05,0.44094328901242946,8.124935194434055e-05,0.3998635053577422,3.111334180823732e-05,2.2086513077604046e-05,0.5077368916341302
2014-10-22,6.0122674099070425e-05,0.441232395609073,7.908631539187655e-05,0.3882734792025589,3.0425463757882527e-05,2.0790339167403475e-05,0.506056395757569
2014-10-23,6.055871725038731e-05,0.4333260286039755,7.887038934896513e-05,0.4694558360060575,2.9947467527342527e-05,2.4087114646594452e-05,0.4945195157209344
2014-10-24,5.99990058104541e-05,0.4501905126156825,8.16975651281837e-05,0.4243122297685917,3.1519035695424624e-05,2.1829094653905764e-05,0.5253259661501394
2014-10-27,5.8561423507449295e-05,0.4579203827137551,8.160293584194473e-05,0.4853990700963616,3.1655463685434146e-05,2.6263011972390495e-05,0.5405514721036011
2014-10-28,5.4522480778452264e-05,0.4755861430212324,7.98109195099373e-05,0.4911858772294754,3.137242960446082e-05,2.536861731285432e-05,0.5754035611831416
2014-10-29,5.3729820257279105e-05,0.5020181068026403,7.811360447420652e-05,0.4665227370158171,3.252298618109059e-05,2.780018329022625e-05,0.6053060670100512
2014-10-30,5.3551839514494966e-05,0.5156633145799694,7.801615154088255e-05,0.4672604455675452,3.333079666517951e-05,2.8437409169539012e-05,0.6224024602583037
2014-10-31,5.56093263598845e-05,0.531323320791817,7.832659015700331e-05,0.4708647439006538,3.506608697660106e-05,2.8913141133834185e-05,0.6305792440222232
2014-11-03,5.4562010343014535e-05,0.5407304349613198,7.870813262909245e-05,0.4846722813597454,3.5435274440903355e-05,3.3067745081887606e-05,0.6494495752288582
2014-11-04,6.02491600622342e-05,0.5265868497572255,7.717700550955463e-05,0.5207652366644057,3.590785557403406e-05,3.619672133835687e-05,0.5959893139911517
2014-11-05,6.0354415020847636e-05,0.5281709268269347,7.550241026591485e-05,0.5190899173605594,3.5654095397977943e-05,3.6406171255467107e-05,0.5907454390148972
2014-11-06,5.86925643313682e-05,0.5301170734628408,7.399187381115057e-05,0.5188489840434998,3.493456557248926e-05,3.628791759535205e-05,0.5952128003004719
2014-11-07,5.828791566618652e-05,0.528470840266313,7.280930084623677e-05,0.5195035936865293,3.442736009848283e-05,3.672413947200667e-05,0.5906431840117167
2014-11-10,5.7340540123530906e-05,0.5298658129042769,7.237296482732661e-05,0.509523112017544,3.413382609396526e-05,3.6767906069100176e-05,0.5952826049498219
2014-11-11,6.57571982494724e-05,0.5366842539638225,7.069296402850429e-05,0.541994914670323,3.659136405756227e-05,4.131390456055617e-05,0.5564617263457672
2014-11-12,6.673646336542344e-05,0.5411255592959338,6.947575039100872e-05,0.5398582911407602,3.684650200635571e-05,4.1210704652699235e-05,0.5521194883312636
2014-11-13,7.11343776232816e-05,0.5404289191158069,6.942732778617345e-05,0.5311839839259322,3.797900421739286e-05,4.085796206582479e-05,0.5339050609049356
2014-11-14,6.859476809423724e-05,0.5522768550032852,6.924588916377677e-05,0.5366296796199608,3.806267767702996e-05,4.391944339872243e-05,0.5548918486718767
2014-11-17,6.853595565786147e-05,0.5632586240788502,7.598963333577606e-05,0.559890993911415,4.0648475372633945e-05,4.622350561606928e-05,0.5930970828736277
2014-11-18,7.650833651469074e-05,0.5755801721014308,7.830967646472238e-05,0.5590602655923083,4.455207328401832e-05,4.580565170071238e-05,0.5823165855326584
2014-11-19,7.466095393809579e-05,0.5825661917208381,8.089453280910302e-05,0.6591523299617367,4.5274288120589284e-05,5.656003056978799e-05,0.6063984684434638
2014-11-20,7.31046489834875e-05,0.5833035213286837,8.37538193282129e-05,0.6824251829895298,4.564249815666803e-05,6.089629500225812e-05,0.6243446728945723
2014-11-21,7.04730363634149e-05,0.5896858490838813,8.619530990029505e-05,0.685575857590708,4.5959364568587746e-05,6.211973269084835e-05,0.652155305634694
2014-11-24,6.987047932397521e-05,0.5822758875471662,8.846534786197573e-05,0.7123875939782335,4.577857419284277e-05,6.667386718317693e-05,0.6551919299218891
2014-11-25,8.166110492431963e-05,0.5951243733139043,9.005804111631522e-05,0.7169379934963417,5.10359979389807e-05,6.986054644976882e-05,0.6249731495340273
2014-11-26,7.228929035700332e-05,0.602622347729892,9.039171070677598e-05,0.7170146715341241,4.8713183966568154e-05,7.328728973216807e-05,0.6738644649296778
2014-11-28,6.63644735069259e-05,0.567912728918043,9.217146595874734e-05,0.7235813967647582,4.441684196064779e-05,7.410598790947505e-05,0.6692864361534093
2014-12-01,6.796408095783602e-05,0.5690445812228927,9.308735459729575e-05,0.7360250897558411,4.526175199058627e-05,7.634004930230259e-05,0.6659657771090297
2014-12-02,6.956629167082881e-05,0.5785054488041278,9.425924766406239e-05,0.7313230220451525,4.6845606389499516e-05,7.527567437938522e-05,0.6733951927632108
2014-12-03,9.973973303376368e-05,0.6020618297568,9.61164690916162e-05,0.7456944531612247,5.894868194937555e-05,7.676762884623097e-05,0.5910250624936039
2014-12-04,7.195368455764464e-05,0.5948832460942046,9.625629253344714e-05,0.7407858075396349,4.950770813032795e-05,7.821947171033964e-05,0.6880496590923787
2014-12-05,6.914099334132158e-05,0.6036397750419461,9.689949118110494e-05,0.7421663034691425,4.940903868560318e-05,7.832210622539317e-05,0.7146127976740283
2014-12-08,6.652863915801598e-05,0.5725301379488681,9.757961964124186e-05,0.7545387780265786,4.6129870278901934e-05,8.039067095050664e-05,0.6933836444382432
2014-12-09,5.578278936298998e-05,0.5503973151653468,9.831025313262596e-05,0.7522475966982949,4.07592165244034e-05,8.037808300465283e-05,0.7306772750135327
2014-12-10,7.622608908783083e-05,0.6154417333619014,9.909788539736368e-05,0.7734887135999275,5.3489797695244246e-05,7.77567567557593e-05,0.7017255946794162
2014-12-11,6.0199482263474304e-05,0.622949396234147,9.831107592426744e-05,0.7698199838066891,4.792370342521788e-05,7.706095174726777e-05,0.7960816542486333
2014-12-12,5.635062229218622e-05,0.6070709489280637,9.887731328270124e-05,0.7929936434649862,4.53144942469036e-05,7.4150266971847e-05,0.8041525080582308
2014-12-15,5.5088696774690915e-05,0.6167527794461269,9.744777589768096e-05,0.7919514914235711,4.5188542121417746e-05,7.331887508103982e-05,0.8202870056308622
2014-12-16,5.154869882225274e-05,0.5271875440061147,9.404050912034564e-05,0.813120722727371,3.6705528370953796e-05,7.368413113000968e-05,0.712055380825803
2014-12-17,8.951914955443635e-05,0.6192352446902,9.549045979209999e-05,0.8072560248684887,5.725239157839096e-05,6.715195746018357e-05,0.6395546859342753
2014-12-18,9.913276275332198e-05,0.6525557638168568,9.585132537624423e-05,0.8316733351790606,6.360998543280875e-05,5.8678481658614316e-05,0.6416646088144775
2014-12-19,7.377698274922788e-05,0.6360517264718607,9.44160606223675e-05,0.8339554560999913,5.308548858375196e-05,5.883448379204622e-05,0.7195399785349386
2014-12-22,6.996587850894997e-05,0.6141341788548743,9.340811781595709e-05,0.8225979925175455,4.9647653188905146e-05,5.798513385607576e-05,0.7095980819072295
2014-12-23,6.063494070426503e-05,0.5941669028933718,9.282077380732327e-05,0.8206442909294717,4.4575120654637146e-05,5.847957645869757e-05,0.7351391810877413
2014-12-24,5.292955813268682e-05,0.5989050088856709,9.165895564077307e-05,0.8167709660167783,4.171521937179305e-05,5.858017020318148e-05,0.7881271040883995
2014-12-26,5.0003308753932844e-05,0.603204620231155,9.018396584268487e-05,0.8191563117661433,4.050687087146842e-05,5.896604665587049e-05,0.8100838100695184
2014-12-29,4.966432774890378e-05,0.6605398796050839,8.860279166603454e-05,0.823282753391703,4.3817240816231e-05,5.9253465174848385e-05,0.8822678731858635
2014-12-30,4.653062419950052e-05,0.6462115228630108,8.447732856813402e-05,0.8709424077522314,4.051484884453805e-05,6.61120479541688e-05,0.8707136330436966
2014-12-31,4.3755181092948726e-05,0.6810775959484885,8.574563152938834e-05,0.8658396034715552,4.171741011517585e-05,6.402322497251693e-05,0.95342789295183
2015-01-02,6.483180836307134e-05,0.6938450368331852,8.72300407232912e-05,0.8761740391759267,5.217825987952888e-05,7.018814587273787e-05,0.8048249955842662
2015-01-05,8.284505496642122e-05,0.7106275840779285,8.842227308088022e-05,0.9522158427460572,6.0821369394945275e-05,6.912287126672575e-05,0.7341581150449765
2015-01-06,7.372029621424698e-05,0.7249245515546862,8.846071460367807e-05,0.97086152567134,5.854119265675019e-05,7.148606085349802e-05,0.7940987172191623
2015-01-07,7.097584833724285e-05,0.731929079936067,8.854495192724893e-05,0.9748929628213412,5.8023804550319416e-05,6.971105394417367e-05,0.8175147731185741
2015-01-08,6.58935484829367e-05,0.7583690552012496,8.953937404272907e-05,1.038798030086466,5.8251763603173485e-05,7.121164131322143e-05,0.8840283296969191
2015-01-09,5.142752848602693e-05,0.7984886746806201,9.083237934137038e-05,1.045912037948904,5.457414403205998e-05,7.02883225711979e-05,1.0611854319790615
2015-01-12,5.214866604959718e-05,0.8153721243733458,9.235145316528489e-05,1.0680978738544045,5.6584740497807365e-05,7.314774624129461e-05,1.0850659237187612
2015-01-13,5.1084978694142575e-05,0.8239780704556667,9.174624246695289e-05,1.0744847689589374,5.641003964572729e-05,7.39721979321653e-05,1.1042392712634193
2015-01-14,5.779000718727771e-05,0.8330668608317457,9.073094208782089e-05,1.1036081186524864,6.0323140461097084e-05,7.505080849020063e-05,1.0438334133721485
2015-01-15,5.577655409897309e-05,0.8385033225867219,8.803852631114552e-05,1.13721653985531,5.8758000675673536e-05,7.48282957026807e-05,1.0534534021483293
2015-01-16,7.006830803083834e-05,0.8497002941522567,9.180063397968255e-05,1.128175340690318,6.81474208809068e-05,7.16383398610656e-05,0.9725855068587338
2015-01-20,6.698197984101967e-05,0.8523458174627722,9.313333866980808e-05,1.08580551761362,6.732051202110908e-05,7.470842101299181e-05,1.0050540784386026
2015-01-21,5.396910834789416e-05,0.8568881597655607,9.355436119024742e-05,1.1032631904645176,6.088758967441974e-05,7.552998894726169e-05,1.1281933598370362
2015-01-22,5.806897077464812e-05,0.8664886356270424,9.444648785446808e-05,1.1262460581094278,6.416937978400432e-05,7.172347314653851e-05,1.1050545399371798
2015-01-23,5.910063936486745e-05,0.8727547567908864,0.00010178332110860071,1.083669422521546,6.769032867758402e-05,7.175277526487926e-05,1.1453400403959544
2015-01-26,6.288399592442454e-05,0.8645344554046512,0.00010622468279655971,1.0811426955065069,7.065861058903787e-05,7.346956219783956e-05,1.1236342339624383
2015-01-27,6.964065036165525e-05,0.8868513870418699,0.00012371967210570578,0.9768029366172638,8.231929433910194e-05,6.265105864578406e-05,1.182058092674385
2015-01-28,7.988841611727443e-05,0.8939754343085163,0.00012933993183347875,0.9678319897018524,9.087277788822495e-05,5.832491549626726e-05,1.13749630177704
2015-01-29,8.021798542057233e-05,0.8987360756058614,0.0001318692005948728,0.9777483513268348,9.243570055363288e-05,5.8121217990162754e-05,1.1523064318931058
2015-01-30,7.830236811365751e-05,0.9021101947069867,0.00013642564101663023,0.9693180664072484,9.323844903295954e-05,5.391814144709284e-05,1.1907487765583538
2015-02-02,6.708254753246161e-05,0.8737128521182879,0.00012840979207446804,0.9764341741252808,8.109098374382701e-05,5.150159859102759e-05,1.208823855483226
2015-02-03,8.067150173734702e-05,0.8570583497848678,0.00012254641165567294,0.9932185143539424,8.521592462653002e-05,4.842287288655129e-05,1.0563324444359408
2015-02-04,7.910110058857453e-05,0.8225914298559551,0.0001126671275822763,1.0028313956314048,7.765582800442056e-05,4.900740977324789e-05,0.9817287929826514
2015-02-05,8.520627788871464e-05,0.8119785246569449,0.00010932420056657797,0.9787934487026684,7.836795161838852e-05,4.635672817527448e-05,0.9197438681776775
2015-02-06,8.507292515013707e-05,0.8131416104965763,0.00010520058718451303,0.9662606003516332,7.692561029400801e-05,4.5598926647170854e-05,0.9042314009803867
2015-02-09,6.296753465448077e-05,0.7893041268586223,9.919032308565495e-05,0.9547328165775014,6.237885099287486e-05,4.485035828652177e-05,0.9906509971394597
2015-02-10,6.653518645016198e-05,0.7770660747443977,9.464602171120614e-05,0.9810027648832164,6.166444398583757e-05,4.3825247773082455e-05,0.9267944868844272
2015-02-11,6.58212274519105e-05,0.7718556161536482,9.135624539670156e-05,0.9773129260452424,5.985331075127528e-05,4.675825545928108e-05,0.909331427995696
2015-02-12,6.625281595902424e-05,0.755908153761092,8.86502606025342e-05,0.978332193765435,5.793102453437459e-05,4.661186556422717e-05,0.8743933928816479
2015-02-13,6.59493776327874e-05,0.7539622718066213,8.636150717024772e-05,0.9848528374332934,5.690036752788036e-05,4.658606698542378e-05,0.8627885443393748
2015-02-17,5.2818371217651516e-05,0.752278733376563,8.337405906086856e-05,0.9797146272402716,4.9921400402978065e-05,4.6820413006453224e-05,0.9451522122343428
2015-02-18,4.925751255554142e-05,0.765301985701995,8.171929321513877e-05,0.9479985530148178,4.855471166054714e-05,4.543206300714468e-05,0.9857321074789999
2015-02-19,5.2538640297651296e-05,0.769790239224969,8.026551564931419e-05,0.9436965799413872,4.998921473246354e-05,4.5311624476586734e-05,0.9514752275516782
2015-02-20,5.811623348480445e-05,0.7735017910410593,7.864512022308106e-05,0.9671689577599618,5.229328733507256e-05,4.60628795829163e-05,0.8998051697336097
2015-02-23,5.7842904366347e-05,0.7634487209524486,7.752072736119488e-05,0.9614583065657144,5.11227063967614e-05,4.601238478125467e-05,0.8838198385229181
2015-02-24,5.363774172174018e-05,0.7602312265847772,7.629494633766909e-05,0.964969274263839,4.8632750520309154e-05,4.635995088800794e-05,0.9066890021694849
2015-02-25,4.6420168910813084e-05,0.7559396556964734,7.443142417287955e-05,0.93522849422722,4.4434331542662175e-05,4.6980242241299916e-05,0.9572203760833725
2015-02-26,6.082008377129165e-05,0.7513429678303717,7.449846603825229e-05,0.939256403960248,5.0574942565061145e-05,4.973824721797829e-05,0.8315500313226069
2015-02-27,6.477291200020017e-05,0.7502557415997688,7.352248067321967e-05,0.944405805596904,5.177452398573167e-05,4.993457960633085e-05,0.7993237047235374
2015-03-02,7.10002492943561e-05,0.7423200187424858,7.293517838203097e-05,0.90750952183768,5.3418247286091956e-05,4.980860923391095e-05,0.7523670383835995
2015-03-03,6.22129036386534e-05,0.7397541209796175,7.39346544555293e-05,0.8964005283972746,5.017087237700036e-05,4.9200884269490906e-05,0.8064383663621316
2015-03-04,6.357489191775788e-05,0.7385424415200255,7.425856964260172e-05,0.8796604577305708,5.0744802069217535e-05,4.831954728823623e-05,0.7981893564972523
2015-03-05,6.337223751236057e-05,0.7341708519618388,7.492172926205841e-05,0.8729943144807212,5.0588354721954356e-05,5.132950279528236e-05,0.798273135173541
2015-03-06,6.737776824421294e-05,0.7259018629777386,7.941977149923195e-05,0.819142765305547,5.310073573400592e-05,4.477971979308767e-05,0.7881046985934671
2015-03-09,6.459093954914395e-05,0.7262635959528346,7.897613421825357e-05,0.815481762441119,5.18714051107047e-05,4.449240287556113e-05,0.8030755624980249
2015-03-10,6.248974140729342e-05,0.708657472366803,8.023912547855893e-05,0.7800443437979173,5.018036638691899e-05,3.760874620812898e-05,0.8030176674896953
2015-03-11,5.4252554100076106e-05,0.6763869158784487,7.961686958830354e-05,0.7973476268993087,4.445369251839767e-05,3.997953370076503e-05,0.8193843267986403
2015-03-12,5.508043688697334e-05,0.6548143231437694,8.020773804607995e-05,0.8025192903594419,4.352361831352774e-05,3.7641498805372306e-05,0.7901828811350838
2015-03-13,5.707193087433516e-05,0.6478389422961631,7.912106156996312e-05,0.8047014669177819,4.353358031563739e-05,3.699811797609649e-05,0.7627844309577081
2015-03-16,5.2149496476829495e-05,0.6416284502765414,8.163171549805413e-05,0.7270390489853845,4.186375056091596e-05,3.079173081761002e-05,0.8027642333903725
2015-03-17,4.691748238540657e-05,0.6396097051319501,7.926933398512508e-05,0.7188725052774939,3.900632180151772e-05,3.0272467804234427e-05,0.8313813917187173
2015-03-18,5.051902620859181e-05,0.625862077319644,7.915149541958655e-05,0.6941771080446382,3.9576345141093347e-05,2.723263096820398e-05,0.7833948536078981
2015-03-19,5.142834644805491e-05,0.6123443503413615,7.75441994645129e-05,0.6985690358691822,3.866977580144997e-05,2.714014544521922e-05,0.7519155965962914
2015-03-20,5.066833282542825e-05,0.625219937007759,7.904070372157369e-05,0.6731528019741583,3.956639886739834e-05,2.7745187061919214e-05,0.7808900877737518
2015-03-23,5.007282454924587e-05,0.6106136958495054,7.815838298634475e-05,0.6701313434396153,3.819929687782501e-05,2.8867468152649466e-05,0.7628748172625368
2015-03-24,4.2218867344400384e-05,0.6091201003560843,7.601837936054438e-05,0.6503734105238423,3.450766102479167e-05,2.752137079369461e-05,0.8173516533092999
2015-03-25,4.692159710753298e-05,0.6139667372714488,7.6962090133316e-05,0.6780599455609838,3.68951825120097e-05,2.5807370898881143e-05,0.7863155729216729
2015-03-26,4.732340893496746e-05,0.6043440789942405,7.760200541294572e-05,0.669994143045628,3.6623407938861854e-05,2.5393054656675933e-05,0.7738962336629276
2015-03-27,4.354358066573599e-05,0.6027408629778068,7.678944447879493e-05,0.6700235781319085,3.485326496566198e-05,2.539300515037648e-05,0.8004225751027331
2015-03-30,4.5502666776921666e-05,0.6017396944548262,7.551858912881645e-05,0.6829947143747,3.527394391709848e-05,2.385606930942159e-05,0.7752060794596977
2015-03-31,3.983451498744685e-05,0.5966589112863427,7.350492800809903e-05,0.6591616005813408,3.2285991379025164e-05,2.2944761802830815e-05,0.81050293669195
2015-04-01,4.176214734580363e-05,0.5880746501114049,6.349220748251326e-05,0.6904309852133439,3.0281967074604855e-05,2.385836373124516e-05,0.7251056039781839
2015-04-02,4.894523588776545e-05,0.5978393781228122,6.112812833524682e-05,0.6500590944207807,3.2700943228760006e-05,2.2931630718153877e-05,0.6681128946593567
2015-04-06,4.8199312485919956e-05,0.598722110322423,6.107753706057579e-05,0.6280692359231961,3.248526966751852e-05,2.1536760067741403e-05,0.6739778638338079
2015-04-07,4.533264144371158e-05,0.609161047021336,6.171221246425482e-05,0.6312162827511204,3.221982635187922e-05,2.348757767053231e-05,0.7107423111862075
2015-04-08,4.177649686660928e-05,0.5965517931592792,6.083936859072375e-05,0.6202891091695436,3.007506083177103e-05,2.3070449081415546e-05,0.7199038475581024
2015-04-09,4.664355209638432e-05,0.5958577767429957,5.996943882100527e-05,0.6248115224398645,3.151399141826098e-05,2.3884413842894473e-05,0.6756344661131385
2015-04-10,4.853778747139849e-05,0.6010907680582572,6.0579515407828596e-05,0.6281250507702314,3.2594396417488645e-05,2.3854222574849406e-05,0.6715262090736069
2015-04-13,4.467938122611643e-05,0.6111042369865052,6.008850742809809e-05,0.6754922663229455,3.166391259184281e-05,2.5787672696468237e-05,0.7086918332999275
2015-04-14,4.646938254229903e-05,0.6055848531817151,5.9454103226355005e-05,0.6844962064429745,3.1830933219457906e-05,2.611629921505956e-05,0.6849872212199852
2015-04-15,4.691423215315267e-05,0.59235593607994,5.9262803776456555e-05,0.7099973619994224,3.123389518018892e-05,2.8458553458771198e-05,0.6657658826904616
2015-04-16,4.176974619173272e-05,0.5752012899864306,5.9229928966182704e-05,0.6898081175541012,2.8610231730943335e-05,2.9045873791881865e-05,0.6849510552354282
2015-04-17,4.332386275975345e-05,0.5636454546834961,6.0467309790243306e-05,0.6597187815252431,2.884894385044807e-05,2.6047292113069044e-05,0.6658903895625822
2015-04-20,4.305137811564542e-05,0.559972137501202,6.085125973347321e-05,0.6630484045312318,2.8661224053586938e-05,2.50215760738464e-05,0.6657446360159858
2015-04-21,4.4326391543702614e-05,0.5558479801511889,6.122927187388875e-05,0.6563276605179708,2.8957880293591646e-05,2.5568971358850312e-05,0.6532875626711295
2015-04-22,3.760113128202133e-05,0.547371335949824,6.201504863531082e-05,0.6597016311775686,2.6432062413835758e-05,2.5480785623364598e-05,0.7029592332099336
2015-04-23,3.981692672329287e-05,0.6018499627595217,6.681529097450097e-05,0.7017072239200222,3.1042739321537644e-05,2.6993488127867334e-05,0.7796367493972775
2015-04-24,4.472325784062566e-05,0.5955153578687439,6.622408550628163e-05,0.6805402769912813,3.240915194689832e-05,3.275035413744579e-05,0.7246599087747704
2015-04-27,4.8016264703360416e-05,0.5882911559268161,6.678033603116006e-05,0.6747411588491032,3.331277454729039e-05,3.238625294105732e-05,0.6937810500898667
2015-04-28,4.837591330570472e-05,0.5841048509257669,6.715433407137747e-05,0.734359283891678,3.3292194643953034e-05,3.6219162211089e-05,0.6881977490237287
2015-04-29,4.7158652268819175e-05,0.60588932679283,6.610208296261361e-05,0.7261653412042501,3.3828408559087287e-05,3.55887892813274e-05,0.7173319620385821
2015-04-30,4.7296624411946914e-05,0.6198303582167433,6.537551263108414e-05,0.7351747314520587,3.446636398283742e-05,3.453570778387152e-05,0.7287277773280448
2015-05-01,5.0018555724514286e-05,0.620539088914505,6.574700600761484e-05,0.778502027262045,3.558547012736526e-05,3.5171376192074636e-05,0.711445374859648
2015-05-04,4.992916004912971e-05,0.6208623162032466,6.530101198125212e-05,0.7559738746246435,3.5451318057028566e-05,3.858945068360922e-05,0.7100323342540689
2015-05-05,5.102770643270727e-05,0.6309954225171069,6.473172295624915e-05,0.7728547581712851,3.626501122686663e-05,3.744876412686257e-05,0.7106925582612864
2015-05-06,5.61480236098465e-05,0.6478832095546506,6.413405501970557e-05,0.7487195804055847,3.887839357577942e-05,3.879259645636956e-05,0.6924267512233759
2015-05-07,5.2055366505413186e-05,0.6568126809528898,6.356240501564826e-05,0.7733604058843763,3.7781086572990126e-05,4.19040075386618e-05,0.7257865828120009
2015-05-08,4.9463315458690945e-05,0.6731816396215885,6.433048574395991e-05,0.775453004768289,3.7973645295866984e-05,3.9331812346715245e-05,0.7677133031565685
2015-05-11,4.237087867236375e-05,0.6744212681725724,6.083546638267783e-05,0.7639453314765703,3.4240761417175015e-05,3.835635176861896e-05,0.8081201638971066
2015-05-12,4.7490306282055044e-05,0.6726648068131312,6.0775546048981314e-05,0.7443328796609686,3.6138125887185704e-05,3.8257409569641585e-05,0.7609579452394701
2015-05-13,4.663897325113825e-05,0.6719976203609557,5.914577819163588e-05,0.7437458053350805,3.5294261633474086e-05,3.823317675588263e-05,0.756754687617672
2015-05-14,4.9144732522979803e-05,0.6687276452950215,6.088143877108063e-05,0.7307844905409998,3.657886442430013e-05,3.583291490578624e-05,0.7443089532982209
2015-05-15,5.102390807027307e-05,0.6699777937768356,6.130019568228167e-05,0.7360625459308646,3.746952594336755e-05,3.633155475935052e-05,0.7343523332584081
2015-05-18,5.1224895533544154e-05,0.6715726804944433,6.199441786515581e-05,0.752181750931588,3.784511720810921e-05,3.6996630531523115e-05,0.7388032091412795
2015-05-19,5.107054978153525e-05,0.6780374934071766,5.928340145273482e-05,0.7461621067473976,3.7308306258527737e-05,3.719594980671749e-05,0.730524860572711
2015-05-20,4.960583034370502e-05,0.6685061289571683,5.958503583297061e-05,0.735035988398484,3.634463883429482e-05,3.8316699747280434e-05,0.732668692016098
2015-05-21,4.7917991249736124e-05,0.6542042707367185,5.92691824729106e-05,0.7403305973623626,3.486399457335535e-05,3.8842934835093564e-05,0.727576295751908
2015-05-22,4.8649795894238564e-05,0.6482034594357162,5.997088895451064e-05,0.7051620209596381,3.501241754301848e-05,3.955080774652181e-05,0.7196827221872247
2015-05-26,5.2044924254716454e-05,0.6498140399302111,5.920759519218004e-05,0.6911213175408849,3.607173168473708e-05,3.777088961818355e-05,0.6930883693517559
2015-05-27,5.41376103742017e-05,0.6505434634924723,6.000527413605831e-05,0.6991007082942589,3.707836460508769e-05,3.676196321086021e-05,0.6848910461470371
2015-05-28,5.2639353679274204e-05,0.6184165010904557,6.330639182388724e-05,0.7035198855593905,3.569933482398047e-05,3.700834368257938e-05,0.67818717990902
2015-05-29,4.7121939363217764e-05,0.5925961855347786,6.693576556770365e-05,0.6863995164774398,3.328124369383551e-05,3.569539326303425e-05,0.7062791587863644
2015-06-01,4.566975475334599e-05,0.5761903310917188,6.969896012331543e-05,0.68500011957365,3.250823984282477e-05,3.5594536420417795e-05,0.7118111322996113
2015-06-02,4.848176142599366e-05,0.5664783035962971,7.23435979582843e-05,0.6789505939761505,3.3548455272876525e-05,3.5456267704032154e-05,0.6919809488375851
2015-06-03,4.583723039523311e-05,0.5564774025223435,7.396130212169399e-05,0.6603838912475682,3.240104308801165e-05,3.53122968545965e-05,0.7068717461468009
2015-06-04,5.208668778062701e-05,0.5426078759689997,7.792840083386732e-05,0.6649416076999336,3.4569838130648374e-05,3.458391548589653e-05,0.6636981463717913
2015-06-05,5.356843740955158e-05,0.5367967316121458,8.174154494958343e-05,0.6805269363609309,3.552104818995072e-05,3.780618266533416e-05,0.6630965902249204
2015-06-08,5.4875341169450945e-05,0.5253934342092448,8.48226905520922e-05,0.6846609019354046,3.584505737242127e-05,3.872687918626159e-05,0.6532088294765114
2015-06-10,5.7400521339002106e-05,0.5189944559069987,8.968461829735043e-05,0.6861389765891371,3.723742307587379e-05,3.6599277665092084e-05,0.6487297015292431
2015-06-11,5.7399555912391706e-05,0.5151025080022702,9.142879784632315e-05,0.6843597212736703,3.7315514618992756e-05,3.655195005469893e-05,0.650101103150467
2015-06-12,5.544172754801711e-05,0.5199030561231079,9.190092219161526e-05,0.6725716819864352,3.711083124234537e-05,3.552905381395781e-05,0.6693664300089555
2015-06-15,5.424960916028536e-05,0.5205625862943809,9.234639992063528e-05,0.6648824597112007,3.6845227544377285e-05,3.496807097881404e-05,0.6791795943730163
2015-06-16,5.423174022350414e-05,0.5274888662932199,9.433222802446306e-05,0.6655162732384342,3.772854993387829e-05,3.548433522114748e-05,0.6956913014110999
2015-06-17,5.412494915971205e-05,0.5287626599719525,9.666681323192542e-05,0.562767897273671,3.8247075240859456e-05,3.540239278662516e-05,0.7066440862235248
2015-06-18,5.572982074389677e-05,0.5365641823994248,9.798130030373297e-05,0.6245723914108938,3.9649443939986795e-05,5.052509768747788e-05,0.7114583074328117
2015-06-19,6.241618085312648e-05,0.541329359002528,9.686992811536306e-05,0.712359735280826,4.209249472097367e-05,8.233479525396644e-05,0.674384336651787
2015-06-22,6.257165974145031e-05,0.5331219218638984,9.513025461785244e-05,0.7172939998759928,4.113151517568986e-05,8.343379687080114e-05,0.6573505536795354
2015-06-23,5.295413252336654e-05,0.533335195183014,9.492625428805622e-05,0.7803520645171359,3.781319246212955e-05,0.00011899382544413156,0.7140744387691386
2015-06-24,5.124155217210486e-05,0.5393909855573826,9.426106964839118e-05,0.7488994358088292,3.74870274562146e-05,0.00012515137454575362,0.7315747838845127
2015-06-25,5.1531038942745836e-05,0.5422961588097074,9.389320477539302e-05,0.7490862068290435,3.772142223829472e-05,0.0001251495497923926,0.732013617660718
2015-06-26,9.885673436567757e-05,0.6250597442824665,9.802205208984964e-05,0.7489042355152061,6.152994898141815e-05,0.00012590482267100833,0.622415350620574
2015-06-29,0.00010219846828200267,0.6608064682808213,0.00010797470836420946,0.7642295666073451,6.941566661588497e-05,0.00013617698997855197,0.6792241389013968
2015-06-30,8.697755639475864e-05,0.6535488992282243,0.00011471264801649681,0.7656453348806759,6.528108156675717e-05,0.00014328618220216458,0.7505508808556397
2015-07-01,9.667073925185136e-05,0.6509961163106857,0.00012527099713289462,0.7500625378406968,7.163927543261526e-05,0.00013898557821777878,0.7410647315520893
2015-07-02,9.521395937942913e-05,0.6483055529599118,0.00012940010156298502,0.7553371587141673,7.196102864393569e-05,0.00014321500547103623,0.7557823360455987
2015-07-06,0.000172264093177785,0.6858906868967746,0.00013524727117219916,0.7592200495459716,0.00010469273434947349,0.00015571045866557808,0.6077455401075688
2015-07-07,0.00016730584927433944,0.7210009633651064,0.0001450493292225387,0.7560329186034875,0.00011231797627131494,0.00015665395620511702,0.6713332304786414
2015-07-08,0.00018325021701855255,0.7422437837503889,0.00015086873717003687,0.7653286073823945,0.00012341514149833528,0.0001550551710167623,0.6734788285999166
2015-07-09,0.00017483634785152047,0.7560486621154758,0.00015433327397537663,0.7666936061019038,0.00012419250780363588,0.00015572169496528069,0.7103357472846905
2015-07-10,0.0001852458943863911,0.7672889231661754,0.0001571476695735866,0.7713237097149521,0.00013091433285028855,0.00015354311587249372,0.7067057182774791
2015-07-13,0.00021177015433928543,0.7854186520119056,0.00016160214936711904,0.7836944164479575,0.00014529716935642324,0.00015667219257067117,0.6861078692119987
2015-07-14,0.0001959846645507268,0.8021574982387872,0.0001635739625844666,0.7889326483078637,0.00014362425194801125,0.00015890120735467065,0.7328341341260245
2015-07-15,0.00017788056160659394,0.8130526735536706,0.00016490287800326184,0.7877611498917366,0.00013925059061975167,0.00015867445771847722,0.7828319708576281
2015-07-16,0.00018174519139179188,0.8223477291421674,0.00016526797132254058,0.756693343507688,0.0001425218037461854,0.00015784954556235706,0.7841847294817732
2015-07-17,0.00017984339911716185,0.8272038513073698,0.0001652419260000291,0.7627555603278826,0.00014260013053463448,0.00015982949118435426,0.7929127854269221
2015-07-20,0.0001933298802508964,0.8265128832876905,0.00016375983613522142,0.7560023687003296,0.0001470627951197235,0.00016045904347816064,0.7606832163185061
2015-07-21,0.00019419877324157122,0.8275239879977797,0.00016427721491808008,0.7557805538611034,0.00014780614788648802,0.00016035021319167026,0.7611075261666372
2015-07-22,0.00018582236281108658,0.8284528472134344,0.00016594866860490198,0.7525255165029664,0.00014548012652375357,0.00015970317833472977,0.7828989165940898
2015-07-23,0.00018795658724473803,0.828569405173569,0.00016568761284554222,0.7575565260062177,0.0001462186227289204,0.0001605890190673079,0.7779382721954262
2015-07-24,0.00019329917782205091,0.8327446695441963,0.00016567121491814553,0.7424922667712235,0.00014902200194433235,0.0001654114657209849,0.7709396574957
