Date,Predicted_Index_Var,Predicted_Corr,Predicted_Var,Future_Beta_45d_SBUX,Predicted_Covariance,Future_Cov_45_SBUX,Beta_Predicted
2013-02-28,5.497886498863307e-05,0.7082925477718557,0.00012816398518715054,1.028312663161191,5.94557085228639e-05,5.631937266819025e-05,1.0814284459156518
2013-03-01,5.488021190183326e-05,0.7058683873377791,0.0001268553792538997,1.034635859203701,5.889603606635367e-05,5.6611787853150074e-05,1.0731743560266076
2013-03-04,5.501029900576039e-05,0.7051131136534339,0.00012792862283082538,1.004010032390974,5.915134944784873e-05,5.489149988149229e-05,1.0752777301147685
2013-03-05,5.845535101370509e-05,0.7078836139886416,0.00013558342088869135,0.986795177003601,6.301983902154881e-05,5.288706450133587e-05,1.0780850329129588
2013-03-06,5.9250468430820016e-05,0.6999550072929905,0.00016718717425479352,0.9844501988669404,6.966545815211642e-05,5.3125101493956804e-05,1.175779027527129
2013-03-07,5.369174155549812e-05,0.6783056675232118,0.0001770177188218494,0.9868616169083608,6.612833091678501e-05,5.3341776955371144e-05,1.2316294648113042
2013-03-08,4.524810700565277e-05,0.6510226510272182,0.0001932411995433892,0.9845151966124224,6.0876008499706016e-05,5.30011708953123e-05,1.345382437592381
2013-03-11,4.8373919939468494e-05,0.6179306056763113,0.00021767707343553562,0.9918603700230496,6.340911499687753e-05,5.510414230085256e-05,1.310812005233873
2013-03-12,5.1431479865635213e-05,0.5593003489470545,0.00023625554216351002,0.9903770068891816,6.165248741188833e-05,5.508686225960251e-05,1.1987305746005268
2013-03-13,5.5261000285198275e-05,0.5137805844160563,0.00025852864580463986,1.0003057871894412,6.14103248878747e-05,5.647116034056441e-05,1.1112778373706624
2013-03-14,6.195858588029715e-05,0.5733336570429158,0.00024673911702314134,1.0295112183401924,7.088872888443796e-05,5.9362452106029634e-05,1.1441308396126677
2013-03-15,6.386120353979619e-05,0.6305674729680951,0.00022360833104463545,1.0467348036210664,7.535188204843454e-05,5.916924069455274e-05,1.1799320694211117
2013-03-18,6.402550064969363e-05,0.6588451850696898,0.00021398629748958943,1.0237504121220573,7.711748366928594e-05,5.668429868703973e-05,1.204480759802617
2013-03-19,6.71640875084588e-05,0.6792791456143599,0.00020436566320791583,1.004847808290222,7.958309144295854e-05,5.7160537943390606e-05,1.1849054218586037
2013-03-20,6.839791392936718e-05,0.6879347504066756,0.00019731661901495917,1.0132236148423932,7.991908607694771e-05,5.737759828461851e-05,1.1684433264949887
2013-03-21,6.814178529168062e-05,0.7184772108509573,0.00018196677780129382,1.0207497259312723,8.000475576013411e-05,5.5595570068718534e-05,1.17409245175591
2013-03-22,6.79733209422515e-05,0.7364819446374693,0.0001680261074452465,1.043204263222801,7.870815492741587e-05,5.629104712766928e-05,1.1579271666641744
2013-03-25,7.243408887933498e-05,0.7430339921910419,0.00016109983469763013,1.0361992288631243,8.026528100462103e-05,5.665940465320085e-05,1.1081147322544735
2013-03-26,7.339742545776695e-05,0.7514832170559995,0.00015264881944028867,1.0372785685093395,7.95438164230556e-05,5.581937636772986e-05,1.0837412337960723
2013-03-27,7.311742529462491e-05,0.7531347127190965,0.00015034252237654114,0.9835867592080036,7.896307026075966e-05,5.8379087983429134e-05,1.0799487255271896
2013-03-28,6.422356192814954e-05,0.7546976397381028,0.00014242286461710817,0.9834871109873125,7.217886429831639e-05,5.873058194808328e-05,1.1238689062289458
2013-04-01,6.678777769649997e-05,0.753807416614082,0.00013737136005848095,0.9826881765877816,7.220329242803178e-05,5.889041220342092e-05,1.0810854158996162
2013-04-02,6.451960799026473e-05,0.7703428047550833,0.00012202108804584978,0.972496652529618,6.835138783658843e-05,6.283075960751729e-05,1.0593893851137761
2013-04-03,6.836168011312682e-05,0.7714682472553568,0.00012224294540415088,0.9733017087256808,7.052390022843667e-05,6.166808807656781e-05,1.0316291248508191
2013-04-04,6.901245142532413e-05,0.7603862935354113,0.00012420503398901867,1.0428686381887151,7.039918088981516e-05,6.900811451510313e-05,1.020093902416893
2013-04-05,6.697476452894188e-05,0.766897441175609,0.00013026864399850747,1.0320743292550785,7.163294932794952e-05,6.754274466165636e-05,1.06955134268512
2013-04-08,7.273438811092278e-05,0.7682864069561222,0.00013729998257934177,1.0432673857432528,7.677649561418675e-05,7.068206048550159e-05,1.055573541047731
2013-04-09,7.022991067372413e-05,0.7574321756666879,0.00014294371329320936,1.0823169715711445,7.589048666537236e-05,7.520787471870072e-05,1.0806006434771969
2013-04-10,6.636144982931065e-05,0.7548729589856602,0.00014328722826514536,1.1358630684517446,7.360978379374819e-05,8.087394051875203e-05,1.1092250694202899
2013-04-11,6.716170407401359e-05,0.737350574322881,0.00014840481106864314,1.1305180619085455,7.361373720585452e-05,8.156897038877783e-05,1.096067144525259
2013-04-12,6.98842565011876e-05,0.7513186854554266,0.00014624683182174386,1.131345479316246,7.595512762808838e-05,8.266071625867294e-05,1.086870368675921
2013-04-15,9.593981606210937e-05,0.7848397909364896,0.00015021793110549635,1.1570135108403825,9.421961869374515e-05,6.983303683678259e-05,0.98207003683173
2013-04-16,8.836558039441448e-05,0.7911646584286285,0.00014884656481681214,1.1548302726579454,9.073562899453765e-05,7.08426584331305e-05,1.026820947585526
2013-04-17,8.959564094882932e-05,0.7922476280560153,0.00014559908794686653,1.1219369262030474,9.048648439107479e-05,7.973396969540174e-05,1.009942932857127
2013-04-18,9.719405369416862e-05,0.7828315702419354,0.00014234264451549653,1.1229984920929736,9.207796121427524e-05,7.877460037017807e-05,0.9473620835283637
2013-04-19,7.72897485213767e-05,0.7811895340005123,0.00013993972387270072,1.114161986746254,8.124335874660819e-05,8.085252988767102e-05,1.0511530998724625
2013-04-22,7.797978274745508e-05,0.7846160683858083,0.00014231162546916507,1.11430968786323,8.265486063547768e-05,8.262663214988678e-05,1.0599524354044854
2013-04-23,8.499754389235151e-05,0.800615402151325,0.00014068609884173978,1.1260987240134896,8.754930896095426e-05,8.328436347262537e-05,1.0300216329995904
2013-04-24,7.773768893068322e-05,0.7857752264925552,0.00014736521101649654,1.1090825417723953,8.410302763515586e-05,8.27771153474015e-05,1.081882273476749
2013-04-25,6.90805921567358e-05,0.7707454014127982,0.00014300735977176802,1.1029570041699706,7.660694833481219e-05,8.247745367524231e-05,1.1089503714878408
2013-04-26,7.034557142953508e-05,0.7874313763813603,0.00014267714237768626,1.1029183469144,7.88875190494697e-05,8.3118578465953e-05,1.1214283635252158
2013-04-29,6.776168711759701e-05,0.7963715120410931,0.0001397028899381686,1.0991071396728431,7.748372949192486e-05,8.187229245460454e-05,1.1434740306488493
2013-04-30,5.8041023931509805e-05,0.7906149613756167,0.0001322804290089235,1.0995892649711088,6.927561000512343e-05,8.179473508897814e-05,1.1935628511114962
2013-05-01,6.311211636341748e-05,0.8012397907985271,0.0001347920936161942,1.0652398620975911,7.390113189282673e-05,7.973502861955796e-05,1.1709499879117196
2013-05-02,6.214021471172626e-05,0.8044528568115237,0.00012808927976855442,1.0867413879651324,7.177006918903837e-05,8.013351236877364e-05,1.154969765102773
2013-05-03,7.476459886581012e-05,0.8036583311782998,0.000134719981715547,1.0271991370583535,8.065577388744541e-05,7.465616345616637e-05,1.0787963168532337
2013-05-06,7.535412832838797e-05,0.8083642803284915,0.00013788556018233858,1.02362441976396,8.239863816086333e-05,7.429773882837986e-05,1.0934853867830026
2013-05-07,7.392273390092128e-05,0.8039662551879235,0.0001350566912369472,1.0491344535386622,8.033131632068754e-05,7.967120185992427e-05,1.0866929844390725
2013-05-08,6.958015556766957e-05,0.7996035419631435,0.0001346574398806462,1.0525460227051415,7.739850705176434e-05,7.956065637445104e-05,1.1123646738112147
2013-05-09,7.111722928104653e-05,0.7948782414622227,0.00013195565642652312,1.0464601780253202,7.700200416117357e-05,7.906275222561481e-05,1.0827475274222387
2013-05-10,7.562958883543677e-05,0.8102523061424172,0.00012808160189292458,1.0408553789550028,7.974611244457097e-05,7.893253852531518e-05,1.054430067286117
2013-05-13,7.357910230951406e-05,0.8056379654755063,0.00012770521809413952,1.0276679955354386,7.809468690432628e-05,7.802125619490065e-05,1.0613704768484018
2013-05-14,7.590263764609063e-05,0.809900179823665,0.00012835350534703315,1.0256089744371382,7.993993601709117e-05,7.621751572426244e-05,1.0531904884494945
2013-05-15,7.650099964197039e-05,0.8063454259121237,0.00012756514488711799,1.0232585149385316,7.965640369301396e-05,7.552624887603742e-05,1.0412465728005003
2013-05-16,7.639729836462006e-05,0.8040112766750516,0.00013096134830453275,1.0159886118142871,8.042160001489486e-05,7.442597302667412e-05,1.0526759680829036
2013-05-17,7.425705624970095e-05,0.8107286726722556,0.00012662921572347772,1.036462475079165,7.861607468803361e-05,7.408102722878596e-05,1.0587017403931929
2013-05-20,7.217439206379002e-05,0.8005554109258795,0.00013040537914789979,1.0516237412322116,7.766596049797492e-05,7.55302232663383e-05,1.0760874913824183
2013-05-21,7.13709588975209e-05,0.7974719947605756,0.00012970454954300124,1.0637786626354535,7.672798823410044e-05,7.648542896139624e-05,1.0750589514184825
2013-05-22,7.35750525384875e-05,0.7951169264738894,0.00013178357746267035,1.0919449293340375,7.829372133266372e-05,7.702483080429209e-05,1.064134086641771
2013-05-23,7.454058968752127e-05,0.7847296080237574,0.00013555361830221418,1.0952062475483242,7.888092746473585e-05,7.728587571984225e-05,1.0582278433187817
2013-05-24,7.630250921850573e-05,0.717155469937629,0.00014770225691363968,1.0949124451364631,7.613358684497107e-05,7.722879684180592e-05,0.9977861491677695
2013-05-28,7.438631671877e-05,0.6841731719369324,0.00016196922622479222,1.0837156672955877,7.50980779081692e-05,7.566825366934187e-05,1.009568442433978
2013-05-29,7.273626036607267e-05,0.6608290855612389,0.00016960060352273038,1.1271224635908508,7.33970036440239e-05,8.051509285532498e-05,1.0090840974587612
2013-05-30,7.309916508279677e-05,0.6463587811587101,0.00017529452604291457,1.1377264361293395,7.316679622575533e-05,8.106766680754387e-05,1.0009251972013902
2013-05-31,7.696255068093324e-05,0.645519828688484,0.00018146940139320453,1.187034646734316,7.628708436712296e-05,7.840068153317895e-05,0.9912234416890549
2013-06-03,7.835861755638394e-05,0.6217417395967999,0.00019372828696837698,1.218706678804056,7.660373157084013e-05,8.106993098728068e-05,0.9776044289668452
2013-06-04,7.696792659140356e-05,0.6072033713451901,0.0002056586825366125,1.2309582021488148,7.639458791803273e-05,8.146558486401354e-05,0.9925509403882672
2013-06-05,8.390672708275947e-05,0.611235268300175,0.0002114243633979459,1.2322829415643182,8.141122908320921e-05,7.542770869989337e-05,0.9702586659459511
2013-06-06,8.864935953499249e-05,0.5998286473337132,0.00021437304767569078,1.2400315187043458,8.268944856466978e-05,7.453345218393629e-05,0.9327698361095303
2013-06-07,8.584609796353898e-05,0.5871704365732174,0.0002347152737983163,1.172986873580517,8.334799112495626e-05,6.681691536001833e-05,0.9709001702134007
2013-06-10,7.344670994631798e-05,0.5728499342098194,0.00024703160685058464,1.1681104581670398,7.716196918130994e-05,6.667471374770511e-05,1.050584420155885
2013-06-11,7.540176794643908e-05,0.5687817675970801,0.00025698143756925203,1.1847098445308808,7.917486073377883e-05,6.523568447715942e-05,1.050039845087186
2013-06-12,7.564969572692771e-05,0.5728162982555153,0.0002610048416462478,1.163174896589507,8.049024345260269e-05,6.768484142879113e-05,1.063986347587542
2013-06-13,7.668406692361186e-05,0.5753669069769319,0.0002704781239716808,1.132221518308105,8.286354724396367e-05,6.070346175681615e-05,1.0805836279719938
2013-06-14,7.978958283363962e-05,0.5746239523801636,0.0002711129830501642,1.1328624361916786,8.451464663638036e-05,6.076825779072412e-05,1.059219056359681
2013-06-17,6.406673037804978e-05,0.5671680218736652,0.0002655880439866909,1.1410107534653424,7.398305774665139e-05,6.03094686378899e-05,1.1547812306026326
2013-06-18,5.269216623890948e-05,0.5511409033696691,0.0002485945195428436,1.10421217326746,6.307851279892131e-05,5.7776804587188924e-05,1.1971136755494072
2013-06-19,5.313666894497608e-05,0.5507979225350083,0.0002487953262887362,1.1495366877630904,6.333015708257388e-05,5.714771800123595e-05,1.1918352870059155
2013-06-20,6.610900161714408e-05,0.5592431611444506,0.0002589575967666478,1.302995288548802,7.317206460233852e-05,4.534359433932201e-05,1.1068396559079599
2013-06-21,6.524441916700448e-05,0.5601934617719202,0.00026076217691003306,1.282367593238665,7.306880744720209e-05,4.49988604944865e-05,1.1199242537537153
2013-06-24,5.5679700730278476e-05,0.5486031030938223,0.0002613531397806162,1.367414046636085,6.617905584251962e-05,5.1326499644156896e-05,1.1885670176839083
2013-06-25,5.683904438603972e-05,0.5362096729757967,0.0002596444891056051,1.392208683356994,6.513997426425128e-05,5.004639964640439e-05,1.1460427417082044
2013-06-26,5.616484134519195e-05,0.5334606283130054,0.0002589214899681488,1.3825144054799134,6.43307610292722e-05,4.7079604424901366e-05,1.1453920190727878
2013-06-27,5.600093181678947e-05,0.5347749989823871,0.00025989494985231674,1.436455341691077,6.451603109730933e-05,4.8393154900738235e-05,1.152052814199191
2013-06-28,5.651835513949762e-05,0.5384771699054819,0.0002466120115675003,1.4635343989646117,6.357248161364444e-05,4.916523344863542e-05,1.1248112486065094
2013-07-01,4.0959150997653995e-05,0.5424963461142688,0.00023983015585822,1.4298482193657986,5.376803749645376e-05,4.904145566573039e-05,1.3127234375422825
2013-07-02,4.708768430286185e-05,0.5498518795419789,0.00023535395914752485,1.4371010773190769,5.788421323050738e-05,4.9225251695737085e-05,1.2292856208048724
2013-07-03,4.5307854285029834e-05,0.5542199861473194,0.00023510379586267656,1.4388653883124047,5.720035856867851e-05,4.9285097688567976e-05,1.2624821782297044
2013-07-05,5.048108536897671e-05,0.5621241916245137,0.0002295441288702963,1.4919734571214562,6.0510356630456545e-05,5.034541480756302e-05,1.198673843642105
2013-07-08,5.858594159480322e-05,0.5625602332185202,0.00023072154722189985,1.5504222911893666,6.540482891416292e-05,5.301521941674792e-05,1.1163911876081303
2013-07-09,6.185296409698371e-05,0.564894610293337,0.00022414378118596888,1.6327849139169042,6.65136891430795e-05,5.445606517341209e-05,1.075351684662806
2013-07-10,6.043816195282401e-05,0.5662051012106526,0.00022634305642058326,1.6182005662042305,6.622363111225801e-05,5.4343820169905134e-05,1.0957254319539027
2013-07-11,6.428746384905295e-05,0.568329669715601,0.0002347805430655696,1.6626545201793304,6.98223604984683e-05,4.944276486088054e-05,1.0860960491832636
2013-07-12,6.999194674271863e-05,0.5659085069998132,0.00024372813363752227,1.6000881115843333,7.391338473028175e-05,4.86666620938959e-05,1.056026988390219
2013-07-15,7.060701256657018e-05,0.5664694736790564,0.0002495829618280412,1.6281204041479764,7.519827818283234e-05,4.968940769904421e-05,1.0650256320069256
2013-07-16,3.5042919617133015e-05,0.5645164022110513,0.00025063268574935875,1.6124425628433448,5.29048588743991e-05,5.2935315657346494e-05,1.5097160696773995
2013-07-17,3.792838595062833e-05,0.5517471419698962,0.0002618141165222421,1.6626418298315662,5.498178086947523e-05,5.4662579941989145e-05,1.4496208971572224
2013-07-18,3.7451029819475974e-05,0.5605285314648464,0.00026164461641080023,1.5663986194957351,5.54862669846383e-05,5.5996216382782e-05,1.4815685243395713
2013-07-19,4.0860668714576163e-05,0.5655157635517719,0.00026243132625758544,1.5807395332626444,5.856056899251622e-05,5.724730481723118e-05,1.4331769605039772
2013-07-22,3.950888193740232e-05,0.5654174248255498,0.0002611884160967703,1.5567811855789953,5.7437233547222115e-05,5.645754868533587e-05,1.4537802825760897
2013-07-23,3.3171208880188284e-05,0.5550377930408873,0.0002698960945806345,1.5327976180228893,5.2517192998810874e-05,5.572191515630212e-05,1.5832161314499786
2013-07-24,3.471216593235655e-05,0.5430307199361801,0.0002748239209863697,1.5078204420796375,5.303865730676052e-05,5.482033228041435e-05,1.5279558587648125
2013-07-25,3.488954269695917e-05,0.5317916128370918,0.00028349480459293207,1.4663609786103429,5.288855167664759e-05,5.3860848722226345e-05,1.5158854942875803
2013-07-26,3.343176772700175e-05,0.47165252886832454,0.0003883266231547639,1.4144106054110692,5.37403413728429e-05,5.280128182711965e-05,1.6074633507769491
2013-07-29,3.360094972876798e-05,0.4776588943129653,0.00036607976855797177,1.3510623606135816,5.297628618560111e-05,5.206992448623333e-05,1.576630619468611
2013-07-30,3.816574763863081e-05,0.5570403480547178,0.00031991558700144484,1.350374279463788,6.155186846399199e-05,5.2075882950669954e-05,1.6127515448351937
2013-07-31,3.750748633018741e-05,0.6093766039698215,0.0002787904714205284,1.3206387595795772,6.231372582703542e-05,5.3469371444752864e-05,1.6613676874657162
2013-08-01,4.226173154810077e-05,0.6329813166596976,0.0002563814867089597,1.2070223061079282,6.588823375209958e-05,4.6768715854938854e-05,1.5590519209348528
2013-08-02,4.130983358011611e-05,0.6470684115011297,0.00024105648324205243,1.1893299703478148,6.457082419950098e-05,4.784812310293834e-05,1.5630860403800129
2013-08-05,3.7225611971094185e-05,0.6444440089074058,0.00022691106482208487,1.2163623181887573,5.922893867302922e-05,5.234382184106227e-05,1.5910803217693423
2013-08-06,4.1983018398946586e-05,0.6639893715102944,0.000216620700286772,1.1840143683477256,6.332102481282244e-05,5.030596638987295e-05,1.508253270670297
2013-08-07,4.81253999850549e-05,0.6729351261140107,0.00020314475503505072,1.15530244087942,6.653699474098271e-05,6.110833929551647e-05,1.38257541260219
2013-08-08,4.5117615842124565e-05,0.6688980817730853,0.000186239437691673,1.1486088950398314,6.131529857620019e-05,6.147753449433048e-05,1.3590101655804356
2013-08-09,4.7210405389653165e-05,0.6664089200712038,0.00017708913475877267,1.1448790256504098,6.0933429829582016e-05,6.142513807799363e-05,1.290677962340405
2013-08-12,4.729046229109182e-05,0.6631311644545838,0.00016161719065929632,1.179165247507407,5.797356331263772e-05,6.469555990719311e-05,1.2259039244697403
2013-08-13,5.1414947954433665e-05,0.6868251472965434,0.00015760220752473862,1.186737190102064,6.182612624966953e-05,6.994787927664111e-05,1.2024932185959372
2013-08-14,5.361675369996386e-05,0.6946610088389834,0.00015705651987325272,1.1728383398022817,6.374573976156317e-05,6.932253480943125e-05,1.18891457170795
2013-08-15,5.120699157562921e-05,0.704387925126906,0.00015679203269273128,1.1657264485093832,6.311586354818506e-05,6.394607574957473e-05,1.2325633982025141
2013-08-16,4.9139520575593413e-05,0.6912678248434246,0.00015389982834444063,1.1694205976202128,6.0114725491384884e-05,6.366302198870578e-05,1.2233478224295624
2013-08-19,5.1240075352845624e-05,0.6911560346522893,0.00015901662241433648,1.1887349234313802,6.238816994197996e-05,6.367787726090244e-05,1.217565928862656
2013-08-20,5.687877447837599e-05,0.709104090491475,0.00015786014693692306,1.2078255128539015,6.71925862097745e-05,6.535632388946993e-05,1.181329710880455
2013-08-21,5.746511661394483e-05,0.7204620081375622,0.00015555486992902657,1.2152393772501169,6.811692532369773e-05,6.433513943388761e-05,1.185361299817985
2013-08-22,5.43081375808944e-05,0.7168584542674409,0.00015755867792432475,1.2060889099237295,6.631122183940516e-05,6.24938041137352e-05,1.2210181529541797
2013-08-23,4.6628310947370826e-05,0.6524728940726254,0.00016135936210012825,1.2069268499467212,5.6595825707778155e-05,6.241905072343084e-05,1.2137652974746955
2013-08-26,5.7057237442025364e-05,0.6281063096754778,0.00016494163117920655,1.2210817066338586,6.0933155469021724e-05,6.2874533323715e-05,1.0679303485545475
2013-08-27,6.26349019454684e-05,0.6691279715704082,0.00017549423067102533,1.1075679371432403,7.015341354014346e-05,5.014606964627425e-05,1.120037093715272
2013-08-28,6.352118414260544e-05,0.6866239332876404,0.0001870258800506213,1.0914188236982925,7.483919089077513e-05,4.981834157773897e-05,1.1781768854113408
2013-08-29,6.345432123592429e-05,0.6674871450564476,0.0001943642381918875,1.086442280605611,7.412789843700409e-05,4.960787859377984e-05,1.1682088310644008
2013-08-30,6.533098257867051e-05,0.6528392907448323,0.0002036973661111582,1.065243502735749,7.53110297746556e-05,4.816181848068755e-05,1.1527613209240697
2013-09-03,6.741624909395761e-05,0.6416366029991512,0.0002182277604442957,0.9990127674491625,7.78263067616489e-05,4.55044594773289e-05,1.154414667199637
2013-09-04,5.29054408502055e-05,0.6414362596212945,0.00020482368894566514,0.9751666943599664,6.677190504037477e-05,4.37000454212642e-05,1.262099019823505
2013-09-05,5.526096611110341e-05,0.6275218436760673,0.00019451993832186743,1.0680583454725483,6.50609119144346e-05,5.2653803347070255e-05,1.1773393860619117
2013-09-06,5.903493096893949e-05,0.6175706926002535,0.00018707866793701063,1.12377927672606,6.490129197661717e-05,5.911483919214872e-05,1.0993710149464593
2013-09-09,5.950680039687122e-05,0.6086876807665114,0.00018176721470938533,1.1250178718254409,6.330464651355183e-05,5.749583702561371e-05,1.0638220521243198
2013-09-10,6.058865375686932e-05,0.6049224357385614,0.00018151019417327855,1.0875336219431195,6.343747001270573e-05,5.4878775411528205e-05,1.0470189726820496
2013-09-11,5.2548421709793746e-05,0.6039311582175376,0.00017626080503263964,1.0805097480184616,5.812261552730823e-05,5.559082962312982e-05,1.1060772833159247
2013-09-12,5.463125330927889e-05,0.6128706279475402,0.00016935091911251144,1.0753731114754264,5.894991308042533e-05,5.529885050863443e-05,1.0790510835747738
2013-09-13,5.629719144726608e-05,0.6052364231019478,0.00016137908170493154,1.071388424493264,5.7688871116352806e-05,5.529321726830606e-05,1.0247202326316815
2013-09-16,5.4138744378514925e-05,0.6095308124544729,0.00015962865511478494,1.1021422018604672,5.666373287963651e-05,5.6939967970799264e-05,1.0466392143022
2013-09-17,5.7555509167455784e-05,0.6115258751481818,0.0001565052745311509,1.1017190225421254,5.803938171348256e-05,5.690020881168725e-05,1.0084070587338383
2013-09-18,6.204530316157312e-05,0.6330280040235032,0.00015682147933005709,1.080063707702714,6.244248115978137e-05,5.337845155949853e-05,1.0064014192528634
2013-09-19,6.178297806302708e-05,0.6433575117607865,0.00015271936223416153,1.113104783486514,6.249335578159475e-05,5.618343385283224e-05,1.0114979520385532
2013-09-20,6.675064824066973e-05,0.6628708434201408,0.00015046304283728267,1.1603595111667977,6.643112097200516e-05,5.453564297282945e-05,0.9952131211143821
2013-09-23,6.644616634370019e-05,0.6644860735707327,0.00015022079143543445,1.154464926622954,6.638743217844109e-05,5.346856120964517e-05,0.9991160638981745
2013-09-24,6.687102886618699e-05,0.6513510465736931,0.00015138054864691187,1.1834061667813591,6.553437401003187e-05,5.446527525347747e-05,0.9800114507161264
2013-09-25,5.221698153901886e-05,0.6432453767186858,0.00014956392209565888,1.1849612592938643,5.684548520842865e-05,5.404742900284352e-05,1.0886398166456857
2013-09-26,5.0374063840171386e-05,0.6417297525286961,0.00014898266342004896,1.177783056968684,5.559343846935849e-05,5.369504100375514e-05,1.1036123399880406
2013-09-27,5.122431082106018e-05,0.6439158844659282,0.00014786046200264505,1.2044730642114252,5.603936817148812e-05,5.435384574010437e-05,1.0939994559858148
2013-09-30,5.1567877421329924e-05,0.7264437142404774,9.348142983801527e-05,1.214555977561961,5.0437583544011715e-05,5.445745958148819e-05,0.9780814349195864
2013-10-01,5.3629225784131454e-05,0.7185269380762712,0.00010415705494413449,1.2449672239279392,5.3701716096967497e-05,5.470117609482706e-05,1.0013516941886842
2013-10-02,4.9785428743887e-05,0.7064112515495735,0.00012058633089609564,1.221207806304996,5.473407390182476e-05,5.4417791509250893e-05,1.0993994685351665
2013-10-03,5.1677659876475144e-05,0.7041914729722833,0.00013650172352149781,1.217615625526353,5.9144075695155264e-05,5.3640532901472544e-05,1.1444805325265706
2013-10-04,4.988490741732951e-05,0.7045972200769436,0.00014413685871210056,1.2188643924270923,5.974657815026394e-05,5.275199403747345e-05,1.197688464176814
2013-10-07,5.300164613196136e-05,0.7094265472738154,0.00015308859285065578,1.3169212736505078,6.390333602065598e-05,5.462403691924255e-05,1.2056858736340383
2013-10-08,5.7418241986777646e-05,0.7118284153240001,0.00016587890842263117,1.287041547524988,6.946976832675948e-05,5.305969883070418e-05,1.2098902007964139
2013-10-09,4.671951297786224e-05,0.7157072065616895,0.00016255670789282843,1.2663526481117575,6.23716152660106e-05,5.2892891533789564e-05,1.3350228050443296
2013-10-10,5.493659376391755e-05,0.7367279188005813,0.0001705396402359864,1.2788414813068991,7.131003727424275e-05,4.1916029039034655e-05,1.2980425685052086
2013-10-11,5.397060840252837e-05,0.7380705796595562,0.00016796847187735688,1.2528285593788429,7.027331430687665e-05,4.09951487550911e-05,1.3020663725477764
2013-10-14,5.390763459317086e-05,0.7451631196905776,0.00016509067438023832,1.2493012183987604,7.029715693697231e-05,4.114296832466044e-05,1.3040297068771352
2013-10-15,5.553151341989191e-05,0.7521123627938479,0.00016987347223227945,1.223711463647284,7.304916637138258e-05,4.5113731802747544e-05,1.3154542686246273
2013-10-16,4.144281603770634e-05,0.720331044434167,0.00016857394179357302,1.214356471456297,6.020769240860255e-05,4.061776904383524e-05,1.4527896066189896
2013-10-17,4.1583055321708076e-05,0.7109552308732594,0.00016354547452582756,1.2011570278076136,5.8629976152024505e-05,3.9350999616872134e-05,1.4099487326852875
2013-10-18,4.3823960134694674e-05,0.698762812654788,0.00015706709395855165,1.2090486426804392,5.79733235146225e-05,3.922746995404087e-05,1.3228682058042953
2013-10-21,4.4710412594374516e-05,0.6980376711897232,0.00015635607818216768,1.2129655342762935,5.836340000037942e-05,3.936522792182956e-05,1.3053648269781954
2013-10-22,4.4371990394003997e-05,0.6921037978464247,0.00015432216234246792,1.1695925662420836,5.7271668748846374e-05,3.7788382963240524e-05,1.2907166940292476
2013-10-23,3.6244305626284386e-05,0.6635636287522665,0.00015339583272455366,1.157843301075154,4.947767073216209e-05,3.652833015252248e-05,1.3651157023761786
2013-10-24,4.040389782719303e-05,0.6362800477118605,0.00015514252684299502,1.1801577998161747,5.037619569376876e-05,3.714369756445389e-05,1.2468152431536959
2013-10-25,3.967999624918889e-05,0.6271034104898439,0.00015038859041610676,1.1450770844479936,4.844315479861832e-05,3.6070120033898164e-05,1.2208457504480879
2013-10-28,4.081308187982178e-05,0.616589809385429,0.00015194805633756529,1.1740103614220585,4.8556079353387e-05,3.995877855965557e-05,1.1897185195757882
2013-10-29,4.2024721372673885e-05,0.6118786525534771,0.00014902170227568476,1.1539523712933553,4.8421973200449206e-05,3.875648742156896e-05,1.1522259189072237
2013-10-30,3.243679795796633e-05,0.6027921492337737,0.0001388918055795839,1.2551830115997429,4.045990764847218e-05,4.159734682053282e-05,1.2473459217800322
2013-10-31,3.3498134377451295e-05,0.6197268693391964,0.00013675819533409824,1.305784245363258,4.194568749721696e-05,4.369428619998839e-05,1.2521798087194966
2013-11-01,3.528785039280735e-05,0.6286229204907823,0.0001391664178284891,1.3092108370757525,4.405244706615007e-05,4.376058185214373e-05,1.2483743434575767
2013-11-04,3.477448195487655e-05,0.6337734900144998,0.00013839891611717097,1.3148261609052558,4.396739631841094e-05,4.374129107835682e-05,1.2643580535710965
2013-11-05,3.766596277267884e-05,0.6317477325592712,0.00014170546386112846,1.3881611627869563,4.615423173613224e-05,4.576034042913438e-05,1.225356484704286
2013-11-06,3.8333959556374354e-05,0.6442096938414058,0.00014091927882459586,1.5344368993346764,4.7348290310969195e-05,5.6947970443174464e-05,1.2351526129550552
2013-11-07,4.0431492315281525e-05,0.6515844127217668,0.00014935139468964443,1.4416307922072933,5.063318110542565e-05,5.079825501035487e-05,1.252320362320346
2013-11-08,4.3778322206368926e-05,0.6555776229287277,0.00015145744204702596,1.3687153638719465,5.338250959240157e-05,4.403793428661225e-05,1.2193822627728619
2013-11-11,4.088414418239951e-05,0.6503449779944752,0.00014743419980221698,1.3800315270663304,5.049174323617034e-05,4.4536118515586974e-05,1.234995723792278
2013-11-12,3.99781619662566e-05,0.6443795548746355,0.00013926350134395933,1.3695420855659624,4.808081482574607e-05,4.475326250442429e-05,1.2026769731517042
2013-11-13,4.4902541372157916e-05,0.6688639381377908,0.00014250856654108454,1.3283700843945745,5.350492113066977e-05,4.197737326533396e-05,1.1915789061294826
2013-11-14,4.545126757048379e-05,0.6817053775528586,0.00014815376495623756,1.3518640891679372,5.5940464204935555e-05,4.21480210564473e-05,1.2307789682253765
2013-11-15,4.488960878325864e-05,0.6928643451044723,0.00015343831491159793,1.2908501625728468,5.7502673030718226e-05,4.202888503137954e-05,1.2809795983823224
2013-11-18,4.304897041106976e-05,0.6936397133569083,0.00015889573573770965,0.6984198524749596,5.736823067029564e-05,3.0005342451816316e-05,1.3326272410813287
2013-11-19,4.253689180732228e-05,0.6843574992977509,0.00016136764324304017,0.7068373810789739,5.669883495205297e-05,3.0673038487455e-05,1.3329331914724636
2013-11-20,3.986505410246521e-05,0.6119085448506651,0.0001509589436441014,0.6872273134392739,4.746922275884882e-05,3.022673152857844e-05,1.1907477320070505
2013-11-21,3.485111027762049e-05,0.5529536828523778,0.00014945080612147158,0.7188466864791907,3.9906734812041794e-05,3.201379486173589e-05,1.145063514308402
2013-11-22,3.677714977289896e-05,0.4938880713878733,0.00014557656878848123,0.7265983036709757,3.6137933191873226e-05,3.3831085583792855e-05,0.9826191919446468
2013-11-25,4.464079349966786e-05,0.46911545942107225,0.00014279336053452395,0.7362691008035006,3.745412927904272e-05,3.480174694654564e-05,0.839011279656608
2013-11-26,4.5604254902161166e-05,0.44630237119903354,0.00013917354423961193,0.8279177080464734,3.555578079906995e-05,4.83965228338519e-05,0.77965928563795
2013-11-27,5.098239319509307e-05,0.45413664359509626,0.00013761906022499398,0.8875068624280606,3.803960063898981e-05,5.2874813312341596e-05,0.7461321106175736
2013-11-29,5.306536742177139e-05,0.460452594117151,0.000136059863719007,0.8872118119606857,3.9125106045367016e-05,5.286231517871701e-05,0.7373002006072037
2013-12-02,5.1303727815654587e-05,0.4579406530458157,0.00013622788275006548,0.9696162516427131,3.828394326764813e-05,6.178824874693317e-05,0.7462214715704605
2013-12-03,5.129816798105141e-05,0.4557115336813324,0.00013623520946061298,1.0243616069790726,3.809654841438011e-05,6.852389152557216e-05,0.7426492975041967
2013-12-04,4.926678581923591e-05,0.4498615751375448,0.0001374522492588675,1.0300821092489372,3.701961858600503e-05,6.898391112869415e-05,0.7514112798393873
2013-12-05,6.186383108747796e-05,0.4895530799675279,0.00014433719128997949,0.9958893600132306,4.626017995703797e-05,6.879472951176467e-05,0.7477742510260026
2013-12-06,6.149224160789946e-05,0.5210202492879249,0.0001480389853763391,1.0192680403875989,4.9711036069824054e-05,6.767963561833471e-05,0.8084115128995076
2013-12-09,5.694825981469449e-05,0.5419507797626688,0.0001508615519147084,1.033938761720102,5.023302823693244e-05,6.910488918515951e-05,0.8820818827543997
2013-12-10,5.3452041059883435e-05,0.5353895794682745,0.00016414093511118717,1.0016524460602665,5.0148796192787246e-05,6.722006402637052e-05,0.9382017075195408
2013-12-11,5.2671389427449466e-05,0.5462789109844866,0.00016032697110020266,0.9975267680997344,5.0200161734817576e-05,6.377927802937158e-05,0.9530821624511007
2013-12-12,5.926873458923956e-05,0.5671880027280867,0.00015879024353227658,1.0074426755109762,5.502395089092758e-05,6.52712068476977e-05,0.9283807267401549
2013-12-13,5.102150798536989e-05,0.5506825972169991,0.00014810091067343778,1.0051903859217732,4.786927629921898e-05,6.573271313585523e-05,0.9382175907647655
2013-12-16,5.265033739264804e-05,0.5570319320715316,0.00014627779875665367,1.0180406266828446,4.8884353887120246e-05,6.593826340274388e-05,0.9284718067912388
2013-12-17,5.547285481711756e-05,0.5675449658720192,0.00014734098480427316,1.0117214740711733,5.1310035876608394e-05,6.573505107799885e-05,0.924957549882134
2013-12-18,5.7755345996717895e-05,0.5897429573221862,0.000150285562946855,0.9849330534296308,5.494364778694825e-05,5.80269042881924e-05,0.9513170917558103
2013-12-19,6.478693026373803e-05,0.5815014670209818,0.00015286212971434745,0.9803095505495762,5.786879898258444e-05,5.770351990483598e-05,0.8932171773999649
2013-12-20,6.101338500649426e-05,0.5731420299824982,0.00015667539211957322,0.9853547200502228,5.6037043352993835e-05,5.851038397753394e-05,0.9184385253666758
2013-12-23,6.0371580554275465e-05,0.5684417781942236,0.00016056494098844125,0.9612870547656192,5.59664325058434e-05,5.665967381452713e-05,0.9270327526960846
2013-12-24,6.05937066863415e-05,0.5682367309840597,0.00016367020669695074,0.9517054389328704,5.658846047138765e-05,5.7208566355441296e-05,0.933899963643309
2013-12-26,6.0130930524985e-05,0.5713970056478433,0.00016190704870804967,0.9781992236475971,5.6379315742059746e-05,6.242930650999785e-05,0.9376092345458312
2013-12-27,6.1029823506439453e-05,0.563282176899731,0.00016618320974490195,0.9774309698206216,5.672710731722106e-05,6.237896780550024e-05,0.9294981380903977
2013-12-30,6.103786899254316e-05,0.5623873208320174,0.00017560815943198284,0.9903865935393664,5.8224738637986695e-05,6.326926864162951e-05,0.9539117206909675
2013-12-31,6.15980310886923e-05,0.5607627523934108,0.0001829147183990651,0.9972718472974438,5.952328625963132e-05,6.330006540540633e-05,0.966318000877761
2014-01-02,6.274975633376732e-05,0.5680627973690362,0.00019162541840221666,0.9776953484011762,6.229151994841464e-05,5.979026915716596e-05,0.9926973997649439
2014-01-03,6.287727487442676e-05,0.5980173206837627,0.00019572037822886585,0.9244781888000734,6.634048489271233e-05,5.716591179910982e-05,1.0550788822384878
2014-01-06,6.194585296328845e-05,0.5931648753552451,0.00019718489666960376,0.9151284910561538,6.555689389040944e-05,5.6344608749603705e-05,1.058293505608213
2014-01-07,5.985294868622432e-05,0.5863632993466341,0.00020314497622258646,0.9172209243952766,6.465656061166123e-05,5.863159479312087e-05,1.0802568967924968
2014-01-08,5.957982003469859e-05,0.5853388308312523,0.00020635393510304482,0.9154020517847122,6.490278110622681e-05,5.870044518309579e-05,1.0893416775751956
2014-01-09,5.8876921963223624e-05,0.5855454460372415,0.00020803580340625328,0.8913122838145975,6.480405748244152e-05,5.871101291818374e-05,1.1006699284130406
2014-01-10,5.8643073362417135e-05,0.5955352230196097,0.00020017291662232867,0.8928515255436315,6.452358256986273e-05,5.962259209213e-05,1.1002762793672793
2014-01-13,6.549653155125348e-05,0.571898188318264,0.00022072692843973623,0.7411102978605979,6.876311333748137e-05,4.679724991470192e-05,1.049874118657286
2014-01-14,6.384952094066409e-05,0.5657279498718497,0.00021037271830862605,0.7727703313106897,6.556637398423634e-05,4.7411512944782336e-05,1.0268890512924558
2014-01-15,6.070372053025981e-05,0.5574004426502455,0.00019884863163629937,0.7528600336747269,6.12401530693955e-05,4.7023915302988954e-05,1.0088368972189816
2014-01-16,6.085694586035492e-05,0.5501964112615289,0.00020338622823697615,0.7614736450969382,6.121158161783696e-05,4.7844889968739645e-05,1.0058273669910385
2014-01-17,6.130074788390541e-05,0.5548490138633866,0.0002041747200429915,0.7277076785274083,6.20738509983546e-05,4.5727190082978604e-05,1.0126116424535854
2014-01-21,6.022038567812545e-05,0.5210228839853858,0.0002104934003445817,0.7698164473353389,5.866077639297125e-05,4.9205336223836926e-05,0.9741016390447875
2014-01-22,6.0180607898710316e-05,0.5158389820729288,0.0002132573229266664,0.770184615641174,5.843787572277051e-05,4.930565300745241e-05,0.9710416322335429
2014-01-23,6.197862719476769e-05,0.5286271837854477,0.00021198665274546212,0.7818250562285644,6.059331699086717e-05,4.919400519849504e-05,0.97764858199348
2014-01-24,8.312838911315208e-05,0.5257965361173415,0.00022308626640958905,1.1213640531876343,7.160260463901119e-05,5.940758664174004e-05,0.8613495991309021
2014-01-27,7.785643656399444e-05,0.5454772614609675,0.0002230419695267907,1.1191323865690623,7.188151277139933e-05,5.912734280270613e-05,0.9232571633601032
2014-01-28,5.7778264472590076e-05,0.5518299008237959,0.00021719657440592125,1.1322902821047278,6.181785917751983e-05,5.936489834569676e-05,1.0699154732632394
2014-01-29,5.541992369045716e-05,0.5735220541671308,0.00021720168438437587,1.0394464639953167,6.29237618986547e-05,5.18352734813801e-05,1.1353996488719387
2014-01-30,5.718939038351772e-05,0.5956140145063341,0.00021299235213453316,1.1060234529498332,6.573620772417915e-05,5.717997008092012e-05,1.1494476035387966
2014-01-31,5.786696567157789e-05,0.6010940203233539,0.00021221533253240214,1.1083757502752392,6.661102889091015e-05,5.9757573588807816e-05,1.1511063024966421
2014-02-03,7.055814511505822e-05,0.6247523906495546,0.00022092238527651148,1.0668996873873298,7.80012147230547e-05,4.399476126905558e-05,1.105488453471377
2014-02-04,5.3287933521446234e-05,0.6026623442463371,0.00023009544484280545,1.0313825645746315,6.67332854124468e-05,4.383329649016015e-05,1.2523151303210014
2014-02-05,5.1744253938995175e-05,0.6003174174044553,0.00022492742897132107,1.1143271582806635,6.476393352363679e-05,5.999473026898321e-05,1.2516159494731802
2014-02-06,5.460185755120456e-05,0.5966290982280196,0.00023709793642096195,1.0867244392181628,6.788471927745219e-05,5.709374922029947e-05,1.2432675795652413
2014-02-07,6.356327391387762e-05,0.6104354740735406,0.0002425358222974689,1.032054334218956,7.57933039409207e-05,5.2200516726492664e-05,1.192407175936432
2014-02-10,6.2547563500994e-05,0.6189995348538159,0.00023723485717155933,0.9944064547778824,7.540233090650075e-05,5.118129616296391e-05,1.205519874571972
2014-02-11,5.609995653519849e-05,0.5983322989062133,0.00022294518590604802,1.1362883753133082,6.691488859457686e-05,5.822839524670964e-05,1.1927796869609484
2014-02-12,5.280573476410588e-05,0.5766580755616413,0.00020914324889704527,1.1326122710124364,6.060114759146919e-05,5.806141709171884e-05,1.1476243605393812
2014-02-13,5.31879934714369e-05,0.5712967426579426,0.00020142910568821047,1.1226075461257654,5.9132966078095995e-05,5.722395373972517e-05,1.1117728310215664
2014-02-14,5.362200748552388e-05,0.5688867508522922,0.00018202815443721913,1.13344654581385,5.62039238560321e-05,5.754942040647794e-05,1.0481503116272781
2014-02-18,5.088126402858046e-05,0.5517385673027015,0.0001785500296141161,1.146215173472149,5.258867782629575e-05,5.838177274935738e-05,1.0335568274553129
2014-02-19,5.093399391722896e-05,0.5571219986111837,0.00017917642750675048,1.1533295292840011,5.322241904756282e-05,5.7476415769194385e-05,1.0449292300551316
2014-02-20,5.128532994270177e-05,0.5621911681511363,0.00017876288012109296,1.0987593330843226,5.3829366304942625e-05,5.588081659074447e-05,1.049605537589076
2014-02-21,5.0142924359823583e-05,0.5574626544350229,0.000180583301110912,1.0790123491494583,5.304682577415683e-05,5.502055993143899e-05,1.0579124861863853
2014-02-24,5.289213529725008e-05,0.5561934486773584,0.00017825685888140977,1.0748243280284224,5.400631483672936e-05,5.460727081065869e-05,1.0210651268514244
2014-02-25,4.99909412374215e-05,0.534481195768659,0.00018111365523772855,1.0624944080043568,5.0857345107175785e-05,5.413060702982689e-05,1.0173312173827551
2014-02-26,4.8822079787728685e-05,0.5459765174040504,0.0001845435883597253,1.0642247164634897,5.182407778870185e-05,5.421833199087546e-05,1.0614885317058473
2014-02-27,4.902946505121921e-05,0.5595323655605701,0.00018146012810237573,1.0664153771623486,5.277696316011296e-05,5.382358361003988e-05,1.0764335916163654
2014-02-28,4.913560627678946e-05,0.5644764199954668,0.0001808770591952011,1.0884309852566365,5.3215201200090366e-05,5.487524099133716e-05,1.0830272633723055
2014-03-03,5.060228536900576e-05,0.5748277498846032,0.00017839265882009725,1.1287803893960242,5.461491732121058e-05,5.7612768641595254e-05,1.07929744522295
2014-03-04,5.593664385448813e-05,0.5886618246784371,0.0001807608488495725,1.108029317453374,5.9192442523289095e-05,5.256699667915904e-05,1.058205112864306
2014-03-05,4.9068183379191435e-05,0.6016245560001734,0.00017667048464892521,1.1106244380904022,5.601541323910522e-05,5.270082782612536e-05,1.1415831885649128
2014-03-06,4.928243059442446e-05,0.6045463218823993,0.00017871598858585472,1.0980893197315198,5.67358213754622e-05,5.203220429505685e-05,1.151238295090928
2014-03-07,4.8971813978785636e-05,0.6109131399207751,0.0001759535610146984,1.1073529316354225,5.670894818396833e-05,5.478075639330836e-05,1.1579915787586383
2014-03-10,4.912023117884392e-05,0.6118923399990625,0.00017145147235692878,1.1100752173902912,5.615337023700328e-05,5.4915409162351e-05,1.1431821245415583
2014-03-11,5.148937537691702e-05,0.6106475752135845,0.0001749996082416091,1.19024906887441,5.796528651241339e-05,5.882521587867911e-05,1.1257717944350818
2014-03-12,4.8906113932888686e-05,0.6325206257812223,0.00017071425153724034,1.1591369169863268,5.779511852675938e-05,5.9389764368426427e-05,1.1817565101588037
2014-03-13,5.192240840939531e-05,0.65173346838545,0.00016836327671497097,1.1723147541336612,6.09356043885002e-05,5.685660024175578e-05,1.1735897130972446
2014-03-14,5.053194068255615e-05,0.6550088308368709,0.0001643953672360519,1.173822914985827,5.9700082511978615e-05,5.693373139321217e-05,1.1814326088724185
2014-03-17,5.312543808337814e-05,0.6563342016084125,0.00016214960330819113,1.223619438918365,6.091640191350274e-05,5.8476275559189515e-05,1.1466522274676967
2014-03-18,5.3640183376897774e-05,0.6568546857654096,0.00016164687502242547,1.2040730269480615,6.116431072027366e-05,5.807258507531925e-05,1.1402703508768475
2014-03-19,4.9711758607667365e-05,0.6449001945807786,0.00015067087245843012,1.285467144813223,5.5813174285602696e-05,6.121863849947006e-05,1.1227358646892502
2014-03-20,4.924048797705463e-05,0.6432216312893546,0.00015252580170932955,1.2727105952492517,5.574340243760496e-05,6.0132901128673525e-05,1.1320643788822848
2014-03-21,5.1299807125194504e-05,0.6430269851739258,0.00015107996164706765,1.3593939197363427,5.66096536692145e-05,6.28588804143445e-05,1.1035061697417612
2014-03-24,5.150721281894852e-05,0.6436582317474744,0.00015109626210759955,1.349318960616369,5.678272272388495e-05,6.174383959611284e-05,1.1024227407427425
2014-03-25,5.187847468728203e-05,0.6382009772312657,0.0001536171855327776,1.373015936673546,5.6973246324643305e-05,6.294070269479282e-05,1.0982058872793008
2014-03-26,4.894688218699071e-05,0.6718002984391773,0.00015194257234043805,1.3604506316252818,5.793519144636406e-05,6.0391956271617954e-05,1.1836339488393868
2014-03-27,4.819111839496585e-05,0.6816302661878004,0.0001513240640319083,1.364659797988097,5.820849449882501e-05,6.029044592240774e-05,1.207867682624805
2014-03-28,4.77393720640184e-05,0.6963535179537397,0.00015125816891276825,1.3632379550446423,5.91735390630486e-05,5.979391276522911e-05,1.2395123040935059
2014-03-31,4.471229395078723e-05,0.7085596455979914,0.00014569770592232564,1.4238601210194717,5.7189493097642224e-05,6.0743954332879605e-05,1.2790552227221461
2014-04-01,4.637295349124256e-05,0.6932709099939798,0.00014639402482698424,1.40006406762681,5.7121161708431616e-05,5.968873198861224e-05,1.2317775213351212
2014-04-02,4.141854620280984e-05,0.6966430973651766,0.00014705308540762364,1.416558101260884,5.436818492412415e-05,6.069109036891684e-05,1.312653144750788
2014-04-03,4.131197301210188e-05,0.6827003685620244,0.00014042199331640702,1.4100017817464008,5.199788420751123e-05,6.0270935556353054e-05,1.2586637823441411
2014-04-04,4.5815215175484866e-05,0.6729826909804153,0.00015117147723463865,1.383817239999533,5.600717767598832e-05,5.399671304326421e-05,1.2224580297498426
2014-04-07,4.72141155464609e-05,0.6743920359822752,0.0001563089001465018,1.3610798232397043,5.7934893888742646e-05,4.911895167649177e-05,1.2270672280566604
2014-04-08,4.530353492960697e-05,0.6412690714996477,0.00015040719312091897,1.3492235544502855,5.293472275300716e-05,5.0487503558299814e-05,1.1684457478926886
2014-04-09,4.691297863661334e-05,0.66424983396008,0.00014421323342088635,1.357941095157812,5.4636203743478066e-05,4.7998191321490826e-05,1.1646287516017395
2014-04-10,5.810324280314903e-05,0.7016329724637851,0.0001684133574543876,1.3052988134414172,6.940622802892988e-05,3.135598074909085e-05,1.1945327778705022
2014-04-11,5.691804938589508e-05,0.7038551725466766,0.0001733813928352623,1.199222863013096,6.992130967581552e-05,2.587155932096696e-05,1.2284558313262013
2014-04-14,5.793906540801691e-05,0.6967885569995614,0.00017468709545040545,1.1730727940329249,7.009986224303548e-05,2.512805514221171e-05,1.2098894200205015
2014-04-15,5.375893588153699e-05,0.692614495729068,0.00017903229337025775,1.2510863792403497,6.794892588289353e-05,2.5984074945038975e-05,1.2639559315799247
2014-04-16,3.1303883437837385e-05,0.6544968240945033,0.0001753099527287925,1.1293628941011626,4.848528343051249e-05,2.1745579692020913e-05,1.5488584196524238
2014-04-17,3.0074876652121772e-05,0.640132002372833,0.00016490124075200832,1.1309340682674704,4.507995031277627e-05,2.1826009840724722e-05,1.4989238637358102
2014-04-21,3.398061258211898e-05,0.6292791688335583,0.00015477778090358096,1.0130387904490334,4.563659830867792e-05,2.054984538466116e-05,1.3430187051039941
2014-04-22,3.465237531876505e-05,0.6247318601537094,0.00014658301690985404,1.0107053918783744,4.4524801037749704e-05,2.0498409383219452e-05,1.2848989608408896
2014-04-23,3.661275306357103e-05,0.6232699747985532,0.00013765223792709604,0.9777101144366468,4.4247021087801974e-05,1.9652651252878185e-05,1.2085139025458014
2014-04-24,2.8915216768426475e-05,0.6039091123628403,0.00012917113409476632,0.9640463714719067,3.690774787829745e-05,1.9374168988266547e-05,1.2764126298578642
2014-04-25,3.367547480592454e-05,0.5993216486590854,0.00012345648938912819,1.117691896171005,3.864326302805971e-05,2.0350048314785278e-05,1.1475194707948462
2014-04-28,3.364553762091845e-05,0.5966481017160123,0.00011740329438001728,1.1512356909235488,3.749921195434322e-05,2.1657642786775758e-05,1.1145374574436528
2014-04-29,3.9441733334885286e-05,0.59442852672424,0.0001138119634959227,1.196280257624262,3.982645007171499e-05,2.2165486298097364e-05,1.0097540524794693
2014-04-30,4.001418281063408e-05,0.6081070195541911,0.00010433538289922542,1.226342691965183,3.9291879157368515e-05,2.3026199224671234e-05,0.9819488090839229
2014-05-01,2.1991126094734782e-05,0.6081373599137021,9.903281720559814e-05,1.241309714146787,2.8380169543762723e-05,2.3871114937520295e-05,1.2905282531465105
2014-05-02,2.5114593555483047e-05,0.59668420423447,9.678135409214957e-05,1.1794134103537597,2.941734441690009e-05,2.4014023499926808e-05,1.171324726076551
2014-05-05,2.3421323104644024e-05,0.5923996412117518,9.272268602738704e-05,1.1964998913478777,2.7606636791953365e-05,2.4671054639350463e-05,1.1786967230079102
2014-05-06,2.3724080850696792e-05,0.5789057824863716,9.415451567865758e-05,1.104679796794268,2.7360445350370025e-05,2.1000381541764334e-05,1.1532773607777698
2014-05-07,2.503936026433856e-05,0.5787877168882641,8.965814067991862e-05,1.1362148903664486,2.7423683272635708e-05,2.100431367631011e-05,1.095223000233474
2014-05-08,2.245244272166245e-05,0.5875420408222206,9.097624888135948e-05,1.092898062822392,2.655429398512642e-05,2.0473355734041696e-05,1.1826906459272
2014-05-09,2.6257615904936162e-05,0.5981359858718066,9.003272129535108e-05,1.072166033517847,2.908223409898605e-05,2.0297527898409162e-05,1.1075732924221382
2014-05-12,2.5472098693136958e-05,0.6018209519792463,9.218255585062693e-05,1.0411048253925017,2.9162452223570693e-05,1.8106661967103192e-05,1.1448782675857032
2014-05-13,2.7268227179962204e-05,0.5969209004423439,9.27385348728429e-05,1.1537992446318102,3.0017557584635795e-05,2.3989043710090265e-05,1.1008254180416215
2014-05-14,2.54765910501542e-05,0.6036493338181138,9.238023703902344e-05,1.0615058567059945,2.9284979189404842e-05,2.3423500852511197e-05,1.1494857821344033
2014-05-15,2.174205444419079e-05,0.5962420077161933,9.023215338434762e-05,1.1133157819573305,2.640909513296775e-05,2.2310961956952698e-05,1.2146549996347717
2014-05-16,2.0552751262807784e-05,0.5802605326403979,8.945997250222369e-05,1.116644764108364,2.488126149882422e-05,2.2501212355939938e-05,1.2106049054293426
2014-05-19,2.1296152341554682e-05,0.5732488828314123,8.865871514994986e-05,1.1299768037737576,2.490889752999213e-05,2.2637167847267915e-05,1.169643094700632
2014-05-20,2.0908636850371392e-05,0.5719317170132999,8.889038003363891e-05,1.0598369457864094,2.4656670002531207e-05,1.9897818553702297e-05,1.179257652183731
2014-05-21,2.119414789263069e-05,0.5705030995358865,8.779138293390468e-05,1.2623209426604227,2.460888482523353e-05,2.3162003398238985e-05,1.1611169720010384
2014-05-22,2.007249814887391e-05,0.5762382215030812,8.612396453774435e-05,1.248632576185033,2.3958784507228626e-05,2.2858859939148553e-05,1.1936124905595142
2014-05-23,2.2049522594442057e-05,0.5744415133391356,9.159919138872204e-05,1.1895506798276183,2.5816135566030957e-05,2.222762695423535e-05,1.170825148501779
2014-05-27,2.174082787467674e-05,0.561623882867376,0.000102426179537964,1.08628279894501,2.650263732871995e-05,1.9575428860862433e-05,1.219026132835984
2014-05-28,2.1661197917021908e-05,0.5612423799908322,0.00011400267046254296,0.9947170706263012,2.7890044369493626e-05,2.726442412648949e-05,1.2875578015737041
2014-05-29,2.1856321025887475e-05,0.5650249748084459,0.000125861923532151,1.049473015047657,2.963489258658962e-05,2.8395343483361235e-05,1.3558957407099257
2014-05-30,2.8179051435749515e-05,0.5715113675074374,0.00011973160998311943,1.041816261396608,3.319651313713181e-05,2.933209563391371e-05,1.1780564442640131
2014-06-02,2.8496658002674943e-05,0.575372037486877,0.00012451168812428038,1.0403725360390137,3.4272893986927184e-05,3.151627772126818e-05,1.2026987158883695
2014-06-03,3.418588872187905e-05,0.5766188705014247,0.00012916907586610487,1.0425253888996435,3.8317005788903874e-05,3.1581614969177715e-05,1.120842757683842
2014-06-04,2.793146765100254e-05,0.5742145493787544,0.0001341733395915232,1.039508062038548,3.515233555586437e-05,3.2031352952336295e-05,1.2585208910281753
2014-06-05,4.136471088316827e-05,0.5807028007227197,0.00013856846292698436,1.0631453132361128,4.396439660638922e-05,3.49823666957102e-05,1.062847912331929
2014-06-06,3.9833023701562004e-05,0.5920223192335606,0.00013043936307701457,1.0541950252297634,4.267406869990516e-05,3.433096710564633e-05,1.071323859811118
2014-06-09,5.1073182956276414e-05,0.5982204656831684,0.00012300566964739757,1.0579004860009282,4.7415495534068205e-05,3.444612133780859e-05,0.9283834057231259
2014-06-10,4.95066057749403e-05,0.5923625691492678,0.00012398680426310512,0.9868762449837196,4.6409502940234634e-05,3.3201825105678026e-05,0.9374406145154596
2014-06-11,4.7157992518462575e-05,0.6076831191344452,0.00012584462526662877,0.9574831287774808,4.681361323624551e-05,3.243030337395853e-05,0.9926973294700312
2014-06-12,4.667919578081926e-05,0.6068870019627921,0.00013022650010985855,0.9311319504549894,4.731721806092776e-05,3.0420073072996523e-05,1.0136682363403242
2014-06-13,3.72024477228719e-05,0.6007072870246913,0.00012440538060214454,0.9218684880273548,4.0866574872565835e-05,3.131379375711084e-05,1.0984915610120258
2014-06-16,2.938646502467408e-05,0.5874270830469094,0.00011183494655231656,0.9255912004923608,3.367568249856242e-05,3.191937915463677e-05,1.1459589464158733
2014-06-17,3.191330809025626e-05,0.5986356148091808,0.00010740589957366242,0.9198107952377048,3.504794283184547e-05,3.170988223770279e-05,1.0982234349608613
2014-06-18,3.560112133469648e-05,0.6043690694590673,0.00011309555661433549,0.9197343223930258,3.8349246890251856e-05,3.0849905210063396e-05,1.0771921066676369
2014-06-19,3.687128606172102e-05,0.6075026598433519,0.00012442207570205715,0.909585674529626,4.114727204040661e-05,3.056969351120254e-05,1.1159706220045529
2014-06-20,3.6786047916274955e-05,0.6096647521832316,0.00011572546771242224,0.9118121489677008,3.977838304076602e-05,3.0891041682797e-05,1.081344294752772
2014-06-23,3.78482539714106e-05,0.6149962983276246,0.00011212179923020797,0.9126144226050504,4.006272219579795e-05,3.090565260988428e-05,1.058509125046035
2014-06-24,3.933090292313687e-05,0.6082987511459603,0.00011280271866398095,0.9789944450445268,4.0517595697208085e-05,3.2203730336598466e-05,1.030172019604796
2014-06-25,4.004889359785303e-05,0.5994265292025787,0.00011365785603475438,0.9655466317359817,4.044184412754663e-05,3.144792676710759e-05,1.0098117699240179
2014-06-26,4.4267929857314866e-05,0.5996528747540519,0.00012101952800589691,0.9626154613774656,4.389067439759933e-05,3.143224631774382e-05,0.9914779059935372
2014-06-27,3.536085878696092e-05,0.6067643219485942,0.00013786541191478105,0.9675812214592496,4.236518424248001e-05,3.157744461060965e-05,1.1980813163424042
2014-06-30,3.524942345217237e-05,0.5964544428991206,0.00015250974618062196,0.969022907117124,4.373227657614684e-05,3.162626405317086e-05,1.2406522516739684
2014-07-01,3.707778978776346e-05,0.6094486091836665,0.00016258180073282054,0.9455801197792424,4.731839158306916e-05,3.0105410480601912e-05,1.2761923473304049
2014-07-02,3.729144432547138e-05,0.6044699640678226,0.00017120380408685234,0.9638635341771654,4.8298765785955905e-05,3.104559946060123e-05,1.2951701565757305
2014-07-03,3.7850371933542936e-05,0.6034899647895327,0.00018234954804643793,0.9425913601275708,5.013689958305237e-05,3.0100677120824546e-05,1.3246078445697158
2014-07-07,3.637233936281704e-05,0.6046013352815973,0.0001678026948598473,0.9428074292809802,4.7233941224249405e-05,3.07401665347385e-05,1.2986225811072256
2014-07-08,3.904012916123487e-05,0.6115421223671942,0.00015543220320833937,0.9635782008183008,4.7637888170644884e-05,3.0673675733041776e-05,1.220228754210865
2014-07-09,3.921043801203444e-05,0.6124828165293781,0.00014851563656302034,0.9321927477263844,4.673915390058927e-05,2.9333732225308437e-05,1.1920079517154112
2014-07-10,3.784415060760939e-05,0.6129656063623005,0.00013665711922070594,0.9323169384101444,4.408101831877963e-05,2.975861726632143e-05,1.1648040083086495
2014-07-11,4.137743263306523e-05,0.5928443502492925,0.00013234758471714541,0.938700974809939,4.3871296153695745e-05,2.9960317576661902e-05,1.060271103399432
2014-07-14,3.5819786180035966e-05,0.5896234247720665,0.00012256263105222629,0.9341659296139976,3.9067467652600384e-05,3.0444863554417592e-05,1.0906672489958777
2014-07-15,3.740515266448331e-05,0.5915732584155874,0.00011394329122077752,0.947902350111368,3.86205655804197e-05,3.0806309764657436e-05,1.0324931949038787
2014-07-16,4.331224214055195e-05,0.5881802965349455,0.00010786801841584183,0.9624074860703196,4.020334191816992e-05,3.156811051283671e-05,0.9282212125547927
2014-07-17,4.7474517764657056e-05,0.600385651436246,0.00010875108449207832,0.8503252875379501,4.313972613989692e-05,2.5852855335817482e-05,0.9086922452535743
2014-07-18,4.82618636397603e-05,0.6235288984867062,0.00010357610768290575,0.9144872815751396,4.4084754209056516e-05,2.717301855918018e-05,0.9134490648375524
2014-07-21,3.56854935741795e-05,0.5991578232520963,0.00010127796726312314,0.922490739217772,3.6020071978892394e-05,2.804745144332803e-05,1.009375753876499
2014-07-22,3.6878426197529086e-05,0.5919581785920655,0.00010090137722999636,0.9550844705566194,3.6109856437581e-05,2.9930705538557732e-05,0.9791593666217898
2014-07-23,3.8554343811198455e-05,0.587346290860361,0.00010078306662945243,0.9429615532107174,3.661210278347417e-05,3.5074104613246915e-05,0.9496232892139084
2014-07-24,3.79220014302475e-05,0.5732986042199666,0.0001014567403940379,0.9783057111747232,3.556042658438118e-05,3.7841206994744085e-05,0.9377254692052547
2014-07-25,3.58816002468109e-05,0.555906495745096,0.00011723832359791716,0.93052599026322,3.605557703397367e-05,3.560381997376855e-05,1.0048486351212342
2014-07-28,3.90148494586092e-05,0.5998007244301493,0.00010913920075364082,0.922777888183604,3.913923548412408e-05,3.544274928615024e-05,1.0031881713563149
2014-07-29,3.5953585678647994e-05,0.6297736378861357,0.00010222570787998045,0.926462956143576,3.817997548947012e-05,3.903854244724965e-05,1.0619239992005673
2014-07-30,3.539196672747045e-05,0.6609818795504411,0.00010001982911396666,0.9251765798266992,3.9326469189253444e-05,3.898437660732655e-05,1.1111693648471115
2014-07-31,4.5379445989039353e-05,0.7095613979387021,0.00010707370560175246,1.042836135777888,4.9460783529776594e-05,3.728427853004472e-05,1.0899380204360145
2014-08-01,4.584672797284814e-05,0.6927107705992355,0.00010662204353958201,1.0397295272839684,4.8431688944975624e-05,3.6947504679736814e-05,1.0563826708344024
2014-08-11,3.847004227028839e-05,0.7163522716370866,0.00010530986764509659,0.9640311923526296,4.5595555129723934e-05,5.663658726813304e-05,1.1852223818568248
2014-08-12,3.841634430365733e-05,0.7152232889132092,0.00010270563217729967,0.9588536336508828,4.492590092131471e-05,5.711404089198585e-05,1.1694475811181664
2014-08-13,3.776559449586869e-05,0.7103782055964936,0.0001005944390503127,0.998851691232984,4.378494194798709e-05,5.8164150966187584e-05,1.1593870699632935
2014-08-14,3.862814115860239e-05,0.7034704692031697,0.00010024926697338879,1.0288944515531844,4.37762321453211e-05,6.292149944208489e-05,1.13327307067615
2014-08-15,3.923523389055349e-05,0.70338741773738,9.813474649990103e-05,1.0494345993956502,4.3645967080440766e-05,6.674897284415394e-05,1.1124176601620623
2014-08-18,5.8802594173761744e-05,0.7237038578773971,9.944973677184938e-05,0.8884067581336605,5.534277729546037e-05,6.309820547964598e-05,0.941162172742284
2014-08-19,5.790352204668287e-05,0.7358617165430218,0.00010083181258796545,0.8621376365547823,5.622733332129706e-05,6.145241020548036e-05,0.9710520419805476
2014-08-20,5.609710643686182e-05,0.719519869477119,0.00010127748140910682,0.8419163781836922,5.4233729161566535e-05,6.261770063824022e-05,0.9667830055121908
2014-08-21,5.441563613273725e-05,0.7024425084949989,0.0001023835297693127,0.8676181137787531,5.2430945498305454e-05,6.5595334803364e-05,0.9635271996161086
2014-08-22,5.0059045313325706e-05,0.7145037466937639,9.742467625967302e-05,0.8661967702865404,4.9897671272542665e-05,6.547993644429548e-05,0.9967763260411184
2014-08-25,6.652021183637015e-05,0.7327195975483475,0.0001002317447406699,0.8737704232044032,5.982976050197874e-05,6.819560640509731e-05,0.8994222785873123
2014-08-26,6.338834696697776e-05,0.7287412705981895,0.00010269317158268093,0.8764252516443131,5.879614633725702e-05,6.842076117110481e-05,0.9275544977988928
2014-08-27,6.228211919321129e-05,0.739831042937294,0.00010439842002821436,0.8853453049331207,5.965697168062168e-05,6.998260416486309e-05,0.9578507034347067
2014-08-28,6.139493236265438e-05,0.7430263797564769,0.00010547572519432739,0.7826443084349022,5.9792505959738095e-05,6.414376616196835e-05,0.9738996959317278
2014-08-29,6.15753093611576e-05,0.7459666556010428,0.00010697672797097084,0.7846268753647409,6.054347877145948e-05,6.417901520953582e-05,0.9832427867532727
2014-09-02,7.761239871585492e-05,0.7281729659479055,0.00011256298615977699,0.7730989295815885,6.806093442457156e-05,6.345271532743406e-05,0.8769337831413764
2014-09-03,7.595624179294328e-05,0.7140633317700819,0.00011739692563683229,0.7626168098538334,6.742901693944386e-05,6.3244168038321e-05,0.8877350346434381
2014-09-04,7.498131031863036e-05,0.6965198813103064,0.00012010336971160757,0.7729906227112368,6.609789461984916e-05,6.429772256035241e-05,0.8815249338664336
2014-09-05,7.387822741090312e-05,0.6888184136712787,0.00012441164404603831,0.7656995203622535,6.603793678409954e-05,6.339159872606734e-05,0.89387549076947
2014-09-08,7.348698808482049e-05,0.6854018051581626,0.00012508461536151912,0.7615527330758267,6.571316977643008e-05,6.304194315069884e-05,0.8942150370972114
2014-09-09,8.133593066383054e-05,0.6765927955442824,0.00012724784625086995,0.7578303411133716,6.883254215208249e-05,6.194054301336221e-05,0.8462747225033203
2014-09-10,8.008754908927675e-05,0.6685919492298674,0.0001283095821478773,0.7581132127813104,6.777557171339134e-05,6.181952728604427e-05,0.8462685209387446
2014-09-11,7.945435898388616e-05,0.6554284376398057,0.00012958797950631863,0.7610801873058709,6.650686919678562e-05,6.2060927877718e-05,0.8370449406089052
2014-09-12,7.986652544186676e-05,0.6498369714596117,0.00013050075141688618,0.7530609569617253,6.634272681665097e-05,6.07171806031291e-05,0.8306700016008648
2014-09-15,7.976789477234261e-05,0.6469892198534817,0.00013135097341904168,0.75032111778015,6.622588299372557e-05,6.046630410000144e-05,0.8302323031431891
2014-09-16,8.12776222335961e-05,0.6545325921517574,0.00013019127752895973,0.7458402913357585,6.732986073611528e-05,5.974629791466441e-05,0.828393583446693
2014-09-17,8.038458733415224e-05,0.6712297636393377,0.00012874560967371992,0.742911616248164,6.828476405116184e-05,5.957676401541808e-05,0.8494758300780669
2014-09-18,8.052555846541116e-05,0.6841867319882159,0.00012857758384940342,0.7429416003297264,6.961841811127285e-05,5.920801705369921e-05,0.8645505779531683
2014-09-19,7.686942885417954e-05,0.6698658799903295,0.000123436768893761,0.7781757706580998,6.525096771649308e-05,6.176703451818579e-05,0.8488545926401176
2014-09-22,7.562338268336147e-05,0.6633598010169585,0.00012524386866995726,0.7465650459722485,6.455879818906348e-05,5.809561596952208e-05,0.8536883156810652
2014-09-23,7.716105522203933e-05,0.6534302620918848,0.00012433993053429787,0.737956029696997,6.400348665448802e-05,5.67230922794918e-05,0.829479152019254
2014-09-24,7.845740621167833e-05,0.64752286685136,0.00012480033512418965,0.7095167137160618,6.407372291335916e-05,5.382096165713457e-05,0.8166688908946091
2014-09-25,8.684570042440597e-05,0.6670284546911386,0.00012685411494748401,0.6586374039957029,7.001172878436993e-05,4.562765365730724e-05,0.8061622906169199
2014-09-26,7.784867175631449e-05,0.6770771045138437,0.0001244624857763685,0.6439228256895398,6.664736246306165e-05,4.4852743218561324e-05,0.856114317167598
2014-09-29,7.945972408695768e-05,0.6834783204410201,0.00011827825664061994,0.6258657085361029,6.625989253849178e-05,4.390953672106994e-05,0.8338802242250362
2014-09-30,7.034453028421699e-05,0.6341335921531328,0.00011785912973975214,0.6283238249211531,5.7740101346017495e-05,4.3989123203626834e-05,0.8208186352617168
2014-10-01,6.051441443903661e-05,0.6083679225485825,0.00011917087657429953,0.6008160838101184,5.166313918220673e-05,3.908150500047579e-05,0.8537327785639103
2014-10-02,5.727685640094654e-05,0.5854035812354736,0.00011954036427617712,0.6004374145462738,4.843978974430777e-05,3.903288059943441e-05,0.8457131342059351
2014-10-03,5.732458945014978e-05,0.5675380919489984,0.00012262006595233833,0.5483996631715128,4.758239139198084e-05,3.529215475374095e-05,0.8300520221493976
2014-10-06,5.950629355094935e-05,0.5772885375570881,0.00012207898066789768,0.546282688921998,4.9203368026810446e-05,3.51309019625282e-05,0.826859901544405
2014-10-07,5.823383972398379e-05,0.5479903418854406,0.00012226720750866223,0.4840453536223795,4.6239764587910524e-05,3.135409617986484e-05,0.7940359901919112
2014-10-08,6.403572465426801e-05,0.5392283644000004,0.00012369527472670325,0.4484702388366513,4.799107164017175e-05,2.6490101143743373e-05,0.7494421574719093
2014-10-09,6.579132724406009e-05,0.5296047608543215,0.00012388453998185865,0.3712961455742462,4.781286420314327e-05,2.0729979046351007e-05,0.7267350607744428
2014-10-10,6.388921163395802e-05,0.5167250376047444,0.0001210537405084112,0.4760292020945201,4.544251684354813e-05,2.556921452976516e-05,0.7112705835830785
2014-10-13,7.100010076144222e-05,0.5040527097386082,0.00012914119572458155,0.3573176741264618,4.826561429126774e-05,1.7336831069741052e-05,0.679796419633804
2014-10-14,5.126108009219706e-05,0.4410858545158644,0.00012843053367709713,0.4140310129761294,3.5789130745590236e-05,2.3138888663683596e-05,0.6981735593791759
2014-10-15,4.732231652345586e-05,0.4024975924782667,0.00012749228608134426,0.2741268201056431,3.1263546283542946e-05,1.7990006153196688e-05,0.6606512229393251
2014-10-16,5.30327919984953e-05,0.3879317876854494,0.00012678523078171286,0.2871839262019809,3.18098738241849e-05,1.8864404666627238e-05,0.5998151827474488
2014-10-17,4.626798859027275e-05,0.3826612454284558,0.00013473307688231887,0.2708328651444654,3.0212864605682562e-05,1.726631727463142e-05,0.6529971482709847
2014-10-20,4.9165393824874467e-05,0.3766767061513783,0.00015667694714440017,0.2362840524029142,3.305986498385303e-05,1.4754433846483873e-05,0.67242144142303
2014-10-21,6.127847379397686e-05,0.370845834210751,0.0001519357808724328,0.3176440797133977,3.578305418460605e-05,1.7545112336112908e-05,0.5839416677528808
2014-10-22,6.0122674099070425e-05,0.35554621929179314,0.0001538602008881008,0.3354304910717178,3.419624002902224e-05,1.7960829286595666e-05,0.568774435625959
2014-10-23,6.055871725038731e-05,0.35529606667170255,0.0001563048122803915,0.3445498925285147,3.456725615574078e-05,1.7678367433691985e-05,0.5708056201523936
2014-10-24,5.99990058104541e-05,0.3742776088357537,0.00016050125801230002,0.3402944413946736,3.6728660823267375e-05,1.7506729833013582e-05,0.6121544903477025
2014-10-27,5.8561423507449295e-05,0.393621698359969,0.00016256104110541416,0.3171148043883713,3.840546956236544e-05,1.715782006467528e-05,0.6558151640128775
2014-10-28,5.4522480778452264e-05,0.36439278170563066,0.00015701199239999864,0.279448997500049,3.371506348084813e-05,1.4432895986395678e-05,0.6183699457448864
2014-10-29,5.3729820257279105e-05,0.3432432212753586,0.0001515380594375218,0.3825974804447874,3.097209079205144e-05,2.2799060450473267e-05,0.5764413624267701
2014-10-30,5.3551839514494966e-05,0.37652901790178794,0.00014790198151194705,0.3852498864254754,3.350986240084725e-05,2.3446257342610883e-05,0.6257462433531733
2014-10-31,5.56093263598845e-05,0.4026907949842743,0.00015074505661167597,0.5887290079356357,3.686948394945437e-05,3.6150519053549326e-05,0.6630090015988992
2014-11-03,5.4562010343014535e-05,0.4381277470994949,0.00014696116782179675,0.611974201316955,3.923261327792555e-05,4.1753175628420795e-05,0.7190463296950058
2014-11-04,6.02491600622342e-05,0.4481355343569535,0.00014275963991456001,0.7047126104359976,4.156115444256112e-05,4.898231331062528e-05,0.6898213087058914
2014-11-05,6.0354415020847636e-05,0.4596287393510707,0.00013753546958962968,0.6896662227237168,4.187637265415238e-05,4.836947467841242e-05,0.6938410825403151
2014-11-06,5.86925643313682e-05,0.46794978361142614,0.0001352164449755403,0.6731606660982862,4.1687471071640845e-05,4.70803635181811e-05,0.710268354203788
2014-11-07,5.828791566618652e-05,0.4434710650547318,0.00013224001909643293,0.6768356566474896,3.8934625642269204e-05,4.784607336007763e-05,0.6679707997322611
2014-11-10,5.7340540123530906e-05,0.4524901464762823,0.0001307648804704239,0.6966350379219709,3.918190765082108e-05,5.027016642549696e-05,0.6833194728617835
2014-11-11,6.57571982494724e-05,0.4604220645214273,0.00013281611927637297,0.7081762089336442,4.302819929677735e-05,5.398117863474311e-05,0.6543496444835618
2014-11-12,6.673646336542344e-05,0.47083632106891987,0.00013499288203119663,0.7120150722602937,4.4689653388392414e-05,5.4352490890129886e-05,0.6696437170140243
2014-11-13,7.11343776232816e-05,0.47476349408584123,0.00013401150664089497,0.7065621196906023,4.635409755036019e-05,5.434781385933655e-05,0.6516412893333439
2014-11-14,6.859476809423724e-05,0.4832996297261813,0.0001378562914215308,0.7316705785069598,4.699755383273687e-05,5.988219768612968e-05,0.6851477909826947
2014-11-17,6.853595565786147e-05,0.506068872854929,0.00014189039221416123,0.6298638954110711,4.990514901483131e-05,5.2000331535069116e-05,0.7281601100590606
2014-11-18,7.650833651469074e-05,0.4845584731282324,0.00015712824196124423,0.6419214702063668,5.3128517507671614e-05,5.259474352434932e-05,0.6944147517502246
2014-11-19,7.466095393809579e-05,0.47301820719332566,0.0001693947707288037,0.6142490290087372,5.3195466854501944e-05,5.270700303860493e-05,0.7124938009579721
2014-11-20,7.31046489834875e-05,0.48142265111987914,0.00017908748202326898,0.6258890734527515,5.5084781789112956e-05,5.5851288325409817e-05,0.7535058652912104
2014-11-21,7.04730363634149e-05,0.4871729900377869,0.00019287908586527251,0.6259579275882413,5.679855190703051e-05,5.671777777319737e-05,0.8059614689245416
2014-11-24,6.987047932397521e-05,0.492937987623809,0.00019179680495422035,0.6561223392096288,5.706368756694866e-05,6.140788254899735e-05,0.8167066852705552
2014-11-25,8.166110492431963e-05,0.46232155524455,0.00020045256373623402,0.6401472079246028,5.9150385029174574e-05,6.23778264781482e-05,0.7243397586157189
2014-11-26,7.228929035700332e-05,0.4406277419832097,0.00020140622517431388,0.6274048546467331,5.316738036909255e-05,6.412811785773286e-05,0.7354807345116197
2014-11-28,6.63644735069259e-05,0.4167043834821042,0.0002036021254343836,0.6326235545816441,4.843809440988204e-05,6.479049032588369e-05,0.7298798867865193
2014-12-01,6.796408095783602e-05,0.41185804548710514,0.00020473636999834326,0.633645381011954,4.858305022020878e-05,6.572129170579678e-05,0.7148342114763391
2014-12-02,6.956629167082881e-05,0.4061803427558841,0.0002082605789088236,0.6559290072464437,4.889020564532915e-05,6.75153070217831e-05,0.7027858531926067
2014-12-03,9.973973303376368e-05,0.41009999013828147,0.0002159861040437145,0.6606929922927789,6.019172156680364e-05,6.801691255529802e-05,0.6034878953047496
2014-12-04,7.195368455764464e-05,0.43106458598065306,0.00021994090386156414,0.7012335640825847,5.422778514191476e-05,7.404315575411956e-05,0.753648482010271
2014-12-05,6.914099334132158e-05,0.4426147180704908,0.0002390425980911319,0.6912216787879609,5.690249493343665e-05,7.29458310061584e-05,0.8229921524634692
2014-12-08,6.652863915801598e-05,0.42359939137402475,0.00023568579449727688,0.7048899915065535,5.3042788965100626e-05,7.510095042658336e-05,0.797292559060402
2014-12-09,5.578278936298998e-05,0.4149337883198609,0.0002384542307656211,0.696632474723759,4.785545290501113e-05,7.443557563074636e-05,0.8578892065365528
2014-12-10,7.622608908783083e-05,0.42081248165934737,0.0002342038842211589,0.7155604115230484,5.622603759839043e-05,7.193337909727709e-05,0.7376219647528353
2014-12-11,6.0199482263474304e-05,0.4171361066537648,0.000231430865603029,0.7144261067116269,4.923623107882419e-05,7.151588279646158e-05,0.8178846267038079
2014-12-12,5.635062229218622e-05,0.40775589226962716,0.00023181031070842244,0.7611784650603193,4.660322573300151e-05,7.117533269349033e-05,0.827022379475367
2014-12-15,5.5088696774690915e-05,0.4226376552452144,0.00025773145386707395,0.7074781122182425,5.0359701740492514e-05,6.54983289936833e-05,0.9141567088882194
2014-12-16,5.154869882225274e-05,0.4138577522837389,0.00024610570811478566,0.663701829926753,4.6614474408384414e-05,6.014395070822372e-05,0.9042803305107228
2014-12-17,8.951914955443635e-05,0.43775356911839003,0.00024552858173117344,0.6572635976206278,6.489910342623797e-05,5.4674769574792576e-05,0.7249745305810016
2014-12-18,9.913276275332198e-05,0.4273965093477466,0.00024325727653473934,0.8371518652295358,6.637010364197817e-05,5.906501782790703e-05,0.6695072526842704
2014-12-19,7.377698274922788e-05,0.42881375781745634,0.00024202590696285583,0.8312213951214948,5.7300720611852115e-05,5.864159930984854e-05,0.7766747632743466
2014-12-22,6.996587850894997e-05,0.4341427632790105,0.00024148537762234975,0.8367476997848512,5.643143982511742e-05,5.898255018505074e-05,0.8065565819758665
2014-12-23,6.063494070426503e-05,0.4332017466074938,0.00023605144328912633,0.8340226210289573,5.182687316767192e-05,5.943292383050036e-05,0.8547361070318726
2014-12-24,5.292955813268682e-05,0.44861734038177475,0.00023149723555277818,0.8362092207609398,4.9659014336304245e-05,5.997431411713449e-05,0.9382095012358919
2014-12-26,5.0003308753932844e-05,0.4501717991320132,0.00022917164952088897,0.8482012459008341,4.81901304639887e-05,6.105681360315838e-05,0.9637388337866434
2014-12-29,4.966432774890378e-05,0.44876733037045125,0.0002282844881204162,0.847866448876818,4.778391345472414e-05,6.102280764958784e-05,0.9621375264820504
2014-12-30,4.653062419950052e-05,0.44871977452086825,0.00022621060172690235,0.8643539305983876,4.603637568739993e-05,6.561192565714579e-05,0.9893779952320971
2014-12-31,4.3755181092948726e-05,0.4463188749904596,0.00022506129480167147,0.896281596157035,4.429048163829355e-05,6.627421295978366e-05,1.0122339922261478
2015-01-02,6.483180836307134e-05,0.4508802361265235,0.0002216456638177063,0.8817830629299096,5.404865442076595e-05,7.063747096095727e-05,0.8336749473049166
2015-01-05,8.284505496642122e-05,0.4747081157580233,0.0002281298529969997,0.8540595846640116,6.526059245790428e-05,6.199755147382863e-05,0.7877427624902381
2015-01-06,7.372029621424698e-05,0.4635720286522867,0.00022599399941893071,0.8731867062541858,5.9835539763919045e-05,6.429411030227932e-05,0.8116562580001597
2015-01-07,7.097584833724285e-05,0.4785821435711964,0.0002233949858357426,0.8299300619713145,6.0262687694224496e-05,5.93452835607106e-05,0.8490590687678067
2015-01-08,6.58935484829367e-05,0.47690876812825495,0.00022557047772129356,0.8130159172830672,5.814306002990739e-05,5.573383488095608e-05,0.8823786450803099
2015-01-09,5.142752848602693e-05,0.4681087190450067,0.00024523310812647736,0.7251664463687286,5.256953171477308e-05,4.873328850878436e-05,1.0222060686633314
2015-01-12,5.214866604959718e-05,0.4488755321897277,0.000239942280216727,0.7593404974066041,5.021123758086125e-05,5.2002768074611956e-05,0.9628479764584335
2015-01-13,5.1084978694142575e-05,0.43514267733725587,0.00023394153920514284,0.7319619278394123,4.756986942504756e-05,5.0391437988839044e-05,0.9311909418590388
2015-01-14,5.779000718727771e-05,0.44041852820505273,0.0002294988348598238,0.7097520338824566,5.0720344888251823e-05,4.826664743594193e-05,0.8776663536982178
2015-01-15,5.577655409897309e-05,0.4404025793071669,0.00022728584379449316,0.6861393943456066,4.9586320977758135e-05,4.514763872488504e-05,0.8890172901282024
2015-01-16,7.006830803083834e-05,0.45771458721495245,0.00022129856164258507,0.6717447855276829,5.6996063851420456e-05,4.265532095045184e-05,0.8134357094270843
2015-01-20,6.698197984101967e-05,0.4690998431148499,0.00021446479788479254,0.7507188199349719,5.6224070783571566e-05,5.165291274752578e-05,0.839390996160732
2015-01-21,5.396910834789416e-05,0.4783413018286243,0.0002078787842151791,0.7685534014825258,5.066587959328816e-05,5.2615577516834204e-05,0.9387940832130705
2015-01-22,5.806897077464812e-05,0.49785482151993554,0.00020721547676573574,0.7482317075847906,5.46117227109323e-05,4.765013506589539e-05,0.9404630731766785
2015-01-23,5.910063936486745e-05,0.478055074053838,0.0002618597222691353,0.8682628777197399,5.947142889036973e-05,5.749010707610258e-05,1.0062738665687379
2015-01-26,6.288399592442454e-05,0.5201110344134874,0.00022937574679595586,0.8936986956048173,6.24654511356011e-05,6.073171670655858e-05,0.9933441763254603
2015-01-27,6.964065036165525e-05,0.5522389312928951,0.0002073345407639631,0.977886061179806,6.635814828898574e-05,6.272052905577655e-05,0.952865143337649
2015-01-28,7.988841611727443e-05,0.5425546172145177,0.00019004635450491352,1.004337563369855,6.685211334259589e-05,6.052486809339626e-05,0.8368186101531725
2015-01-29,8.021798542057233e-05,0.539291537171612,0.00018189767748588126,0.96787521381566,6.514379537843286e-05,5.7534319759390985e-05,0.8120846595298115
2015-01-30,7.830236811365751e-05,0.5390031862764765,0.00019048553171169798,0.9407051674727008,6.582786625675417e-05,5.232655413903577e-05,0.8406880640085324
2015-02-02,6.708254753246161e-05,0.5888976303621999,0.0001772287339356294,0.9861517752004084,6.421132738891972e-05,5.20141492607001e-05,0.9571987014632608
2015-02-03,8.067150173734702e-05,0.6306175774071288,0.000167205129512691,1.051700261075607,7.324043935840054e-05,5.1274062374826974e-05,0.9078849132728335
2015-02-04,7.910110058857453e-05,0.6621215844382976,0.00015930380223268148,1.0561671970321935,7.43262256507435e-05,5.1613879301644946e-05,0.9396357964389599
2015-02-05,8.520627788871464e-05,0.6830133674906091,0.0001559410037777527,1.037541878627616,7.873089043851941e-05,4.9139118065975926e-05,0.9240033996244674
2015-02-06,8.507292515013707e-05,0.686966068344909,0.0001558426569679933,1.0233502876964145,7.9099573378254e-05,4.8293053329555886e-05,0.9297855132953137
2015-02-09,6.296753465448077e-05,0.6672692857623503,0.0001588920797544922,1.0089297177670309,6.674375011044916e-05,4.739635900438063e-05,1.0599708322183719
2015-02-10,6.653518645016198e-05,0.6558018445390689,0.00016618796867627647,0.9338106734714332,6.896013653719112e-05,4.171699163651849e-05,1.0364461304823358
2015-02-11,6.58212274519105e-05,0.672663616564501,0.00015997450454456442,0.952506216024556,6.902498378199301e-05,4.557141094577898e-05,1.048673603548691
2015-02-12,6.625281595902424e-05,0.6828141895238852,0.0001656283455875167,0.9369443840564228,7.152733438665001e-05,4.4639976021546174e-05,1.079611988581556
2015-02-13,6.59493776327874e-05,0.6995254561820083,0.0001681583452626095,0.9468100619533012,7.366616927647113e-05,4.478654606264193e-05,1.1170108334706597
2015-02-17,5.2818371217651516e-05,0.7225566244183904,0.0001559396357043054,0.930022277194964,6.557565646906213e-05,4.444562315674338e-05,1.2415312126691862
2015-02-18,4.925751255554142e-05,0.7314880874401171,0.00015208166699395273,0.9517726230125616,6.331140163414995e-05,4.561293225571647e-05,1.285314632214969
2015-02-19,5.2538640297651296e-05,0.7401168390085793,0.0001555187447320619,0.9970433480041322,6.690076300367093e-05,4.787307142137569e-05,1.2733630452682592
2015-02-20,5.811623348480445e-05,0.7499562288764361,0.00013809328921700212,1.0433032495072527,6.718478529019478e-05,4.9688889996865596e-05,1.1560416300509473
2015-02-23,5.7842904366347e-05,0.7461449422970836,0.0001276807118478558,1.0277244223911972,6.41225659346684e-05,4.918367364370411e-05,1.1085640777743329
2015-02-24,5.363774172174018e-05,0.6950041608533958,0.00013497559570218608,1.0299524119153636,5.913577236170139e-05,4.9481931193931794e-05,1.1025030223771106
2015-02-25,4.6420168910813084e-05,0.6708160146798086,0.00014232200809499715,1.0885637489507505,5.4524640620266885e-05,5.468288117446818e-05,1.174589448931668
2015-02-26,6.082008377129165e-05,0.6459803967853891,0.00014756672199374042,1.0945412044034737,6.11979762776235e-05,5.7961341317815255e-05,1.006213284870716
2015-02-27,6.477291200020017e-05,0.6432767145183544,0.00015295815992913265,1.0792380161396706,6.402961157600884e-05,5.706370747799824e-05,0.9885245174064579
2015-03-02,7.10002492943561e-05,0.6438862254007577,0.00015794374065205717,1.12711988420729,6.818522545966008e-05,6.186191166189587e-05,0.960351916187993
2015-03-03,6.22129036386534e-05,0.627775116835823,0.00015951479612993607,1.1385282255338904,6.25381197657986e-05,6.249058728490164e-05,1.0052274706391158
2015-03-04,6.357489191775788e-05,0.6159702724825247,0.0001647024300000404,1.1322343826866297,6.303076406107783e-05,6.219337508558362e-05,0.9914411516832157
2015-03-05,6.337223751236057e-05,0.6109367859755394,0.00016901679379882541,1.0928668398072816,6.322818654657694e-05,6.425736179293076e-05,0.9977269073739817
2015-03-06,6.737776824421294e-05,0.611137055810764,0.0001787047785042061,1.0904191205727427,6.706022577557708e-05,5.960946582743614e-05,0.9952871328791283
2015-03-09,6.459093954914395e-05,0.60383017300805,0.00019351436696820557,1.0769758934177778,6.750830726195335e-05,5.8759432208235284e-05,1.0451668257680278
2015-03-10,6.248974140729342e-05,0.6084270490635008,0.00019392104161908768,1.1336784999691822,6.697694661281548e-05,5.465872206618928e-05,1.0718070695200275
2015-03-11,5.4252554100076106e-05,0.59837613989628,0.00019449875267686163,1.152284007876336,6.146710689512796e-05,5.777627696076678e-05,1.1329808875310026
2015-03-12,5.508043688697334e-05,0.5991869282071348,0.00020270613108615415,1.1214928855116466,6.331322863348674e-05,5.260268957686067e-05,1.1494685266096805
2015-03-13,5.707193087433516e-05,0.5987570526739868,0.00020177152872454025,1.1407880057238782,6.425277175890236e-05,5.245051855460367e-05,1.125820885583466
2015-03-16,5.2149496476829495e-05,0.5952384274232005,0.00020543435811919088,1.1960589400078434,6.161019170199578e-05,5.0655772855823456e-05,1.1814148911173046
2015-03-17,4.691748238540657e-05,0.5960124135107309,0.00018194463184831026,1.212312362620371,5.506710918130428e-05,5.1051732673979554e-05,1.173701281090748
2015-03-18,5.051902620859181e-05,0.6013020811179588,0.00018912536222664603,1.216152502311276,5.877533033523046e-05,4.770977307187601e-05,1.1634295976440356
2015-03-19,5.142834644805491e-05,0.5898833610122509,0.00019822150494651057,1.2786691531676826,5.95583710483742e-05,4.967764817990725e-05,1.158084503232687
2015-03-20,5.066833282542825e-05,0.5836343783455279,0.00020078019687189743,1.296966816204556,5.886668920562225e-05,5.345678844857371e-05,1.1618043445092314
2015-03-23,5.007282454924587e-05,0.5758081264883732,0.00020093138903234004,1.3049957262361438,5.775674745979475e-05,5.621572984947265e-05,1.1534549524561344
2015-03-24,4.2218867344400384e-05,0.5839280319419142,0.00019640285436976675,1.33993497417703,5.3172430333421856e-05,5.6701037691659755e-05,1.2594471068981503
2015-03-25,4.692159710753298e-05,0.6076228416366453,0.00020431357516403748,1.2687562734478,5.9493442044353976e-05,4.828962976431233e-05,1.2679330140448835
2015-03-26,4.732340893496746e-05,0.6172257869059542,0.00020267236537358535,1.2601374995824703,6.0447638753349495e-05,4.775973153491505e-05,1.277330608968123
2015-03-27,4.354358066573599e-05,0.6055737894368837,0.0001974873067618908,1.2734064245313974,5.615633197332833e-05,4.8260414934655275e-05,1.2896581106734109
2015-03-30,4.5502666776921666e-05,0.6934703931275844,0.00013455474322546308,1.3315553436497984,5.426200725373395e-05,4.6509403219207384e-05,1.1925016948952738
2015-03-31,3.983451498744685e-05,0.6766856087532981,0.0001479252256822481,1.3000484557969572,5.1944291548808475e-05,4.525339783763436e-05,1.304002108854038
2015-04-01,4.176214734580363e-05,0.6581566220022154,0.00016550195582573833,1.247612584125188,5.471699409193722e-05,4.3112194361525894e-05,1.3102054748014609
2015-04-02,4.894523588776545e-05,0.6397264474626432,0.00017771845855393549,1.2590323718856526,5.966447003993186e-05,4.441390892317046e-05,1.219004647903757
2015-04-06,4.8199312485919956e-05,0.62708051443381,0.0001836998871187513,1.2980207084066795,5.900627139205241e-05,4.450967976296951e-05,1.2242139638255087
2015-04-07,4.533264144371158e-05,0.6249607089386767,0.00017913703317591896,1.325599247875244,5.631847877701057e-05,4.932558957251294e-05,1.242338345691588
2015-04-08,4.177649686660928e-05,0.6228585121122492,0.00018224552027656848,1.2976546251864014,5.434803479725313e-05,4.826374429773112e-05,1.3009236980971448
2015-04-09,4.664355209638432e-05,0.6200580961155931,0.00018502787508877498,1.2472828895990715,5.7603221360042686e-05,4.767937152953631e-05,1.2349664373976341
2015-04-10,4.853778747139849e-05,0.6216817054109747,0.00018770915734189373,1.270264884489988,5.934044587619831e-05,4.824068272151075e-05,1.2225618217798953
2015-04-13,4.467938122611643e-05,0.6179428312776816,0.000188856719383125,1.3135718988496048,5.6763359891604316e-05,5.0147076257742274e-05,1.2704598482313905
2015-04-14,4.646938254229903e-05,0.6147800944861697,0.00018879940358857935,1.3237195824481476,5.7584229119414206e-05,5.050525681025762e-05,1.239186448561003
2015-04-15,4.691423215315267e-05,0.6316606598731639,0.00018270709022140622,1.3536024650505116,5.848087157368265e-05,5.4255931324989616e-05,1.246548624791948
2015-04-16,4.176974619173272e-05,0.6418813110031063,0.00016705265368000176,1.318364774738705,5.361821336699458e-05,5.5512621385931845e-05,1.283661459681241
2015-04-17,4.332386275975345e-05,0.6452237852953753,0.0001689981965485158,1.2907622691240732,5.520964942694205e-05,5.0962414310340705e-05,1.274347343705237
2015-04-20,4.305137811564542e-05,0.6454062026515904,0.00016576356536135623,1.326410445252047,5.452192783368545e-05,5.005498789259997e-05,1.266438618694798
2015-04-21,4.4326391543702614e-05,0.6468775244590917,0.00016354750944780436,1.3329833947331808,5.5077626754743457e-05,5.192987632862766e-05,1.2425470433441645
2015-04-22,3.760113128202133e-05,0.6518446199718683,0.0001623695623953857,1.3458279919803755,5.093271782870462e-05,5.198221882271618e-05,1.3545528044539894
2015-04-23,3.981692672329287e-05,0.6496739013533969,0.00016469759759996062,1.3198529351823372,5.2610559539016235e-05,5.0772506427033746e-05,1.3213114087039546
2015-04-24,4.472325784062566e-05,0.6216890055395338,0.00019308216368011806,1.2044592913464935,5.777114583502283e-05,5.7963458842040135e-05,1.2917472613666516
2015-04-27,4.8016264703360416e-05,0.6306067578242868,0.00019106456296183336,1.1744215441120414,6.040082620712707e-05,5.636993191865708e-05,1.2579243008650758
2015-04-28,4.837591330570472e-05,0.6424795690493245,0.0001823081292467853,1.1686242493545933,6.0336057303978335e-05,5.763744284252772e-05,1.247233451132864
2015-04-29,4.7158652268819175e-05,0.6901188444776091,0.0001633811637185062,1.173652274329949,6.057669451765295e-05,5.75197701000313e-05,1.2845298074327212
2015-04-30,4.7296624411946914e-05,0.6814227460066712,0.0001569040124518555,1.1154760782518671,5.870143583266686e-05,5.240081606493253e-05,1.241133729151274
2015-05-01,5.0018555724514286e-05,0.6857122781676465,0.00015140036465378887,1.0895301253359713,5.9672050293875246e-05,4.9223088147323506e-05,1.19299826693376
2015-05-04,4.992916004912971e-05,0.6725038386488095,0.00014335296158057153,1.106475367597841,5.689514812913718e-05,5.648115373265491e-05,1.139517429757541
2015-05-05,5.102770643270727e-05,0.6358466490987933,0.00014359598795367232,1.0623058631920854,5.442852485588175e-05,5.147414993652245e-05,1.0666465075724951
2015-05-06,5.61480236098465e-05,0.6604925175231131,0.00013687276802456404,1.014484227250929,5.7902013206399335e-05,5.256237217380998e-05,1.0312386702823364
2015-05-07,5.2055366505413186e-05,0.6616943225166835,0.00013128151613599944,1.042565430568191,5.4700582915623134e-05,5.649069868287171e-05,1.050815441092608
2015-05-08,4.9463315458690945e-05,0.6594863574204817,0.00012815265766866034,1.0748480179656903,5.2506278287071855e-05,5.451745016643226e-05,1.0615195888136981
2015-05-11,4.237087867236375e-05,0.6459488261827021,0.00012422433288944584,1.0695624333018665,4.6863550109623187e-05,5.3700849052815526e-05,1.1060320573476745
2015-05-12,4.7490306282055044e-05,0.6392561903747261,0.00012529553273955238,1.063479056950532,4.9311160231600655e-05,5.4660965493052595e-05,1.0383415920447254
2015-05-13,4.663897325113825e-05,0.645933261006878,0.00012282551640785828,1.0622681674528054,4.888846911675076e-05,5.460721434263794e-05,1.0482321052288088
2015-05-14,4.9144732522979803e-05,0.6627929703503904,0.0001232221354272608,1.03519552624457,5.1577554525724036e-05,5.0759250754366056e-05,1.0495032097612222
2015-05-15,5.102390807027307e-05,0.6727942539434801,0.00011853433440700056,1.0315786030789698,5.2322828834911204e-05,5.091802960703575e-05,1.0254571006762003
2015-05-18,5.1224895533544154e-05,0.6783350155387843,0.00011844133382676087,1.0225158928395617,5.283678955261639e-05,5.029322055891833e-05,1.031467004515738
2015-05-19,5.107054978153525e-05,0.6726692178782013,0.00011985975378220605,1.0200642800583537,5.2628805307808256e-05,5.084988827169257e-05,1.030511822037138
2015-05-20,4.960583034370502e-05,0.6958145113414005,0.00011837730843796391,0.928396560151444,5.332048292433758e-05,4.8396395282955363e-05,1.0748833867893102
2015-05-21,4.7917991249736124e-05,0.694077484289736,0.00011507536711668375,0.9350119148485508,5.1540478083081395e-05,4.9057281987119834e-05,1.075597635436465
2015-05-22,4.8649795894238564e-05,0.706900416900679,0.0001117048715497642,0.8776086087331464,5.2111647776082635e-05,4.922291378293592e-05,1.0711586106007496
2015-05-26,5.2044924254716454e-05,0.7087219228909175,0.00011562652595782121,0.8457444953756141,5.497861512465325e-05,4.6221294538681215e-05,1.0563684338472437
2015-05-27,5.41376103742017e-05,0.7068641507091951,0.00011911203256218677,0.8306359058076662,5.67627353333917e-05,4.367869499864392e-05,1.0484898565164773
2015-05-28,5.2639353679274204e-05,0.6958323920529285,0.00011966762316659854,0.8337327510509316,5.522659259309117e-05,4.3858132262716844e-05,1.0491502788879348
2015-05-29,4.7121939363217764e-05,0.670004668571092,0.00011448631251291382,0.8416302823867444,4.9211453290456955e-05,4.376798524866199e-05,1.0443426980187114
2015-06-01,4.566975475334599e-05,0.6635367136504418,0.00011434088458148682,0.8351565356821018,4.794905707027586e-05,4.339708691523846e-05,1.049908354648278
2015-06-02,4.848176142599366e-05,0.655832657949926,0.00011653484939235709,0.8305008705064717,4.929582551188703e-05,4.337055075047694e-05,1.0167911408733783
2015-06-03,4.583723039523311e-05,0.6478466667059848,0.00011706470636910952,0.9170585446482036,4.7456357709595364e-05,4.9037300865234844e-05,1.035323410694784
2015-06-04,5.208668778062701e-05,0.6546246907980853,0.0001148081659263772,0.9094711130564048,5.062233132521242e-05,4.730200629135637e-05,0.9718861667383804
2015-06-05,5.356843740955158e-05,0.6599150091371602,0.00011047902246701456,0.7616742694403622,5.076710596014659e-05,4.2314264172894804e-05,0.9477055597499006
2015-06-08,5.4875341169450945e-05,0.6651281204883525,0.00011052914964468572,0.7131961525528369,5.180030782047906e-05,4.03409354294136e-05,0.9439632941966335
2015-06-10,5.7400521339002106e-05,0.6731596169266166,0.00011457798134052975,0.6486934096309337,5.4591692173455935e-05,3.460189703348457e-05,0.9510661384248151
2015-06-11,5.7399555912391706e-05,0.6746228440986577,0.00011336062963590265,0.6603586129659292,5.441848339110574e-05,3.5270040431950695e-05,0.9480645368435264
2015-06-12,5.544172754801711e-05,0.642723379898694,0.0001097563303123691,0.6922988882924761,5.0136875372669136e-05,3.657115682426628e-05,0.9043166147600011
2015-06-15,5.424960916028536e-05,0.631029274528106,0.00010773988422366386,0.679096617606329,4.8243195487091926e-05,3.5715634213369436e-05,0.8892818996087706
2015-06-16,5.423174022350414e-05,0.613155884008478,0.00010632127748814406,0.6646013065999108,4.655944165792335e-05,3.543555056444839e-05,0.8585275240300033
2015-06-17,5.412494915971205e-05,0.603288409430657,0.00010439375367337484,0.8055211920989991,4.534829771747197e-05,5.06734264317345e-05,0.8378446247341146
2015-06-18,5.572982074389677e-05,0.5998469831548987,0.00010434460735283595,1.0440605449820048,4.5742437843979e-05,8.445980282236523e-05,0.8207892513092008
2015-06-19,6.241618085312648e-05,0.6150078333022861,0.00010817400710496786,1.0981625709577023,5.0534817527553786e-05,0.00012692602621585248,0.8096428976721419
2015-06-22,6.257165974145031e-05,0.6105379100071168,0.00010895544492530263,1.0598729975829668,5.041107310729346e-05,0.00012328170653103492,0.8056534430378691
2015-06-23,5.295413252336654e-05,0.6098194397370013,0.00011081590556809992,1.1360292397618683,4.671455794325704e-05,0.00017323009857005996,0.8821702049909659
2015-06-24,5.124155217210486e-05,0.6138511034343526,0.00011329863150922286,1.157017896589709,4.677206141430312e-05,0.0001933535708647567,0.9127760466195467
2015-06-25,5.1531038942745836e-05,0.6144206926744862,0.0001153618447223386,1.1577274052773023,4.737305352396427e-05,0.00019342108055373097,0.9193110501148376
2015-06-26,9.885673436567757e-05,0.6539621731174027,0.0001432180170229125,1.1649258698113736,7.781343484392303e-05,0.00019584584798424878,0.7871333737981473
2015-06-29,0.00010219846828200267,0.7480894019273665,0.0001392909279810392,1.131591740719523,8.925593657503659e-05,0.00020163673831654865,0.8733588484785023
2015-06-30,8.697755639475864e-05,0.7621373976915645,0.0001510537494823033,1.1554615923618654,8.735798916993789e-05,0.00021623808401649553,1.0043739188699738
2015-07-01,9.667073925185136e-05,0.7896757045811913,0.00016807987007323965,1.15914540869174,0.00010065935617022214,0.0002147880833100898,1.0412598160440196
2015-07-02,9.521395937942913e-05,0.8108223486620109,0.00018626382453120773,1.1451092512866283,0.00010797924369165844,0.00021711738366893708,1.1340694620350724
2015-07-06,0.000172264093177785,0.8383619180647851,0.0002044947959994314,1.1074725125801914,0.0001573511980834228,0.0002271344822841643,0.9134300432593846
2015-07-07,0.00016730584927433944,0.8574383657544863,0.0002159280634124749,1.1083416173858704,0.00016297200899714087,0.00022965415250831878,0.9740963014981493
2015-07-08,0.00018325021701855255,0.863545540057061,0.00023777357258815434,1.1093534178066362,0.00018025581587136175,0.00022475441562854427,0.9836594946739536
2015-07-09,0.00017483634785152047,0.883950922517648,0.00023710746165834376,1.115216249014667,0.00017997684194889254,0.00022650947284188556,1.029401747179812
2015-07-10,0.0001852458943863911,0.899873371695541,0.00024338965658417144,1.1258493321644365,0.00019107627025890479,0.00022411655740153192,1.0314737116945356
2015-07-13,0.00021177015433928543,0.8758511526347557,0.0002721203794099629,1.1095031748614943,0.0002102534914186049,0.0002218062186247749,0.9928381649179392
2015-07-14,0.0001959846645507268,0.855016795640447,0.0002835604875785925,1.1072224589400543,0.0002015619485406391,0.0002230088790382084,1.0284577571551203
2015-07-15,0.00017788056160659394,0.8444210856923634,0.0002963239477566443,1.1079494604070392,0.00019386825032393932,0.0002231682532627146,1.0898787848033908
2015-07-16,0.00018174519139179188,0.8431284377905195,0.00030466678258635074,1.081231261205013,0.00019839821273974172,0.00022554957657994968,1.0916284013922029
2015-07-17,0.00017984339911716185,0.8375419539413346,0.0003099064353282497,1.0855965127418334,0.0001977284305923462,0.00022747830011026125,1.0994478060522692
2015-07-20,0.0001933298802508964,0.8259686682597293,0.0003121209457517223,1.0789160897822163,0.00020289648412580598,0.0002289964303382694,1.049483317645955
2015-07-21,0.00019419877324157122,0.8119693999914488,0.00032102229056372474,1.079692846527747,0.0002027358248287487,0.00022907307847201246,1.0439603785578908
2015-07-22,0.00018582236281108658,0.8018311212942493,0.00032895675979884205,1.0775995901902449,0.00019824457200472802,0.00022869135431490177,1.0668499151863131
2015-07-23,0.00018795658724473803,0.7986014101701144,0.00033249528673651776,1.0763685670013634,0.00019964185423634786,0.00022817171576740405,1.0621700317233067
2015-07-24,0.00019329917782205091,0.7881227075339226,0.0003354596483633,1.1280351719822868,0.00020069150406845337,0.00025130221489553286,1.0382429264816002
