Date,Predicted_Index_Var,Predicted_Corr,Predicted_Var,Future_Beta_45d_JPM,Predicted_Covariance,Future_Cov_45_JPM,Beta_Predicted
2013-02-28,5.497886498863307e-05,0.7744645622728356,0.0002412299796569434,1.2070137974510131,8.918977641903093e-05,6.610660581122822e-05,1.622255687480471
2013-03-01,5.488021190183326e-05,0.7784656346308745,0.0002370705321147179,1.2143809945761166,8.879451152338232e-05,6.644683598222864e-05,1.6179695457847922
2013-03-04,5.501029900576039e-05,0.7817026375379179,0.00023637156935765917,1.239243185138117,8.913765392481238e-05,6.77522285192263e-05,1.6203811929013212
2013-03-05,5.845535101370509e-05,0.7885094840593463,0.00023223713504397488,1.2559284557319648,9.187236374586571e-05,6.731120175217189e-05,1.5716673008143578
2013-03-06,5.9250468430820016e-05,0.7879341827832561,0.00023090835580818133,1.2711708172732972,9.216279994612905e-05,6.859776021328987e-05,1.5554779968319912
2013-03-07,5.369174155549812e-05,0.760370117809396,0.0002268115185735417,1.265082909626797,8.390953988303167e-05,6.838017533478641e-05,1.5628016050904052
2013-03-08,4.524810700565277e-05,0.7261716895711016,-0.005773868912902135,1.2784108435649928,,6.882298193806626e-05,
2013-03-11,4.8373919939468494e-05,0.734417970937959,-0.011409022832395671,1.2750117627648458,,7.083500030253471e-05,
2013-03-12,5.1431479865635213e-05,0.7449545252620638,-0.004024921308816809,1.2949186642362225,,7.2026112882234e-05,
2013-03-13,5.5261000285198275e-05,0.7497839608663427,-0.006585480800512937,1.282511027321623,,7.240274603020493e-05,
2013-03-14,6.195858588029715e-05,0.7377716298986017,-0.005707808979774445,1.313228229666132,,7.572180516257553e-05,
2013-03-15,6.386120353979619e-05,0.7243589765133029,-0.005442211538628705,1.2815451670682052,,7.244246984898221e-05,
2013-03-18,6.402550064969363e-05,0.721442676826391,-0.00490619881041344,1.2737590223998274,,7.052708944102987e-05,
2013-03-19,6.71640875084588e-05,0.7192313004426626,-0.004593719556100818,1.1919558318925234,,6.780413510745298e-05,
2013-03-20,6.839791392936718e-05,0.7222871753832873,-0.004551114696420143,1.217513113738413,,6.894625956502601e-05,
2013-03-21,6.814178529168062e-05,0.7192625143735494,-0.0037701615316834496,1.1875484830713712,,6.468033566245605e-05,
2013-03-22,6.79733209422515e-05,0.722095757236822,-0.0030151421930515575,1.2092529823288891,,6.525099543521715e-05,
2013-03-25,7.243408887933498e-05,0.7192913866203081,-0.002394818478534951,1.179053362837635,,6.447067294773986e-05,
2013-03-26,7.339742545776695e-05,0.7292324713356931,-0.0019101054728228395,1.2130466111235283,,6.527803368694948e-05,
2013-03-27,7.311742529462491e-05,0.7256571893525425,-0.0004196545911893614,1.220288928262565,,7.242813513025283e-05,
2013-03-28,6.422356192814954e-05,0.7122430616727885,-0.0044314820186021385,1.2119508180305032,,7.237367530310752e-05,
2013-04-01,6.678777769649997e-05,0.7039255687380548,-0.006700403818023994,1.2418658428097291,,7.442237845819934e-05,
2013-04-02,6.451960799026473e-05,0.6990735354326899,-0.004096532063296739,1.253512017705543,,8.098651244168909e-05,
2013-04-03,6.836168011312682e-05,0.6881604974205028,-0.0024473776163896678,1.1678004243783322,,7.399146511383918e-05,
2013-04-04,6.901245142532413e-05,0.6847278737287872,-0.0006879035625490813,1.1523327275716482,,7.625151041254688e-05,
2013-04-05,6.697476452894188e-05,0.694158034006026,-0.0005128382282505654,1.177627304136058,,7.706826732844549e-05,
2013-04-08,7.273438811092278e-05,0.6979495102172302,-0.00016858540453541175,1.1880271376981932,,8.04896301300331e-05,
2013-04-09,7.022991067372413e-05,0.7001428357501548,-8.451879805339978e-05,1.1818016365529342,,8.212084976844147e-05,
2013-04-10,6.636144982931065e-05,0.6835322550102783,0.00016573801274648116,1.1935187725515972,7.168495379239238e-05,8.497905152504077e-05,1.0802198260703224
2013-04-11,6.716170407401359e-05,0.6830919136140129,0.00034080050320649854,1.2250956739639935,0.0001033451527038174,8.839292013104757e-05,1.5387511994920335
2013-04-12,6.98842565011876e-05,0.6961066469041315,0.0003463524785373041,1.2275106933410598,0.00010829903956912577,8.968693911967186e-05,1.5496915183934934
2013-04-15,9.593981606210937e-05,0.7359829739075615,0.00037591812428782096,1.2636649823971715,0.00013976995998298385,7.6270123415411e-05,1.4568504060139096
2013-04-16,8.836558039441448e-05,0.7410356494968864,0.00037982066930753936,1.269023412476232,0.00013575941749916634,7.784779658294219e-05,1.5363382087597037
2013-04-17,8.959564094882932e-05,0.7309123264456768,0.00045222349516576833,1.09366541309126,0.00014712459744411016,7.772476586490901e-05,1.6420954846244953
2013-04-18,9.719405369416862e-05,0.7319146850910082,0.00041888901532470394,1.1062504746692738,0.00014768275813960367,7.759978278241278e-05,1.5194628943484865
2013-04-19,7.72897485213767e-05,0.7348272206808447,0.00039433445753444987,1.134156953211496,0.0001282857882103887,8.230352502389453e-05,1.6598034107318589
2013-04-22,7.797978274745508e-05,0.7372055224865371,0.0003629585777136029,1.168054890160098,0.0001240246821147182,8.661186633421846e-05,1.5904722704394278
2013-04-23,8.499754389235151e-05,0.7332062249002402,0.0003570109055548564,1.1424251316016738,0.00012772328296116182,8.449183705800551e-05,1.5026702786014854
2013-04-24,7.773768893068322e-05,0.7309709002534717,0.0003438642447210046,1.148627366612662,0.00011951142114741904,8.572856972875388e-05,1.5373678172242093
2013-04-25,6.90805921567358e-05,0.7258981582695085,0.0003203266241154289,1.153667598711976,0.00010798171946414666,8.626951510317604e-05,1.5631267204419548
2013-04-26,7.034557142953508e-05,0.7302799393898,0.00031572168622704354,1.1300051609470654,0.00010883283907859731,8.515990589863691e-05,1.547117137112388
2013-04-29,6.776168711759701e-05,0.7340241139401761,0.000304910363331956,1.1431700445434536,0.00010550876156244926,8.515453028543135e-05,1.5570562961241519
2013-04-30,5.8041023931509805e-05,0.7196190688795726,0.00027532414603971707,1.1445151421682689,9.09687749361232e-05,8.513661950077096e-05,1.5673185752799461
2013-05-01,6.311211636341748e-05,0.7089730689580744,0.00029961054697962887,1.1383536747206038,9.74910300554382e-05,8.520772275109508e-05,1.5447276319186825
2013-05-02,6.214021471172626e-05,0.7234838215095419,0.00024413419378519976,1.1750116127348165,8.911062802597414e-05,8.664233151075967e-05,1.4340251065974896
2013-05-03,7.476459886581012e-05,0.7260216051142281,0.0002531788673506427,1.2338461359493036,9.98875301600648e-05,8.967513258333046e-05,1.336027099394275
2013-05-06,7.535412832838797e-05,0.7212905399004391,0.0002665924963469118,1.2293568245516822,0.0001022322036187119,8.92304154862672e-05,1.3566901493862578
2013-05-07,7.392273390092128e-05,0.7116588945887156,0.00028554122914572583,1.1634440667915966,0.00010339399212164839,8.83518664223038e-05,1.3986765189207893
2013-05-08,6.958015556766957e-05,0.7065432429165392,0.0002915752844071859,1.1571468974719232,0.00010063679540388917,8.746730755574417e-05,1.4463433515324027
2013-05-09,7.111722928104653e-05,0.701514232740786,0.0002910827262754258,1.1364538867139236,0.00010093275269203297,8.586200788896712e-05,1.4192447275070175
2013-05-10,7.562958883543677e-05,0.726229581306915,0.000333457004312355,1.135980459259215,0.00011532931877020977,8.614628235337164e-05,1.5249232548540765
2013-05-13,7.357910230951406e-05,0.7341287608908375,0.0003836189949542497,1.1352037849840375,0.00012333874719748327,8.618544678479899e-05,1.6762741502152725
2013-05-14,7.590263764609063e-05,0.7446255219596607,0.0006299167391157709,1.1596514706515348,0.00016282006590076167,8.617880342511066e-05,2.1451173628502715
2013-05-15,7.650099964197039e-05,0.744313270005216,0.0008588188331980504,1.1430169748057932,0.00019078318587021744,8.43655667149798e-05,2.49386526663828
2013-05-16,7.639729836462006e-05,0.7516609644710909,0.001017662237481065,1.146612811444468,0.00020958626924697213,8.399481370584883e-05,2.74337278586323
2013-05-17,7.425705624970095e-05,0.7589953009614957,0.0023830050371705536,1.1058189913905914,0.0003192790566644054,7.903827565494651e-05,4.29964602408665
2013-05-20,7.217439206379002e-05,0.7670404318647721,0.0025904129147352357,1.1033568412631904,0.0003316609362715334,7.924582271735619e-05,4.595271630115026
2013-05-21,7.13709588975209e-05,0.767356126182845,0.002759388138737137,1.0947421553666168,0.00034053685991056637,7.87116966116789e-05,4.771364504147009
2013-05-22,7.35750525384875e-05,0.7675328657922825,0.003678886785227183,1.1393242181719774,0.00039931946721398433,8.03669239889695e-05,5.427375903063042
2013-05-23,7.454058968752127e-05,0.7672256096443041,0.004334902589253502,1.140594723463842,0.00043612318433121464,8.04888232163277e-05,5.850814786406572
2013-05-24,7.630250921850573e-05,0.7746762135090126,0.0037348365202893247,1.1442264773192072,0.00041354752837173217,8.070712370694357e-05,5.419841792980434
2013-05-28,7.438631671877e-05,0.7747243920350574,0.0032025421734868543,1.1259822254175766,0.00037813004474639134,7.861943056769397e-05,5.08332797517016
2013-05-29,7.273626036607267e-05,0.7776639382196837,0.002637829869383954,1.150380555582918,0.0003406362283905938,8.217651607850635e-05,4.683169394140054
2013-05-30,7.309916508279677e-05,0.7742515483089661,0.002323769360444691,1.1369364774598327,0.00031910587601643184,8.101137901798625e-05,4.365383320794324
2013-05-31,7.696255068093324e-05,0.7921104854509633,0.0022787536183977723,1.131419590903734,0.0003317219228759761,7.472744563175115e-05,4.310173193859038
2013-06-03,7.835861755638394e-05,0.8015937966725312,0.001880965399477745,1.152656485595053,0.0003077429649519309,7.667618744071639e-05,3.9273659304988446
2013-06-04,7.696792659140356e-05,0.8062100007173414,0.001610728386246491,1.1472187945697103,0.0002838665574996301,7.592365841786051e-05,3.6881149080003244
2013-06-05,8.390672708275947e-05,0.8145724853184774,0.002164857718969182,1.1223384564521175,0.0003471704929846816,6.86980362225034e-05,4.1375763905349086
2013-06-06,8.864935953499249e-05,0.8324881440129378,0.0019278275135942238,1.127275990225491,0.0003441517207737544,6.77561576848949e-05,3.882168157547801
2013-06-07,8.584609796353898e-05,0.8424510339246416,0.001645047530731142,1.1285215729338989,0.00031658779841351386,6.428403601014671e-05,3.68785309901886
2013-06-10,7.344670994631798e-05,0.8349657180137824,0.0013947035002160907,1.1301256183908652,0.00026723649262122524,6.450657262618591e-05,3.6385086931265915
2013-06-11,7.540176794643908e-05,0.8289636057033223,0.0012453726472588305,1.10365417199538,0.0002540246664949678,6.077237871244413e-05,3.3689484134564562
2013-06-12,7.564969572692771e-05,0.8280726649676318,0.0010918221826330416,1.1167247887517526,0.0002379841306589519,6.49819218656483e-05,3.1458702956057074
2013-06-13,7.668406692361186e-05,0.8216247636792641,0.0009644623199016684,1.096067558466692,0.00022344401253363957,5.876508619770299e-05,2.913825798470252
2013-06-14,7.978958283363962e-05,0.8133079917146717,0.0008931745342781809,1.1198170082046617,0.00021711823662108138,6.006848356785373e-05,2.72113512704748
2013-06-17,6.406673037804978e-05,0.8010817705868908,0.0007753609318231185,1.1033728735695958,0.00017854392857007725,5.8320074120550786e-05,2.786843148019445
2013-06-18,5.269216623890948e-05,0.7838291297952134,0.0006102259693000721,1.118136581840966,0.00014055288646778986,5.8505385427557034e-05,2.6674342032269944
2013-06-19,5.313666894497608e-05,0.7867598484082137,0.00054881122269847,1.1646299413500645,0.0001343540748233226,5.789805942912743e-05,2.5284625003958854
2013-06-20,6.610900161714408e-05,0.8194481301188982,0.0004152422557655416,1.3337893541693662,0.00013576960003680702,4.641521265738419e-05,2.0537233465283165
2013-06-21,6.524441916700448e-05,0.8168625115803806,0.0003975240789062854,1.3334280814214547,0.00013155348876301703,4.679059618449655e-05,2.0163178773387944
2013-06-24,5.5679700730278476e-05,0.8091971232405661,0.0005920292592832777,1.3225677246534442,0.0001469177815173479,4.9643172831077804e-05,2.6386237639645644
2013-06-25,5.683904438603972e-05,0.804268020399956,0.0007765140896307289,1.2535124034533582,0.00016896581772061464,4.5060617316136596e-05,2.9727068698240546
2013-06-26,5.616484134519195e-05,0.8045550739598772,0.0006677176928147743,1.2716045209423563,0.00015580611130078267,4.3302722628847406e-05,2.7740861999981528
2013-06-27,5.600093181678947e-05,0.8046114325725691,0.0005928114762499674,1.2429570552267375,0.00014660275342019067,4.187433577833367e-05,2.617862750923693
2013-06-28,5.651835513949762e-05,0.8021951569191967,0.0005358297202890495,1.2633660902774964,0.0001396008915726806,4.2440880654069986e-05,2.4700098088155626
2013-07-01,4.0959150997653995e-05,0.7934009145046861,0.0004833776428888385,1.3311089495474582,0.00011163784629237386,4.5654860181203894e-05,2.725589851673637
2013-07-02,4.708768430286185e-05,0.7854538130611501,0.0004418093639283582,1.3413070835880936,0.00011329005223487484,4.594400479754115e-05,2.405938068778409
2013-07-03,4.5307854285029834e-05,0.7822863747152733,0.0004051885397594807,1.34031410115642,0.0001059939532575031,4.590944500120065e-05,2.3394167508065937
2013-07-05,5.048108536897671e-05,0.7824483238835545,0.0003697619930960892,1.2390489954661226,0.00010690084572324967,4.1810687278572826e-05,2.1176415867822422
2013-07-08,5.858594159480322e-05,0.7782132600957216,0.00035198111434008115,1.2474572140407727,0.00011175192545453212,4.265561601584278e-05,1.9074870593945512
2013-07-09,6.185296409698371e-05,0.7747568196536332,0.0003251088165990352,1.2487069875944334,0.00010986517191833546,4.164643396650002e-05,1.7762313176466362
2013-07-10,6.043816195282401e-05,0.7773900842850415,0.0003091184737175351,1.279992210670969,0.00010625689013736449,4.298581274059672e-05,1.7581092260930276
2013-07-11,6.428746384905295e-05,0.7882373174522493,0.0002857952828767686,1.389284783657152,0.0001068433918121532,4.131350202310901e-05,1.6619630860383858
2013-07-12,6.999194674271863e-05,0.7884639802557333,0.0002766066623862921,1.4046501055012974,0.00010970772589731745,4.2722417315444295e-05,1.5674335549000928
2013-07-15,7.060701256657018e-05,0.7935986899069716,0.0002602089246135391,1.4010821498193629,0.0001075687085055865,4.276031550544976e-05,1.523484772906485
2013-07-16,3.5042919617133015e-05,0.7883118826082314,0.00025938148243987374,1.3620006077504936,7.515669921409759e-05,4.471348856584044e-05,2.1447042665175746
2013-07-17,3.792838595062833e-05,0.7841154766595568,0.0002532858659585584,1.3717578055982491,7.685421386457218e-05,4.5099202584815456e-05,2.026298033473238
2013-07-18,3.7451029819475974e-05,0.7816305394059402,0.0002639144995801845,1.1774378027950976,7.770787399850784e-05,4.20914964824261e-05,2.074919551560549
2013-07-19,4.0860668714576163e-05,0.7857348398060855,0.00025490069404880835,1.236754153229901,8.018889968077095e-05,4.4789695268641814e-05,1.9624960188712057
2013-07-22,3.950888193740232e-05,0.7884576120165008,0.0002543100147718416,1.2542979177639713,7.903281514628833e-05,4.54878221898203e-05,2.00038095918552
2013-07-23,3.3171208880188284e-05,0.7731737185166682,0.00022424260837697714,1.203860201956587,6.668325655922424e-05,4.376402679957195e-05,2.010275139506635
2013-07-24,3.471216593235655e-05,0.7616764962103361,0.00022295842304428506,1.2200544318854996,6.700749041899336e-05,4.435792717062973e-05,1.9303748014333237
2013-07-25,3.488954269695917e-05,0.7575558903850965,0.00021745541598151502,1.1834614631455018,6.598533597788688e-05,4.3469677497468954e-05,1.891263997095551
2013-07-26,3.343176772700175e-05,0.747934546571197,0.0002174013873906039,1.196995120582578,6.376383356091259e-05,4.468495673446895e-05,1.90728274022473
2013-07-29,3.360094972876798e-05,0.7457450572152334,0.0002194801922504709,1.18292490272642,6.40418436446993e-05,4.558990921031679e-05,1.9059533781531441
2013-07-30,3.816574763863081e-05,0.7128462230242748,0.0002196458101808629,1.179489830925602,6.5267082791267e-05,4.548588884644422e-05,1.7100957489223823
2013-07-31,3.750748633018741e-05,0.6921077319249977,0.00020917828849469978,1.127192685113538,6.130430644376344e-05,4.563722208890108e-05,1.6344552099302765
2013-08-01,4.226173154810077e-05,0.689974697905724,0.00021710446869271802,1.138661243958806,6.609082754396852e-05,4.411991717490161e-05,1.5638457091789137
2013-08-02,4.130983358011611e-05,0.691256460147527,0.00020540478212802287,1.1631550127173207,6.367532949295263e-05,4.6795074221514854e-05,1.5414085212776514
2013-08-05,3.7225611971094185e-05,0.6950227093609264,0.0001939754123470237,1.1830910971018338,5.9059975162895236e-05,5.091205858847985e-05,1.5865414169350798
2013-08-06,4.1983018398946586e-05,0.6807509252715609,0.00019634380327526984,1.174018874221178,6.180643149696984e-05,4.988128151693339e-05,1.4721769385338108
2013-08-07,4.81253999850549e-05,0.6738331236499879,0.00019084269235768118,1.273418458029201,6.457691580622431e-05,6.735594459506862e-05,1.341846838182713
2013-08-08,4.5117615842124565e-05,0.6640517654646237,0.00017879559738617252,1.2723086238324577,5.9642167354711567e-05,6.809837329910414e-05,1.3219263970731803
2013-08-09,4.7210405389653165e-05,0.6610250219504986,0.0001772944974806851,1.270680729870737,6.04761857958025e-05,6.817466084769453e-05,1.2809927238849068
2013-08-12,4.729046229109182e-05,0.6564682957582563,0.00017154754585499418,1.259785745983846,5.912794578933783e-05,6.911884858531146e-05,1.2503143958581233
2013-08-13,5.1414947954433665e-05,0.6706018866836466,0.00017778187234200837,1.3381854191250209,6.411404963325277e-05,7.887444071645551e-05,1.2469924055952295
2013-08-14,5.361675369996386e-05,0.6779539215897837,0.00017355059553184055,1.3383713929694698,6.539785275367651e-05,7.910663757181901e-05,1.2197279439862954
2013-08-15,5.120699157562921e-05,0.692292694034294,0.00018644097759446592,1.3454383763301692,6.764334335126078e-05,7.380419689302544e-05,1.3209786646293447
2013-08-16,4.9139520575593413e-05,0.6972343627469846,0.0001768574009502569,1.3553566943707998,6.49988779454509e-05,7.378534567619307e-05,1.3227413939755548
2013-08-19,5.1240075352845624e-05,0.6898097217331288,0.00019541767916739689,1.2609457836217912,6.902654183727715e-05,6.754605190730378e-05,1.3471202249792116
2013-08-20,5.687877447837599e-05,0.6907772671344925,0.00019168759636313686,1.2836834945128055,7.212904098462313e-05,6.946105488425268e-05,1.2681187604005943
2013-08-21,5.746511661394483e-05,0.6849569487049448,0.00019476109567543746,1.2760438177019828,7.246303612521397e-05,6.75541448643421e-05,1.2609917180195829
2013-08-22,5.43081375808944e-05,0.6797760012318292,0.0001988371717951478,1.2742145461304208,7.063941136031579e-05,6.602375130850192e-05,1.3007150402662073
2013-08-23,4.6628310947370826e-05,0.6751515497510855,0.00018399743680951595,1.2745926745370029,6.253627336706131e-05,6.591854743073331e-05,1.3411653155878998
2013-08-26,5.7057237442025364e-05,0.697740765888682,0.0007713336850566163,1.2583961999686657,0.0001463762499989709,6.479588825180117e-05,2.565428271000689
2013-08-27,6.26349019454684e-05,0.6960946975953156,0.0008707017195568611,1.22643460627037,0.00016255907808341384,5.552785803935837e-05,2.5953433793979923
2013-08-28,6.352118414260544e-05,0.7038238448843118,0.0006729182032669338,1.264184619453982,0.000145513875428078,5.770432012146801e-05,2.290792865280951
2013-08-29,6.345432123592429e-05,0.6965871611366017,0.0005834049567766325,1.271128899123072,0.0001340266382517689,5.804082667842424e-05,2.1121751149690104
2013-08-30,6.533098257867051e-05,0.6988376834573976,0.0004949917472312835,1.2647708341865174,0.00012567094752079252,5.7182853666153075e-05,1.9236041241146433
2013-09-03,6.741624909395761e-05,0.6975395398640849,-0.0017093106966970804,1.2445492534038252,,5.668850580724543e-05,
2013-09-04,5.29054408502055e-05,0.6772981502665606,-0.0037662555624370974,1.2215992435690954,,5.474340206582726e-05,
2013-09-05,5.526096611110341e-05,0.6701671173739213,-0.005371516645340237,1.1664366372859865,,5.750371744841408e-05,
2013-09-06,5.903493096893949e-05,0.6611288990532443,-0.006570516646266412,1.3236558045241182,,6.962906475563306e-05,
2013-09-09,5.950680039687122e-05,0.668058080224877,-0.004503745734738099,1.3425998227346652,,6.861571049828395e-05,
2013-09-10,6.058865375686932e-05,0.6660150827745422,-0.003705610419102007,1.3220713775843784,,6.671394497103405e-05,
2013-09-11,5.2548421709793746e-05,0.6571641690392873,-0.0027088907525695304,1.3126777870234123,,6.753557507677256e-05,
2013-09-12,5.463125330927889e-05,0.6443557999680483,-0.0020211666574181547,1.2858612605173956,,6.612277065644337e-05,
2013-09-13,5.629719144726608e-05,0.6251336905120277,-0.001027737264989079,1.2890809130744982,,6.65280951087059e-05,
2013-09-16,5.4138744378514925e-05,0.6234021611852416,-0.00016190997907835993,1.238197454952812,,6.396898994297282e-05,
2013-09-17,5.7555509167455784e-05,0.6212689169454183,0.0005582309385944597,1.232831867553576,0.00011136020638052896,6.367176136401741e-05,1.9348314000060403
2013-09-18,6.204530316157312e-05,0.6334079844881231,5.117246980847193e-08,1.2683667602537636,1.128641923905693e-06,6.268468534683767e-05,0.01819061018956712
2013-09-19,6.178297806302708e-05,0.6341267735646856,-0.0002796232032081791,1.2861680418322443,,6.491871939995491e-05,
2013-09-20,6.675064824066973e-05,0.6589760129877078,0.0009699030831458378,1.380080522753492,0.0001676723766156001,6.486229305515747e-05,2.5119213226372974
2013-09-23,6.644616634370019e-05,0.6524482468812829,0.001224754541060585,1.317675136151673,0.00018612536492522313,6.102757394098234e-05,2.8011452754470283
2013-09-24,6.687102886618699e-05,0.6492010350515375,0.0014076907573612686,1.28567932397095,0.0001991828011933756,5.917231144589765e-05,2.978611284596092
2013-09-25,5.221698153901886e-05,0.6267431812540953,0.0014653471750574571,1.351914523482976,0.00017336673293367316,6.166235702034765e-05,3.3201216888441896
2013-09-26,5.0374063840171386e-05,0.6276740571291832,0.0013970977523966215,1.358169743754421,0.00016651412131448484,6.191885649013215e-05,3.305552671763921
2013-09-27,5.122431082106018e-05,0.6267452930870814,0.0011530541936585453,1.3991678251238624,0.00015231897302034095,6.313976990518257e-05,2.9735680300791296
2013-09-30,5.1567877421329924e-05,0.6313080607578639,0.0011178712616286928,1.3767593852582647,0.00015157474916185538,6.173022895711815e-05,2.939324958509147
2013-10-01,5.3629225784131454e-05,0.636937099950377,0.0010890930179854458,1.3917294168394891,0.0001539323135620198,6.114959048214607e-05,2.870306466508181
2013-10-02,4.9785428743887e-05,0.6640078111099368,0.0008700213427137225,1.4487230333005798,0.00013819402536566683,6.455601378714987e-05,2.775792613468961
2013-10-03,5.1677659876475144e-05,0.6865173131482971,-0.011324228695978357,1.4537647652853865,,6.404378778367146e-05,
2013-10-04,4.988490741732951e-05,0.6892898379272274,-0.008886163880100965,1.444540056947352,,6.251915220793215e-05,
2013-10-07,5.300164613196136e-05,0.6870146229242114,-0.006712613282864008,1.401702104317757,,5.814062619232369e-05,
2013-10-08,5.7418241986777646e-05,0.6917493770400795,-0.004859723121123888,1.3515587171447765,,5.571948988097626e-05,
2013-10-09,4.671951297786224e-05,0.6907189405112588,-0.003871108504424565,1.3261676475703512,,5.5391238485702546e-05,
2013-10-10,5.493659376391755e-05,0.708004333927583,-0.003238356273060382,1.246666175555769,,4.086143308643381e-05,
2013-10-11,5.397060840252837e-05,0.7137274038632074,-0.002528726723892848,1.2652618475556334,,4.1401991730138704e-05,
2013-10-14,5.390763459317086e-05,0.7151276105987715,-0.001988545521110785,1.292855196902765,,4.257732213110258e-05,
2013-10-15,5.553151341989191e-05,0.7199536762366592,-0.001561556141594823,1.350853716566774,,4.9800998098276985e-05,
2013-10-16,4.144281603770634e-05,0.6893519790396503,-0.0013953179565731348,1.2355650625261692,,4.132715354012575e-05,
2013-10-17,4.1583055321708076e-05,0.6744290161903039,-0.0010804172602799696,1.248234611459745,,4.089330418935552e-05,
2013-10-18,4.3823960134694674e-05,0.6632026778224493,-0.0007968871256180913,1.2832652304906174,,4.163542019329741e-05,
2013-10-21,4.4710412594374516e-05,0.6599029077512081,-0.0006016377377421095,1.2803575505878335,,4.155234866619452e-05,
2013-10-22,4.4371990394003997e-05,0.6668831482039068,-0.00040060599312302815,1.3245729313510572,,4.279564579779971e-05,
2013-10-23,3.6244305626284386e-05,0.6600819154256115,-0.001049158014585134,1.2810423002599851,,4.0415085564506955e-05,
2013-10-24,4.040389782719303e-05,0.6556824657877921,-0.001557495340425813,1.3006614992695662,,4.093637085661175e-05,
2013-10-25,3.967999624918889e-05,0.6529415840645088,-0.0019563396758894105,1.3094022165881285,,4.124638923130168e-05,
2013-10-28,4.081308187982178e-05,0.6530330785898241,-0.002305687290660109,1.2621304908224122,,4.295804743586184e-05,
2013-10-29,4.2024721372673885e-05,0.6589889413328638,-0.0025299684278957337,1.2796881559401183,,4.2979432386482484e-05,
2013-10-30,3.243679795796633e-05,0.6497479356597816,-0.001858918727926236,1.2693905748265024,,4.206819205151221e-05,
2013-10-31,3.3498134377451295e-05,0.6418845590288346,-0.0016091531500419024,1.1485103989123524,,3.8431572636855176e-05,
2013-11-01,3.528785039280735e-05,0.6341609723703102,-0.0013431111680519685,1.1306527731019933,,3.7792249974188294e-05,
2013-11-04,3.477448195487655e-05,0.6436312402870068,-0.0010666586274147166,1.1576184383060892,,3.8511345889829966e-05,
2013-11-05,3.766596277267884e-05,0.6536899950892581,-0.0008123467770624633,1.1468030813449634,,3.780403948354792e-05,
2013-11-06,3.8333959556374354e-05,0.6523460833040442,-0.0006025245696868025,1.1569106921453405,,4.2936738506648437e-05,
2013-11-07,4.0431492315281525e-05,0.661993053737576,-0.00046147919090747374,1.111124626441474,,3.9152321403900334e-05,
2013-11-08,4.3778322206368926e-05,0.6533292113949847,-0.0004442595382210611,0.9390042515287526,,3.0212130743307434e-05,
2013-11-11,4.088414418239951e-05,0.6502464316287992,-0.00031232385672135855,0.9526206724143258,,3.074279560643944e-05,
2013-11-12,3.99781619662566e-05,0.6511809344390844,-0.000202834235602124,0.9921950225310224,,3.242248979925595e-05,
2013-11-13,4.4902541372157916e-05,0.6357674627283525,-0.00011075181547115407,1.017149510578405,,3.2142597288060345e-05,
2013-11-14,4.545126757048379e-05,0.6299290297251233,-3.796627744359997e-05,1.0204794471819527,,3.1816208132261177e-05,
2013-11-15,4.488960878325864e-05,0.6279749516445023,1.4414719170882822e-05,1.0816221513228017,1.5974170822693657e-05,3.521661488172463e-05,0.35585453417119434
2013-11-18,4.304897041106976e-05,0.6225762072427264,5.8883288571566306e-05,1.135862271482802,3.134511967937059e-05,4.879863639781282e-05,0.7281270464789189
2013-11-19,4.253689180732228e-05,0.6238439331656868,9.533979207659117e-05,1.1320170189425676,3.97279295882016e-05,4.9123606815299645e-05,0.933964093290024
2013-11-20,3.986505410246521e-05,0.6319480643400537,-0.00045503471934354664,1.1529030320177358,,5.070882624394367e-05,
2013-11-21,3.485111027762049e-05,0.641197537846442,-0.0009169162297966624,1.0710354880496449,,4.7698502405287514e-05,
2013-11-22,3.677714977289896e-05,0.6392109926708954,-0.001277716688260271,1.05982848923466,,4.9346589638717414e-05,
2013-11-25,4.464079349966786e-05,0.6490569232480182,-0.00138794313085434,1.0745342970004166,,5.079076474726775e-05,
2013-11-26,4.5604254902161166e-05,0.6578557832204895,-0.001481075628120872,1.0277535223986467,,6.007806854584869e-05,
2013-11-27,5.098239319509307e-05,0.6776473641418598,-0.0010731827868489558,1.0381512005032838,,6.184971997446836e-05,
2013-11-29,5.306536742177139e-05,0.6831612953991174,-0.0005431568755227303,1.0370497327172783,,6.179003602956356e-05,
2013-12-02,5.1303727815654587e-05,0.6853016875694615,-7.373007808793784e-05,1.080098794420948,,6.882868647042426e-05,
2013-12-03,5.129816798105141e-05,0.6915255845813383,0.0003237345795770838,1.037300103294048,8.911559797105179e-05,6.938940240761913e-05,1.737208198233696
2013-12-04,4.926678581923591e-05,0.6855236026926452,0.0006558615796222951,1.0377790555021131,0.00012322692816289492,6.949937048045272e-05,2.501217120496254
2013-12-05,6.186383108747796e-05,0.6826307475778914,0.0009470801664946221,1.0106414707010798,0.0001652333175914248,6.981378595040841e-05,2.6709195775117482
2013-12-06,6.149224160789946e-05,0.6809519060851958,0.0007978820241374434,1.037777719507094,0.00015083285192365236,6.890868262911263e-05,2.4528761349346544
2013-12-09,5.694825981469449e-05,0.6789068791223202,0.000666279119775062,1.038994993400825,0.00013224478040225774,6.944283021506116e-05,2.3221917725418244
2013-12-10,5.3452041059883435e-05,0.6776882224137976,-0.0013723575197775628,1.041062723212458,,6.986485500540436e-05,
2013-12-11,5.2671389427449466e-05,0.6737604307477562,-0.0028508444161710607,1.0437480207356669,,6.67345452131774e-05,
2013-12-12,5.926873458923956e-05,0.6952937388814384,-0.0033804229206756448,1.091004066728795,,7.068506610067543e-05,
2013-12-13,5.102150798536989e-05,0.687748232772212,-0.002826031903829427,1.0893865507946512,,7.123857792549209e-05,
2013-12-16,5.265033739264804e-05,0.6954648635729216,-0.002973539554572305,1.09222308433273,,7.074304457176205e-05,
2013-12-17,5.547285481711756e-05,0.6985821349361522,-0.003211817325026233,1.0823424628267926,,7.03235415094108e-05,
2013-12-18,5.7755345996717895e-05,0.7088758009563728,-0.003740791095405073,1.0329667370626872,,6.085678795701566e-05,
2013-12-19,6.478693026373803e-05,0.7152535349602975,-0.004580524755859011,1.034484096463293,,6.089237182075904e-05,
2013-12-20,6.101338500649426e-05,0.7164812783449706,-0.005846204430684266,1.0243121741783492,,6.082367842210488e-05,
2013-12-23,6.0371580554275465e-05,0.7184046080378849,-0.006947420595323635,1.0158291340096102,,5.987446423931253e-05,
2013-12-24,6.05937066863415e-05,0.719726644083948,-0.0076111388614473405,1.0238203068505949,,6.154350869969333e-05,
2013-12-26,6.0130930524985e-05,0.7259237183820041,-0.007972775010346855,1.057295055024179,,6.74772535756875e-05,
2013-12-27,6.1029823506439453e-05,0.725458145863077,-0.007890332657976694,1.0596864413329865,,6.762845505086323e-05,
2013-12-30,6.103786899254316e-05,0.7239932855239053,-0.007855176552539502,1.0657983234823043,,6.808682678671578e-05,
2013-12-31,6.15980310886923e-05,0.7189844802777616,-0.007253674579176737,1.0592350576075995,,6.723307050927149e-05,
2014-01-02,6.274975633376732e-05,0.7155435587774633,-0.00675144510575596,1.0820394367954338,,6.617135825639719e-05,
2014-01-03,6.287727487442676e-05,0.7034180056503571,-0.004745459242629379,1.1074254175551652,,6.847861259573929e-05,
2014-01-06,6.194585296328845e-05,0.6978036045748857,-0.0049662567739729895,1.120364033869645,,6.898099421279999e-05,
2014-01-07,5.985294868622432e-05,0.698865658317128,-0.004723610377590583,1.1363686645486402,,7.264019529356356e-05,
2014-01-08,5.957982003469859e-05,0.6989710378482967,-0.004724923351611169,1.1434958331113092,,7.332703082517811e-05,
2014-01-09,5.8876921963223624e-05,0.699664973536471,-0.003397278717478166,1.1565540430080428,,7.618256877266064e-05,
2014-01-10,5.8643073362417135e-05,0.6937200843281559,-0.002404799563903667,1.1640214187952416,,7.773070018228868e-05,
2014-01-13,6.549653155125348e-05,0.7167460870241004,-0.002087648808724057,1.1540128327696988,,7.286989142614088e-05,
2014-01-14,6.384952094066409e-05,0.7162184031971494,-0.0010908584716253136,1.2457263201488906,,7.642861942334274e-05,
2014-01-15,6.070372053025981e-05,0.7273966018618196,-0.0036203446014140606,1.1686052646345055,,7.299151572514224e-05,
2014-01-16,6.085694586035492e-05,0.7330192148128066,-0.006197485728267412,1.134706608679622,,7.129585270435319e-05,
2014-01-17,6.130074788390541e-05,0.7290674376197499,-0.008852512037438231,1.1035042161439252,,6.934123211547372e-05,
2014-01-21,6.022038567812545e-05,0.7255455013405455,-0.01241008917420328,1.131936895707878,,7.235144914123943e-05,
2014-01-22,6.0180607898710316e-05,0.7169217442003258,-0.01663126343431727,1.1327556575479507,,7.251671386189925e-05,
2014-01-23,6.197862719476769e-05,0.711404303737,-0.014830730728973635,1.0909486827196972,,6.864468558719917e-05,
2014-01-24,8.312838911315208e-05,0.7374158410507213,-0.016236820455779746,1.0731263676008402,,5.685205217659601e-05,
2014-01-27,7.785643656399444e-05,0.7325259670024815,-0.01375600355242493,1.0638293799896306,,5.620550811425868e-05,
2014-01-28,5.7778264472590076e-05,0.7254624606837261,-0.01140973994262324,1.04734982515541,,5.491155129156477e-05,
2014-01-29,5.541992369045716e-05,0.7142816117855925,-0.008562497796049328,1.0716414519658215,,5.344077801094132e-05,
2014-01-30,5.718939038351772e-05,0.7063331831608435,-0.007097102938470736,1.0964088517238142,,5.6682907736557054e-05,
2014-01-31,5.786696567157789e-05,0.6986051552823339,-0.0059504942663397425,1.0906653581950352,,5.8802725868838605e-05,
2014-02-03,7.055814511505822e-05,0.7109437149728707,-0.00511731115587966,1.1466565800714528,,4.7283622906828075e-05,
2014-02-04,5.3287933521446234e-05,0.7109606733823917,-0.004253823520376571,1.109647267836914,,4.7159511282461674e-05,
2014-02-05,5.1744253938995175e-05,0.7106003419604578,-0.0034346803720855753,1.195645219318785,,6.43728476842549e-05,
2014-02-06,5.460185755120456e-05,0.7136026905640945,-0.0015767959051274545,1.2630761916611577,,6.635882357142428e-05,
2014-02-07,6.356327391387762e-05,0.7186910960486936,-0.0012556610421457252,1.277133743647261,,6.45964453002174e-05,
2014-02-10,6.2547563500994e-05,0.7206004269950795,-0.0009959085374415043,1.2471041398978795,,6.418744168794533e-05,
2014-02-11,5.609995653519849e-05,0.7291435514269304,-0.0006250523903897117,1.233428716309667,,6.320629196098042e-05,
2014-02-12,5.280573476410588e-05,0.7275098263027138,-0.00038847204914882325,1.2330554110205427,,6.321046164586227e-05,
2014-02-13,5.31879934714369e-05,0.7298761917553099,-0.00019767623448846736,1.2164066310572588,,6.200528138665962e-05,
2014-02-14,5.362200748552388e-05,0.7316978130782215,-3.7238976723466536e-05,1.2416840529872375,,6.304505302106928e-05,
2014-02-18,5.088126402858046e-05,0.7303102878546185,0.0001590664656264545,1.2289946890694468,6.57015598076713e-05,6.259809703100483e-05,1.2912721620038006
2014-02-19,5.093399391722896e-05,0.71670163682609,0.0001267132460155539,1.1915099268365217,5.757756185684152e-05,5.937914378251784e-05,1.1304348516318745
2014-02-20,5.128532994270177e-05,0.7113082082261516,0.0001353318738089836,1.1841542657141453,5.9259017242099915e-05,6.022384096776688e-05,1.1554769620924092
2014-02-21,5.0142924359823583e-05,0.7056775514630655,0.00014147820006384416,1.1781322695422007,5.943686499641506e-05,6.007484269721755e-05,1.1853489950027354
2014-02-24,5.289213529725008e-05,0.7049883396483708,0.00014347030624195463,1.1864371222875203,6.14127431544353e-05,6.027784405979684e-05,1.161094041851402
2014-02-25,4.99909412374215e-05,0.6966430267267782,9.607007571619829e-05,1.1756889276633125,4.82780830678709e-05,5.9897496733366644e-05,0.9657366289341155
2014-02-26,4.8822079787728685e-05,0.6940134690163446,0.00011062428141923776,1.1756070953015607,5.100365136589365e-05,5.989285420442065e-05,1.0446841180803874
2014-02-27,4.902946505121921e-05,0.6940454383999236,0.00012109951040855829,1.189712479340486,5.347954150017399e-05,6.0046573291245714e-05,1.0907633082332422
2014-02-28,4.913560627678946e-05,0.6947391000187458,0.00012935120180734423,1.1699973436586089,5.538665474609568e-05,5.898755829461444e-05,1.127220338629648
2014-03-03,5.060228536900576e-05,0.6964391347229032,0.000140473265710432,1.1852489867934184,5.8717164164266396e-05,6.049491672631896e-05,1.1603658557332879
2014-03-04,5.593664385448813e-05,0.6992730149801353,0.00015594579846113255,1.184161225761891,6.531031990682166e-05,5.617883772721885e-05,1.1675766618518968
2014-03-05,4.9068183379191435e-05,0.6854021458066554,0.00016542839784272484,1.1728949732198697,6.175192229322058e-05,5.565565993493547e-05,1.2584921234195925
2014-03-06,4.928243059442446e-05,0.6758467052940111,0.00017066944528687291,1.155191940625068,6.19829367033808e-05,5.4737972562471314e-05,1.2577085982929015
2014-03-07,4.8971813978785636e-05,0.6697826631541133,0.0001704731454825224,1.165030954184479,6.119768372534586e-05,5.7634088526399126e-05,1.2496511514124515
2014-03-10,4.912023117884392e-05,0.6656682692490533,0.00017004408961499134,1.1649374639731171,6.0837145334056795e-05,5.76294439155496e-05,1.2385354033158409
2014-03-11,5.148937537691702e-05,0.6632837224026403,0.0001773514393981672,1.1361991175077109,6.338339680515244e-05,5.6153926196104616e-05,1.2309995283719752
2014-03-12,4.8906113932888686e-05,0.6586783693067898,0.0001714253245770994,1.1521569910507947,6.0310436192092384e-05,5.903213952657598e-05,1.2331880687730221
2014-03-13,5.192240840939531e-05,0.6590419867538909,0.00016507713671785857,1.1766471637310072,6.1014627188474843e-05,5.706671964841797e-05,1.1751116532844479
2014-03-14,5.053194068255615e-05,0.65709205912611,0.00016062694500019821,1.179246403965545,5.919955026223844e-05,5.719678594841233e-05,1.171527344143234
2014-03-17,5.312543808337814e-05,0.65601913521125,0.00016088910488440048,1.1369851591839644,6.065003939096398e-05,5.4336058549316846e-05,1.1416383860360133
2014-03-18,5.3640183376897774e-05,0.6551160079227643,0.00015813446571974406,1.1291023856566156,6.0336012688389794e-05,5.44567421429483e-05,1.1248286059062176
2014-03-19,4.9711758607667365e-05,0.6666410745161203,0.00015448671836101156,1.16834051072641,5.842076051953559e-05,5.564064057105e-05,1.1751899783027386
2014-03-20,4.924048797705463e-05,0.6656182865869402,0.00017899469509161694,1.0948013405691015,6.248942073834655e-05,5.1727062706732705e-05,1.2690658298810065
2014-03-21,5.1299807125194504e-05,0.6947893833440884,0.00015449148276495768,1.168426677291971,6.18533620114308e-05,5.4028484101996755e-05,1.2057230909364023
2014-03-24,5.150721281894852e-05,0.7050393000027019,0.00015748297026614002,1.2157417932221155,6.349859989917834e-05,5.563144702028608e-05,1.2328098614533929
2014-03-25,5.187847468728203e-05,0.7149892836009908,0.0001501844578901924,1.229311231558088,6.311108222509567e-05,5.63531060916331e-05,1.2165176907286233
2014-03-26,4.894688218699071e-05,0.7141824813974387,0.00015621084696005455,1.2065475950428857,6.244926095594056e-05,5.356002482236765e-05,1.2758577904383572
2014-03-27,4.819111839496585e-05,0.7174491754054696,0.0001532234755558132,1.2153383772303732,6.165059863672778e-05,5.369345005829344e-05,1.279293792923634
2014-03-28,4.77393720640184e-05,0.7214266810610613,0.00014151310375512508,1.2118473844800823,5.929647537927354e-05,5.315366735809544e-05,1.2420874597964358
2014-03-31,4.471229395078723e-05,0.7162453653235443,0.00012727219213508426,1.1973735922155293,5.403088272879832e-05,5.1081707908821746e-05,1.2084122274797091
2014-04-01,4.637295349124256e-05,0.7188388220247663,0.00012978434411380546,1.2522713541774613,5.57667141018663e-05,5.338790628575643e-05,1.202569815019389
2014-04-02,4.141854620280984e-05,0.7202382408431819,0.00013061947855248787,1.2642320083146712,5.2975806211666295e-05,5.416482316934794e-05,1.279035868431143
2014-04-03,4.131197301210188e-05,0.7177250539157873,0.00013350697722558006,1.2732161563342312,5.330255862967482e-05,5.44239942822497e-05,1.290244806609949
2014-04-04,4.5815215175484866e-05,0.739290654205985,0.00013981978204088852,1.2920463436980651,5.917038454874023e-05,5.041580177111156e-05,1.2915007453768663
2014-04-07,4.72141155464609e-05,0.7567063967403067,0.00013937463219500907,1.3269414599897675,6.138400232875246e-05,4.788695882334894e-05,1.3001197124692028
2014-04-08,4.530353492960697e-05,0.7399460348262874,0.00013257873379257418,1.2998367381630709,5.7345986202618336e-05,4.863946506622813e-05,1.2658170337419152
2014-04-09,4.691297863661334e-05,0.7297202794162273,0.00013293232065407452,1.3275253784381629,5.762596527475604e-05,4.692310831863026e-05,1.2283586962389492
2014-04-10,5.810324280314903e-05,0.7377093768701279,0.00015708345604231524,1.2879883842918127,7.047753620457278e-05,3.0940148391331705e-05,1.2129707879360065
2014-04-11,5.691804938589508e-05,0.713423427436702,0.0001754967785017002,1.0328775900936764,7.130285919049816e-05,2.2282892252625497e-05,1.252728439568904
2014-04-14,5.793906540801691e-05,0.7008196089224836,0.00017620366338795445,1.1198560304285845,7.08107924016236e-05,2.398811414524879e-05,1.222159727689112
2014-04-15,5.375893588153699e-05,0.6977259798661236,0.00016767849905548494,1.181894554578068,6.624436096349633e-05,2.4547015452232095e-05,1.2322483672197713
2014-04-16,3.1303883437837385e-05,0.6763141097486515,0.00015228450594654863,1.1789211981540315,4.6695541530661194e-05,2.269981154770871e-05,1.4916852608203788
2014-04-17,3.0074876652121772e-05,0.6619803451461646,0.00014333009388219176,1.1599587211622728,4.346260121535143e-05,2.2386159523611286e-05,1.4451464495793753
2014-04-21,3.398061258211898e-05,0.652860879185756,0.00013591635153183167,1.2294732644640476,4.4368229783664474e-05,2.494029421924881e-05,1.305692464385165
2014-04-22,3.465237531876505e-05,0.6433638171192968,0.00014499155152518248,1.180051137416101,4.560311257736223e-05,2.3932959596598136e-05,1.316016929802417
2014-04-23,3.661275306357103e-05,0.646362049189596,0.0001465605960303308,1.209815228172637,4.734789258053351e-05,2.4318124982677297e-05,1.2932076563137158
2014-04-24,2.8915216768426475e-05,0.6408805344534669,0.0001292651424884132,1.2098033609314784,3.91814967070957e-05,2.4313078136970458e-05,1.3550476560798026
2014-04-25,3.367547480592454e-05,0.6447076520117921,0.00012745625881577027,1.2251626523809769,4.223770105383789e-05,2.2306790677140988e-05,1.254257031185407
2014-04-28,3.364553762091845e-05,0.6479150831783216,0.00012069769899166408,1.1857036206378655,4.128871071111989e-05,2.2306071353782356e-05,1.2271675125633734
2014-04-29,3.9441733334885286e-05,0.6477077320410995,0.00011849649814370185,1.1605999416889632,4.428022671414659e-05,2.1504377374051258e-05,1.1226744610379933
2014-04-30,4.001418281063408e-05,0.6529388477134667,0.00010929746459894977,1.1556667834949776,4.318018794007029e-05,2.1699165957802226e-05,1.0791220739011274
2014-05-01,2.1991126094734782e-05,0.644678155078501,0.00010446497999742634,1.160659811051766,3.089954265646251e-05,2.232016992795489e-05,1.4050914229381195
2014-05-02,2.5114593555483047e-05,0.6340189143086684,0.00010040487023771287,1.2253858461210128,3.1837772914711e-05,2.4950067759871814e-05,1.2677001060907132
2014-05-05,2.3421323104644024e-05,0.6168494575311337,0.00010644949596443262,1.2524585594549316,3.08004246713797e-05,2.5824886217938632e-05,1.3150591251299777
2014-05-06,2.3724080850696792e-05,0.6129535624131092,0.00010499160898305493,1.2116165554723677,3.059141508095079e-05,2.3033289846593234e-05,1.289466819535489
2014-05-07,2.503936026433856e-05,0.6083484780338185,0.00011060427074163925,1.173864442126562,3.201474069503754e-05,2.1700311415511483e-05,1.2785766232467777
2014-05-08,2.245244272166245e-05,0.6232774624591746,0.0001254559832003923,1.2097923042339729,3.307949805226885e-05,2.266314586094508e-05,1.4733139935973765
2014-05-09,2.6257615904936162e-05,0.6328533849906143,0.00014227905032245102,1.081567753851101,3.8681315179900724e-05,2.0475514958987063e-05,1.4731465080433686
2014-05-12,2.5472098693136958e-05,0.6410147672051573,0.000166005586617987,1.0832537336575938,4.1683267054841024e-05,1.8839706340373456e-05,1.6364284528338413
2014-05-13,2.7268227179962204e-05,0.6414599948615936,0.0001854115959951986,1.1205842168943816,4.561067236278938e-05,2.329845844932485e-05,1.6726673157654321
2014-05-14,2.54765910501542e-05,0.6536088398646587,0.00019346164226945618,1.0681627750818343,4.588661381159958e-05,2.357039437388608e-05,1.8011284838409274
2014-05-15,2.174205444419079e-05,0.6130378159365686,0.00018073679128893498,0.9853804538090232,3.8429155314999876e-05,1.9747124916711655e-05,1.7675034074467455
2014-05-16,2.0552751262807784e-05,0.5968218395451419,0.00016850948105382008,1.0141654045291724,3.512302077898081e-05,2.0436177972481972e-05,1.7089206369435979
2014-05-19,2.1296152341554682e-05,0.5888168595910473,0.00015885718343330605,1.0026597028055946,3.424792298197547e-05,2.0086585769106185e-05,1.6081742106600307
2014-05-20,2.0908636850371392e-05,0.5859721651454042,0.00014453584800651903,1.031062485698087,3.221273752594599e-05,1.9357594901286318e-05,1.5406426423908075
2014-05-21,2.119414789263069e-05,0.5813976932539943,0.00013816999225751769,1.0408093453250369,3.146213217417669e-05,1.9097543880187794e-05,1.4844726163827626
2014-05-22,2.007249814887391e-05,0.5681775153530563,0.00012928921932863917,1.0313643756166064,2.894449075750229e-05,1.8881306044792625e-05,1.4419974306549435
2014-05-23,2.2049522594442057e-05,0.5752792016657775,9.963576060418179e-05,1.0877427527455468,2.6964097490546927e-05,2.0325271163482333e-05,1.2228880410020155
2014-05-27,2.174082787467674e-05,0.5633422446079517,0.00010031298348755649,1.0601179031390358,2.630806658396104e-05,1.910392267757469e-05,1.2100765773783677
2014-05-28,2.1661197917021908e-05,0.5586441778026365,9.383950762134667e-05,1.080050168264408,2.518658998649418e-05,2.96033382104387e-05,1.162751482303845
2014-05-29,2.1856321025887475e-05,0.5529601021773195,9.324615411479037e-05,1.133012416377288,2.4963058328902626e-05,3.065564933318967e-05,1.1421436525998776
2014-05-30,2.8179051435749515e-05,0.5653738707265072,0.00010042503957606106,1.1077874766120597,3.007598946063707e-05,3.118949992437003e-05,1.067317312976724
2014-06-02,2.8496658002674943e-05,0.5789613127983836,0.00010944151310267176,1.1124222246392443,3.233237103453106e-05,3.3698897808781395e-05,1.1346022060374963
2014-06-03,3.418588872187905e-05,0.5871769128256563,0.00011790830547670231,1.1145286632800038,3.7279030346257896e-05,3.376283732808907e-05,1.0904800705795086
2014-06-04,2.793146765100254e-05,0.5926097634709266,0.00012045969533858476,1.1164703077479752,3.4374513526499956e-05,3.4402864002946804e-05,1.2306733737017272
2014-06-05,4.136471088316827e-05,0.5944337223090185,0.00013491566974243343,1.0292349744516076,4.4406815731159515e-05,3.386656070816893e-05,1.0735434814613707
2014-06-06,3.9833023701562004e-05,0.6014807862117705,0.0001386027647680304,1.0184507573476034,4.46919539694605e-05,3.316691751756339e-05,1.1219824611935738
2014-06-09,5.1073182956276414e-05,0.6057745756503452,0.00014263197950085588,1.0107169445874284,5.170302570378685e-05,3.2909785912894685e-05,1.0123321616365608
2014-06-10,4.95066057749403e-05,0.5989525138236235,0.00014293366418338137,1.0092185770098858,5.0383836207641476e-05,3.3953496051408485e-05,1.0177194622610388
2014-06-11,4.7157992518462575e-05,0.5963205749937066,0.00014411980933049903,0.9928657158732298,4.916083923627707e-05,3.362872452539526e-05,1.0424709918903008
2014-06-12,4.667919578081926e-05,0.6138418392110566,0.00015109070657080248,1.0105759805819878,5.155099416348132e-05,3.301550887615615e-05,1.1043676588932132
2014-06-13,3.72024477228719e-05,0.6155171152785601,0.00015007272519287278,1.0173258483167626,4.599141543239417e-05,3.4556265033135364e-05,1.236247028017967
2014-06-16,2.938646502467408e-05,0.6027007382769791,0.00012763963536033412,1.0205151862638495,3.6912050748533544e-05,3.5192870401202046e-05,1.2560902006260595
2014-06-17,3.191330809025626e-05,0.6257198786747804,9.640514118784136e-05,1.0081997594741434,3.4706911020479266e-05,3.475703461030107e-05,1.0875372406496444
2014-06-18,3.560112133469648e-05,0.6358280596180451,0.00010648479077099748,1.0327118634375525,3.914851738887098e-05,3.463941958093233e-05,1.0996428180119497
2014-06-19,3.687128606172102e-05,0.6422730134032749,0.00012153305921553385,1.0361424452916248,4.2994314850914324e-05,3.482306051367045e-05,1.1660649639110392
2014-06-20,3.6786047916274955e-05,0.6283463081626719,0.00012538821389586162,1.0792406611956795,4.2674554094545364e-05,3.656330779153296e-05,1.1600744443021618
2014-06-23,3.78482539714106e-05,0.6197467014286905,0.00013105657342468583,1.0858974104086656,4.364822154335762e-05,3.677387438198199e-05,1.1532426720748634
2014-06-24,3.933090292313687e-05,0.6225753003015603,0.0001347425212461306,1.0560691854787516,4.532222054254954e-05,3.4739080939731094e-05,1.1523310469409083
2014-06-25,4.004889359785303e-05,0.6256662189474923,0.00012770991844674004,1.0695315615158367,4.4745594462861944e-05,3.4834723788728705e-05,1.117274172719236
2014-06-26,4.4267929857314866e-05,0.6251096150486377,0.00012668952959275383,1.0707282380654015,4.6813503783190126e-05,3.4962448733241796e-05,1.0575037941480478
2014-06-27,3.536085878696092e-05,0.6274483018424879,0.00012220235803551532,1.06758699115191,4.1245744131346313e-05,3.48411774974972e-05,1.1664237110258027
2014-06-30,3.524942345217237e-05,0.6179940185274122,0.00011813636217610774,1.0683086019916097,3.987971787460136e-05,3.4866678268088404e-05,1.1313580186272134
2014-07-01,3.707778978776346e-05,0.6211537478188417,0.00011687373711400558,1.1033913024420654,4.088975368682316e-05,3.5129808025680086e-05,1.1028099010453352
2014-07-02,3.729144432547138e-05,0.6196181285411541,0.0001162969514218463,1.102538734528421,4.080495309784145e-05,3.551226364340905e-05,1.094217556759265
2014-07-03,3.7850371933542936e-05,0.6256550816007296,0.00011544101807523926,1.114062679730466,4.1357104576284377e-05,3.557643580606211e-05,1.0926472439662813
2014-07-07,3.637233936281704e-05,0.6332381201747559,0.00011356391551907813,1.1398594757000553,4.0697979361828404e-05,3.7165033941174836e-05,1.1189266369661504
2014-07-08,3.904012916123487e-05,0.6363824875837353,0.00011842914436096342,1.0877120168329637,4.327161840797049e-05,3.462523920418012e-05,1.1083881979298702
2014-07-09,3.921043801203444e-05,0.6707321155650257,0.00010230248072554136,1.0949266104322286,4.2480833651385086e-05,3.445455253231692e-05,1.0834062511198397
2014-07-10,3.784415060760939e-05,0.666971940629889,9.855586339857745e-05,1.0364454825416325,4.073316703908305e-05,3.308229547449853e-05,1.0763398407703397
2014-07-11,4.137743263306523e-05,0.6666165916902863,9.624549002601698e-05,1.0368004386682896,4.206763362759881e-05,3.309133711341216e-05,1.016680614301382
2014-07-14,3.5819786180035966e-05,0.6585448277409685,9.871283429900052e-05,0.9881305064816408,3.915918536793669e-05,3.220359198522878e-05,1.0932277811798308
2014-07-15,3.740515266448331e-05,0.604825734505742,0.00012343297901959102,1.0460693375596235,4.109713837442833e-05,3.399668335497389e-05,1.0987025970208275
2014-07-16,4.331224214055195e-05,0.594853836463842,0.00012171672812118,1.0748014311380505,4.3190748933749745e-05,3.5254765625380794e-05,0.9971949453365183
2014-07-17,4.7474517764657056e-05,0.6047930261299513,0.00012668460299208902,1.040313421501755,4.690282193041236e-05,3.162915743440581e-05,0.9879578379905041
2014-07-18,4.82618636397603e-05,0.6101761966830851,0.00012394907274037009,1.052161535369447,4.719314789418369e-05,3.126386282661531e-05,0.9778558956290252
2014-07-21,3.56854935741795e-05,0.647009667863314,0.00010770891349348374,1.029280146508054,4.0112750901901664e-05,3.129428156129292e-05,1.1240632224553435
2014-07-22,3.6878426197529086e-05,0.6764717639491499,0.00010467014544406898,1.03611660358054,4.202882776186517e-05,3.247011329511639e-05,1.1396589305831377
2014-07-23,3.8554343811198455e-05,0.6930726298667165,0.00010259420597640852,1.114579438799708,4.3588991768477615e-05,4.1457550101726344e-05,1.1305857514248965
2014-07-24,3.79220014302475e-05,0.7002475946575413,0.00010158771568290328,1.1015132236791827,4.346281469597657e-05,4.26069166606832e-05,1.146110781518762
2014-07-25,3.58816002468109e-05,0.7069585440489371,0.00010036932915559852,1.1092303401536785,4.2425831231748154e-05,4.2441412441475404e-05,1.1823840335972444
2014-07-28,3.90148494586092e-05,0.7262469600232986,9.666921654746052e-05,1.107241261814182,4.460087661361213e-05,4.252775770235235e-05,1.1431769501232891
2014-07-29,3.5953585678647994e-05,0.7115775084349477,9.887414822054326e-05,1.047436106468365,4.242625468616537e-05,4.413601065427848e-05,1.1800284696322054
2014-07-30,3.539196672747045e-05,0.7003181440467372,9.671364375717793e-05,1.0425226127917195,4.097241847823887e-05,4.392901316885846e-05,1.1576756610826322
2014-07-31,4.5379445989039353e-05,0.7316185719747937,0.00010740289832281456,1.1186823603263958,5.1076639606154326e-05,3.9995991007681007e-05,1.1255456846804837
2014-08-01,4.584672797284814e-05,0.7115090628309922,0.00011621577187329499,1.0797760030289418,5.1935838156943254e-05,3.8370583770180206e-05,1.132814498511241
2014-08-11,3.847004227028839e-05,0.7256405560353799,0.00011348217088900119,1.0475969249298216,4.794537246125063e-05,6.154605279505598e-05,1.24630412736199
2014-08-12,3.841634430365733e-05,0.715284045082979,0.00011783791331275786,1.1332621476465572,4.812592358229124e-05,6.750267024131817e-05,1.252746050011571
2014-08-13,3.776559449586869e-05,0.7114314185307847,0.00012014615963907903,1.1380219665245106,4.792213412813451e-05,6.626817779330361e-05,1.2689363100950755
2014-08-14,3.862814115860239e-05,0.7251906062942006,0.00011865414103056317,1.170032208795629,4.909593379007686e-05,7.15527048103147e-05,1.2709887744402457
2014-08-15,3.923523389055349e-05,0.729674210552028,0.00012078468013518308,1.1546630361819157,5.0231141388142216e-05,7.344199599540528e-05,1.2802559436312209
2014-08-18,5.8802594173761744e-05,0.7437383081944633,0.00012573411607050614,1.1559054732196896,6.395064971256642e-05,8.209703539118099e-05,1.0875481024458233
2014-08-19,5.790352204668287e-05,0.7528607810938437,0.00012955254665003232,1.1593145200687087,6.52063876725856e-05,8.263491631003056e-05,1.126121268064057
2014-08-20,5.609710643686182e-05,0.7591113869867746,0.00013075826209869447,1.148602681412109,6.501451185819102e-05,8.542755637098578e-05,1.158963732494222
2014-08-21,5.441563613273725e-05,0.7502756690289001,0.00013478087035896508,1.143246691171674,6.425350841842524e-05,8.643393709662387e-05,1.1807912759062533
2014-08-22,5.0059045313325706e-05,0.7539082905980886,0.00013258167577131263,1.1438480859765214,6.141883191399737e-05,8.646892085143077e-05,1.2269277516095116
2014-08-25,6.652021183637015e-05,0.7597065249524808,0.00013927222182406814,1.1422820333490509,7.312315481448053e-05,8.915226915578859e-05,1.099262206114927
2014-08-26,6.338834696697776e-05,0.7675935400471257,0.00014024331710568873,1.1424032958586945,7.237308943556717e-05,8.918513349584876e-05,1.1417412331839167
2014-08-27,6.228211919321129e-05,0.764960853321186,0.00013717119289299233,1.1315275660625492,7.070536347605616e-05,8.944221572775877e-05,1.1352433795117716
2014-08-28,6.139493236265438e-05,0.761198783351347,0.0001394513035532125,1.1466241013590743,7.04329108435682e-05,9.397473084591054e-05,1.1472104965850811
2014-08-29,6.15753093611576e-05,0.7618102703451566,0.0001399500308657109,1.1462898996166515,7.071908352024619e-05,9.376145428084638e-05,1.1484974132319437
2014-09-02,7.761239871585492e-05,0.7689257674499073,0.00014357747410426598,1.1535305267114146,8.116954699415343e-05,9.467694409115077e-05,1.0458322167225047
2014-09-03,7.595624179294328e-05,0.7736297741072387,0.00014612790483823273,1.1661027566234992,8.150448144600029e-05,9.67054459551988e-05,1.073045210269638
2014-09-04,7.498131031863036e-05,0.7756727153892093,0.0001485520579124725,1.163197503272488,8.186426449236226e-05,9.675531390792631e-05,1.0917955973893099
2014-09-05,7.387822741090312e-05,0.7838194926514579,0.00014705694067753078,1.166089086841075,8.16990593774283e-05,9.653950342936617e-05,1.1058611209365719
2014-09-08,7.348698808482049e-05,0.7814083753089637,0.00015232782895531775,1.170706136409342,8.26747541079648e-05,9.691198848385404e-05,1.1250257530290881
2014-09-09,8.133593066383054e-05,0.7753858694781972,0.00015902494871514574,1.156401538121186,8.818439393555171e-05,9.451738116935334e-05,1.084199728408181
2014-09-10,8.008754908927675e-05,0.7751254388893193,0.0001594818927551632,1.1632174450603343,8.760122564517048e-05,9.485331659198178e-05,1.093818285630366
2014-09-11,7.945435898388616e-05,0.7710935357567745,0.00016810385849642785,1.1603397823953852,8.911581175668659e-05,9.46178402091897e-05,1.1215975170696404
2014-09-12,7.986652544186676e-05,0.7709512750540124,0.00017241156262701987,1.1813086054123445,9.046748573057567e-05,9.524558042715983e-05,1.132733460358497
2014-09-15,7.976789477234261e-05,0.7696895936302129,0.00017771367614042243,1.1813099118892307,9.164106029056102e-05,9.519849925051633e-05,1.1488464193784278
2014-09-16,8.12776222335961e-05,0.7801931682109,0.00017649681952388945,1.1905048296644596,9.344500248773766e-05,9.536660468502289e-05,1.1497014789528646
2014-09-17,8.038458733415224e-05,0.83594373689131,0.0001424580588151498,1.1873932466094683,8.945548046947865e-05,9.522135029198802e-05,1.1128436860367203
2014-09-18,8.052555846541116e-05,0.8342105228937956,0.0001553553484695175,1.1686654951199282,9.330515555804611e-05,9.313567383280368e-05,1.1587023714728324
2014-09-19,7.686942885417954e-05,0.8324666769924999,0.00015088759859252683,1.1759808169745372,8.965416261438912e-05,9.334246895577588e-05,1.1663175328707343
2014-09-22,7.562338268336147e-05,0.8285428619383467,0.00014923886956528056,1.1966806522924056,8.802053529215888e-05,9.312236085631195e-05,1.1639327965624713
2014-09-23,7.716105522203933e-05,0.8236403951863659,0.0001553283469636038,1.2180015058147855,9.017000165281559e-05,9.362185418995731e-05,1.168594719102034
2014-09-24,7.845740621167833e-05,0.8188505697530858,0.00015740744527732774,1.2108444076612594,9.099850635583778e-05,9.184957757538053e-05,1.1598459692934981
2014-09-25,8.684570042440597e-05,0.8146295386610249,0.0001762514529749731,1.1920242581258398,0.00010078610639158785,8.257847135755627e-05,1.1605192415865904
2014-09-26,7.784867175631449e-05,0.8148823525190063,0.0001753682793651737,1.176734680717085,9.521295338119621e-05,8.196600021758864e-05,1.223051739138674
2014-09-29,7.945972408695768e-05,0.8114709898098845,0.00017359678424380608,1.196354079670868,9.530536800912722e-05,8.3933905750453e-05,1.1994173035993514
2014-09-30,7.034453028421699e-05,0.8008319699567892,0.00017052078845567365,1.2029862611997035,8.770921726948674e-05,8.422139788002583e-05,1.2468519857209968
2014-10-01,6.051441443903661e-05,0.8017467897938735,0.00016555054908686786,1.2536677189446588,8.024758289550867e-05,8.154778566539689e-05,1.3260903809348041
2014-10-02,5.727685640094654e-05,0.7898790901608174,0.0001683993092375691,1.247702004032968,7.757474507991451e-05,8.110987451355859e-05,1.3543820306212289
2014-10-03,5.732458945014978e-05,0.7660454811467686,0.0001686751433435311,1.1853347230568985,7.532698336904836e-05,7.628198791949904e-05,1.3140431373617372
2014-10-06,5.950629355094935e-05,0.7771407879193,0.00015216919359472468,1.1866528233695477,7.395108036441308e-05,7.631247492688774e-05,1.242743850297046
2014-10-07,5.823383972398379e-05,0.7810179116524267,0.00015936043045295485,1.26341712354095,7.523829659033481e-05,8.183799660577838e-05,1.2920030165784806
2014-10-08,6.403572465426801e-05,0.7873836871938669,0.00015835788753051718,1.2803182220594749,7.928981911109462e-05,7.562544013291032e-05,1.238212256348846
2014-10-09,6.579132724406009e-05,0.7931598842676169,0.00016857193278323315,1.2928704959519497,8.352907994153159e-05,7.218275387501971e-05,1.2696062450856382
2014-10-10,6.388921163395802e-05,0.7993221411273624,0.00016221278828663585,1.3422220801975973,8.137259244058389e-05,7.209550204935835e-05,1.273651534578229
2014-10-13,7.100010076144222e-05,0.8032907332225268,0.0001536237365289848,1.487443897585404,8.389409655177506e-05,7.216985177461032e-05,1.1816053167819607
2014-10-14,5.126108009219706e-05,0.8007956417198918,0.00014830042240646208,1.454728820280192,6.982111359860892e-05,8.130020977499989e-05,1.362068717105262
2014-10-15,4.732231652345586e-05,0.7730905690353711,0.00018909162592816692,1.3112324090603305,7.313066480522853e-05,8.605170080831701e-05,1.5453737301507726
2014-10-16,5.30327919984953e-05,0.7694708588069856,0.00018036770477144074,1.2924936344203484,7.525646462800688e-05,8.490072293111837e-05,1.4190553012962648
2014-10-17,4.626798859027275e-05,0.7575806769569954,0.00017861408734204476,1.2695598830117738,6.886951954643774e-05,8.093782756953246e-05,1.4884917552027899
2014-10-20,4.9165393824874467e-05,0.7529638931143755,0.00016533982769959655,1.2794172712194325,6.788794342179363e-05,7.989145817622326e-05,1.380807477381515
2014-10-21,6.127847379397686e-05,0.7817043289903258,0.00015980402787284405,1.2948912200758511,7.735534865328726e-05,7.15234860973195e-05,1.262357625181106
2014-10-22,6.0122674099070425e-05,0.7923171327880931,0.0001485595577116699,1.2976957039639547,7.488045768785361e-05,6.948590430874622e-05,1.2454611976251297
2014-10-23,6.055871725038731e-05,0.790572291950173,0.00014043033277781925,1.315349421720165,7.29055155273635e-05,6.748871755616309e-05,1.20388143668775
2014-10-24,5.99990058104541e-05,0.790105543580007,0.00013686513876085246,1.2803095307139334,7.159843952241918e-05,6.586658590419172e-05,1.1933270985957574
2014-10-27,5.8561423507449295e-05,0.787949323644214,0.00013527281112767452,1.2633785386473584,7.013089110205356e-05,6.835638494233165e-05,1.197561242566663
2014-10-28,5.4522480778452264e-05,0.7972357845906255,0.00013490602381901643,1.2536048200902776,6.837388532723752e-05,6.474579668658143e-05,1.2540494187171953
2014-10-29,5.3729820257279105e-05,0.8015448931695397,0.00013408539043882492,1.3130119740786947,6.803404231587314e-05,7.824264638233894e-05,1.2662250122948469
2014-10-30,5.3551839514494966e-05,0.8050054475970971,0.00013284271224741305,1.3777199677030068,6.789767186600022e-05,8.384785576067113e-05,1.2678868267003647
2014-10-31,5.56093263598845e-05,0.8120801935176513,0.00013674850625494737,1.2964516172272755,7.081643025753683e-05,7.960776224517774e-05,1.2734631921134445
2014-11-03,5.4562010343014535e-05,0.8131086575194703,0.00013540075046335697,1.2957514036506872,6.988827201944926e-05,8.840525599114174e-05,1.2808962056215165
2014-11-04,6.02491600622342e-05,0.8166719477192974,0.000138632979090922,1.3067632630990835,7.463738488694919e-05,9.08289232064873e-05,1.2388120400326363
2014-11-05,6.0354415020847636e-05,0.816031862943287,0.000143124150438261,1.285517052976213,7.584345346375872e-05,9.015924296978339e-05,1.256634720716966
2014-11-06,5.86925643313682e-05,0.8162637364860733,0.0001438172844009885,1.285308756315423,7.49941845532126e-05,8.989355220525635e-05,1.2777459190538725
2014-11-07,5.828791566618652e-05,0.8148437805534202,0.0001445980455154867,1.3334118254110618,7.480744625307894e-05,9.425998673565795e-05,1.2834126147433262
2014-11-10,5.7340540123530906e-05,0.8138647939868566,0.00014119936773654364,1.3795337597574424,7.32317694827468e-05,9.954910091726675e-05,1.277137768932431
2014-11-11,6.57571982494724e-05,0.8130992347912771,0.0001437742331803973,1.3860854725228264,7.905980388343008e-05,0.000105655240251495,1.2022988507431491
2014-11-12,6.673646336542344e-05,0.8091989013446959,0.00015201282984402076,1.379960563628881,8.150363911981483e-05,0.00010534087954806356,1.221275971331174
2014-11-13,7.11343776232816e-05,0.8076327213364208,0.00015210288884082244,1.378619190070275,8.400834044056306e-05,0.00010604154544494645,1.180980887826984
2014-11-14,6.859476809423724e-05,0.8046086678164076,0.00015280161399100183,1.4235068865884233,8.237476215817019e-05,0.00011650423468468632,1.200889870274095
2014-11-17,6.853595565786147e-05,0.8038185554402204,0.00015366637592970975,1.4335978571276389,8.249102276208702e-05,0.00011835503574934962,1.2036167289165802
2014-11-18,7.650833651469074e-05,0.8051614681553181,0.00016214213720823928,1.440261047796896,8.967787514297981e-05,0.00011800533855431888,1.1721320738134247
2014-11-19,7.466095393809579e-05,0.8062717492769217,0.00016819699389061392,1.4060097009423749,9.035190734458433e-05,0.00012064578709952451,1.2101627769114565
2014-11-20,7.31046489834875e-05,0.8079082001473901,0.00016866516808751496,1.432463110067518,8.971131362016724e-05,0.00012782602152573578,1.2271629077985282
2014-11-21,7.04730363634149e-05,0.8061526018944719,0.00017442943652302273,1.4453173519626894,8.937964817024683e-05,0.00013095958173452464,1.2682814986051465
2014-11-24,6.987047932397521e-05,0.8015054141274804,0.0001792731134426682,1.4521202517693892,8.970381265249852e-05,0.00013590701693695132,1.283858555435983
2014-11-25,8.166110492431963e-05,0.8118985904771955,0.00019324190905232422,1.4616248331061357,0.0001019905826955852,0.00014242502206833856,1.248949335061118
2014-11-26,7.228929035700332e-05,0.8219903354785952,0.00019566613970235076,1.470517117470152,9.776007600089092e-05,0.00015030405697775005,1.3523452162567815
2014-11-28,6.63644735069259e-05,0.8257125098078126,0.00018054808195601223,1.4705294654889678,9.038432740143397e-05,0.00015060508641777726,1.3619384382217892
2014-12-01,6.796408095783602e-05,0.8314269503307194,0.0001845509498454444,1.46844323177011,9.311549675815591e-05,0.0001523059883028576,1.370069240190616
2014-12-02,6.956629167082881e-05,0.8305823289195832,0.00019820420914134053,1.4400298819940451,9.753007321127879e-05,0.00014822344877155492,1.401973152065773
2014-12-03,9.973973303376368e-05,0.8348068329148597,0.00021514658779986945,1.4316866754948354,0.00012228898127807664,0.00014738904233838957,1.226080896333256
2014-12-04,7.195368455764464e-05,0.8271908161431656,0.000220248440395869,1.4241093016000634,0.00010413306320492755,0.0001503715056298212,1.4472235000210847
2014-12-05,6.914099334132158e-05,0.8274738115096603,0.00022796260032622507,1.4163951621969302,0.000103885244505652,0.00014947465525202674,1.5025130459554126
2014-12-08,6.652863915801598e-05,0.8348782518714374,0.0002102109473274146,1.4482397457530236,9.873136305332669e-05,0.0001542995115012841,1.4840430272265779
2014-12-09,5.578278936298998e-05,0.8316479001687541,0.00021075004592742842,1.4457839175908234,9.017236239231893e-05,0.0001544828328398314,1.6164907388468688
2014-12-10,7.622608908783083e-05,0.8300577574537676,0.0002452708081096489,1.4322111435975575,0.00011349665517167603,0.00014397636521068144,1.488947636299437
2014-12-11,6.0199482263474304e-05,0.8266051456850586,0.0002376037572334345,1.431974464849329,9.886012027688014e-05,0.00014334431095618837,1.642208812431315
2014-12-12,5.635062229218622e-05,0.8242832809892547,0.00023578395602773426,1.4601911879583298,9.501298760930187e-05,0.0001365377482017981,1.6861036088766799
2014-12-15,5.5088696774690915e-05,0.8091207521441781,0.00024032450658101643,1.4572450236366874,9.309870047389439e-05,0.00013491175533798024,1.6899782700371702
2014-12-16,5.154869882225274e-05,0.7778441915489925,0.0002428071567014751,1.4617395591812836,8.70226308001789e-05,0.00013246127708486547,1.6881634801344907
2014-12-17,8.951914955443635e-05,0.7966313913252018,0.0002648321608409468,1.4921243945138625,0.00012265937619961625,0.00012412304247840178,1.3702026528416407
2014-12-18,9.913276275332198e-05,0.8251554215283553,0.0002113291320551537,1.542806762071118,0.00011943291906525846,0.00010885230349664286,1.2047774696086155
2014-12-19,7.377698274922788e-05,0.8229380679688687,0.0002120511212475308,1.5431869064977313,0.00010293140105112588,0.00010886984955171602,1.3951695666519124
2014-12-22,6.996587850894997e-05,0.8225246919555305,0.00020397210745890066,1.5498270297687422,9.826016330089323e-05,0.00010924768671008895,1.4044011937665284
2014-12-23,6.063494070426503e-05,0.8169386803048709,0.00021003047279859446,1.545804024302642,9.219175725213572e-05,0.00011015486932466555,1.5204394723791823
2014-12-24,5.292955813268682e-05,0.8095070425108165,0.00020131972497768809,1.5309507800898254,8.356278961263428e-05,0.00010980233260215228,1.5787547177921708
2014-12-26,5.0003308753932844e-05,0.8067489219270965,0.00019946219112857252,1.520281318960673,8.056901569125946e-05,0.00010943574247826307,1.6112736876621703
2014-12-29,4.966432774890378e-05,0.7967486613126065,0.00019011526556383666,1.51752652158911,7.741981306583432e-05,0.00010921971160995226,1.5588615929175276
2014-12-30,4.653062419950052e-05,0.791812593580927,0.0001800437861266165,1.5193321387642056,7.247377988786007e-05,0.00011533042635451085,1.5575501325133316
2014-12-31,4.3755181092948726e-05,0.7893715334935409,0.00017899962600960876,1.546330041482341,6.98589840276357e-05,0.00011434108087761761,1.5965877019051733
2015-01-02,6.483180836307134e-05,0.7907915914065871,0.00018058329520434142,1.5427286624168766,8.556475227856606e-05,0.00012358419624212107,1.31979586007205
2015-01-05,8.284505496642122e-05,0.7830701258460689,0.00022811621621429527,1.520211652728831,0.0001076495034195804,0.00011035459572559869,1.2994077131485147
2015-01-06,7.372029621424698e-05,0.7719711843627834,0.0002614867740694295,1.4842404259808195,0.00010718141567465785,0.00010928695659200011,1.4538929057361039
2015-01-07,7.097584833724285e-05,0.7878866079240976,0.0002437585195913106,1.540325919770135,0.00010363320189771129,0.0001101431104538426,1.4601192423272846
2015-01-08,6.58935484829367e-05,0.7893552988253679,0.0002571958103634076,1.5405910825229203,0.00010276043201437275,0.00010561053872025341,1.5594915493279715
2015-01-09,5.142752848602693e-05,0.7958908387112709,0.0002518735282052959,1.524948241598852,9.058214387943471e-05,0.0001024809448795325,1.7613551836162271
2015-01-12,5.214866604959718e-05,0.8051789140184765,0.00023776415075948252,1.474366812596534,8.965761498909802e-05,0.00010097071824065672,1.7192695764034902
2015-01-13,5.1084978694142575e-05,0.8085803092844274,0.0002169860818930571,1.4833492219367166,8.513060274608155e-05,0.00010212020255432724,1.6664507830330693
2015-01-14,5.779000718727771e-05,0.793100101520122,0.0002366309285157853,1.4253325996717232,9.274492057587033e-05,9.692966385877658e-05,1.6048608589944566
2015-01-15,5.577655409897309e-05,0.7797432301263897,0.00024252045379971675,1.3623165262164685,9.068837892340201e-05,8.963976542000053e-05,1.6259229417880388
2015-01-16,7.006830803083834e-05,0.7844362865247795,0.00023082872538998544,1.37875715047694,9.976160258205044e-05,8.755010836463057e-05,1.4237763888653276
2015-01-20,6.698197984101967e-05,0.7848003040980985,0.00020727716149268057,1.3552325878271247,9.247277257118604e-05,9.324624446966907e-05,1.3805619480144993
2015-01-21,5.396910834789416e-05,0.7846379070512207,0.00019157773683387637,1.3616192240968288,7.978374655553699e-05,9.321718138997407e-05,1.4783224885102275
2015-01-22,5.806897077464812e-05,0.7723990818790256,0.0002047940846903381,1.3118870511984224,8.423110872349605e-05,8.354577137954286e-05,1.4505355889701743
2015-01-23,5.910063936486745e-05,0.7615998193837996,0.0001979097853616891,1.3198608493998392,8.236762731953248e-05,8.739166847352505e-05,1.3936842004537797
2015-01-26,6.288399592442454e-05,0.775276276005229,0.00019054308443640716,1.309421746540269,8.486393305567095e-05,8.898237286390197e-05,1.349531495384969
2015-01-27,6.964065036165525e-05,0.793095441636454,0.00018457859779944115,1.3480427322302606,8.99181854193173e-05,8.646196802648765e-05,1.2911738324147966
2015-01-28,7.988841611727443e-05,0.7957228652406236,0.00019259479600164435,1.302063916176019,9.870201463028658e-05,7.846689166071051e-05,1.2354984543115013
2015-01-29,8.021798542057233e-05,0.7979154820476363,0.00021644045011104377,1.2655944312148966,0.00010513854958904022,7.523192416940078e-05,1.310660558699058
2015-01-30,7.830236811365751e-05,0.8003029001751364,0.00024046214062976504,1.206574777812664,0.00010981589199450569,6.71155029408739e-05,1.4024593973340072
2015-02-02,6.708254753246161e-05,0.7921333997556633,0.00023779647057783264,1.1862762071646045,0.00010004739869568034,6.256962594965401e-05,1.4914072642704401
2015-02-03,8.067150173734702e-05,0.7864149164327614,0.00023898402094333534,1.161406226020865,0.00010919336384562352,5.6622611479246457e-05,1.353555611263305
2015-02-04,7.910110058857453e-05,0.7826867008026966,0.0002280697606986397,1.1468411987126723,0.00010512670948342973,5.604503091446165e-05,1.3290170263271202
2015-02-05,8.520627788871464e-05,0.7801546205924671,0.00022561313558590903,1.1512792904193716,0.00010816796838041333,5.4525846275873506e-05,1.2694835528631854
2015-02-06,8.507292515013707e-05,0.7855548778741275,0.00021833396953929298,1.192101995795001,0.00010706138763245392,5.625663660757832e-05,1.2584660447905314
2015-02-09,6.296753465448077e-05,0.7771245511631361,0.00019725203057560197,1.2206429860219434,8.660834022743841e-05,5.7341985435534583e-05,1.3754443572021817
2015-02-10,6.653518645016198e-05,0.7744476304796255,0.00019128456975323649,1.2413542545042202,8.736907015619835e-05,5.545617171047819e-05,1.313125803316745
2015-02-11,6.58212274519105e-05,0.7702757521180048,0.00017148566367869656,1.2556744260153776,8.183576083265589e-05,6.0076096427885756e-05,1.2433034751964438
2015-02-12,6.625281595902424e-05,0.7596168959220311,0.000171352194496001,1.1965849267234652,8.093597864571667e-05,5.701034484610594e-05,1.2216232242230067
2015-02-13,6.59493776327874e-05,0.7573440948325618,0.00016207011160144615,1.213633834724858,7.829789019858385e-05,5.740799535859431e-05,1.1872422911184117
2015-02-17,5.2818371217651516e-05,0.7630502387708287,0.00014396830106373122,1.2177453339610798,6.65394297655083e-05,5.8195864272582966e-05,1.2597781459658361
2015-02-18,4.925751255554142e-05,0.7684511467211201,0.00014367163756820927,1.210537919993312,6.46454588355187e-05,5.801404957715624e-05,1.3123979568116895
2015-02-19,5.2538640297651296e-05,0.7633647648005623,0.0001354065924713586,1.2022288424752423,6.43859976062042e-05,5.772506015497384e-05,1.2254979809418962
2015-02-20,5.811623348480445e-05,0.7644251946100391,0.00013253149631554795,1.1986180811233476,6.70877571678533e-05,5.708599298365172e-05,1.154372077216508
2015-02-23,5.7842904366347e-05,0.7636759964975629,0.00013147409777622228,1.2008392836989863,6.659694167130865e-05,5.7468408983190236e-05,1.1513415932491582
2015-02-24,5.363774172174018e-05,0.7544083774189767,0.00013269590251999445,1.1407686447331853,6.364591011011469e-05,5.4805867663253604e-05,1.186588175920875
2015-02-25,4.6420168910813084e-05,0.7384706864907125,0.00014739354415553452,1.119987732725649,6.108377233600044e-05,5.6261432703900856e-05,1.3158886270612347
2015-02-26,6.082008377129165e-05,0.73851188859806,0.0001704270626968613,1.087672990257362,7.518830206317716e-05,5.759763559091791e-05,1.2362413433351371
2015-02-27,6.477291200020017e-05,0.737462140369719,0.00018971238291857424,1.10071609813863,8.174934471494664e-05,5.819934111029089e-05,1.2620915470759446
2015-03-02,7.10002492943561e-05,0.7385362532356716,0.00020351657639873825,1.070478467241287,8.877724217130153e-05,5.875315066685769e-05,1.2503793022365985
2015-03-03,6.22129036386534e-05,0.7432914061755271,0.00019397636292972143,1.0872752228426312,8.165330225388811e-05,5.9677455237349964e-05,1.3124817759374958
2015-03-04,6.357489191775788e-05,0.745364079942951,0.00017904462692380004,1.1038672243721246,7.952284724841109e-05,6.063517358230483e-05,1.250853046691513
2015-03-05,6.337223751236057e-05,0.7456561010259738,0.00016554820206839179,1.1044878603721686,7.637484300033078e-05,6.494064368569331e-05,1.2051782609921906
2015-03-06,6.737776824421294e-05,0.7474061117722786,0.00016316609748321214,1.0756511525613783,7.836640404119072e-05,5.880215177001956e-05,1.1630899343111085
2015-03-09,6.459093954914395e-05,0.7408982727165747,0.0001550643062102713,1.0678534247925588,7.41481471998893e-05,5.8261713475595604e-05,1.1479651436789176
2015-03-10,6.248974140729342e-05,0.7458179704202432,0.00015738515406918432,0.9954932930050672,7.396377843390186e-05,4.799631573025204e-05,1.1836147304854947
2015-03-11,5.4252554100076106e-05,0.7463899056404337,0.00013129705603362024,0.9874401636242608,6.299460336418415e-05,4.951089834257488e-05,1.1611361789157828
2015-03-12,5.508043688697334e-05,0.7531141206318236,0.0001182081015426551,0.95770727282296,6.0769141353519676e-05,4.492046184922915e-05,1.1032799445331147
2015-03-13,5.707193087433516e-05,0.7423706522506102,0.00011671150508478614,0.958460885726518,6.058832029795321e-05,4.406758330068602e-05,1.0616132899263682
2015-03-16,5.2149496476829495e-05,0.7407336063578657,0.000125982384068507,0.9553612705682984,6.004018471194892e-05,4.04616878803992e-05,1.1513090013942
2015-03-17,4.691748238540657e-05,0.7246209353161976,0.00011986509015622423,0.956558128889714,5.4340619506482366e-05,4.0281656270209735e-05,1.1582168680769778
2015-03-18,5.051902620859181e-05,0.7210757613832421,0.00012028843045981746,1.0241974766484905,5.621087058227421e-05,4.01793599888351e-05,1.1126673414127366
2015-03-19,5.142834644805491e-05,0.7115916517827778,0.00012121247614074064,1.0105401974134751,5.618311137544724e-05,3.9260554831087846e-05,1.0924541669290275
2015-03-20,5.066833282542825e-05,0.7159188142313752,9.455714976585069e-05,1.0135558005210754,4.955406309663329e-05,4.177550060057541e-05,0.9780085574823619
2015-03-23,5.007282454924587e-05,0.7217197694283601,7.620520066086423e-05,1.0038539930497508,4.4582246855520584e-05,4.324334842410621e-05,0.8903481530520535
2015-03-24,4.2218867344400384e-05,0.7114782052342462,8.101822832171924e-05,0.9845660226694618,4.161081870250428e-05,4.1663152494094796e-05,0.9855977035827146
2015-03-25,4.692159710753298e-05,0.7138456820339689,8.891302391841446e-05,0.980595040591946,4.610769591926754e-05,3.732203926781532e-05,0.9826540177990921
2015-03-26,4.732340893496746e-05,0.7100692916954988,9.361959689158962e-05,0.9805052026599844,4.726309146206119e-05,3.716155202360399e-05,0.9987254199504275
2015-03-27,4.354358066573599e-05,0.7151421848902622,8.053835496107409e-05,0.9858029673758928,4.235023687937824e-05,3.736062527474858e-05,0.9725942660637282
2015-03-30,4.5502666776921666e-05,0.7142122375427115,8.630597091389868e-05,0.920089141584679,4.4757532285915904e-05,3.213745270720845e-05,0.9836243775632139
2015-03-31,3.983451498744685e-05,0.7036635074945675,8.690525102996917e-05,0.9176760402302088,4.1401664796379844e-05,3.194339314771537e-05,1.0393415059635307
2015-04-01,4.176214734580363e-05,0.686975087302013,8.781107761315186e-05,0.8716149254858699,4.160131435918149e-05,3.0119311518729474e-05,0.9961488334091062
2015-04-02,4.894523588776545e-05,0.6844117155373396,7.87234719517023e-05,0.8822500764315708,4.24839381389359e-05,3.112245198541299e-05,0.8679892407987221
2015-04-06,4.8199312485919956e-05,0.6884705805354473,8.35057302708586e-05,0.9208033158024652,4.367812107444314e-05,3.157473563064856e-05,0.9061980103388911
2015-04-07,4.533264144371158e-05,0.6920527348231934,7.871497333078014e-05,0.9517057998884688,4.1340276608520974e-05,3.541300265093132e-05,0.9119317845145241
2015-04-08,4.177649686660928e-05,0.6734905705480861,7.910572074264885e-05,0.9529829501516984,3.871698011133547e-05,3.544435054867698e-05,0.9267646407729512
2015-04-09,4.664355209638432e-05,0.6593174266739849,7.892939125826831e-05,0.946409799065984,4.000458225838837e-05,3.6178019281067416e-05,0.8576658607758437
2015-04-10,4.853778747139849e-05,0.6521468557452654,8.482988190101113e-05,0.9633820257496226,4.184656589600559e-05,3.658623269150125e-05,0.862144075286996
2015-04-13,4.467938122611643e-05,0.6434776101032607,9.239768543142993e-05,0.9797544517258188,4.1344482584279134e-05,3.740322189260094e-05,0.9253593368950251
2015-04-14,4.646938254229903e-05,0.6411744329765697,9.503726304952803e-05,0.9611107955131568,4.260951664698595e-05,3.6670264755567465e-05,0.9169374395754104
2015-04-15,4.691423215315267e-05,0.6467484912041142,0.00010262094458216826,0.9185368204379444,4.487513152299754e-05,3.681736103169374e-05,0.956535564229242
2015-04-16,4.176974619173272e-05,0.6490141090716127,0.00010305639669224913,0.9323029466431032,4.258165462083884e-05,3.925664693540122e-05,1.0194377151677982
2015-04-17,4.332386275975345e-05,0.656052530483363,0.00011055778120152618,0.9094563087505912,4.5404286748342696e-05,3.590753333311563e-05,1.0480202792656315
2015-04-20,4.305137811564542e-05,0.6663805595453259,0.00010244095902101138,0.9313451964887592,4.425401367227281e-05,3.514634003445087e-05,1.0279348910363995
2015-04-21,4.4326391543702614e-05,0.6636213738378979,0.00010896319873502027,0.9441125146714244,4.612023127332602e-05,3.6780387753450086e-05,1.0404688869802272
2015-04-22,3.760113128202133e-05,0.6758824932301831,0.00010617553041694225,0.9427521870494412,4.270550607955833e-05,3.641353187392523e-05,1.1357505645043615
2015-04-23,3.981692672329287e-05,0.6902217060785816,9.937906381955114e-05,0.9530335896915304,4.341801170838843e-05,3.6661587642040836e-05,1.090441058148994
2015-04-24,4.472325784062566e-05,0.6955484288597318,9.828225215539783e-05,1.0386080041834214,4.611387732112274e-05,4.9982023249784215e-05,1.031093877048328
2015-04-27,4.8016264703360416e-05,0.69945624700341,9.67087045663944e-05,1.0397700068277975,4.76636747557998e-05,4.9906922084148016e-05,0.9926568642992353
2015-04-28,4.837591330570472e-05,0.7028814615485758,9.751644205056405e-05,1.0143365114180771,4.827648051264271e-05,5.0027853462938655e-05,0.9979445805512
2015-04-29,4.7158652268819175e-05,0.7285352017181573,8.91413855846606e-05,1.043526306403325,4.723576178625417e-05,5.1142399286809216e-05,1.0016351085903696
2015-04-30,4.7296624411946914e-05,0.7399911726409795,9.039036082183795e-05,1.0620418916125034,4.838410055506882e-05,4.989068156697296e-05,1.0229926798506832
2015-05-01,5.0018555724514286e-05,0.7498970488345786,9.0705941860116e-05,1.05066630211853,5.0510897672600996e-05,4.746728777844038e-05,1.0098431860127743
2015-05-04,4.992916004912971e-05,0.7499357581712707,9.637257575562466e-05,1.061376868468541,5.202090763356059e-05,5.417905525217628e-05,1.0418943075023217
2015-05-05,5.102770643270727e-05,0.7529584162011286,9.662693285813741e-05,1.1016831838476706,5.2871680361254825e-05,5.338218243239281e-05,1.0361367197833846
2015-05-06,5.61480236098465e-05,0.7650952768409894,9.717385108427615e-05,1.0905801067926164,5.6514184504198454e-05,5.6505045538187765e-05,1.0065213496541976
2015-05-07,5.2055366505413186e-05,0.7635899020390103,9.919518088837577e-05,1.0952381132838749,5.487041155712449e-05,5.934473216687909e-05,1.05407790283099
2015-05-08,4.9463315458690945e-05,0.7613335767194441,0.00010203624211390435,1.1122787064699888,5.40871157776289e-05,5.6415975037967576e-05,1.0934793851980968
2015-05-11,4.237087867236375e-05,0.7544409277019768,9.445190292138788e-05,1.119606381327448,4.772702143827567e-05,5.621346768568239e-05,1.1264109438779573
2015-05-12,4.7490306282055044e-05,0.749571478785146,9.36436019617274e-05,1.104012826466599,4.998671462294538e-05,5.674433042848841e-05,1.0525666927912327
2015-05-13,4.663897325113825e-05,0.742785129067566,8.21712810297104e-05,1.102200141163263,4.5983044229420226e-05,5.6659967041384735e-05,0.985936032120904
2015-05-14,4.9144732522979803e-05,0.7304308089422439,8.547922040335964e-05,1.1226688461187435,4.7342135841112164e-05,5.504837301701492e-05,0.963320653316716
2015-05-15,5.102390807027307e-05,0.7115994247688203,8.525938052141412e-05,1.123216424561674,4.693464469017279e-05,5.544121115951646e-05,0.9198559354867857
2015-05-18,5.1224895533544154e-05,0.7025786291424152,8.99807767762102e-05,1.1066869531157018,4.7699117611703524e-05,5.443323806748743e-05,0.9311706176241628
2015-05-19,5.107054978153525e-05,0.6912758318594682,9.514367201579972e-05,1.1103075498066357,4.818663444600628e-05,5.534848730479454e-05,0.9435307560254294
2015-05-20,4.960583034370502e-05,0.7091695607346148,0.000100309652899683,1.1102648371471382,5.0025082321458545e-05,5.787700884907832e-05,1.0084516673715296
2015-05-21,4.7917991249736124e-05,0.7203339122986245,0.00010541869729993927,1.1313148151331536,5.1196702040988496e-05,5.935670874438323e-05,1.068423377227242
2015-05-22,4.8649795894238564e-05,0.7300104664373638,0.00010742814740820117,1.056432913006054,5.277504852500325e-05,5.9252730291031926e-05,1.0847948599770638
2015-05-26,5.2044924254716454e-05,0.7395600961508969,0.00011346501492698876,1.0669982528007806,5.683209267333926e-05,5.831316761105241e-05,1.091981465765876
2015-05-27,5.41376103742017e-05,0.749700508978781,0.0001142884619272734,1.066761932190152,5.8971006577829944e-05,5.6095298489404286e-05,1.089279821739814
2015-05-28,5.2639353679274204e-05,0.7644071428395793,0.00011077726225802148,1.0690835271068455,5.837210091378631e-05,5.623865282087208e-05,1.1089061098553965
2015-05-29,4.7121939363217764e-05,0.7639470823760175,0.00011069941093833646,1.0635356205538686,5.517565654199676e-05,5.5307909334990286e-05,1.1709122605650975
2015-06-01,4.566975475334599e-05,0.768621370987228,0.00011470558245750307,1.0622251615405365,5.563128255752838e-05,5.5196212553468775e-05,1.218120895502566
2015-06-02,4.848176142599366e-05,0.7723578355120614,0.00011848999175339051,1.0610144335682707,5.853944308697253e-05,5.540846731442732e-05,1.2074528929055455
2015-06-03,4.583723039523311e-05,0.7679090343849356,0.00011374930371740386,1.0505328213536431,5.544895104455954e-05,5.617448780141357e-05,1.2096924392344177
2015-06-04,5.208668778062701e-05,0.769114958062959,0.00011549407081614997,1.060699488723386,5.965329990700908e-05,5.516746290073795e-05,1.1452695966817912
2015-06-05,5.356843740955158e-05,0.7595000060837158,0.00011740894583404104,1.0641126960763,6.023277403032642e-05,5.9116012629109084e-05,1.124407896572069
2015-06-08,5.4875341169450945e-05,0.7614829598410601,0.00011981716575339626,1.0611952823896402,6.174592870219697e-05,6.002501585523805e-05,1.1252035501980784
2015-06-10,5.7400521339002106e-05,0.770369518737809,0.00012380709712872529,1.03375581140462,6.494261612524497e-05,5.514147610092082e-05,1.131394186155557
2015-06-11,5.7399555912391706e-05,0.7698697641987202,0.00012217663432012005,1.0351333737485473,6.447117839954633e-05,5.528692323795961e-05,1.123199951197322
2015-06-12,5.544172754801711e-05,0.7818648323561785,0.00011952179842207234,1.0408822955697354,6.364636662198767e-05,5.4985310984352205e-05,1.1479867139216515
2015-06-15,5.424960916028536e-05,0.7897199951489496,0.00011732865174249314,1.0356321134971127,6.300477733464095e-05,5.44668560942879e-05,1.1613867511651126
2015-06-16,5.423174022350414e-05,0.7939858427397211,0.00011497728466023074,1.038150189341884,6.269682565801854e-05,5.535261992805865e-05,1.156090979187233
2015-06-17,5.412494915971205e-05,0.8001022606519715,0.00011136546434739917,1.0638438435264164,6.211829320519769e-05,6.692389134954513e-05,1.1476831695841203
2015-06-18,5.572982074389677e-05,0.8148470128439145,0.00010627187673253535,1.0910870378158686,6.270888458396278e-05,8.82640346087928e-05,1.125230329954548
2015-06-19,6.241618085312648e-05,0.824310307240795,0.00010911208343701327,1.1576259811386846,6.80261277369469e-05,0.00013379882862154117,1.0898796883619228
2015-06-22,6.257165974145031e-05,0.8210478818200642,0.00010576414452375986,1.1317945135015028,6.679232372798265e-05,0.0001316474326500665,1.0674532848253084
2015-06-23,5.295413252336654e-05,0.8157914560822896,0.00010985222142571963,1.1644679490955063,6.22205009475493e-05,0.00017756664225101673,1.174988579410566
2015-06-24,5.124155217210486e-05,0.828160322463654,0.00010852300580054757,1.1497551940407431,6.175703894184702e-05,0.00019213987358651218,1.2052140562491906
2015-06-25,5.1531038942745836e-05,0.8288991528534441,0.00010903884614815837,1.1484210676503064,6.213363596979908e-05,0.0001918662742395622,1.2057516643286268
2015-06-26,9.885673436567757e-05,0.8575054429700121,0.0001313682366449013,1.1393941419176676,9.772039201737765e-05,0.00019155348653067785,0.9885051599611159
2015-06-29,0.00010219846828200267,0.8734576042933784,0.00015407169704097023,1.1635895640453984,0.00010960376090057634,0.00020733838538279203,1.0724599178741092
2015-06-30,8.697755639475864e-05,0.8814285964599125,0.00015485492703975283,1.152449411295842,0.00010229472787845282,0.00021567437141303608,1.1761048725509746
2015-07-01,9.667073925185136e-05,0.8898325263121213,0.00015182414001506598,1.1575807074850246,0.00010780184936938294,0.00021449814628353282,1.1151445639464106
2015-07-02,9.521395937942913e-05,0.8897209342429687,0.00015080091558032955,1.1598636950800665,0.00010661200500070231,0.00021991488637911278,1.1197098166651362
2015-07-06,0.000172264093177785,0.9014308705103294,0.00016128394182797384,1.1543353812204848,0.00015025376826613074,0.00023674571261814807,0.872229177272953
2015-07-07,0.00016730584927433944,0.9081354791745826,0.00017529059506094782,1.1667772633140834,0.00015551973701225365,0.00024176232252684816,0.9295534955101329
2015-07-08,0.00018325021701855255,0.9148451317908569,0.0001907340983060952,1.165716389496422,0.00017103460952933334,0.0002361735238783501,0.9333391922369048
2015-07-09,0.00017483634785152047,0.9103687113970679,0.000194397232026601,1.1589828128257116,0.00016783333495365,0.00023539881722303086,0.9599453261068015
2015-07-10,0.0001852458943863911,0.9131993812888721,0.00019681590072549685,1.1588531935935755,0.00017436928846249977,0.00023068645231831973,0.9412855763420883
2015-07-13,0.00021177015433928543,0.923963112623486,0.00020805116076952015,1.1624004656544775,0.00019394209444137335,0.00023238117533704524,0.9158141053750708
2015-07-14,0.0001959846645507268,0.9268709549004324,0.0002202788566209317,1.1556133439226568,0.00019258245768304297,0.00023275542719436483,0.9826404434475371
2015-07-15,0.00017788056160659394,0.9297007705385734,0.00023014721108241404,1.157827469046688,0.00018810931204339478,0.00023321491013842053,1.0575034750532386
2015-07-16,0.00018174519139179188,0.9350252934098359,0.00023613540814847287,1.1649073281675115,0.00019370256898558252,0.00024300477062625701,1.0657919887850782
2015-07-17,0.00017984339911716185,0.9363495481312931,0.00024275348118558683,1.1687173606892356,0.0001956446559877096,0.00024489562687289357,1.0878612000669192
2015-07-20,0.0001933298802508964,0.9339458186990326,0.0002520823526496571,1.1601997768910488,0.0002061780343068601,0.0002462486285109862,1.0664571562310483
2015-07-21,0.00019419877324157122,0.9337975978599511,0.00026010589720014117,1.160694258885875,0.0002098703529263394,0.00024625874655264323,1.0806986543899209
2015-07-22,0.00018582236281108658,0.9333828286137038,0.0002706060010211409,1.160638130588951,0.00020930399008736185,0.0002463140375796199,1.1263659923437068
2015-07-23,0.00018795658724473803,0.9338905361614956,0.00027346227996689307,1.1650183612452454,0.0002117256452094357,0.0002469639550385723,1.1264603614756423
2015-07-24,0.00019329917782205091,0.9312606338756088,0.0002774298499821325,1.153532922074794,0.0002156566436489182,0.00025698257064351877,1.1156624983032744
