Date,Predicted_Index_Var,Predicted_Corr,Predicted_Var,Future_Beta_45d_IVV,Predicted_Covariance,Future_Cov_45_IVV,Beta_Predicted
2013-02-28,5.497886498863307e-05,0.9880826888295365,5.766080539124506e-05,0.982197770440124,5.5632878013053036e-05,5.37937188259753e-05,1.0118957171006564
2013-03-01,5.488021190183326e-05,0.9868128793316601,5.715253653095092e-05,0.9828634053333088,5.526630809576955e-05,5.3778973632499174e-05,1.0070352533373397
2013-03-04,5.501029900576039e-05,0.9857937441304261,5.755619206915185e-05,0.9834843166329634,5.5469479049562714e-05,5.3769312564882274e-05,1.0083471650236666
2013-03-05,5.845535101370509e-05,0.9857382068851697,5.897462750771352e-05,0.9830973675385898,5.787704235410013e-05,5.26888812387428e-05,0.9901068311185168
2013-03-06,5.9250468430820016e-05,0.9856502979518301,5.611797984428582e-05,0.9829481824401316,5.683551060409088e-05,5.3044046327111766e-05,0.9592415403508784
2013-03-07,5.369174155549812e-05,0.9878940798497229,5.140956297281852e-05,0.9828791014219724,5.190223794497285e-05,5.312651429933459e-05,0.9666707847672337
2013-03-08,4.524810700565277e-05,0.9891511171501469,4.242253249380664e-05,0.982852773249738,4.3337229980736503e-05,5.291167467925676e-05,0.9577689067815026
2013-03-11,4.8373919939468494e-05,0.9902007792910985,4.5252386663416895e-05,0.9851150466867704,4.63286504268968e-05,5.472939675377632e-05,0.9577195828841039
2013-03-12,5.1431479865635213e-05,0.9912291634830205,4.839580590601989e-05,0.9844553780530596,4.945297745769292e-05,5.475748874852664e-05,0.9615312953640235
2013-03-13,5.5261000285198275e-05,0.9921432852028912,5.057038680223456e-05,0.985002026286878,5.244835918490839e-05,5.56072033917893e-05,0.9491026024542799
2013-03-14,6.195858588029715e-05,0.9925474903192464,5.4031129890532234e-05,0.9852422100752084,5.7428049870893676e-05,5.68098651734187e-05,0.9268779952764515
2013-03-15,6.386120353979619e-05,0.9935371035697462,5.533150184686038e-05,0.998284918442448,5.90593780503153e-05,5.643049262977081e-05,0.9248084091229419
2013-03-18,6.402550064969363e-05,0.9947616562577777,5.776072296044768e-05,0.997004228942612,6.04939354444984e-05,5.52033824225575e-05,0.9448412715346393
2013-03-19,6.71640875084588e-05,0.9959799195901766,6.041135486033274e-05,0.9982209977650568,6.344222850519256e-05,5.678357334104758e-05,0.9445855792681246
2013-03-20,6.839791392936718e-05,0.9971743983161169,6.264034900777567e-05,0.9991682506099884,6.527090470091743e-05,5.658166041773768e-05,0.9542820965025492
2013-03-21,6.814178529168062e-05,0.9985938823463301,6.497453285684745e-05,1.000664131991711,6.644575459554407e-05,5.450159961066143e-05,0.9751102691413689
2013-03-22,6.79733209422515e-05,0.9992491343622498,6.583872636602523e-05,1.0014226409859164,6.684727920873581e-05,5.4036521001461715e-05,0.9834340632779682
2013-03-25,7.243408887933498e-05,1.0002776649243885,6.78091074077798e-05,0.99317214694887,7.010291648751823e-05,5.430668253440434e-05,0.9678166395424652
2013-03-26,7.339742545776695e-05,1.0013089359595495,6.902326527466567e-05,0.9943335018270588,7.126991740628282e-05,5.350836087676059e-05,0.9710138599792127
2013-03-27,7.311742529462491e-05,1.0020955297707614,6.881362976407996e-05,0.9946810209513766,7.108153586615976e-05,5.903756866788763e-05,0.97215589279489
2013-03-28,6.422356192814954e-05,1.0013340075810264,6.759853911653692e-05,0.9943986646296292,6.597734202518296e-05,5.9382183670374986e-05,1.0273074249446872
2013-04-01,6.678777769649997e-05,1.001030531411514,6.719870226221178e-05,0.995073137995972,6.706196322485105e-05,5.963261659727495e-05,1.0041053249233272
2013-04-02,6.451960799026473e-05,1.0002347154889615,6.635042559911311e-05,0.9983373360140434,6.544397049519199e-05,6.450026640518151e-05,1.0143268462676762
2013-04-03,6.836168011312682e-05,0.9998273091286519,7.03739202693165e-05,1.0000712455573295,6.934852542995015e-05,6.336419745385894e-05,1.0144356504285774
2013-04-04,6.901245142532413e-05,0.9993177575424209,7.127764321277224e-05,1.0007687839268071,7.008805331136427e-05,6.622230673683801e-05,1.0155856206209977
2013-04-05,6.697476452894188e-05,0.9985057401833891,7.089617725217415e-05,1.0012974611330896,6.880461559228884e-05,6.552859307768148e-05,1.0273215005116776
2013-04-08,7.273438811092278e-05,0.9974514036325703,7.103299534988896e-05,1.0005507249837409,7.169546815082191e-05,6.778797825806629e-05,0.9857162480212733
2013-04-09,7.022991067372413e-05,0.9967379835008607,6.89288371311258e-05,1.0006528441520883,6.934937357327445e-05,6.953321043340482e-05,0.987462078592973
2013-04-10,6.636144982931065e-05,0.9960235523819607,6.89045733795292e-05,0.999618108476422,6.73521657001535e-05,7.117324058839584e-05,1.0149290871943135
2013-04-11,6.716170407401359e-05,0.9954428153237764,6.836367743337437e-05,0.9997726344726944,6.745123067816746e-05,7.213544583192224e-05,1.0043108882978133
2013-04-12,6.98842565011876e-05,0.9956155145871182,6.928947252447295e-05,1.0004875472614907,6.928112922471496e-05,7.30997018828412e-05,0.9913696259119192
2013-04-15,9.593981606210937e-05,0.9950016287168645,8.502728788469427e-05,1.0017984310531136,8.986744523774874e-05,6.0464831294795786e-05,0.9367064575105136
2013-04-16,8.836558039441448e-05,0.9941303753693426,8.746909094795536e-05,0.9988012845464312,8.740015792876717e-05,6.127111482870942e-05,0.989074677478061
2013-04-17,8.959564094882932e-05,0.9937127858563743,9.13621066297759e-05,1.0023891290165443,8.990572978365885e-05,7.123793019852936e-05,1.0034609812658926
2013-04-18,9.719405369416862e-05,0.9930415287877837,8.822034462144242e-05,0.998881723841276,9.195421343028944e-05,7.006822285755711e-05,0.9460888802892521
2013-04-19,7.72897485213767e-05,0.9931672475920338,8.388131023993791e-05,1.0020716707843444,7.996794559560713e-05,7.271835754178501e-05,1.0346513881267152
2013-04-22,7.797978274745508e-05,0.9933565436851556,8.227147658431284e-05,1.0014666428695356,7.956477032305687e-05,7.425926276333294e-05,1.0203256218439969
2013-04-23,8.499754389235151e-05,0.9933570961336585,8.269495582462633e-05,0.9869767779368672,8.32814152006839e-05,7.299513884517112e-05,0.9798096672788442
2013-04-24,7.773768893068322e-05,0.9931347670676101,8.01100853916323e-05,0.9870857399484556,7.837320291820003e-05,7.367180266214715e-05,1.0081751078049603
2013-04-25,6.90805921567358e-05,0.9931981530060036,7.43090409529192e-05,0.9893969896112528,7.115980629445193e-05,7.398560784198159e-05,1.030098383247767
2013-04-26,7.034557142953508e-05,0.9923724668086631,7.247943705799072e-05,0.9932509629845868,7.085989313676392e-05,7.485378073017513e-05,1.0073113587220488
2013-04-29,6.776168711759701e-05,0.9920363965962803,7.078247784993599e-05,0.993014937737382,6.870409009294687e-05,7.396950348118517e-05,1.0139076079040708
2013-04-30,5.8041023931509805e-05,0.9920793227162715,6.162833853303238e-05,0.9931707981815798,5.933407284943991e-05,7.387862443119226e-05,1.0222781892934203
2013-05-01,6.311211636341748e-05,0.992389817707254,6.541521193653211e-05,0.9949516656320762,6.376436628911796e-05,7.447383669818246e-05,1.0103347813903854
2013-05-02,6.214021471172626e-05,0.9924661131616911,6.532842079938268e-05,0.9952225553100932,6.323436210898449e-05,7.338514924415722e-05,1.0176077183243424
2013-05-03,7.476459886581012e-05,0.9921465196496896,6.944478360534948e-05,0.9956818860517936,7.148972582971425e-05,7.236551020506152e-05,0.9561975442150941
2013-05-06,7.535412832838797e-05,0.9921099181539231,7.155745051858353e-05,0.9956176762421284,7.285187705241105e-05,7.226492515625363e-05,0.9667934414280227
2013-05-07,7.392273390092128e-05,0.9919115607129602,7.163308367264124e-05,0.9989429121825504,7.21803170935328e-05,7.585965948844291e-05,0.9764292158116901
2013-05-08,6.958015556766957e-05,0.9918949827078245,7.097386516669553e-05,0.9988130678800052,6.970398695464704e-05,7.549904855625859e-05,1.0017796940229178
2013-05-09,7.111722928104653e-05,0.992002497611953,7.082707149743054e-05,0.999503872871486,7.04044033500486e-05,7.551508285628109e-05,0.9899767477135403
2013-05-10,7.562958883543677e-05,0.9917113986454332,7.150958416647701e-05,1.000232105173269,7.293119018051063e-05,7.585190101540442e-05,0.9643208604399846
2013-05-13,7.357910230951406e-05,0.9917137672681677,7.167773202645924e-05,0.9999909873405504,7.202043039593872e-05,7.59199988272849e-05,0.9788163776853553
2013-05-14,7.590263764609063e-05,0.9917399238087021,7.401916430400616e-05,0.9992002860694196,7.433585131596927e-05,7.425496988945399e-05,0.979357946196458
2013-05-15,7.650099964197039e-05,0.9919191048674828,7.373826567065048e-05,0.9998633117731458,7.449999944614552e-05,7.379945949585763e-05,0.973843476488024
2013-05-16,7.639729836462006e-05,0.9920940577891946,7.450442389743764e-05,0.9994704512959668,7.48484617415676e-05,7.321593961203622e-05,0.979726552427805
2013-05-17,7.425705624970095e-05,0.9915875527059083,7.591095298390538e-05,0.9990481192360786,7.444784870072637e-05,7.14068407718692e-05,1.002569351125149
2013-05-20,7.217439206379002e-05,0.9906663901858801,7.559390260745162e-05,0.9989172897837416,7.317494080392714e-05,7.174471530432254e-05,1.013862932704065
2013-05-21,7.13709588975209e-05,0.9901577995214058,7.411522704095039e-05,0.998610551063458,7.201432598941884e-05,7.17998574762157e-05,1.0090144100883067
2013-05-22,7.35750525384875e-05,0.9899132442355446,7.629439183336108e-05,0.9984493432345092,7.416666195065001e-05,7.042973474513804e-05,1.0080408969039205
2013-05-23,7.454058968752127e-05,0.9893858200433833,7.54882339785858e-05,0.9982505022702371,7.42167148064925e-05,7.044395923455839e-05,0.9956550534093376
2013-05-24,7.630250921850573e-05,0.9889967343512939,7.346001921532306e-05,0.9982529931046804,7.404398537890434e-05,7.041099764976885e-05,0.9704003988501386
2013-05-28,7.438631671877e-05,0.9892042112547076,7.301188089761333e-05,0.9979433166410364,7.290028939646703e-05,6.967937283739766e-05,0.9800228403844602
2013-05-29,7.273626036607267e-05,0.9890734178513065,7.216745887165664e-05,0.9982119374618372,7.165965633004603e-05,7.130647239341049e-05,0.9851985236715741
2013-05-30,7.309916508279677e-05,0.9887555517272671,7.149512246402725e-05,0.997975499029761,7.147980359383049e-05,7.110984035202626e-05,0.9778470590309466
2013-05-31,7.696255068093324e-05,0.9887452270110685,7.794757593150623e-05,0.9973318222343468,7.658177589249537e-05,6.587128252154642e-05,0.9950524666208574
2013-06-03,7.835861755638394e-05,0.9886205936891728,7.662724378951593e-05,0.9969516445232351,7.660632663439807e-05,6.631850175668848e-05,0.977637546748129
2013-06-04,7.696792659140356e-05,0.9885582161984797,7.542336681371331e-05,0.9983732343433116,7.531996355100322e-05,6.607296600841218e-05,0.9785889640869655
2013-06-05,8.390672708275947e-05,0.9889151905429414,7.91036360455926e-05,0.9952331120912404,8.056671604694037e-05,6.091795214823918e-05,0.9601937633376552
2013-06-06,8.864935953499249e-05,0.9891453552929123,7.561431206692577e-05,0.9947271091031498,8.098412978620588e-05,5.978916205280893e-05,0.9135331626873072
2013-06-07,8.584609796353898e-05,0.9894533714623339,7.796468479373943e-05,0.9941728601961368,8.094771168162427e-05,5.663112294699774e-05,0.9429399076007488
2013-06-10,7.344670994631798e-05,0.9892332756531109,7.681388482484364e-05,0.994735569110528,7.430272726765422e-05,5.677862813520056e-05,1.0116549444074745
2013-06-11,7.540176794643908e-05,0.9892432451392178,7.955528947868383e-05,0.9972547453255528,7.661757251869935e-05,5.491352689414752e-05,1.0161243509982936
2013-06-12,7.564969572692771e-05,0.98936322753404,8.212487291254074e-05,0.999394675437515,7.79824207589474e-05,5.815451341849111e-05,1.0308358812233709
2013-06-13,7.668406692361186e-05,0.9893127051959237,8.321867846436221e-05,0.9990454157492646,7.903083357727773e-05,5.356329499803321e-05,1.0306030541651314
2013-06-14,7.978958283363962e-05,0.9895701372481536,8.416289407253257e-05,0.9989572886051435,8.109237286340816e-05,5.3585406397577065e-05,1.016327821045071
2013-06-17,6.406673037804978e-05,0.9892079343980674,8.15903548892901e-05,0.9973001711702292,7.151930450733779e-05,5.271347637441895e-05,1.1163251829040017
2013-06-18,5.269216623890948e-05,0.9891711222388201,6.55211554611063e-05,0.9992174948858208,5.8121287950384296e-05,5.22830623858147e-05,1.1030347032395451
2013-06-19,5.313666894497608e-05,0.9894083954036516,6.534501783650581e-05,1.003575847845054,5.8301401443803475e-05,4.9891465105914286e-05,1.0971971446718944
2013-06-20,6.610900161714408e-05,0.9896132722347117,7.413182634774246e-05,0.9945467482021718,6.927844966202669e-05,3.460973704072004e-05,1.0479427607035692
2013-06-21,6.524441916700448e-05,0.9896715040677964,7.116485581454168e-05,1.0053053703361174,6.743657998919409e-05,3.527662142480062e-05,1.0335992081802183
2013-06-24,5.5679700730278476e-05,0.9889610777008491,7.11545569163717e-05,1.0035724720378625,6.224851637987947e-05,3.766954292714354e-05,1.117975053088403
2013-06-25,5.683904438603972e-05,0.9885375018076191,6.83378068254376e-05,1.0016369885188794,6.160941029530543e-05,3.6006329817713675e-05,1.0839276233580972
2013-06-26,5.616484134519195e-05,0.9888917595226343,6.303772145047561e-05,1.032746479988592,5.884116727327633e-05,3.516874439524868e-05,1.0476512683733146
2013-06-27,5.600093181678947e-05,0.989644024449384,6.204102212785955e-05,1.0349228832917403,5.8333240863174693e-05,3.4865813052353646e-05,1.0416476828281271
2013-06-28,5.651835513949762e-05,0.9898943561996215,6.097407797122555e-05,1.0291821559334002,5.811071593692143e-05,3.4573824157076795e-05,1.028174223993136
2013-07-01,4.0959150997653995e-05,0.9917473092768477,5.735277065188162e-05,1.0202910767111826,4.806774021995128e-05,3.499431542941339e-05,1.1735531388993985
2013-07-02,4.708768430286185e-05,0.9927170842141356,5.305364283543738e-05,1.019518245594445,4.961771579146767e-05,3.4921720566381695e-05,1.0537302168510345
2013-07-03,4.5307854285029834e-05,0.9930945025163068,5.0683653670896114e-05,1.019572490459318,4.7589515423033106e-05,3.4923162514736854e-05,1.0503590640962477
2013-07-05,5.048108536897671e-05,0.9930476796724462,4.9544968111668765e-05,1.0202301833967184,4.966314511917457e-05,3.442682678913274e-05,0.9837970946182388
2013-07-08,5.858594159480322e-05,0.9931100560257888,4.7115785215572995e-05,1.0186645896330264,5.217678353752809e-05,3.4832269271643436e-05,0.8906024571286629
2013-07-09,6.185296409698371e-05,0.9940651185416994,4.627963664704948e-05,1.0198110434702778,5.318511018962652e-05,3.401237736485431e-05,0.8598635646019124
2013-07-10,6.043816195282401e-05,0.9944765692587834,4.608035164222303e-05,1.0183921336291055,5.248172141084273e-05,3.420053121239691e-05,0.8683540285657296
2013-07-11,6.428746384905295e-05,0.9942234693321,4.659401154534646e-05,1.0111691261581512,5.4414195018519275e-05,3.006938406772997e-05,0.8464199979374498
2013-07-12,6.999194674271863e-05,0.9939298180151385,4.5247497126840346e-05,1.0142283025891656,5.593414923313718e-05,3.084774252794082e-05,0.7991512143353277
2013-07-15,7.060701256657018e-05,0.993630086786033,4.440042161723014e-05,1.011315030412962,5.563424499374766e-05,3.08648210109857e-05,0.7879422025014047
2013-07-16,3.5042919617133015e-05,0.9938700099822033,4.272893500416633e-05,1.010459644041915,3.845836008322133e-05,3.317265461043616e-05,1.0974644950650303
2013-07-17,3.792838595062833e-05,0.9938951691677848,4.1345861482420195e-05,1.0104004479161524,3.935852216692508e-05,3.321887749163241e-05,1.0377062239916661
2013-07-18,3.7451029819475974e-05,0.9935849894341622,3.9478916264131296e-05,0.9758521989606264,3.8204939397432545e-05,3.48851372891303e-05,1.0201305433145795
2013-07-19,4.0860668714576163e-05,0.9932029085335639,3.872101891424018e-05,0.9747068881117772,3.950609521401228e-05,3.52995171924498e-05,0.9668489639749662
2013-07-22,3.950888193740232e-05,0.9927613975165183,3.800074789977804e-05,0.9824497781154776,3.8467000549731094e-05,3.5629095914480074e-05,0.9736291857278578
2013-07-23,3.3171208880188284e-05,0.9912243327783731,3.665114964692366e-05,0.982559583953382,3.4561804168842184e-05,3.57190676246499e-05,1.0419217549072937
2013-07-24,3.471216593235655e-05,0.9907608172675261,3.723655164519492e-05,0.9811706611463512,3.562004035001583e-05,3.567274999511907e-05,1.0261543580838042
2013-07-25,3.488954269695917e-05,0.9901552356978389,3.808880999427133e-05,0.9812170485088452,3.609521466068624e-05,3.604104567995871e-05,1.0345568290819747
2013-07-26,3.343176772700175e-05,0.9898456545631258,3.703738295236163e-05,0.982208134006879,3.4831108594013975e-05,3.666675596052521e-05,1.0418566220739212
2013-07-29,3.360094972876798e-05,0.9898189360669047,3.6876964526946685e-05,0.9839191179735878,3.484248463354463e-05,3.792022904862712e-05,1.036949399192538
2013-07-30,3.816574763863081e-05,0.9887057905162993,3.6802611841122394e-05,0.9842715833942326,3.7054698627239137e-05,3.795748523058494e-05,0.9708888445757292
2013-07-31,3.750748633018741e-05,0.9879846635341543,3.61293122409304e-05,0.9818729097520744,3.6369642332605295e-05,3.97535866203012e-05,0.9696635496293886
2013-08-01,4.226173154810077e-05,0.9878254987336232,3.7452300347031717e-05,0.9784770531717444,3.930005196944684e-05,3.7913230798466447e-05,0.9299205340111761
2013-08-02,4.130983358011611e-05,0.9879841061077234,3.749168101676457e-05,0.9786639464489918,3.888160083665709e-05,3.93727848062252e-05,0.941219014142245
2013-08-05,3.7225611971094185e-05,0.9882419420156472,3.495043834750558e-05,0.9788394582235164,3.564597666065037e-05,4.2122480650787984e-05,0.957565900819296
2013-08-06,4.1983018398946586e-05,0.9881704758588162,3.601194231287783e-05,0.9794287631948566,3.8423062445010305e-05,4.1613608550470815e-05,0.9152048592574371
2013-08-07,4.81253999850549e-05,0.9883701843967905,3.634782658073232e-05,0.9859866043999806,4.133767395649752e-05,5.215258085722043e-05,0.8589575145211202
2013-08-08,4.5117615842124565e-05,0.9884033871010908,3.4000527384180204e-05,0.9858723094010362,3.8712402339517745e-05,5.276730762746319e-05,0.8580329792908401
2013-08-09,4.7210405389653165e-05,0.9885582184597538,3.441151026514587e-05,0.98686821900162,3.984492214734848e-05,5.2947530052374307e-05,0.8439860199989103
2013-08-12,4.729046229109182e-05,0.9886043872723348,3.336651776523776e-05,0.989554283015821,3.9270348515795896e-05,5.429244843638195e-05,0.8304073720842715
2013-08-13,5.1414947954433665e-05,0.9891696298257502,3.6509099367664114e-05,0.9919693354139206,4.2856434249265965e-05,5.8468001085982016e-05,0.8335403604268421
2013-08-14,5.361675369996386e-05,0.9896033950699633,3.827789243023003e-05,0.9909218411611742,4.483172432943488e-05,5.8570061615568845e-05,0.8361514123050143
2013-08-15,5.120699157562921e-05,0.9899235237369236,4.2987453950248526e-05,0.987811630004452,4.644480429514908e-05,5.4186535271072264e-05,0.9070012290519605
2013-08-16,4.9139520575593413e-05,0.9903382304627414,4.177958542579952e-05,0.9881396744813158,4.487258255645954e-05,5.3794125015785634e-05,0.9131668773086652
2013-08-19,5.1240075352845624e-05,0.9904626454899228,4.367137921159966e-05,0.9870477077428306,4.6853434867107744e-05,5.28739431688205e-05,0.9143904364790465
2013-08-20,5.687877447837599e-05,0.9903913550112712,4.5762216503832e-05,0.9850340576013996,5.0528392480540284e-05,5.330091492987281e-05,0.8883523413422001
2013-08-21,5.746511661394483e-05,0.9897905756259175,4.766164734277314e-05,0.9845204905561832,5.1800026861717466e-05,5.2120811933182684e-05,0.9014168927858289
2013-08-22,5.43081375808944e-05,0.9901983236333958,4.8361236115151194e-05,0.9842593275917748,5.0746177941224335e-05,5.0999647795059135e-05,0.9344120458123911
2013-08-23,4.6628310947370826e-05,0.9912580280269687,3.7416945957000295e-05,0.9838000720397562,4.140432681516415e-05,5.0879526461007274e-05,0.887965400717539
2013-08-26,5.7057237442025364e-05,0.991315356042614,4.266337863477174e-05,0.98424083752228,4.890968059619062e-05,5.067939598239474e-05,0.8572037972551106
2013-08-27,6.26349019454684e-05,0.9908274061348835,4.921499976463006e-05,0.9813760898588596,5.5011685973798786e-05,4.44326276527866e-05,0.8782912444198191
2013-08-28,6.352118414260544e-05,0.9903746813715691,5.106490430484783e-05,0.983916388211628,5.640532204223347e-05,4.4911340768126686e-05,0.8879765515013571
2013-08-29,6.345432123592429e-05,0.9891855295647285,5.453952042589191e-05,0.984144459294457,5.819209777767022e-05,4.4936873064444916e-05,0.9170706839855866
2013-08-30,6.533098257867051e-05,0.987476366367842,5.587227502164705e-05,0.9820863124507876,5.966016951785112e-05,4.440211331132222e-05,0.9131987177142071
2013-09-03,6.741624909395761e-05,0.9865980382811529,5.6736874256374536e-05,0.9807763328922484,6.101761711312037e-05,4.4673800326270165e-05,0.9050876892910564
2013-09-04,5.29054408502055e-05,0.9855932283999946,5.636479717060378e-05,0.9798572812129592,5.3821011315696195e-05,4.3910244210572274e-05,1.0173057903077116
2013-09-05,5.526096611110341e-05,0.9846678800255207,5.639554889545561e-05,0.98168351750513,5.4969453850766405e-05,4.839564345794786e-05,0.9947248070229008
2013-09-06,5.903493096893949e-05,0.9846747059122327,5.653961930165433e-05,0.9833487144560148,5.6888404262927226e-05,5.172768561298499e-05,0.9636397185398314
2013-09-09,5.950680039687122e-05,0.9846368762544543,5.6342526707433944e-05,0.981727689010385,5.70134807546458e-05,5.017276313956316e-05,0.9581002570194227
2013-09-10,6.058865375686932e-05,0.9848227761262511,5.6885583045334135e-05,0.9830128713783258,5.781690534515852e-05,4.960448257096179e-05,0.9542530120765961
2013-09-11,5.2548421709793746e-05,0.9860693170261755,5.6022150129602726e-05,0.9823315200408612,5.350164927919391e-05,5.053968672116821e-05,1.0181399847680392
2013-09-12,5.463125330927889e-05,0.9870313460069139,5.6185958301094164e-05,0.9849721308331228,5.468464830476226e-05,5.0650166009247884e-05,1.000977370868303
2013-09-13,5.629719144726608e-05,0.9877808806726004,5.178854014678411e-05,0.9852412031547396,5.333604578455945e-05,5.084725078440926e-05,0.9474015383968071
2013-09-16,5.4138744378514925e-05,0.9882252903088444,5.340793982025547e-05,0.9833555699709388,5.313894971469851e-05,5.0803094703691274e-05,0.9815327326983005
2013-09-17,5.7555509167455784e-05,0.9888765487197243,5.441623428903218e-05,0.9843967158111906,5.534135266475738e-05,5.0840892765881256e-05,0.9615300683683227
2013-09-18,6.204530316157312e-05,0.9898444136422275,5.7137766302006935e-05,0.983021119380027,5.8936320839516094e-05,4.85824538206162e-05,0.9498917377523182
2013-09-19,6.178297806302708e-05,0.9906469908023865,5.732339664553619e-05,0.9827301764571614,5.895481785600667e-05,4.960283765129632e-05,0.9542242815790573
2013-09-20,6.675064824066973e-05,0.99174120635687,5.816747742819557e-05,1.0092993041022174,6.179683278187927e-05,4.743597649826244e-05,0.9257862569224876
2013-09-23,6.644616634370019e-05,0.9926386588082925,5.844923132998815e-05,1.0109476933691974,6.18608027756583e-05,4.6821620454749615e-05,0.9309912998693773
2013-09-24,6.687102886618699e-05,0.9941248463467879,5.939561403823995e-05,1.0024432619281176,6.265231448094229e-05,4.613660949174003e-05,0.9369126741912913
2013-09-25,5.221698153901886e-05,0.9966153271960557,5.826979037986289e-05,1.0025433617336843,5.497372575373619e-05,4.5727141491412734e-05,1.0527940170700478
2013-09-26,5.0374063840171386e-05,0.9984400779415641,5.696843502132919e-05,1.003738284495888,5.348631087039876e-05,4.5760352914024267e-05,1.0617827269227678
2013-09-27,5.122431082106018e-05,0.9993623871803289,5.645590629907083e-05,1.0038372281970127,5.374223872932311e-05,4.529982070235542e-05,1.0491549396742244
2013-09-30,5.1567877421329924e-05,1.000171147958646,5.64108768480688e-05,1.0013717855048114,5.39442768313803e-05,4.489884743281729e-05,1.046082940172896
2013-10-01,5.3629225784131454e-05,0.999871470784329,5.708959006622908e-05,1.001612717877215,5.532525226280803e-05,4.400870368824344e-05,1.031625041269539
2013-10-02,4.9785428743887e-05,0.9989366208717226,5.545669012661696e-05,0.9991000771787896,5.248872617199774e-05,4.452053075331644e-05,1.0542989685198336
2013-10-03,5.1677659876475144e-05,0.9982187350723495,5.550487799972733e-05,1.0021664912181416,5.3461693592682076e-05,4.414919085955537e-05,1.034522339449412
2013-10-04,4.988490741732951e-05,0.9972466768974939,5.26475394616161e-05,1.0027312874250909,5.110650975492378e-05,4.339783426612843e-05,1.0244884154514817
2013-10-07,5.300164613196136e-05,0.9963147805976464,5.327267764763931e-05,1.001951057286765,5.2941167623367715e-05,4.1559516608606974e-05,0.9988589315048241
2013-10-08,5.7418241986777646e-05,0.995282122507231,5.4996540563373794e-05,1.0064730000335114,5.592922930705608e-05,4.149295286209583e-05,0.9740672540955807
2013-10-09,4.671951297786224e-05,0.9950402290718168,5.3012234952303544e-05,1.005588450165756,4.951968232228066e-05,4.2001318433342635e-05,1.0599357563026237
2013-10-10,5.493659376391755e-05,0.9945151155738416,6.069343974727005e-05,1.002513120431699,5.742660317617244e-05,3.285893496751826e-05,1.0453251510815427
2013-10-11,5.397060840252837e-05,0.9937244053808808,5.8637348880880675e-05,1.0024729720061736,5.590257028025242e-05,3.280299471359988e-05,1.0357965554754343
2013-10-14,5.390763459317086e-05,0.9929336214278558,5.639121888868379e-05,1.002047732297727,5.4745836413457116e-05,3.300022244640428e-05,1.015548851783462
2013-10-15,5.553151341989191e-05,0.9921847344796983,5.53896503203312e-05,0.9999188863698356,5.502709769225588e-05,3.686332424290575e-05,0.990916585978452
2013-10-16,4.144281603770634e-05,0.9921280431643511,5.467562591915981e-05,0.995192245946512,4.7226877925895086e-05,3.3287168759923464e-05,1.1395672987792667
2013-10-17,4.1583055321708076e-05,0.9917980347221268,5.217631387406599e-05,0.9939084935600588,4.6197464288166024e-05,3.2561348636218475e-05,1.11096849259292
2013-10-18,4.3823960134694674e-05,0.991002954762756,5.0918499866007686e-05,0.9787211702100372,4.681322482294511e-05,3.175451668568251e-05,1.0682107385791428
2013-10-21,4.4710412594374516e-05,0.9901755024747061,4.9722174999812746e-05,0.979332616811965,4.6686527757640575e-05,3.178297369767078e-05,1.0441980972350655
2013-10-22,4.4371990394003997e-05,0.9899689617743838,4.8377210516323355e-05,0.9800534461192972,4.586658913564763e-05,3.166456081829611e-05,1.033683382881233
2013-10-23,3.6244305626284386e-05,0.9872019250221414,4.7948412060538023e-05,0.9836332782671392,4.115408971190685e-05,3.1032248581639224e-05,1.1354635990615278
2013-10-24,4.040389782719303e-05,0.9857054313689312,4.805012197516103e-05,0.9839383812580976,4.3431620005813825e-05,3.096798551956498e-05,1.0749363883546663
2013-10-25,3.967999624918889e-05,0.9846362911730633,4.615714540806845e-05,0.9826754781955832,4.2138698802245516e-05,3.0954442224271615e-05,1.0619632758434772
2013-10-28,4.081308187982178e-05,0.9840471888903392,4.5192631266908636e-05,0.9787981401249928,4.226194051071555e-05,3.331450847544648e-05,1.0354998584806725
2013-10-29,4.2024721372673885e-05,0.9836369114075034,4.39089034735546e-05,0.9768659877306584,4.225358229197512e-05,3.280888822439706e-05,1.0054458640492034
2013-10-30,3.243679795796633e-05,0.9831166401446653,3.8852935986983056e-05,0.9765251307415472,3.490084613614053e-05,3.2362495482352365e-05,1.0759645937113544
2013-10-31,3.3498134377451295e-05,0.9826576112866244,3.9064438429108906e-05,0.9742731913111466,3.554703037698535e-05,3.260122934496154e-05,1.0611644808766794
2013-11-01,3.528785039280735e-05,0.9827332301922173,3.907989603331101e-05,0.9735619296866538,3.649429204430349e-05,3.25414633805988e-05,1.0341885844013339
2013-11-04,3.477448195487655e-05,0.9828908867978013,3.8976707827768994e-05,0.9737226193720008,3.6185803426849857e-05,3.2393548128222654e-05,1.0405849747468456
2013-11-05,3.766596277267884e-05,0.9829529414988541,3.951982346462622e-05,0.9743028148344888,3.792405441273747e-05,3.2117616947573694e-05,1.006852118492663
2013-11-06,3.8333959556374354e-05,0.9826856541040038,3.848672463709485e-05,0.9771269150521048,3.7745217515689764e-05,3.626437470432635e-05,0.9846417628781922
2013-11-07,4.0431492315281525e-05,0.9825975937538194,4.066976646863331e-05,0.974284651129328,3.984477889961049e-05,3.433053763021013e-05,0.9854887024427422
2013-11-08,4.3778322206368926e-05,0.9825195812001921,4.213080637005617e-05,0.9719507486022584,4.219593909767164e-05,3.127217267123063e-05,0.9638546424589319
2013-11-11,4.088414418239951e-05,0.9833760782450264,3.993787287357642e-05,0.9726077890542222,3.973649527805543e-05,3.138781608459573e-05,0.9719292423188808
2013-11-12,3.99781619662566e-05,0.9842012604587694,3.9164107900741944e-05,0.9710057103635492,3.89439005653496e-05,3.173007526178854e-05,0.9741293408691484
2013-11-13,4.4902541372157916e-05,0.9830714806672781,3.9437503143398996e-05,0.9711319811275378,4.1369022928123616e-05,3.06884129209168e-05,0.9213069386263005
2013-11-14,4.545126757048379e-05,0.9823375785268651,3.997423175761586e-05,0.9677028301065924,4.1872011131688577e-05,3.0170754284049497e-05,0.9212506794613667
2013-11-15,4.488960878325864e-05,0.9818461933045945,4.028427860737096e-05,0.9693134246617752,4.175266167406998e-05,3.1559946820848294e-05,0.9301186355992801
2013-11-18,4.304897041106976e-05,0.9813045260864386,4.013587948175294e-05,0.980045227380318,4.078980023868157e-05,4.2104462754899994e-05,0.9475209244073522
2013-11-19,4.253689180732228e-05,0.9817215476311885,3.9984423283607995e-05,0.9807188378215432,4.04870951037192e-05,4.255805856214532e-05,0.9518113191511979
2013-11-20,3.986505410246521e-05,0.9829467617891885,3.896368659336646e-05,0.9825567486922224,3.8739694886782646e-05,4.321638339093332e-05,0.9717707841863189
2013-11-21,3.485111027762049e-05,0.9838477254590773,3.899461200224518e-05,0.9844206525226296,3.6269243465601725e-05,4.3841115804361376e-05,1.0406911910893089
2013-11-22,3.677714977289896e-05,0.9840771690090405,3.899291018730949e-05,0.9854380428704396,3.726584858347602e-05,4.588290200712026e-05,1.013288109970316
2013-11-25,4.464079349966786e-05,0.9841868522215953,4.008633346899538e-05,0.98677414479424,4.163338084780188e-05,4.664254420434839e-05,0.9326308424179701
2013-11-26,4.5604254902161166e-05,0.9836408456238883,3.996323139017229e-05,0.9877513936074346,4.199228772961765e-05,5.77397154454968e-05,0.9207975839032435
2013-11-27,5.098239319509307e-05,0.9834438865258794,4.1603150217727615e-05,0.9875620022882442,4.529213597161119e-05,5.8835777745420815e-05,0.8883877969065298
2013-11-29,5.306536742177139e-05,0.983038376429951,4.415608909785149e-05,0.987586086739459,4.758514102113227e-05,5.88428673734231e-05,0.8967268735353989
2013-12-02,5.1303727815654587e-05,0.9836740795031775,4.50243929051167e-05,0.9894569727217862,4.727696860174734e-05,6.305258750700995e-05,0.9215113718758163
2013-12-03,5.129816798105141e-05,0.9835604378982234,4.49624249594404e-05,0.9934546852359584,4.7236405519909515e-05,6.645639647452246e-05,0.9208205161899303
2013-12-04,4.926678581923591e-05,0.9845267222073858,4.47417207797865e-05,0.9931322401412034,4.622330182221083e-05,6.650940306389206e-05,0.9382244255147497
2013-12-05,6.186383108747796e-05,0.986476051905718,4.81505247083117e-05,0.9946137331740912,5.384005121626794e-05,6.870661088445506e-05,0.8702993375909088
2013-12-06,6.149224160789946e-05,0.987388432548999,5.0186165375447925e-05,0.9946880696108542,5.485171416351574e-05,6.604751982566567e-05,0.892010320802313
2013-12-09,5.694825981469449e-05,0.9880789501376696,5.160894435954154e-05,0.9944746977679544,5.3566634845687957e-05,6.646724770465996e-05,0.9406193449982476
2013-12-10,5.3452041059883435e-05,0.9885424979553147,5.2091426221064464e-05,0.9948176477450096,5.216276636099502e-05,6.676138638607119e-05,0.9758797854427297
2013-12-11,5.2671389427449466e-05,0.9889533615525677,5.352481238270108e-05,0.9930281400352254,5.2509849707635675e-05,6.34916474020515e-05,0.9969330651503641
2013-12-12,5.926873458923956e-05,0.9891974660483308,5.627704556109372e-05,0.9934998348492888,5.7129637390158125e-05,6.436786409778696e-05,0.9639085056580609
2013-12-13,5.102150798536989e-05,0.9896384532210662,4.9134608516846335e-05,0.9930146269926576,4.955037631171774e-05,6.493650011978569e-05,0.9711664407474199
2013-12-16,5.265033739264804e-05,0.9901517473613989,5.1648967588138685e-05,0.9930645636001496,5.1633689634174e-05,6.432056939020096e-05,0.9806905746701634
2013-12-17,5.547285481711756e-05,0.9904105605158269,5.425211703475869e-05,0.9904849972807156,5.4333022583257716e-05,6.435524356939667e-05,0.9794524324082898
2013-12-18,5.7755345996717895e-05,0.9905487518546566,6.161665004114369e-05,0.9877061772651388,5.909095263998916e-05,5.819028167797742e-05,1.023125247026434
2013-12-19,6.478693026373803e-05,0.9907503202801106,5.948561953666734e-05,0.9880304077218992,6.150549488694536e-05,5.8157989245949465e-05,0.9493503494696472
2013-12-20,6.101338500649426e-05,0.991622049239861,6.020163065870249e-05,0.9885139483145664,6.0098393445298374e-05,5.8697979018241704e-05,0.9850034289836812
2013-12-23,6.0371580554275465e-05,0.9934369134474244,5.9906891277776624e-05,0.9974050171258164,5.9744091024138574e-05,5.87885196738663e-05,0.9896062100018607
2013-12-24,6.05937066863415e-05,0.9952780474981751,6.042655078908399e-05,0.9959329537076428,6.02243453365873e-05,5.986715441244124e-05,0.9939042951825646
2013-12-26,6.0130930524985e-05,0.9973868406316512,6.150138588336787e-05,0.9994838109848354,6.06533855581151e-05,6.378770262675243e-05,1.0086886237842771
2013-12-27,6.1029823506439453e-05,0.9995588576828405,6.159277863756239e-05,0.999243491937368,6.128360821846529e-05,6.3771027865892e-05,1.0041583720457434
2013-12-30,6.103786899254316e-05,1.0003467139506717,6.145734568744578e-05,0.9995362612327148,6.126848349684732e-05,6.385378057570496e-05,1.0037782201133585
2013-12-31,6.15980310886923e-05,0.9999088050552044,6.142019012661387e-05,1.0004058590346825,6.150343701970701e-05,6.34989912534448e-05,0.9984643329127015
2014-01-02,6.274975633376732e-05,0.9991963197399749,6.370438874339254e-05,1.0031951468864333,6.317445792404798e-05,6.13496913405488e-05,1.0067681791148584
2014-01-03,6.287727487442676e-05,0.9984049364957567,6.304728166334935e-05,1.0031496651711416,6.286179214796972e-05,6.203063087395518e-05,0.9997537627626522
2014-01-06,6.194585296328845e-05,0.9973905381112764,6.220720414460128e-05,1.0033675269073623,6.191440503646105e-05,6.177750041462075e-05,0.9994923320073414
2014-01-07,5.985294868622432e-05,0.9963483746575509,6.175068802853512e-05,1.0035797190050866,6.057241548134566e-05,6.415191570786994e-05,1.0120205739385222
2014-01-08,5.957982003469859e-05,0.9953008456640515,6.098391678630995e-05,1.0034857031559865,5.999452561854348e-05,6.434883709871977e-05,1.0069605041371956
2014-01-09,5.8876921963223624e-05,0.9945141169871371,6.060579712665981e-05,1.0037489240316428,5.9407405356911376e-05,6.611724882015991e-05,1.009010039519714
2014-01-10,5.8643073362417135e-05,0.9936870989413894,6.014103029640506e-05,1.0043003275557931,5.901242271816167e-05,6.706488935144391e-05,1.006298260554353
2014-01-13,6.549653155125348e-05,0.9937132449676784,6.496942066315674e-05,1.0054473860660758,6.482234330064251e-05,6.348875833684388e-05,0.9897065045332455
2014-01-14,6.384952094066409e-05,0.99346113854424,6.296559630604282e-05,1.0066534457258396,6.299141515613329e-05,6.176086340166684e-05,0.9865604976844188
2014-01-15,6.070372053025981e-05,0.9928127698439464,5.964061332626481e-05,0.9921486222106464,5.9737364704623754e-05,6.196996877505618e-05,0.9840807809275159
2014-01-16,6.085694586035492e-05,0.992294251577474,5.99484377646199e-05,0.9921789491640768,5.993554891124662e-05,6.234055893820426e-05,0.9848596255352252
2014-01-17,6.130074788390541e-05,0.9915703520267355,6.042866624834794e-05,0.985744716042526,6.0350090238222164e-05,6.19415423717706e-05,0.9844919078722555
2014-01-21,6.022038567812545e-05,0.9915263596624238,6.0275625239957466e-05,0.9869373398246264,5.97374792524369e-05,6.308332824795518e-05,0.9919810140660729
2014-01-22,6.0180607898710316e-05,0.9908887220611787,6.0387185853690724e-05,0.9866542302803132,5.9734545856262664e-05,6.316359756944414e-05,0.9925879438905234
2014-01-23,6.197862719476769e-05,0.9900599376288564,6.183036424150884e-05,0.9852292561844088,6.128911722411047e-05,6.19926066123364e-05,0.9888750364139167
2014-01-24,8.312838911315208e-05,0.9891261070355222,7.357474754298706e-05,0.9808093432213404,7.73554180361175e-05,5.196128400122707e-05,0.9305535553061594
2014-01-27,7.785643656399444e-05,0.9885793628965446,7.306809582989998e-05,0.9798053359313772,7.456288374854754e-05,5.176624917016458e-05,0.9576971030167847
2014-01-28,5.7778264472590076e-05,0.9880643584122121,6.930227557684842e-05,0.9784700621892932,6.252320430713149e-05,5.130025108773498e-05,1.0821232669041556
2014-01-29,5.541992369045716e-05,0.9875639570221864,6.58299153478136e-05,0.9766216307015704,5.96499166562921e-05,4.870231519251703e-05,1.0763262141871788
2014-01-30,5.718939038351772e-05,0.987482832808301,6.422089164744528e-05,0.9770420529134604,5.984466680918483e-05,5.051179991200993e-05,1.046429528411836
2014-01-31,5.786696567157789e-05,0.9878895933095561,6.301959959401668e-05,0.978930069251295,5.965702408131456e-05,5.277856867317255e-05,1.0309340292680298
2014-02-03,7.055814511505822e-05,0.9876610171359126,7.153762546057388e-05,0.9753562632185184,7.016955954208426e-05,4.0219869271550665e-05,0.9944926900736931
2014-02-04,5.3287933521446234e-05,0.987435048365964,6.690421263206557e-05,0.976378639402716,5.895894579584539e-05,4.149565433583728e-05,1.1064220715580348
2014-02-05,5.1744253938995175e-05,0.9873538380715493,6.203317889650286e-05,0.983969563837884,5.5939155042590157e-05,5.297635271353066e-05,1.0810698924858524
2014-02-06,5.460185755120456e-05,0.9872540777534352,6.279765743179611e-05,0.9822552526362954,5.7810186003666046e-05,5.160520279150548e-05,1.0587585953362992
2014-02-07,6.356327391387762e-05,0.9873059685991045,6.2705783010674e-05,0.9779431485974376,6.233165943757111e-05,4.946361445645454e-05,0.9806238036452428
2014-02-10,6.2547563500994e-05,0.9874549189378153,6.085665045723887e-05,0.9795557621171108,6.092232912171624e-05,5.041694301979566e-05,0.974016024153332
2014-02-11,5.609995653519849e-05,0.9887909698667491,5.9965216242457906e-05,0.9779007863290822,5.735026856930896e-05,5.011192117734837e-05,1.022287219301605
2014-02-12,5.280573476410588e-05,0.9899030678377344,5.529870013953665e-05,0.9779621501881556,5.349222671410729e-05,5.013354504029121e-05,1.0130003294730792
2014-02-13,5.31879934714369e-05,0.9901373770637084,5.396271962808333e-05,0.978651187529998,5.304557643715692e-05,4.988590222452469e-05,0.9973223837752695
2014-02-14,5.362200748552388e-05,0.9905218500724658,5.3102101851093085e-05,0.9783793712166527,5.285565393234364e-05,4.967606629454558e-05,0.9857082271045684
2014-02-18,5.088126402858046e-05,0.9909455996435389,5.041066366280536e-05,0.9779982923649008,5.018685335872537e-05,4.981374821722722e-05,0.9863523306051313
2014-02-19,5.093399391722896e-05,0.9916022026437704,5.088043749034359e-05,0.9775201540478946,5.047970023854282e-05,4.8714919171195925e-05,0.9910807371708491
2014-02-20,5.128532994270177e-05,0.9921829125641615,5.083225220473886e-05,0.9790444781955272,5.065916140905939e-05,4.9792346033275134e-05,0.9877904941950854
2014-02-21,5.0142924359823583e-05,0.9929494351456334,5.002785443139331e-05,0.9796922805609736,4.9732226296117625e-05,4.9956071290067e-05,0.9918094513044591
2014-02-24,5.289213529725008e-05,0.9937790709892972,5.0150102356023606e-05,0.9818704875569604,5.118247797527216e-05,4.988467995822884e-05,0.967676530501751
2014-02-25,4.99909412374215e-05,0.9946485333140145,4.5809594360667306e-05,0.982842115849878,4.759852847293581e-05,5.007258385986247e-05,0.9521430742197186
2014-02-26,4.8822079787728685e-05,0.9942488124694125,4.674854160896404e-05,0.982939466936657,4.7499304705997854e-05,5.007714773098288e-05,0.9729062119540571
2014-02-27,4.902946505121921e-05,0.994240864976098,4.7698637139835625e-05,0.9821751426866878,4.808096461276827e-05,4.957185262347509e-05,0.9806544811888102
2014-02-28,4.913560627678946e-05,0.9935991848917157,4.840371025331651e-05,0.982468350485428,4.845612850472334e-05,4.953294074638752e-05,0.9861713770613004
2014-03-03,5.060228536900576e-05,0.9927049596903385,4.9735159203078344e-05,0.9836475311709364,4.980087961920916e-05,5.020521101411942e-05,0.9841626570034826
2014-03-04,5.593664385448813e-05,0.9918302567905469,5.2535833369196565e-05,0.977254294728532,5.376669833109915e-05,4.6362783417822436e-05,0.9612070840532763
2014-03-05,4.9068183379191435e-05,0.9907504489983433,5.1542689147827944e-05,0.9775898383799548,4.982505701403273e-05,4.6388132648705385e-05,1.0154249369493118
2014-03-06,4.928243059442446e-05,0.9897460330582927,5.0706242536340795e-05,0.9771432996005938,4.947667933542497e-05,4.630126063223597e-05,1.0039415414105506
2014-03-07,4.8971813978785636e-05,0.9895370344632844,4.953199681156356e-05,0.9741947413184882,4.873579630494844e-05,4.819341989278282e-05,0.9951805405056174
2014-03-10,4.912023117884392e-05,0.9896389415079593,4.752631299340065e-05,0.9743794779000784,4.781608766515815e-05,4.82025423773311e-05,0.9734499719893935
2014-03-11,5.148937537691702e-05,0.9897073727345581,4.8008201474119016e-05,0.974834049878544,4.920659745133455e-05,4.8178843344294164e-05,0.9556650685918817
2014-03-12,4.8906113932888686e-05,0.9898739797271132,4.785444076478828e-05,0.9751069059033792,4.788754892038275e-05,4.9960766952529015e-05,0.9791730536205829
2014-03-13,5.192240840939531e-05,0.9899754611782986,4.9503402476455135e-05,0.9734750180559174,5.01902511847147e-05,4.721298589118547e-05,0.9666395054130968
2014-03-14,5.053194068255615e-05,0.9901710213184414,4.9579784522477154e-05,0.9730513529267892,4.956162282401017e-05,4.719574277522451e-05,0.9807979300727522
2014-03-17,5.312543808337814e-05,0.9904168512253457,5.0653260087103524e-05,0.972087200193034,5.1377501926084964e-05,4.64556521235857e-05,0.9670979436527213
2014-03-18,5.3640183376897774e-05,0.9905811484839794,5.093712765390412e-05,0.9714227721715468,5.177885129184957e-05,4.6851835659854766e-05,0.9652996696157855
2014-03-19,4.9711758607667365e-05,0.9907387777724908,4.757192955355265e-05,0.970687103679089,4.817970192375729e-05,4.6227663722095266e-05,0.969181201252579
2014-03-20,4.924048797705463e-05,0.9907674309027351,4.648370055418598e-05,0.9707852636563388,4.740053497421712e-05,4.5867563682211015e-05,0.96263333125994
2014-03-21,5.1299807125194504e-05,0.9912253646101767,4.648346179747829e-05,0.9898808139223528,4.840380525243434e-05,4.5772456977641405e-05,0.9435475095317098
2014-03-24,5.150721281894852e-05,0.990946550646384,4.732663792741706e-05,0.9898940684107976,4.8925703815143654e-05,4.5296821849431474e-05,0.9498806310316372
2014-03-25,5.187847468728203e-05,0.9909147800280783,4.75723180142125e-05,0.9981212671115204,4.9227418542549775e-05,4.5755079929238194e-05,0.9488987260956969
2014-03-26,4.894688218699071e-05,0.9922995587418802,4.840630521131988e-05,0.99699093238884,4.830101780066014e-05,4.4257565392207804e-05,0.9868047900607195
2014-03-27,4.819111839496585e-05,0.9934337591713631,4.807479193596809e-05,0.9975999066662736,4.7816867678953085e-05,4.4073800161574386e-05,0.9922340313220068
2014-03-28,4.77393720640184e-05,0.9940711635455672,4.69127455417231e-05,0.9990799160694098,4.7043676209394946e-05,4.3821327836335254e-05,0.9854272097737162
2014-03-31,4.471229395078723e-05,0.9946089812249747,3.972430913040297e-05,0.9978530426855916,4.191737026673583e-05,4.2569869582708465e-05,0.9374909351077436
2014-04-01,4.637295349124256e-05,0.9940694032015982,4.0544065470859254e-05,0.9983301366015292,4.3103519471082304e-05,4.256166652485418e-05,0.929496963768381
2014-04-02,4.141854620280984e-05,0.9948215527004265,4.165267869495734e-05,0.9991493177211136,4.13203583497781e-05,4.280760632400335e-05,0.9976293747117305
2014-04-03,4.131197301210188e-05,0.9950739419357245,4.126755997584751e-05,0.9995687937100473,4.1086364764611046e-05,4.272685831305932e-05,0.9945389137569212
2014-04-04,4.5815215175484866e-05,0.9950561796126736,4.413713211091881e-05,0.9994275743489686,4.474603127034818e-05,3.899778264047713e-05,0.9766631259715486
2014-04-07,4.72141155464609e-05,0.9948068116452365,4.6220282499255916e-05,0.9953312445214926,4.6471958684625096e-05,3.591973554158209e-05,0.9842810385570924
2014-04-08,4.530353492960697e-05,0.9946958402331757,3.918501718797827e-05,0.9962121329608584,4.19098752121335e-05,3.727793177178475e-05,0.9250906199097584
2014-04-09,4.691297863661334e-05,0.9950341395111092,4.1685181183059514e-05,0.9963310534668084,4.4002295429157086e-05,3.52166148401928e-05,0.9379556938815946
2014-04-10,5.810324280314903e-05,0.9948325040817522,5.175599717841278e-05,0.988581091944798,5.455448903999578e-05,2.3747765162070617e-05,0.9389233097509505
2014-04-11,5.691804938589508e-05,0.9947373360564902,5.0741156967393226e-05,0.9880983930439629,5.345811066434407e-05,2.1316843581817008e-05,0.9392119238294133
2014-04-14,5.793906540801691e-05,0.9946312759526518,4.9334621845104895e-05,0.9912953682444144,5.317699059184396e-05,2.123425315306178e-05,0.9178089121279814
2014-04-15,5.375893588153699e-05,0.9940786206268232,4.922622257710899e-05,0.9891963124589002,5.1138068546094653e-05,2.0544825317253536e-05,0.9512477824855449
2014-04-16,3.1303883437837385e-05,0.9940868819907637,4.364518042047874e-05,0.9698025362418808,3.67444370699808e-05,1.8673287786877434e-05,1.173798041477734
2014-04-17,3.0074876652121772e-05,0.99399207826434,4.065886965510436e-05,0.9691955721563889,3.4758618035653784e-05,1.870460240699834e-05,1.1557360130752714
2014-04-21,3.398061258211898e-05,0.99381180717075,3.806210097232517e-05,1.0073601256409936,3.574095334448938e-05,2.0434651687344935e-05,1.0518042680400856
2014-04-22,3.465237531876505e-05,0.9931076479563706,3.5760758730094645e-05,1.0070043749681927,3.495957895875885e-05,2.0423347985141646e-05,1.0088652981842616
2014-04-23,3.661275306357103e-05,0.9930137802397926,3.437938390323243e-05,1.0080801090264204,3.523063843768528e-05,2.0263109202951124e-05,0.9622504589183454
2014-04-24,2.8915216768426475e-05,0.9880542267779396,3.249006329036695e-05,1.0092349469416857,3.0284421720440707e-05,2.028231108951609e-05,1.0473524014355415
2014-04-25,3.367547480592454e-05,0.9843962250342065,3.2174189966842e-05,1.010341284755696,3.240265631019713e-05,1.8395493453640358e-05,0.9622033986732836
2014-04-28,3.364553762091845e-05,0.9823417925212905,3.1496075921213867e-05,1.0089627453318817,3.197824175288653e-05,1.898113035918166e-05,0.9504452600277279
2014-04-29,3.9441733334885286e-05,0.9814128320816146,3.1514822422354045e-05,1.0109824057884618,3.460088129539401e-05,1.8732162902716733e-05,0.8772657378318195
2014-04-30,4.001418281063408e-05,0.9805072913318632,3.16357271936846e-05,1.0105632059559262,3.48856415762692e-05,1.8974655177481368e-05,0.8718319137332993
2014-05-01,2.1991126094734782e-05,0.9781229738014466,2.985925670517173e-05,1.0085625914625118,2.5064364069286263e-05,1.939525105467591e-05,1.1397490042716498
2014-05-02,2.5114593555483047e-05,0.9767184668762744,2.8349342417378715e-05,1.009745369607941,2.606177378884524e-05,2.0559414385015557e-05,1.0377143365378256
2014-05-05,2.3421323104644024e-05,0.9770667436296182,2.7404460095374655e-05,1.0096014250139478,2.4753725424390274e-05,2.0817329028275912e-05,1.0568884308453974
2014-05-06,2.3724080850696792e-05,0.9765974871417963,2.7543452412520865e-05,1.0142116756546338,2.4964305465384416e-05,1.928054827712763e-05,1.0522770354094118
2014-05-07,2.503936026433856e-05,0.9758443565672343,2.567135914780132e-05,1.0171904966298189,2.474096304565058e-05,1.8804003046363554e-05,0.9880828737021304
2014-05-08,2.245244272166245e-05,0.9754559306013963,2.5373376377586072e-05,1.016996139670154,2.3282444849960232e-05,1.9051478317971786e-05,1.036967119283506
2014-05-09,2.6257615904936162e-05,0.9754645618196914,2.502715752684053e-05,1.0164436156464942,2.5006039075243178e-05,1.924262847429693e-05,0.952334711794695
2014-05-12,2.5472098693136958e-05,0.9761088864238279,2.5332898118198203e-05,1.0290152590681807,2.4795511360066435e-05,1.7896402937056994e-05,0.9734381002044085
2014-05-13,2.7268227179962204e-05,0.9759133678771478,2.5137930719072297e-05,1.02609921617521,2.5550798745831186e-05,2.1333987747211006e-05,0.9370172317108663
2014-05-14,2.54765910501542e-05,0.9768692933397901,2.488184391215114e-05,1.0196114950035031,2.4595088913786026e-05,2.2499047529098576e-05,0.9653995256024318
2014-05-15,2.174205444419079e-05,0.976549268330919,2.536704655153736e-05,1.0233078050702966,2.293397851784776e-05,2.05071929089487e-05,1.0548211337027278
2014-05-16,2.0552751262807784e-05,0.9768611038524229,2.412571993927534e-05,1.0240274280215418,2.1752438106260316e-05,2.063490499113067e-05,1.0583711070168733
2014-05-19,2.1296152341554682e-05,0.9778565740475567,2.4211658902181303e-05,1.024825259955188,2.2204347000776308e-05,2.0530635094674352e-05,1.0426459505292647
2014-05-20,2.0908636850371392e-05,0.9775797123310108,2.4013524112878984e-05,1.0269258465343123,2.1904986498158392e-05,1.927993192130595e-05,1.0476525397096512
2014-05-21,2.119414789263069e-05,0.9770156566981155,2.4300696610442017e-05,1.0261139317656176,2.2172714516530968e-05,1.8827901503753322e-05,1.046171548337668
2014-05-22,2.007249814887391e-05,0.9773028947761201,2.425954161986669e-05,1.0260720989476666,2.156607909921399e-05,1.8784419728159518e-05,1.07440932061682
2014-05-23,2.2049522594442057e-05,0.9775274250053215,2.4214521232627977e-05,1.0257715121838524,2.2587412817225464e-05,1.916729307944116e-05,1.0243946425814676
2014-05-27,2.174082787467674e-05,0.9792305048673186,2.4547296531791188e-05,1.026537338837728,2.262167753709088e-05,1.849878196446904e-05,1.0405159208973884
2014-05-28,2.1661197917021908e-05,0.9805373060034079,2.4525996546193537e-05,1.0246766789438884,2.2600533357671387e-05,2.808559377558362e-05,1.0433648888786213
2014-05-29,2.1856321025887475e-05,0.9814634067787035,2.488974522717498e-05,1.0244427045841769,2.2891427077140168e-05,2.7718104285292405e-05,1.0473595739203625
2014-05-30,2.8179051435749515e-05,0.9812878461218243,2.4917177954298892e-05,1.033635467035626,2.6002136372418945e-05,2.8097434996542204e-05,0.9227470424867171
2014-06-02,2.8496658002674943e-05,0.9808632771971441,2.59232800528349e-05,1.0337755625020644,2.665940277739664e-05,2.8117807892114554e-05,0.9355273441150243
2014-06-03,3.418588872187905e-05,0.981006412860863,2.7681070094953247e-05,1.0317411633524007,3.0177740606463288e-05,2.910079756671269e-05,0.8827543098842845
2014-06-04,2.793146765100254e-05,0.9808070142459981,2.8570817059210084e-05,1.029862123226056,2.7707144605288516e-05,2.944913597657302e-05,0.9919688056310936
2014-06-05,4.136471088316827e-05,0.9813297477250463,3.0346628270847243e-05,1.0306085972279386,3.476843824313536e-05,2.8523629337777876e-05,0.8405338149548871
2014-06-06,3.9833023701562004e-05,0.9802175155969683,3.158260949367536e-05,1.02644293656045,3.4767070743366346e-05,2.9490578517772726e-05,0.8728202760565976
2014-06-09,5.1073182956276414e-05,0.9799218921554546,3.24358785943235e-05,1.0266537961765478,3.988418808421957e-05,3.006719806493704e-05,0.7809223113892136
2014-06-10,4.95066057749403e-05,0.9808556885116188,3.1448712728342525e-05,1.0262803070617803,3.8702420541469456e-05,3.019088949397508e-05,0.7817627554070814
2014-06-11,4.7157992518462575e-05,0.9837262036724158,3.0692338070768025e-05,1.0261010380164497,3.742543708902155e-05,2.999316475645189e-05,0.7936181141376897
2014-06-12,4.667919578081926e-05,0.9859308907991948,3.313926505730223e-05,1.0250459824716398,3.877748092398637e-05,2.8715271358764657e-05,0.8307229864469998
2014-06-13,3.72024477228719e-05,0.9843995473602504,3.317788409421637e-05,1.0246720407208283,3.458450034833714e-05,2.903067479482796e-05,0.9296297008724708
2014-06-16,2.938646502467408e-05,0.9850695912929477,2.7493685374442874e-05,1.0246717425434306,2.799993772447651e-05,2.9029531173443852e-05,0.9528174859060664
2014-06-17,3.191330809025626e-05,0.9856666620165467,2.796060678811944e-05,1.0255994659202357,2.944348929855586e-05,2.8962825809731366e-05,0.9226084997294756
2014-06-18,3.560112133469648e-05,0.9858212359979791,2.9793493880768494e-05,1.024719212742431,3.210633447946722e-05,2.7867858913659125e-05,0.9018349219291788
2014-06-19,3.687128606172102e-05,0.9861175696916566,3.1039636086016445e-05,1.0243599506394283,3.3360392381796874e-05,2.7986628549758654e-05,0.9047797336375233
2014-06-20,3.6786047916274955e-05,0.9870946411267562,3.140763048598765e-05,1.0366642289664645,3.3551963961794275e-05,2.8106315923426195e-05,0.9120839519961086
2014-06-23,3.78482539714106e-05,0.9883839651980202,3.199511217851135e-05,1.0366345510309078,3.4394613563777825e-05,2.8115359026671685e-05,0.908750337327541
2014-06-24,3.933090292313687e-05,0.9907547186408436,3.4203693523794394e-05,1.0120499785894457,3.633871877261977e-05,2.6554692589371237e-05,0.9239228207812917
2014-06-25,4.004889359785303e-05,0.9930022637000494,3.59220145903418e-05,1.0137972670288935,3.766394806571005e-05,2.659599510769016e-05,0.9404491530754591
2014-06-26,4.4267929857314866e-05,0.9949205410499716,3.8271766169563205e-05,1.013547134477897,4.0951730284712526e-05,2.6776335489650887e-05,0.9250879907126633
2014-06-27,3.536085878696092e-05,0.9949321214217354,3.6922690792400905e-05,1.0117096925030065,3.5950217806024105e-05,2.7721395214403034e-05,1.01666698828255
2014-06-30,3.524942345217237e-05,0.9951578419309268,3.466460255267224e-05,1.0108116317458782,3.4786528534498254e-05,2.7945087089240158e-05,0.9868680144995227
2014-07-01,3.707778978776346e-05,0.9949539316255083,3.46069402583281e-05,1.0119565369124743,3.564031165606438e-05,2.707044875728849e-05,0.9612307491917039
2014-07-02,3.729144432547138e-05,0.9944966892711599,3.4233601267133795e-05,1.011215176165072,3.5533193243878676e-05,2.788021320906391e-05,0.9528510865321524
2014-07-03,3.7850371933542936e-05,0.994172287512826,3.423961458746634e-05,1.011191542399824,3.578995583626463e-05,2.735616699615597e-05,0.945564178315184
2014-07-07,3.637233936281704e-05,0.9926008571874547,3.405937909287789e-05,1.011532868721486,3.4936438214552636e-05,2.8317923193131022e-05,0.9605221667503656
2014-07-08,3.904012916123487e-05,0.9910184368536603,3.417082999057065e-05,1.0113143686154202,3.619637849990371e-05,2.727762460106366e-05,0.9271582670849646
2014-07-09,3.921043801203444e-05,0.9897624691455634,3.4243274255367694e-05,1.010948946615443,3.6267654572969975e-05,2.7440480951337683e-05,0.9249489781735857
2014-07-10,3.784415060760939e-05,0.9887025083547685,3.3262902686427e-05,0.9873902168056116,3.507882918863674e-05,2.7173419376248496e-05,0.9269286963883759
2014-07-11,4.137743263306523e-05,0.9877557143020432,3.330677483409259e-05,0.986350069536665,3.666887714970717e-05,2.8573243319452083e-05,0.8862047453472164
2014-07-14,3.5819786180035966e-05,0.9866426120378735,3.304044794340554e-05,0.9880027489784108,3.394253903167263e-05,2.8833527943960257e-05,0.947591894074186
2014-07-15,3.740515266448331e-05,0.9852823340839226,3.294029793418384e-05,0.960114672495624,3.458519058943037e-05,2.9240884187349244e-05,0.9246103310860022
2014-07-16,4.331224214055195e-05,0.9837921779198849,3.250874158630823e-05,0.9696796546215614,3.691550190763337e-05,3.5022566911970565e-05,0.8523110345532192
2014-07-17,4.7474517764657056e-05,0.9833343190715105,3.514290987930075e-05,0.9697432981637264,4.016523728527744e-05,3.357048738056765e-05,0.846037815157733
2014-07-18,4.82618636397603e-05,0.9822826425179991,3.956584650935249e-05,0.9719736431699734,4.29238575529058e-05,3.1452844690029446e-05,0.8893949449051775
2014-07-21,3.56854935741795e-05,0.9808996110019822,3.7487732650777525e-05,0.9720686798688114,3.587690769959238e-05,3.152813027921442e-05,1.0053639197960087
2014-07-22,3.6878426197529086e-05,0.9812588946118258,3.720032583345727e-05,0.970970450472381,3.634487402478522e-05,3.49285297868485e-05,0.9855321328007318
2014-07-23,3.8554343811198455e-05,0.9814502109841998,3.665769479849326e-05,0.971398159656441,3.68966983968327e-05,3.478631305815983e-05,0.9570049636304723
2014-07-24,3.79220014302475e-05,0.9821183372993975,3.649048588975592e-05,0.9725221241030508,3.653417192444429e-05,3.769113907836462e-05,0.9634030522266622
2014-07-25,3.58816002468109e-05,0.9829367345470822,3.712743142681311e-05,0.9728415786893144,3.5876405161875235e-05,3.729145731153111e-05,0.9998552159073194
2014-07-28,3.90148494586092e-05,0.9829674435632034,3.7344807639396584e-05,0.97481662953906,3.75205516591246e-05,4.242548141131465e-05,0.9616992550216065
2014-07-29,3.5953585678647994e-05,0.9829939397330159,3.771910020220349e-05,0.976079945703377,3.619950292689609e-05,4.908419266534808e-05,1.0068398532053546
2014-07-30,3.539196672747045e-05,0.98345843835166,3.726729597356704e-05,0.9847263217520476,3.5716780171714444e-05,5.818837602050316e-05,1.0091776036846205
2014-07-31,4.5379445989039353e-05,0.9839226072673529,4.3799986552485265e-05,0.976319482122223,4.386594832476971e-05,5.196668140091535e-05,0.966647947517138
2014-08-01,4.584672797284814e-05,0.9839307128719754,4.2394204798309693e-05,0.9824159383851876,4.3378240953302175e-05,5.7887949353857717e-05,0.9461578365852438
2014-08-11,3.847004227028839e-05,0.9880582645930526,4.344897950271546e-05,0.9775174592928592,4.0395564099753056e-05,5.742890201950285e-05,1.050052501006785
2014-08-12,3.841634430365733e-05,0.9886213736999465,4.3530797730186804e-05,0.9806265216451016,4.042837878296658e-05,5.8410941244236244e-05,1.0523744389472713
2014-08-13,3.776559449586869e-05,0.9889765678057135,4.3372231017175195e-05,0.980287422662858,4.002580228822477e-05,5.7083134706049106e-05,1.0598483308028774
2014-08-14,3.862814115860239e-05,0.9899750974058539,4.417675319996665e-05,0.98526140491778,4.0895269262661003e-05,6.025314340674852e-05,1.0586911002201753
2014-08-15,3.923523389055349e-05,0.9913483136984901,4.3983603363224965e-05,0.985055631212057,4.1182224159697294e-05,6.26541678877555e-05,1.049623516316353
2014-08-18,5.8802594173761744e-05,0.9917150227362039,4.69654832567769e-05,0.986494465162578,5.211641489957649e-05,7.006478721315286e-05,0.8862944846544085
2014-08-19,5.790352204668287e-05,0.9920169516750146,4.924491184006941e-05,0.985644823390862,5.2972719123296325e-05,7.025589353223277e-05,0.9148445077414938
2014-08-20,5.609710643686182e-05,0.9923057025662614,5.021300482715237e-05,0.9867136117649252,5.266521031498074e-05,7.338702412520628e-05,0.9388222256036729
2014-08-21,5.441563613273725e-05,0.992584179137279,5.0674552957973866e-05,0.9859361385909908,5.21223714613128e-05,7.454064187749766e-05,0.9578565126789946
2014-08-22,5.0059045313325706e-05,0.994078998021009,4.989331833377759e-05,0.9859400583706948,4.9680204462472214e-05,7.453190149697944e-05,0.9924321199399173
2014-08-25,6.652021183637015e-05,0.9946910109072349,5.32853556561267e-05,0.9857831296264092,5.922007313879987e-05,7.693791930178593e-05,0.8902568332835811
2014-08-26,6.338834696697776e-05,0.9951961245231142,5.6052834800543496e-05,0.9856272167898588,5.932150764882631e-05,7.694593951645799e-05,0.9358424771627178
2014-08-27,6.228211919321129e-05,0.9952809371055478,5.830731626962818e-05,0.9866669014870604,5.9977575055106444e-05,7.799162521628444e-05,0.9629983024348336
2014-08-28,6.139493236265438e-05,0.9963685638510222,5.900427816494559e-05,0.9852545016166386,5.996916892600922e-05,8.074924161667373e-05,0.9767771804320379
2014-08-29,6.15753093611576e-05,0.9967869232530396,6.057821003170937e-05,0.985359733857784,6.087848713495541e-05,8.059807703722303e-05,0.9886834149364135
2014-09-02,7.761239871585492e-05,0.9962118390576258,6.341757907460042e-05,0.9853138758868256,6.989113305897043e-05,8.087042742208246e-05,0.9005150493395695
2014-09-03,7.595624179294328e-05,0.995409110391334,6.544975936706439e-05,0.9857051387562964,7.018387979171286e-05,8.174498729406209e-05,0.9240041125656812
2014-09-04,7.498131031863036e-05,0.9947518526844061,6.41376162125394e-05,0.9854045566029777,6.898388939099834e-05,8.196641321201935e-05,0.9200144555737129
2014-09-05,7.387822741090312e-05,0.9940839301245863,6.574687852553058e-05,0.9853204524324248,6.928175109022756e-05,8.15738250791029e-05,0.9377830724726186
2014-09-08,7.348698808482049e-05,0.992523954886584,6.724705145667094e-05,0.9850117693357194,6.977226871946276e-05,8.154006054765062e-05,0.9494506515756217
2014-09-09,8.133593066383054e-05,0.9920913554468266,7.069353646220488e-05,0.9850190942049534,7.522855840183487e-05,8.050959992436818e-05,0.9249117553318712
2014-09-10,8.008754908927675e-05,0.9911432769240561,7.282710106912852e-05,0.9848425692693664,7.569469658452399e-05,8.030792902295461e-05,0.9451493702241296
2014-09-11,7.945435898388616e-05,0.9922631641657399,7.278173988779279e-05,0.9847875334815782,7.545655095603663e-05,8.030274484824263e-05,0.9496842202369249
2014-09-12,7.986652544186676e-05,0.9923888340578446,7.40586125632622e-05,0.9849463807497362,7.632240560718417e-05,7.941344818307936e-05,0.9556244645040646
2014-09-15,7.976789477234261e-05,0.9931605330510187,7.349067843052185e-05,0.984805555094851,7.604131986117619e-05,7.936275650871913e-05,0.9532822707456169
2014-09-16,8.12776222335961e-05,0.9933840726967156,7.549980524641553e-05,0.984852779851704,7.781720054935568e-05,7.889263729869536e-05,0.9574246688184973
2014-09-17,8.038458733415224e-05,0.9946830233603631,7.46696181810969e-05,0.9848322907363694,7.706249474520611e-05,7.897725610520666e-05,0.9586725179649619
2014-09-18,8.052555846541116e-05,0.9953299468197752,7.532353632270184e-05,0.9847809115936148,7.751741726150032e-05,7.848116861663805e-05,0.9626436467968993
2014-09-19,7.686942885417954e-05,0.9947516224211433,7.526651024533881e-05,0.9925957043144108,7.566453604122246e-05,7.878643288924538e-05,0.9843254616182625
2014-09-22,7.562338268336147e-05,0.9943482555157243,7.739902344165863e-05,0.9939729125785588,7.607365918936282e-05,7.734820820343875e-05,1.0059541968373285
2014-09-23,7.716105522203933e-05,0.995805842263654,7.795639313446164e-05,0.9944410502278508,7.723241543501595e-05,7.643784885360993e-05,1.0009248216314728
2014-09-24,7.845740621167833e-05,0.9974111520935038,7.78878071844252e-05,1.0039833926438555,7.796971225746622e-05,7.615796870644118e-05,0.9937839653671916
2014-09-25,8.684570042440597e-05,0.9991712585561591,8.534132415802267e-05,1.002745516911249,8.601887980371204e-05,6.946602922105293e-05,0.9904794294173074
2014-09-26,7.784867175631449e-05,1.0016043709498452,8.210554412392195e-05,1.000648254272541,8.007704831686541e-05,6.970061847539969e-05,1.0286244647503593
2014-09-29,7.945972408695768e-05,1.003665208443365,7.870177596556096e-05,0.999676594573744,7.936968605784223e-05,7.013539093122856e-05,0.998866872114772
2014-09-30,7.034453028421699e-05,1.0040305469124033,7.668540765500909e-05,0.9997148408191332,7.374260214513668e-05,6.999031002334751e-05,1.0483061276717645
2014-10-01,6.051441443903661e-05,1.0035702411157739,7.50748969880914e-05,1.0020690387664597,6.764326544733215e-05,6.518195368709567e-05,1.1178041806134849
2014-10-02,5.727685640094654e-05,1.0034454360270855,7.03604695541534e-05,1.002056664468014,6.370121465546473e-05,6.514110745014736e-05,1.1121632480935533
2014-10-03,5.732458945014978e-05,0.9979622725185474,7.106994255209004e-05,1.0031625745435102,6.369826188424229e-05,6.455833437096436e-05,1.11118566212559
2014-10-06,5.950629355094935e-05,0.9969709136093136,6.784516465181937e-05,1.003045031907543,6.334661147219424e-05,6.450483860193556e-05,1.0645363320764853
2014-10-07,5.823383972398379e-05,0.9955534825981659,7.135654982381278e-05,1.0017966267730078,6.417549555819709e-05,6.489149736371486e-05,1.1020309816830816
2014-10-08,6.403572465426801e-05,0.9941268792343463,7.589290156627938e-05,1.0019702818002445,6.930324327259563e-05,5.9184070222285555e-05,1.0822590615904983
2014-10-09,6.579132724406009e-05,0.9937438556974222,8.24610028787265e-05,0.9959593243996556,7.31952816858594e-05,5.560579115059578e-05,1.1125369368873428
2014-10-10,6.388921163395802e-05,0.9955303897867586,7.17546365212166e-05,0.9995699656795384,6.740517971245889e-05,5.369044331212099e-05,1.0550322658330014
2014-10-13,7.100010076144222e-05,0.9930283599781549,7.49103626548232e-05,0.994490128229786,7.242059423754281e-05,4.825204181627697e-05,1.0200069219742858
2014-10-14,5.126108009219706e-05,0.9927499206529102,6.837108584987662e-05,0.9938264835625544,5.8771933161984517e-05,5.55418305234537e-05,1.1465215531213662
2014-10-15,4.732231652345586e-05,0.9922112611354503,6.604887457321576e-05,0.9893426173834216,5.547149374348089e-05,6.492717409952184e-05,1.1722057967298747
2014-10-16,5.30327919984953e-05,0.99129952634925,6.336286118398581e-05,0.9830934647607924,5.7463825487654376e-05,6.457698795900177e-05,1.083552709977721
2014-10-17,4.626798859027275e-05,0.9908419783421715,6.434535502427123e-05,0.980704801129514,5.4063394244908e-05,6.252254592522998e-05,1.168483780949884
2014-10-20,4.9165393824874467e-05,0.9908921195253396,6.507093632063486e-05,0.9810794711280894,5.604665057124064e-05,6.126216309435617e-05,1.1399613876963335
2014-10-21,6.127847379397686e-05,0.9907138627888185,6.980445268825565e-05,0.983498726422875,6.479534002462928e-05,5.432368093585297e-05,1.0573915440922437
2014-10-22,6.0122674099070425e-05,0.9908820700784252,6.731019057266348e-05,0.9833257806302252,6.30349662084757e-05,5.265277590769684e-05,1.0484391646420514
2014-10-23,6.055871725038731e-05,0.9901069674398786,6.793137523231249e-05,0.9820051075842454,6.350466856276276e-05,5.0385292493451415e-05,1.0486461973789019
2014-10-24,5.99990058104541e-05,0.989476456102954,6.68661727063986e-05,0.9846733847247814,6.267303478889963e-05,5.065733912515673e-05,1.0445678881228997
2014-10-27,5.8561423507449295e-05,0.9886993699332365,6.515201903191747e-05,0.9870481225150264,6.107085627841738e-05,5.3405245819262516e-05,1.0428512939178958
2014-10-28,5.4522480778452264e-05,0.9883787566602,6.432629787177459e-05,0.9870883886746348,5.8533633672850666e-05,5.098083790090302e-05,1.0735687891880306
2014-10-29,5.3729820257279105e-05,0.9881385053075825,6.168158889924397e-05,0.9854492146359872,5.6885724427717204e-05,5.872311597357596e-05,1.0587365480719348
2014-10-30,5.3551839514494966e-05,0.9882339452374657,6.061009831880308e-05,0.983225337615508,5.6301434269247267e-05,5.983896453651021e-05,1.0513445435241877
2014-10-31,5.56093263598845e-05,0.9890542998466575,6.130491536743142e-05,0.9853657238255776,5.77486187428338e-05,6.0505736754464997e-05,1.0384700287341109
2014-11-03,5.4562010343014535e-05,0.990037988761583,5.973781315648799e-05,0.9874241600692502,5.6522544067108435e-05,6.736900720062264e-05,1.035932212023872
2014-11-04,6.02491600622342e-05,0.9899833049842492,5.9789642346039253e-05,0.98900323680886,5.941776980342586e-05,6.874244293801206e-05,0.9862007991821039
2014-11-05,6.0354415020847636e-05,0.990537243944867,6.009357357472216e-05,0.988258316822457,5.9653969448067565e-05,6.931111609684233e-05,0.9883944600815346
2014-11-06,5.86925643313682e-05,0.9911408719921777,5.976364779276445e-05,0.9883449478371584,5.8700996899808184e-05,6.91241211332707e-05,1.000143673539162
2014-11-07,5.828791566618652e-05,0.9911451821177609,5.831387678276573e-05,0.9883819493468664,5.7784650973787185e-05,6.986953892243946e-05,0.9913658828481443
2014-11-10,5.7340540123530906e-05,0.9916552772231919,5.7453609578711706e-05,0.9898701499600168,5.691808456295342e-05,7.143042550164596e-05,0.9926325151512808
2014-11-11,6.57571982494724e-05,0.9917707880184184,5.7693719058445936e-05,0.9891738286367766,6.108677958956741e-05,7.540039960514664e-05,0.9289747923537411
2014-11-12,6.673646336542344e-05,0.9919797126491398,5.888514669439386e-05,0.989498518360933,6.218523285967432e-05,7.55345094511545e-05,0.931802941357136
2014-11-13,7.11343776232816e-05,0.9920568452612905,5.973373718346075e-05,0.9895109305789144,6.466751456468797e-05,7.61118582049524e-05,0.9090894828258526
2014-11-14,6.859476809423724e-05,0.9924674405450656,5.96984545306566e-05,0.9892829482741212,6.351017481915043e-05,8.096599592258252e-05,0.9258749112162393
2014-11-17,6.853595565786147e-05,0.992837500921266,6.026680967331588e-05,0.9892179027295568,6.380820244202523e-05,8.166789567894085e-05,0.9310179135833799
2014-11-18,7.650833651469074e-05,0.9927543450301101,6.306062731953444e-05,0.9888748551313634,6.895651739558889e-05,8.102177882692088e-05,0.901294166582072
2014-11-19,7.466095393809579e-05,0.9930795137453657,6.571521590260794e-05,0.990308055121982,6.956067053180452e-05,8.49755835262814e-05,0.9316874063714736
2014-11-20,7.31046489834875e-05,0.9930594926908777,6.731806689228463e-05,0.9911650364742656,6.966483028159843e-05,8.844673373958247e-05,0.9529466490884042
2014-11-21,7.04730363634149e-05,0.992607600581933,6.938463351342958e-05,0.9920034242203316,6.94097911346334e-05,8.98850023067213e-05,0.9849127370743818
2014-11-24,6.987047932397521e-05,0.9921610683737948,6.933497127024388e-05,0.9923786993609716,6.905660331760464e-05,9.287882910356926e-05,0.9883516470153755
2014-11-25,8.166110492431963e-05,0.9917741750515692,7.107321934440995e-05,0.9919612655754296,7.555677546628451e-05,9.665962286661451e-05,0.9252480178453086
2014-11-26,7.228929035700332e-05,0.9910513604594813,7.253999721793203e-05,0.9916479206420769,7.176652371699381e-05,0.000101358021471028,0.9927684081912022
2014-11-28,6.63644735069259e-05,0.9899713110105756,6.71447377104156e-05,0.991424233778818,6.60840158345252e-05,0.00010153725981634028,0.9957739787934665
2014-12-01,6.796408095783602e-05,0.9895665168086509,6.955756529545563e-05,0.992679596431326,6.803884025516533e-05,0.00010296008979543875,1.0010999824653803
2014-12-02,6.956629167082881e-05,0.9891681042238214,7.100802598178765e-05,0.9931446609186392,6.952215897540194e-05,0.00010222518894300675,0.9993656023000953
2014-12-03,9.973973303376368e-05,0.9895920837892701,7.621845402720229e-05,0.99294543394201,8.628203528192578e-05,0.00010222158179435905,0.8650718490766138
2014-12-04,7.195368455764464e-05,0.9899934595256169,7.408684687917411e-05,0.9934752372765556,7.228187342285105e-05,0.00010490091390272588,1.004561112710545
2014-12-05,6.914099334132158e-05,0.9903438447391875,7.343363859125008e-05,0.9933730766578184,7.056694851558155e-05,0.00010483239574171016,1.0206238745691807
2014-12-08,6.652863915801598e-05,0.9906844471468208,7.214866022052926e-05,0.992389874277132,6.863628998304171e-05,0.00010573199172914795,1.0316803537799673
2014-12-09,5.578278936298998e-05,0.9909045178430982,7.15163953463276e-05,0.9927284256622444,6.258708579453154e-05,0.00010607359617921274,1.1219784185990525
2014-12-10,7.622608908783083e-05,0.9914502982768747,7.39168696707732e-05,0.993982245994211,7.442083698679149e-05,9.992238330356732e-05,0.9763171360010447
2014-12-11,6.0199482263474304e-05,0.9916250370361943,6.878119467859634e-05,0.9944727825461034,6.38085269835029e-05,9.95492721958233e-05,1.0599514245692836
2014-12-12,5.635062229218622e-05,0.9918760231019281,6.600619583888636e-05,0.9947404619146276,6.0492161378230836e-05,9.301495847605094e-05,1.073495889088325
2014-12-15,5.5088696774690915e-05,0.9916012548647389,6.616052570436535e-05,0.9943866191907074,5.9864283736216476e-05,9.206032074470437e-05,1.0866890531293087
2014-12-16,5.154869882225274e-05,0.9917986837170281,6.183326610773047e-05,0.994919791962008,5.5994255522825114e-05,9.015856854425578e-05,1.0862399401370204
2014-12-17,8.951914955443635e-05,0.9924346631098903,7.822806423442179e-05,0.9954535461132904,8.305029707914016e-05,8.280725336559567e-05,0.9277377800448998
2014-12-18,9.913276275332198e-05,0.992733018966393,9.341428301027714e-05,0.9962714876077574,9.553174579497851e-05,7.029165868352101e-05,0.9636748047938087
2014-12-19,7.377698274922788e-05,0.9933175885790835,9.404181638192277e-05,0.999427554088755,8.273877277235645e-05,7.050832727606608e-05,1.1214713544682384
2014-12-22,6.996587850894997e-05,0.993856519227103,9.117198345278526e-05,0.9988887312354566,7.937752220508074e-05,7.041191118245781e-05,1.1345176234001957
2014-12-23,6.063494070426503e-05,0.9943854962827362,8.818163785413484e-05,0.9990925171491624,7.271187441672496e-05,7.119589801783955e-05,1.1991744953023504
2014-12-24,5.292955813268682e-05,0.9950266122192305,7.613909140331135e-05,0.999097876853494,6.316662532923576e-05,7.165695906300437e-05,1.19340926993734
2014-12-26,5.0003308753932844e-05,0.9965010139702561,7.443133050588119e-05,0.9995684882677351,6.07932004755365e-05,7.19528144608373e-05,1.2157835549383522
2014-12-29,4.966432774890378e-05,0.99689047514884,7.247703995089607e-05,0.999417419158808,5.980946961278912e-05,7.193026332362375e-05,1.2042742210299882
2014-12-30,4.653062419950052e-05,0.9968155790206895,7.423104041387006e-05,0.9982628620059564,5.858373140114921e-05,7.577676964213067e-05,1.2590360092736101
2014-12-31,4.3755181092948726e-05,0.9969167594658902,7.886974819095938e-05,0.9971982324513916,5.856374852027963e-05,7.373634391687771e-05,1.3384414612722821
2015-01-02,6.483180836307134e-05,0.9961003341973563,7.582623594978474e-05,0.9980091249541074,6.984042967377357e-05,7.994805473862855e-05,1.077255616296447
2015-01-05,8.284505496642122e-05,0.9955493472808183,8.57380144402644e-05,1.0005131222371426,8.390402556936934e-05,7.262884804523391e-05,1.012782544514906
2015-01-06,7.372029621424698e-05,0.99557885236252,8.546582235403771e-05,1.000897085049383,7.902516960918909e-05,7.36976263226135e-05,1.071959469336979
2015-01-07,7.097584833724285e-05,0.9951023867503036,8.503936316865766e-05,1.001211614588048,7.730953544242769e-05,7.15930051152408e-05,1.0892372159483072
2015-01-08,6.58935484829367e-05,0.994257549032894,9.191964967324169e-05,1.002595780823044,7.737925163984159e-05,6.872990615911817e-05,1.1743069453890338
2015-01-09,5.142752848602693e-05,0.9938560866497019,8.821228371317371e-05,1.001884244565851,6.694002362728819e-05,6.732952715521342e-05,1.3016379670175298
2015-01-12,5.214866604959718e-05,0.9934252817834729,8.499823720664128e-05,1.0017100463731827,6.613963129281509e-05,6.860123409387942e-05,1.268289992881342
2015-01-13,5.1084978694142575e-05,0.9929007780773006,8.149650354533139e-05,1.0014805780438356,6.4065164791158e-05,6.89462723757873e-05,1.2540900755725233
2015-01-14,5.779000718727771e-05,0.9923437474115466,8.074757151029028e-05,1.006405307531676,6.778806648665358e-05,6.844053674714329e-05,1.1730067149321433
2015-01-15,5.577655409897309e-05,0.992524140378576,8.210461253365402e-05,1.0052212917725412,6.716618733866899e-05,6.614307252069735e-05,1.2042010917254855
2015-01-16,7.006830803083834e-05,0.9931309649632029,8.408546116003432e-05,1.0088619520353166,7.623032888565814e-05,6.406202368204642e-05,1.0879430519730515
2015-01-20,6.698197984101967e-05,0.9931313271222003,8.164093042806256e-05,1.0298926528491097,7.344117967658518e-05,7.086135837321984e-05,1.0964319037880976
2015-01-21,5.396910834789416e-05,0.9924100497564502,7.990989855030158e-05,1.0303548320660327,6.517245256903064e-05,7.05386436802433e-05,1.2075880918565078
2015-01-22,5.806897077464812e-05,0.9916126758909353,8.29830365548585e-05,1.0334528254548263,6.883491736740895e-05,6.58140602943816e-05,1.1853993010232764
2015-01-23,5.910063936486745e-05,0.9915467410630724,8.143421143715857e-05,1.032341636192592,6.878800730437446e-05,6.835421935773216e-05,1.1639130818822527
2015-01-26,6.288399592442454e-05,0.9918819481568156,7.808697717400616e-05,1.0306428045952276,6.95055296914559e-05,7.003781827383123e-05,1.105297598692508
2015-01-27,6.964065036165525e-05,0.9919104214048514,7.997436335364425e-05,1.030752104953035,7.402514351505936e-05,6.611129855968186e-05,1.0629588197501705
2015-01-28,7.988841611727443e-05,0.9920558563751727,8.117969749313759e-05,1.0313119435925944,7.98917151625107e-05,6.215043788628972e-05,1.0000412956645857
2015-01-29,8.021798542057233e-05,0.9927771823603816,8.0493070489859e-05,1.0319478564078046,7.977501776655407e-05,6.134305032104327e-05,0.9944779509022094
2015-01-30,7.830236811365751e-05,0.992910087702832,8.166216078398688e-05,1.0340287732548648,7.939767862046447e-05,5.7517662766120026e-05,1.0139882168725356
2015-02-02,6.708254753246161e-05,0.9932120423415268,8.146479141263809e-05,1.0373014993288892,7.342293230863047e-05,5.471201935774635e-05,1.094516159707571
2015-02-03,8.067150173734702e-05,0.9935161875134,8.320669056551436e-05,1.0418324029975323,8.139807658989948e-05,5.0792969815161925e-05,1.0090065864264939
2015-02-04,7.910110058857453e-05,0.9940365972648828,8.100360797308997e-05,1.0417659192143631,7.95693515344198e-05,5.091010264850921e-05,1.0059196514632682
2015-02-05,8.520627788871464e-05,0.9944112680259087,8.072085323940778e-05,1.0414987171609336,8.246975527821042e-05,4.932651826625867e-05,0.9678835564900709
2015-02-06,8.507292515013707e-05,0.9949672487934657,7.884911071568032e-05,1.0408616345035069,8.148972797918738e-05,4.911943351959888e-05,0.9578808749713725
2015-02-09,6.296753465448077e-05,0.9949730680077247,7.447419512385863e-05,1.0427024590673144,6.813536385511899e-05,4.898289664227759e-05,1.082071328169277
2015-02-10,6.653518645016198e-05,0.9949824789822644,7.394397233810353e-05,1.044104728749424,6.978988955766468e-05,4.664426042054813e-05,1.0489170209200604
2015-02-11,6.58212274519105e-05,0.9951295478648159,7.116260379698066e-05,1.041521444720144,6.8106494176983e-05,4.983022784279586e-05,1.0347192967001737
2015-02-12,6.625281595902424e-05,0.9953566499389789,6.95821551127357e-05,1.0432140140305906,6.758181187932504e-05,4.9703108705395666e-05,1.0200594631498041
2015-02-13,6.59493776327874e-05,0.9953768970826251,6.792122918863132e-05,1.042654793467748,6.661862667777749e-05,4.9320247863378526e-05,1.010147920556833
2015-02-17,5.2818371217651516e-05,0.9945054696981273,5.965347834830424e-05,1.0418772691744205,5.58235645464858e-05,4.979115620861149e-05,1.0568967436812966
2015-02-18,4.925751255554142e-05,0.9946399726587914,5.7768482649653655e-05,1.041750966314951,5.305760317986014e-05,4.9925071498115304e-05,1.0771474324862393
2015-02-19,5.2538640297651296e-05,0.9941049214944603,5.233608106220952e-05,1.0415306810382845,5.212814109083845e-05,5.000913228167194e-05,0.9921867181090486
2015-02-20,5.811623348480445e-05,0.9938124414175877,5.2445345426936095e-05,1.0411190904257352,5.486642135164298e-05,4.958486612807332e-05,0.9440808197934715
2015-02-23,5.7842904366347e-05,0.9937715224984556,5.211702446104309e-05,1.0402457358986772,5.456339682082496e-05,4.978290451116698e-05,0.9433032006008665
2015-02-24,5.363774172174018e-05,0.9939969008058732,4.7509000305817805e-05,1.0394247726776724,5.017740746112323e-05,4.9937011154968936e-05,0.9354869509874532
2015-02-25,4.6420168910813084e-05,0.994316951196131,4.0738971302950696e-05,1.03802831415099,4.3239755623202305e-05,5.214428554429115e-05,0.9314863913200898
2015-02-26,6.082008377129165e-05,0.9943757544088014,4.4260557030269193e-05,1.0360477656747582,5.159201273606763e-05,5.4863825981372864e-05,0.8482726352379695
2015-02-27,6.477291200020017e-05,0.9944545889644923,4.811677052849617e-05,1.036741919466614,5.5517500186111494e-05,5.481676584580656e-05,0.8571098391552927
2015-03-02,7.10002492943561e-05,0.9941491629839251,5.2298210428715454e-05,1.0357148649879793,6.057939086046059e-05,5.6845152305923836e-05,0.8532278613460604
2015-03-03,6.22129036386534e-05,0.9931740781311562,5.4918550195702175e-05,1.0351279492780434,5.805306361004568e-05,5.6815239196259334e-05,0.9331354142740386
2015-03-04,6.357489191775788e-05,0.992065719539061,5.672254739652462e-05,1.0350323912466826,5.9574598154625206e-05,5.6854091978541985e-05,0.9370774586875026
2015-03-05,6.337223751236057e-05,0.991151383845564,5.781814900081947e-05,1.0320985676638397,5.999590437852154e-05,6.0684365791568744e-05,0.9467222041326774
2015-03-06,6.737776824421294e-05,0.9908601917060991,6.236977270939988e-05,1.0355190666253251,6.423293582960545e-05,5.6608268555708e-05,0.9533253698280871
2015-03-09,6.459093954914395e-05,0.9904536601178451,6.10943099692546e-05,1.0356542624091587,6.221861568660506e-05,5.6504938313966734e-05,0.9632715690606434
2015-03-10,6.248974140729342e-05,0.9914534350621846,6.569480363109117e-05,1.039481676725203,6.352463742726796e-05,5.011715408077657e-05,1.0165610546094173
2015-03-11,5.4252554100076106e-05,0.9921471913589597,5.801432260396292e-05,1.0394177575694283,5.56613601292542e-05,5.211708904122471e-05,1.025967552174214
2015-03-12,5.508043688697334e-05,0.9923396465857824,5.858102261775049e-05,1.043460205741251,5.636863333355232e-05,4.894263173446054e-05,1.023387549543632
2015-03-13,5.707193087433516e-05,0.9923128932184109,5.67247735683363e-05,1.0441871959965048,5.6460705780346463e-05,4.800906007364743e-05,0.9892902678317556
2015-03-16,5.2149496476829495e-05,0.9929541009196051,5.4436065371802845e-05,1.0446629247578187,5.2905106992633987e-05,4.4243812789932435e-05,1.0144893156569637
2015-03-17,4.691748238540657e-05,0.992539861179473,5.395855584278673e-05,1.0443471391610455,4.9939646747843524e-05,4.397854266869373e-05,1.064414461492439
2015-03-18,5.051902620859181e-05,0.992479760830855,5.562061393937515e-05,1.0490394953882285,5.260984637425774e-05,4.115391463923274e-05,1.0413867867728286
2015-03-19,5.142834644805491e-05,0.9924945197506352,5.6765765827642874e-05,1.049822444572322,5.362565977366364e-05,4.078671165534451e-05,1.0427257237956915
2015-03-20,5.066833282542825e-05,0.9928992551296587,5.753191703950384e-05,1.0370629304398606,5.3607791397760804e-05,4.2744388667256205e-05,1.0580137219525283
2015-03-23,5.007282454924587e-05,0.9931131706847953,5.56523278902585e-05,1.0368291040935549,5.2425363962035525e-05,4.4663828121416224e-05,1.0469823588736435
2015-03-24,4.2218867344400384e-05,0.99420804998732,5.292351308087087e-05,1.0358252189751556,4.699535089963345e-05,4.38322500083666e-05,1.1131362316347548
2015-03-25,4.692159710753298e-05,0.9954450608404055,6.023439117385405e-05,1.00073529793482,5.292074527250724e-05,3.8088589621731876e-05,1.1278547307591782
2015-03-26,4.732340893496746e-05,0.9960601657323541,5.862114605970035e-05,1.0003573992900627,5.2462711772476625e-05,3.79139584726978e-05,1.108599590629062
2015-03-27,4.354358066573599e-05,0.9963838789368122,5.4007252810429905e-05,1.0004169114253558,4.831865146771051e-05,3.791447437592487e-05,1.1096618773414741
2015-03-30,4.5502666776921666e-05,0.9965915002071122,5.586813142717791e-05,1.000956766812684,5.024787232986252e-05,3.496204802504165e-05,1.1042841197902615
2015-03-31,3.983451498744685e-05,0.9970310352848236,5.481605589151486e-05,0.9998903570489268,4.658995983143826e-05,3.480519200633252e-05,1.1695877267771495
2015-04-01,4.176214734580363e-05,0.9970867450995292,5.045975176175511e-05,1.0016720932936194,4.5771685839882756e-05,3.461353510061875e-05,1.0960089159419628
2015-04-02,4.894523588776545e-05,0.9969672753611168,4.718828123235661e-05,1.003267255299858,4.7912981383841594e-05,3.5391481186262846e-05,0.9789100106435102
2015-04-06,4.8199312485919956e-05,0.996423362717242,4.633303778708349e-05,1.0009707706501878,4.708794213964341e-05,3.4323711605819575e-05,0.9769421950447695
2015-04-07,4.533264144371158e-05,0.9961920850809001,4.48720403641332e-05,0.9995086249475424,4.493000928458896e-05,3.719174727005348e-05,0.9911182726993184
2015-04-08,4.177649686660928e-05,0.9958309465480246,4.4161729026581114e-05,0.9993621287768067,4.277348759754734e-05,3.7169334049259394e-05,1.0238648715358163
2015-04-09,4.664355209638432e-05,0.9959717775773366,4.335023385462761e-05,0.9992379502171748,4.478561709255393e-05,3.819745935112703e-05,0.9601673774760733
2015-04-10,4.853778747139849e-05,0.9960551650385826,4.590131511789729e-05,0.999649420531068,4.7014946262294915e-05,3.7963554780893583e-05,0.9686256566597533
2015-04-13,4.467938122611643e-05,0.9959223441219099,4.499433873087314e-05,0.9997806275772214,4.465375526645175e-05,3.8167743551788956e-05,0.9994264477492428
2015-04-14,4.646938254229903e-05,0.9955133277571678,4.589260706689731e-05,0.9997267330328446,4.597289939690539e-05,3.814361898199183e-05,0.9893159082769882
2015-04-15,4.691423215315267e-05,0.9951314035764005,4.748739941390122e-05,0.9962107581851568,4.697014828032441e-05,3.993073585256259e-05,1.0011918798327382
2015-04-16,4.176974619173272e-05,0.994933877249066,4.661479519575332e-05,0.9793648108525792,4.39022751346575e-05,4.123828926962888e-05,1.0510543907338097
2015-04-17,4.332386275975345e-05,0.994906543833982,5.043250724625635e-05,0.9823693188288292,4.650516106950153e-05,3.8786315210387886e-05,1.0734306247665295
2015-04-20,4.305137811564542e-05,0.9946392716381245,5.0883587292159756e-05,0.9818524497069612,4.6553034208011105e-05,3.705234127062568e-05,1.0813366783046867
2015-04-21,4.4326391543702614e-05,0.994510882722827,5.1091771564321734e-05,1.0058704624845023,4.732778832463029e-05,3.91863311469797e-05,1.0677112816180516
2015-04-22,3.760113128202133e-05,0.9940030387895344,5.019228556085116e-05,1.0062828107418886,4.318238786526752e-05,3.8867383928127834e-05,1.1484332091336524
2015-04-23,3.981692672329287e-05,0.9936127219469617,4.889769845887207e-05,1.006288759117155,4.3842490889905776e-05,3.8710223789189884e-05,1.1011018302489417
2015-04-24,4.472325784062566e-05,0.9935136158423888,4.9477877645687415e-05,1.005622835490952,4.673541145159877e-05,4.83946433510694e-05,1.0449912128079657
2015-04-27,4.8016264703360416e-05,0.9932305915827917,5.036718432961826e-05,1.0063772006562637,4.884477463332925e-05,4.830413284726842e-05,1.01725477679464
2015-04-28,4.837591330570472e-05,0.993040610837178,5.1846313128276046e-05,1.0061982517107142,4.9732528182394195e-05,4.962646826236641e-05,1.0280431889340578
2015-04-29,4.7158652268819175e-05,0.992739846458838,5.2059621273596124e-05,1.0066916860846016,4.9188847666544274e-05,4.9337163665667037e-05,1.043050326929454
2015-04-30,4.7296624411946914e-05,0.9926607605086392,5.306845106548981e-05,1.0063954245523934,4.9731794871516523e-05,4.727662256388803e-05,1.0514871936390136
2015-05-01,5.0018555724514286e-05,0.9915363249475152,5.552125716050496e-05,1.0063230072942864,5.2252111936267296e-05,4.546393435193143e-05,1.0446545522836506
2015-05-04,4.992916004912971e-05,0.9904868635105255,5.4915694401354734e-05,1.005589063814385,5.186496507897509e-05,5.1331310364805254e-05,1.0387710313560368
2015-05-05,5.102770643270727e-05,0.9911162508726025,5.6223431842447645e-05,1.0054227182454856,5.308676936766867e-05,4.871787075809073e-05,1.0403518613496137
2015-05-06,5.61480236098465e-05,0.991401916748308,5.4964687732802155e-05,1.0060583140485588,5.507555390742211e-05,5.212580946169433e-05,0.9808992439364097
2015-05-07,5.2055366505413186e-05,0.9907771120987976,5.402738437083864e-05,1.0058546458391038,5.2543099846503496e-05,5.450154978368708e-05,1.009369511230693
2015-05-08,4.9463315458690945e-05,0.9903016553317069,5.65096729354426e-05,1.0066716648524023,5.235648877680701e-05,5.105947204184363e-05,1.0584912938262758
2015-05-11,4.237087867236375e-05,0.9905848307815679,5.235813635972407e-05,1.006686197945185,4.6657073872474616e-05,5.0543943837404405e-05,1.1011589878334649
2015-05-12,4.7490306282055044e-05,0.9910322969978376,5.238249041033671e-05,1.0058034865696417,4.942917528140583e-05,5.1696541942087785e-05,1.0408266265505939
2015-05-13,4.663897325113825e-05,0.9911509222949129,4.7194873792146646e-05,1.0058719363297572,4.650093596687662e-05,5.170809604519534e-05,0.9970403018197176
2015-05-14,4.9144732522979803e-05,0.9911518774637256,4.93975201687363e-05,1.0048246345633218,4.883500869937415e-05,4.927005990355672e-05,0.9936977208399531
2015-05-15,5.102390807027307e-05,0.9916897909002695,4.761113434148077e-05,1.004644199979702,4.887839834324489e-05,4.958856549217046e-05,0.9579508938422894
2015-05-18,5.1224895533544154e-05,0.991950051984231,4.769151912129058e-05,1.0049585075172214,4.9028761560612883e-05,4.942964723097503e-05,0.9571276046528362
2015-05-19,5.107054978153525e-05,0.9924443697767523,4.71899400956184e-05,1.0043069489505487,4.8720995315226757e-05,5.0064390198722e-05,0.9539939460930185
2015-05-20,4.960583034370502e-05,0.9923766547503966,4.919828921826031e-05,1.00457423074897,4.902503377505732e-05,5.236746197601941e-05,0.9882917680316302
2015-05-21,4.7917991249736124e-05,0.9925383810826311,4.929175782880054e-05,1.004979365239393,4.8237385950752246e-05,5.272826509357504e-05,1.0066654442869176
2015-05-22,4.8649795894238564e-05,0.99273850560039,5.11407552981693e-05,1.005857424976483,4.951752705023173e-05,5.641607524681678e-05,1.0178362753644343
2015-05-26,5.2044924254716454e-05,0.9926197949305867,5.410938346644252e-05,1.005130687733096,5.2675469459391025e-05,5.493200585000013e-05,1.0121154024855255
2015-05-27,5.41376103742017e-05,0.9927908405876659,5.736317392019801e-05,1.0049422960923458,5.532531423560038e-05,5.284453481405161e-05,1.0219386089114242
2015-05-28,5.2639353679274204e-05,0.9920272980029766,5.7483682908379916e-05,1.004806642846573,5.456965267903491e-05,5.2857396551679195e-05,1.0366702640674847
2015-05-29,4.7121939363217764e-05,0.9910824458870111,5.085303486441922e-05,1.0052807894096107,4.851542052871528e-05,5.2278435890956654e-05,1.0295718127124716
2015-06-01,4.566975475334599e-05,0.9904267045972224,5.2586785707021886e-05,1.005643275148588,4.853723073989464e-05,5.225605829894444e-05,1.0627871991438396
2015-06-02,4.848176142599366e-05,0.9902420889234427,5.447561438689958e-05,1.0063935694118211,5.0889905575643316e-05,5.255604771432799e-05,1.049671135676983
2015-06-03,4.583723039523311e-05,0.990259323361926,5.3630219495871755e-05,1.0054916302971606,4.90978993767222e-05,5.37660282215374e-05,1.0711358202355128
2015-06-04,5.208668778062701e-05,0.9900290223791346,5.481338814822684e-05,1.0074712430603652,5.289987191407536e-05,5.239903763127707e-05,1.0156121298569267
2015-06-05,5.356843740955158e-05,0.9898488935928836,5.52489895707666e-05,1.0071429183366951,5.384998181414269e-05,5.59510977542559e-05,1.0052557890094609
2015-06-08,5.4875341169450945e-05,0.9905931705607723,5.666159991752982e-05,1.0069564559020443,5.523678116163716e-05,5.6957073060999325e-05,1.0065865648300958
2015-06-10,5.7400521339002106e-05,0.991541203036889,5.8921047276474484e-05,1.007688752929606,5.766388688117979e-05,5.3751035470683175e-05,1.004588208191042
2015-06-11,5.7399555912391706e-05,0.9916599940590259,5.8792669219546114e-05,1.0070867634887983,5.760744955627599e-05,5.378894159825995e-05,1.0036218685071638
2015-06-12,5.544172754801711e-05,0.9917673347707917,5.930021916092904e-05,1.0081473102498777,5.686647737366105e-05,5.3256063253324805e-05,1.0256981499072153
2015-06-15,5.424960916028536e-05,0.991971773728246,5.859990795462356e-05,1.008341412545367,5.593016343162276e-05,5.3031560044581986e-05,1.0309781820984563
2015-06-16,5.423174022350414e-05,0.9921377775752819,5.8319011645559065e-05,1.0083622038459392,5.5796098778869096e-05,5.376436896349943e-05,1.0288458114919012
2015-06-17,5.412494915971205e-05,0.9923838325545498,5.808553151519469e-05,1.0097863551059951,5.564324060566399e-05,6.352326304898034e-05,1.0280516004083766
2015-06-18,5.572982074389677e-05,0.9928951612615275,5.960479862439929e-05,1.005738392261689,5.7225267283267156e-05,8.135971300665211e-05,1.026833865951994
2015-06-19,6.241618085312648e-05,0.9932322997179378,6.198191678057486e-05,1.0151168052382804,6.17777278648943e-05,0.00011732756664749684,0.9897710340571053
2015-06-22,6.257165974145031e-05,0.9941418138547901,6.1009283039181676e-05,1.011102627456271,6.142358193754218e-05,0.00011760886226471177,0.9816517923824931
2015-06-23,5.295413252336654e-05,0.9946626147166551,6.050648140875729e-05,1.0144963385548884,5.630236956140266e-05,0.0001546978674278372,1.0632290036393037
2015-06-24,5.124155217210486e-05,0.9958151733357212,6.57798795157854e-05,1.008792561692421,5.781445213677792e-05,0.00016858308297559803,1.1282728505685518
2015-06-25,5.1531038942745836e-05,0.9968247490725104,6.770915699144984e-05,1.0087462789348909,5.888124234778991e-05,0.00016853086001657514,1.1426364295354223
2015-06-26,9.885673436567757e-05,0.9979383325482389,8.409363997004672e-05,1.0091294162185156,9.098889911666827e-05,0.00016965354737736763,0.9204117423107904
2015-06-29,0.00010219846828200267,0.9995540831586821,0.00010491233308178774,1.0101176206144042,0.0001035003369236571,0.00017999143596369256,1.0127386316403697
2015-06-30,8.697755639475864e-05,1.0005572144535209,0.0001084098126012962,1.0114585749245892,9.715828175163124e-05,0.0001892887359905002,1.1170500273733386
2015-07-01,9.667073925185136e-05,0.9997746431417313,0.00011186080124303805,1.0118164142469324,0.00010396534533631338,0.00018748821903463324,1.0754582631819722
2015-07-02,9.521395937942913e-05,0.9990018513251364,0.00011323703778571373,1.012162862970131,0.00010373154720452177,0.0001919102063039124,1.089457343026246
2015-07-06,0.000172264093177785,0.9982109618395446,0.00011878007337116677,1.013392310487287,0.00014278793422302125,0.00020783932348534563,0.8288897099156763
2015-07-07,0.00016730584927433944,0.9976177110724899,0.00012501246612268985,1.0140601186548264,0.00014427675786459726,0.0002101185351962478,0.8623533396493492
2015-07-08,0.00018325021701855255,0.9972469129178658,0.0001440496802963066,1.0141906356179398,0.00016202465253416806,0.00020547448629574887,0.884171681596232
2015-07-09,0.00017483634785152047,0.9966994462291554,0.0001429009487048104,1.0143614768539229,0.00015754246483797366,0.00020602504993654975,0.9010853107716845
2015-07-10,0.0001852458943863911,0.9961617439505326,0.00015522221993432696,1.01444044486254,0.00016892001066807255,0.00020193901057292168,0.9118691198398947
2015-07-13,0.00021177015433928543,0.9960606343155183,0.00016582231632696222,1.014454852140483,0.00018665500591068075,0.00020280464248957666,0.8814037393183994
2015-07-14,0.0001959846645507268,0.9956822435975876,0.00015993666161059393,1.0147840864246132,0.00017628112787786376,0.00020439059897322552,0.8994638855135364
2015-07-15,0.00017788056160659394,0.9946182640262957,0.00016301827794026414,1.014822093533342,0.00016937091212858153,0.00020441011262647672,0.952160880305558
2015-07-16,0.00018174519139179188,0.9939025016437638,0.0001687111898392398,1.0040310193744848,0.00017403924573213166,0.00020944526801848658,0.9576002776158828
2015-07-17,0.00017984339911716185,0.9933446039483129,0.0001720856560358683,1.0039708007613548,0.00017475094140069768,0.00021037426745294118,0.9716839331248037
2015-07-20,0.0001933298802508964,0.9934785975930318,0.0001694595178948847,1.003643533356822,0.00017982124070250124,0.00021302007509888213,0.9301264784788355
2015-07-21,0.00019419877324157122,0.9934575528208562,0.00017257385919242923,1.0036269256323036,0.00018186957943078986,0.00021293454914641299,0.9365125041472605
2015-07-22,0.00018582236281108658,0.9933842102207561,0.000172897788506354,1.0036444334086914,0.00017805778265106716,0.0002129963734361891,0.958215039123611
2015-07-23,0.00018795658724473803,0.9931326076989911,0.00017527939020773407,1.0026135249941286,0.0001802608620598048,0.00021253690906901553,0.9590558367879246
2015-07-24,0.00019329917782205091,0.9929475562404246,0.00017500146153179866,1.002034614673505,0.00018262580890395798,0.00022323197389930116,0.9447831644275346
