Date,Predicted_Index_Var,Predicted_Corr,Predicted_Var,Future_Beta_45d_ANDV,Predicted_Covariance,Future_Cov_45_ANDV,Beta_Predicted
2013-02-28,5.497886498863307e-05,0.6890161159624227,0.0006894008719375021,2.446237648364596,0.0001341415064148476,0.00013397731515789725,2.4398740578326144
2013-03-01,5.488021190183326e-05,0.6816571432624656,0.0007076608633608566,2.439539846520953,0.00013433416152432178,0.00013348340000204884,2.447770459862863
2013-03-04,5.501029900576039e-05,0.6813584000736485,0.0007093374841600794,2.430418925582229,0.00013459349553543516,0.00013287650109219522,2.4466963090191753
2013-03-05,5.845535101370509e-05,0.6524381101691549,0.0007148086437708635,2.499824040035488,0.00013336637756072357,0.00013397750447949843,2.28150845470854
2013-03-06,5.9250468430820016e-05,0.6456804571067161,0.000721546106405347,2.5219877223902385,0.00013350440009784803,0.00013609713713573436,2.253221006239399
2013-03-07,5.369174155549812e-05,0.6384530266534811,0.0006998387314513332,2.492500311527197,0.00012376039383524043,0.00013472445720930649,2.30501731271496
2013-03-08,4.524810700565277e-05,0.6448865445455637,0.0006780389663307172,2.4834775131952678,0.00011295640178592481,0.00013369749552311508,2.4963785064381447
2013-03-11,4.8373919939468494e-05,0.6164313653752507,0.000630949953519436,2.519853046418953,0.00010769308686534132,0.00013999383889476362,2.22626338738106
2013-03-12,5.1431479865635213e-05,0.6477681041876783,0.000603295715994465,2.565366899840398,0.00011410355902262725,0.0001426911288063303,2.218554848523179
2013-03-13,5.5261000285198275e-05,0.6138833575499477,0.0005373556784557408,2.528421607180796,0.00010578550216499607,0.0001427392541523047,1.9142885872323026
2013-03-14,6.195858588029715e-05,0.6753418954387721,0.0005739998235840038,2.667116792496877,0.00012735919940477368,0.00015378811812370775,2.0555536830816203
2013-03-15,6.386120353979619e-05,0.7152029211823068,0.0005964211765310022,2.6660877201195863,0.00013958037369672538,0.00015070711843995945,2.1856834190377183
2013-03-18,6.402550064969363e-05,0.6689946501809538,0.0005357095111021364,2.7344264237918794,0.00012389786276760092,0.00015140315677399056,1.9351330565221248
2013-03-19,6.71640875084588e-05,0.6757823327351541,0.000564112219388804,2.740385364199552,0.0001315400936262567,0.00015588619520041743,1.9584885093494384
2013-03-20,6.839791392936718e-05,0.7051292281025142,0.000631499751392287,2.67979092218231,0.00014654693409352925,0.00015175324061476975,2.142564380616412
2013-03-21,6.814178529168062e-05,0.7223220738271391,0.0006965125964301428,2.731580115493204,0.0001573628194926205,0.0001487766784073046,2.30934394834285
2013-03-22,6.79733209422515e-05,0.7230069374318635,0.0007442731139752839,2.745862155113591,0.00016262146689106476,0.0001481660509151617,2.3924308042742837
2013-03-25,7.243408887933498e-05,0.7480296246791692,0.0007820972720355542,2.719310628628049,0.00017804127027992332,0.000148691986051979,2.4579762517136796
2013-03-26,7.339742545776695e-05,0.7629252635701014,0.0007596533077472536,2.7355268149988583,0.00018014828261878353,0.0001472077082146562,2.4544223655697746
2013-03-27,7.311742529462491e-05,0.7521846350756065,0.0007788410230220292,2.451557672814704,0.0001794978752511254,0.00014550795823333634,2.454926093579513
2013-03-28,6.422356192814954e-05,0.7297512144193157,0.0007567204163021748,2.3959604292924785,0.00016087543948064954,0.0001430787945920956,2.5049286375712048
2013-04-01,6.678777769649997e-05,0.7182585319646976,0.0008279734652716331,2.3714423999160648,0.0001689030528880825,0.00014211549886827425,2.528951534450201
2013-04-02,6.451960799026473e-05,0.6571042116631499,0.000897232646159057,2.4247842657395258,0.00015810028192908337,0.00015665970356245625,2.4504222337020227
2013-04-03,6.836168011312682e-05,0.7329178620708552,0.0010036609591258304,2.32342265643734,0.0001919796455533778,0.00014721132381845475,2.8082932607227398
2013-04-04,6.901245142532413e-05,0.7332716669395517,0.0008605213233783428,2.191695547098107,0.00017869378583664029,0.00014502763987521444,2.589297759260129
2013-04-05,6.697476452894188e-05,0.7023901371488993,0.0008326468005429791,2.22716208513551,0.0001658686886429599,0.00014575368824937783,2.476584872071971
2013-04-08,7.273438811092278e-05,0.7009438731645352,0.0008222424017164328,2.213141120891548,0.00017141667756287622,0.0001499417854976488,2.3567487403820473
2013-04-09,7.022991067372413e-05,0.6889824271118015,0.0008142018006003362,2.144835760548259,0.00016475372113779606,0.00014904001638017347,2.345919559875464
2013-04-10,6.636144982931065e-05,0.6631096394056547,0.0008256952309741362,2.181778767027096,0.00015522195967863372,0.0001553435894963444,2.3390381023603704
2013-04-11,6.716170407401359e-05,0.6156397641422514,0.0008606625686729374,2.2316712185472958,0.0001480144017707526,0.00016101920851742968,2.2038511948362367
2013-04-12,6.98842565011876e-05,0.6449494162512357,0.0008411873634604643,2.202000731571214,0.00015637297493620907,0.00016088715693088375,2.2375994646741604
2013-04-15,9.593981606210937e-05,0.7847762588108121,0.0009600608729923108,2.03380149211369,0.00023817418194042617,0.00012275270183692149,2.4825374043477146
2013-04-16,8.836558039441448e-05,0.8247767705503314,0.0010116326059198461,1.748244653916263,0.00024659791325349793,0.00010724545572388233,2.7906557298987105
2013-04-17,8.959564094882932e-05,0.8390312526509558,0.0009972050757921975,1.648245338104802,0.0002507920806363224,0.00011713772919820208,2.799154936338444
2013-04-18,9.719405369416862e-05,0.8189733049126816,0.0009305614232018305,1.7073503912397536,0.00024629869799201975,0.00011976493798412344,2.534092247731787
2013-04-19,7.72897485213767e-05,0.7468589602730219,0.0008698803327603328,1.778035064572499,0.00019365526051277242,0.00012902848500468168,2.505574985267438
2013-04-22,7.797978274745508e-05,0.7135538149359801,0.0008149958441393945,1.7953443485453984,0.00017988520271649443,0.00013312569987083034,2.306818464717576
2013-04-23,8.499754389235151e-05,0.7020373387177857,0.0008547495239446355,1.7099218932990772,0.0001892268819689721,0.00012646294097888925,2.226262940122434
2013-04-24,7.773768893068322e-05,0.6685528123003402,0.0008419816786450901,1.652415622765898,0.00017104203437818993,0.00012332914229174806,2.2002459390155513
2013-04-25,6.90805921567358e-05,0.615601955591905,0.0006812270603559802,1.6720818234799286,0.00013354387140535363,0.0001250357453789091,1.9331604903206123
2013-04-26,7.034557142953508e-05,0.6329501470950063,0.0006657558985210298,1.639611345756483,0.0001369762894751805,0.00012356505327633697,1.9471913681501498
2013-04-29,6.776168711759701e-05,0.6130170433581451,0.0006459593978734885,1.664735437189644,0.00012825292093368058,0.00012400584224546497,1.8927055448177386
2013-04-30,5.8041023931509805e-05,0.5972601819006306,0.0006219031634020474,1.6714868626953086,0.00011347298458098682,0.00012433626763577258,1.9550479453100007
2013-05-01,6.311211636341748e-05,0.6129956898859785,0.0006952957902656873,1.5834978397736024,0.00012840992512994442,0.00011852752611485487,2.0346318984222242
2013-05-02,6.214021471172626e-05,0.6253215562906024,0.0007932699709761841,1.4894725938079048,0.0001388354211726635,0.00010982987474356211,2.234228217857515
2013-05-03,7.476459886581012e-05,0.6254944422655462,0.000776458344101332,1.4444231227710604,0.00015070599882028885,0.00010497973067060394,2.015740084298195
2013-05-06,7.535412832838797e-05,0.6075334917116898,0.0007446726359022843,1.4207081319310195,0.00014391512767824598,0.00010311926884462847,1.9098506063406908
2013-05-07,7.392273390092128e-05,0.5926356533977797,0.0007048084126234881,1.562164315910591,0.0001352733748380237,0.00011863065609130429,1.8299292747929312
2013-05-08,6.958015556766957e-05,0.5998737984015504,0.0006804043078507877,1.5793586734131837,0.00013052272072813155,0.00011938177523533915,1.8758612949807625
2013-05-09,7.111722928104653e-05,0.6005788547296665,0.0006801798722969607,1.5388951744306154,0.00013208981735656912,0.00011626748005527867,1.8573532559116783
2013-05-10,7.562958883543677e-05,0.5768509299928707,0.0006937300138077626,1.5923887102346603,0.00013213099608933853,0.0001207576823439832,1.747080714359611
2013-05-13,7.357910230951406e-05,0.5750680613591129,0.0007213153772228078,1.5952772920031175,0.00013248267419926698,0.0001211145417021899,1.8005475745269655
2013-05-14,7.590263764609063e-05,0.5969823043951838,0.0007868979502403115,1.4934746564353714,0.00014589791956861215,0.00011098667323296456,1.9221719309530034
2013-05-15,7.650099964197039e-05,0.6090773271571915,0.0008467976232666755,1.468279470230288,0.00015502288092578807,0.00010837304461116628,2.0264164082993052
2013-05-16,7.639729836462006e-05,0.6181356198930159,0.0008189640680827643,1.4979544704365806,0.00015461627093132005,0.00010973225262123079,2.023844746359821
2013-05-17,7.425705624970095e-05,0.59636357017844,0.0009202253927503857,1.3158091655882986,0.0001558931659003856,9.404729738661104e-05,2.0993717469242315
2013-05-20,7.217439206379002e-05,0.563774695639354,0.0009092432236013228,1.3254589207507754,0.00014442327297423265,9.519774448736041e-05,2.0010320675314697
2013-05-21,7.13709588975209e-05,0.5669893760876927,0.0008992726858029966,1.3503395117743977,0.00014364198185140033,9.708908481555144e-05,2.012611068567131
2013-05-22,7.35750525384875e-05,0.5761309805651639,0.0008747393734920539,1.3326650423954611,0.00014615909911186678,9.400501495245679e-05,1.9865306794773971
2013-05-23,7.454058968752127e-05,0.5641016205147581,0.0007926778861740053,1.3226038901342374,0.00013712041869393864,9.33327399367166e-05,1.839540299704575
2013-05-24,7.630250921850573e-05,0.5577550527993649,0.0007367236179373746,1.317129661768941,0.00013224072443282744,9.290271520330805e-05,1.7331110835966448
2013-05-28,7.438631671877e-05,0.5546240337600397,0.0007042330233060542,1.302043855356127,0.00012694143567620387,9.09125776335418e-05,1.706515946422342
2013-05-29,7.273626036607267e-05,0.5519848387491328,0.0006909527505709149,1.303551137382873,0.000123744757394819,9.311813423864662e-05,1.701280169918371
2013-05-30,7.309916508279677e-05,0.5525178460992003,0.0006841232329256649,1.2904770011215656,0.00012355766378326736,9.195176997524645e-05,1.6902746241125748
2013-05-31,7.696255068093324e-05,0.5169033729226505,0.000681750712101939,1.418329434906479,0.00011840277811548097,9.367712614046854e-05,1.5384466479853058
2013-06-03,7.835861755638394e-05,0.4950221333122028,0.0006718481900049324,1.505941476353042,0.00011358044760722051,0.00010017715803332723,1.4494952967424706
2013-06-04,7.696792659140356e-05,0.4989391912465471,0.0006476039511762479,1.5090334694417649,0.00011139283507106116,9.986878023384213e-05,1.447263035451217
2013-06-05,8.390672708275947e-05,0.5293464103932325,0.000636124156715613,1.4672299195766028,0.00012229517053823565,8.980875027702896e-05,1.4575132982795602
2013-06-06,8.864935953499249e-05,0.5222403291437377,0.0005592458656323176,1.422844724307888,0.00011628122509311543,8.552164007506436e-05,1.3116984228996695
2013-06-07,8.584609796353898e-05,0.5033484333190775,0.0005533534767774529,1.5141724831889385,0.00010970598534866327,8.625188987910686e-05,1.277937937205465
2013-06-10,7.344670994631798e-05,0.5035048963816195,0.0005545973168459038,1.501997465558577,0.0001016198977189773,8.57326893751485e-05,1.3835867909297916
2013-06-11,7.540176794643908e-05,0.5020242199873798,0.0005593374553597353,1.5027487782649935,0.00010309850924614202,8.274840088473414e-05,1.3673221736574803
2013-06-12,7.564969572692771e-05,0.4886678564259746,0.0005598662113243196,1.642352253113474,0.00010056792621927866,9.556804582710476e-05,1.3293896988336629
2013-06-13,7.668406692361186e-05,0.4967305137337471,0.0005789595829130114,1.6596308946148346,0.00010466404890154784,8.89802383302412e-05,1.3648734750311036
2013-06-14,7.978958283363962e-05,0.5119190284430319,0.0005545222630603582,1.7061508031522918,0.00010767970662325798,9.152021333176908e-05,1.3495459281667002
2013-06-17,6.406673037804978e-05,0.5126405251584889,0.0005476653734523254,1.6859084779794284,9.602556182768257e-05,8.911068030713522e-05,1.4988366233308257
2013-06-18,5.269216623890948e-05,0.4628407379918371,0.00044901322170772136,1.645141818680443,7.119248768507118e-05,8.608041070118686e-05,1.3511019334881795
2013-06-19,5.313666894497608e-05,0.41656664200165905,0.0004052973785713275,1.930472209397943,6.113199228288534e-05,9.597090950318032e-05,1.1504671537876896
2013-06-20,6.610900161714408e-05,0.43030270194724757,0.0004344145532951627,2.180829650580146,7.292166150137424e-05,7.589179782008747e-05,1.1030519251173116
2013-06-21,6.524441916700448e-05,0.4572908094509388,0.0004716907558489717,2.182910236372573,8.022188088241286e-05,7.659931030418288e-05,1.2295592773547566
2013-06-24,5.5679700730278476e-05,0.5060476077153956,0.0005377881686112341,2.044405022961051,8.756800266757639e-05,7.673765962962177e-05,1.572709650358396
2013-06-25,5.683904438603972e-05,0.5246061195503539,0.0005641253778315195,1.9736115769489244,9.393870197263918e-05,7.094637097693595e-05,1.6527143091045973
2013-06-26,5.616484134519195e-05,0.5175345369809684,0.0005172848860831377,1.9798467037993817,8.821379379610193e-05,6.742092470599907e-05,1.5706230389566225
2013-06-27,5.600093181678947e-05,0.5082619914470983,0.0005145534441582195,2.090634510522396,8.627808661684307e-05,7.043198404583472e-05,1.5406544823058872
2013-06-28,5.651835513949762e-05,0.523149263947979,0.0005139008568659541,2.1396858416721245,8.915794431614164e-05,7.187952260430215e-05,1.577504230193599
2013-07-01,4.0959150997653995e-05,0.526368793663576,0.0005162664050181569,2.0987495690768343,7.654248175044605e-05,7.198367809347286e-05,1.8687516680907315
2013-07-02,4.708768430286185e-05,0.5377063961423251,0.0005377099236582148,2.0772723163773468,8.556041746123165e-05,7.115313893231402e-05,1.817044493224984
2013-07-03,4.5307854285029834e-05,0.5435696568383339,0.0005346491373735584,2.075550262995497,8.4601173723866e-05,7.109330608698806e-05,1.8672518277216024
2013-07-05,5.048108536897671e-05,0.53030322714269,0.00048672660286932075,1.904666724351368,8.312490346468571e-05,6.427140901865679e-05,1.64665444209665
2013-07-08,5.858594159480322e-05,0.5251392825289655,0.00041522297291628484,1.7847481822139364,8.190528020571857e-05,6.102777096369659e-05,1.3980364226660114
2013-07-09,6.185296409698371e-05,0.5071281861982392,0.00041597986253293795,1.7801891609645466,8.134561766414027e-05,5.93722395057732e-05,1.3151450193493173
2013-07-10,6.043816195282401e-05,0.4954188596947417,0.00044832518543993333,1.813215727910758,8.155014316617168e-05,6.0892989104534834e-05,1.3493154081989949
2013-07-11,6.428746384905295e-05,0.5324970449465782,0.0005557324178160441,1.5313089073471586,0.00010064986907770325,4.5536908188943306e-05,1.5656220210215366
2013-07-12,6.999194674271863e-05,0.518557559945132,0.0005953377403716595,1.4542848208232042,0.00010585288863459239,4.423205662918577e-05,1.5123581149084757
2013-07-15,7.060701256657018e-05,0.5006865635228297,0.0005879225348778196,1.507224178185369,0.00010201168202352325,4.599971629426439e-05,1.444781167130445
2013-07-16,3.5042919617133015e-05,0.5011600956050496,0.0005548114179608237,1.3369756075720691,6.987942451769008e-05,4.389193602542998e-05,1.9941096598448085
2013-07-17,3.792838595062833e-05,0.48932372258817897,0.0005246642371211353,1.3101119198751845,6.902702926585631e-05,4.3072474340661425e-05,1.8199305753666746
2013-07-18,3.7451029819475974e-05,0.44001600426207726,0.0005335300253913972,1.4952663393230574,6.21984823066368e-05,5.345335245097406e-05,1.6607949796427546
2013-07-19,4.0860668714576163e-05,0.4250339814953143,0.0005084067814955399,1.4449923989371118,6.126071420316034e-05,5.23311517045427e-05,1.499258728022405
2013-07-22,3.950888193740232e-05,0.4286822934392563,0.0005289441047612895,1.3792959221051786,6.197090036117286e-05,5.0020945393669395e-05,1.5685308548938248
2013-07-23,3.3171208880188284e-05,0.40805731759858765,0.0003878131451660403,1.3792751371605996,4.6282102811067245e-05,5.014090005515169e-05,1.395249204761709
2013-07-24,3.471216593235655e-05,0.439098418070076,0.00034542936023674556,1.3178866790944943,4.80819810762411e-05,4.7914846913898334e-05,1.385162227270354
2013-07-25,3.488954269695917e-05,0.44874649717926535,0.00037152465331510875,1.2403404934840618,5.109077951313678e-05,4.555889897377671e-05,1.4643579583973638
2013-07-26,3.343176772700175e-05,0.441230591642498,0.00038603405000866686,1.2579279418146083,5.012542784322981e-05,4.695963641665303e-05,1.499335250607916
2013-07-29,3.360094972876798e-05,0.42685490581150715,0.0004185349523467916,1.172932746999792,5.061997422425826e-05,4.5204811668332395e-05,1.5065042694587643
2013-07-30,3.816574763863081e-05,0.4199679999630969,0.00041740465335148177,1.1667173909897686,5.300681751720419e-05,4.499333200704946e-05,1.3888583559031729
2013-07-31,3.750748633018741e-05,0.4039456783955205,0.00041807369300918404,1.0139992665118676,5.0583440647872405e-05,4.105430272475901e-05,1.3486225177175093
2013-08-01,4.226173154810077e-05,0.41434959729566007,0.000418792267039932,0.981672710052448,5.512389433038963e-05,3.803705350486344e-05,1.3043453808240113
2013-08-02,4.130983358011611e-05,0.40782361481374385,0.0004600878963303261,1.034461185027051,5.622370959436866e-05,4.161757238145672e-05,1.3610248389243362
2013-08-05,3.7225611971094185e-05,0.4436949455166049,0.00045526610539512184,1.2025328783698988,5.77614468890413e-05,5.174869839534607e-05,1.5516587594018134
2013-08-06,4.1983018398946586e-05,0.4673777168517162,0.00044682464788245235,1.1444501776097036,6.401376825200063e-05,4.862497762595555e-05,1.5247538336501987
2013-08-07,4.81253999850549e-05,0.46459645391777565,0.00042235328034857865,1.379894920245733,6.623705312707221e-05,7.298788957318325e-05,1.37634291138654
2013-08-08,4.5117615842124565e-05,0.44048183577243827,0.0003820368891937884,1.4642653478216714,5.7830070949452775e-05,7.837256338367314e-05,1.2817625636915655
2013-08-09,4.7210405389653165e-05,0.426103484400175,0.0003559042351104468,1.4789173597429672,5.523324109182147e-05,7.93469886275066e-05,1.1699378693309552
2013-08-12,4.729046229109182e-05,0.4392504880764928,0.0003541529008050622,1.4457460411185776,5.684528316426787e-05,7.932166404283977e-05,1.202045410644588
2013-08-13,5.1414947954433665e-05,0.46883171831222237,0.00036037278065599994,1.36385670931714,6.381718985162016e-05,8.038754093966501e-05,1.2412186025779495
2013-08-14,5.361675369996386e-05,0.49605779215386614,0.0003605790484084279,1.4780620462785623,6.897358154030385e-05,8.736328288084318e-05,1.286418456556991
2013-08-15,5.120699157562921e-05,0.5683273419236388,0.00038563146166535514,1.4397942378240425,7.9863696981135e-05,7.898009993118615e-05,1.5596248583200167
2013-08-16,4.9139520575593413e-05,0.5657220297607463,0.0003738445620740935,1.4321662192207767,7.667681808251525e-05,7.796684075111962e-05,1.5603900319816926
2013-08-19,5.1240075352845624e-05,0.5764984851560736,0.00039056423147191036,1.355054345735856,8.155475436376164e-05,7.258723758240925e-05,1.5916205002074122
2013-08-20,5.687877447837599e-05,0.5378725500891944,0.00039152701950284776,1.3706840112869372,8.026669207565181e-05,7.416871662208649e-05,1.411188845254874
2013-08-21,5.746511661394483e-05,0.4953754464084388,0.00041221874123199934,1.4320018359500764,7.624309001533364e-05,7.58106094240478e-05,1.3267716922518527
2013-08-22,5.43081375808944e-05,0.5617194628351798,0.0004414542888824491,1.3546636199816642,8.697507198970364e-05,7.019224056416502e-05,1.601510857560718
2013-08-23,4.6628310947370826e-05,0.5576449640099874,0.00043439812173955996,1.362185803701952,7.9364556900083e-05,7.044863139780456e-05,1.7020680202133298
2013-08-26,5.7057237442025364e-05,0.5589628073134022,0.00045237491491557555,1.3268084734019645,8.980231633572387e-05,6.831849426773363e-05,1.5738987788704295
2013-08-27,6.26349019454684e-05,0.5134555987153693,0.0004435889528577786,1.0874908243179169,8.558574898817042e-05,4.9237061481383484e-05,1.3664226546196823
2013-08-28,6.352118414260544e-05,0.48114849301671614,0.0004260469012689063,1.0837093345451323,7.915295412231812e-05,4.9466438206015694e-05,1.246087509083887
2013-08-29,6.345432123592429e-05,0.47830710484503053,0.0004275384839805437,1.0739087388894406,7.878164410061894e-05,4.903558641875612e-05,1.2415489215889237
2013-08-30,6.533098257867051e-05,0.5143872775485157,0.0004217115086785582,1.072855212508298,8.538027321264465e-05,4.850595931182336e-05,1.3068879395749344
2013-09-03,6.741624909395761e-05,0.531062627055421,0.0004371634485468481,1.061025735375808,9.116957995832939e-05,4.8329114654952386e-05,1.352338363281928
2013-09-04,5.29054408502055e-05,0.4848831316070632,0.0004377483804557382,1.0796995687619666,7.379034123611015e-05,4.838446643954065e-05,1.394759027621325
2013-09-05,5.526096611110341e-05,0.45645913800013727,0.00042715625637684265,0.8701227424787431,7.013011131842938e-05,4.289585111571696e-05,1.2690713943985563
2013-09-06,5.903493096893949e-05,0.4367017242994885,0.0004295011751778993,1.0027929236177486,6.953790699585186e-05,5.275052107687037e-05,1.1779112104397713
2013-09-09,5.950680039687122e-05,0.3878495570656933,0.00042361463350967126,1.0773650360858005,6.157892125058641e-05,5.506046266747233e-05,1.0348215807251524
2013-09-10,6.058865375686932e-05,0.36080143345496396,0.0004157762059997205,1.0871122983550217,5.726558764635181e-05,5.485751471475524e-05,0.9451536565929928
2013-09-11,5.2548421709793746e-05,0.356616076518071,0.0004236861960227502,1.1197804150969626,5.32111828582236e-05,5.761125467413136e-05,1.0126123892376835
2013-09-12,5.463125330927889e-05,0.37167851768370636,0.0004008580286477813,1.113870865735788,5.5002614722629766e-05,5.727851834210046e-05,1.0067976001071863
2013-09-13,5.629719144726608e-05,0.3123327282714035,0.0003724624799232028,1.084590762441672,4.5227452353058e-05,5.597457589039172e-05,0.8033696031785675
2013-09-16,5.4138744378514925e-05,0.3111132084528728,0.0003968166114551908,1.094405919242797,4.560027495494604e-05,5.6540288434239266e-05,0.842285418297263
2013-09-17,5.7555509167455784e-05,0.32264844770489803,0.0004406799648417769,1.087394406528429,5.1384801502788524e-05,5.6160388925083624e-05,0.8927868460564948
2013-09-18,6.204530316157312e-05,0.3137536516590926,0.0004343215000802162,1.210825922613865,5.1504942763832726e-05,5.9840926415999445e-05,0.8301183190242123
2013-09-19,6.178297806302708e-05,0.32376136813823936,0.00044675353382632503,1.2673314011537888,5.3788996741831115e-05,6.39679489322796e-05,0.8706119133163019
2013-09-20,6.675064824066973e-05,0.4192456801854702,0.0004611902145375628,1.1776776483570413,7.355909580599178e-05,5.5349576704291847e-05,1.1019982239089898
2013-09-23,6.644616634370019e-05,0.4291480796597264,0.00049361295609998,1.187357343054404,7.772046909575785e-05,5.4991959747566105e-05,1.1696757446282164
2013-09-24,6.687102886618699e-05,0.4302583766223256,0.0005098352780874178,1.2182524508558623,7.944439800672311e-05,5.60690462215137e-05,1.1880241616395075
2013-09-25,5.221698153901886e-05,0.4152452695380487,0.0005148102187616429,1.2503777332933093,6.808228994314476e-05,5.7031148686817446e-05,1.3038342687861157
2013-09-26,5.0374063840171386e-05,0.38188952499482004,0.0005289032366501549,1.2970408446998678,6.233462520415946e-05,5.913199457882557e-05,1.237434910987864
2013-09-27,5.122431082106018e-05,0.3653037873000878,0.000516991700940728,1.3108994788933126,5.9447558458310597e-05,5.915651430793923e-05,1.1605340805067415
2013-09-30,5.1567877421329924e-05,0.37009745795902044,0.0005264886036732487,1.3295750642013808,6.098179694055626e-05,5.9614609500868195e-05,1.1825539461768204
2013-10-01,5.3629225784131454e-05,0.36170004756233093,0.0005410016679769007,1.471408094923397,6.160963439240917e-05,6.465049983710873e-05,1.1488070821756868
2013-10-02,4.9785428743887e-05,0.386618150774766,0.0005220328529256051,1.4754460624285917,6.232786958139563e-05,6.574680885091885e-05,1.2519299552893512
2013-10-03,5.1677659876475144e-05,0.3653889092125718,0.0004988238877479256,1.674320569345948,5.866517924684821e-05,7.376009777206162e-05,1.135213540765493
2013-10-04,4.988490741732951e-05,0.36293840357448165,0.0004871872274826349,1.6930207489458504,5.658032748885737e-05,7.327330341964408e-05,1.1342173498592472
2013-10-07,5.300164613196136e-05,0.39868097824309284,0.0004446353632304687,1.6763566056210295,6.120292728319504e-05,6.953290750739334e-05,1.1547363478261499
2013-10-08,5.7418241986777646e-05,0.4546503524773475,0.00048511326320616597,1.541668961906018,7.587942863826937e-05,6.355699314655542e-05,1.3215212798703064
2013-10-09,4.671951297786224e-05,0.4493876040465488,0.00046892191325298465,1.5023410821519414,6.65151394932738e-05,6.274963299007212e-05,1.423712176211931
2013-10-10,5.493659376391755e-05,0.5367781703159483,0.0005541937467831378,1.376796272895912,9.366051045406535e-05,4.512665048725489e-05,1.7048838312866377
2013-10-11,5.397060840252837e-05,0.5253859181992291,0.0006022091439334322,1.3685110039414354,9.471761588611668e-05,4.478051825971618e-05,1.7549851426481127
2013-10-14,5.390763459317086e-05,0.5082899079387785,0.0005886421731219926,1.4393645198879133,9.054454939242907e-05,4.740228215361135e-05,1.6796238617358932
2013-10-15,5.553151341989191e-05,0.48786398238613715,0.0005697814344256287,1.272645545817204,8.678060199308497e-05,4.6917751070858046e-05,1.5627271192288332
2013-10-16,4.144281603770634e-05,0.43457430900417165,0.0005403597879154669,1.49781321310518,6.503246091251128e-05,5.009882401973135e-05,1.5692095067415817
2013-10-17,4.1583055321708076e-05,0.4216745889837158,0.0006342196984484411,1.3380518769522454,6.847869757183884e-05,4.3835799715052924e-05,1.6467933162210455
2013-10-18,4.3823960134694674e-05,0.4055361144038632,0.0006028561302836273,1.3617418731239477,6.591620358021979e-05,4.418158751223021e-05,1.50411335209378
2013-10-21,4.4710412594374516e-05,0.4101101067528303,0.0005850470330212418,1.3518139352560676,6.632850391473838e-05,4.3871373229916584e-05,1.4835135724755952
2013-10-22,4.4371990394003997e-05,0.40205583554788976,0.0005336182930997236,1.334346864154658,6.18665901139695e-05,4.3111431932646816e-05,1.3942712410378948
2013-10-23,3.6244305626284386e-05,0.40420193504720275,0.0005103553640679864,1.3479386759253935,5.497365620541406e-05,4.2525572272029586e-05,1.5167529148509096
2013-10-24,4.040389782719303e-05,0.41377868154180836,0.000554683709155388,1.4472192935628987,6.194445682023061e-05,4.5549057725937895e-05,1.5331307163770755
2013-10-25,3.967999624918889e-05,0.39635961546766124,0.0005102813682076763,1.538389268751155,5.640012483968557e-05,4.845951974444126e-05,1.4213742482608844
2013-10-28,4.081308187982178e-05,0.4008118845897031,0.0005009140092222767,1.5228374629523196,5.730887387850632e-05,5.183150589126985e-05,1.4041790337533946
2013-10-29,4.2024721372673885e-05,0.39441953130039004,0.00047946751442782393,1.560379271224317,5.598741650857754e-05,5.24066860145203e-05,1.3322495588271226
2013-10-30,3.243679795796633e-05,0.33371884310914035,0.00046630536816406946,1.6906164691724026,4.104260564754272e-05,5.602781344135532e-05,1.2653100253831573
2013-10-31,3.3498134377451295e-05,0.36149679488865444,0.00046374709829035245,1.680136871918163,4.50562833061511e-05,5.6220912143355375e-05,1.3450385862825835
2013-11-01,3.528785039280735e-05,0.3773913767069138,0.00047317290126586825,1.720496825888229,4.876570492224897e-05,5.750788188081499e-05,1.38194036699353
2013-11-04,3.477448195487655e-05,0.398782047755905,0.00047000795150592493,1.7128567257346452,5.098219576290773e-05,5.698286727448152e-05,1.4660806688382115
2013-11-05,3.766596277267884e-05,0.4191098361695568,0.00045821922443257067,1.6758647944346114,5.5060359526048016e-05,5.5244409339737875e-05,1.4618067738862173
2013-11-06,3.8333959556374354e-05,0.4491336103812624,0.0004498806719243421,1.974147578404929,5.898153404820628e-05,7.326707145416974e-05,1.5386235789566003
2013-11-07,4.0431492315281525e-05,0.4215808038517901,0.00044851381583888597,2.1539785603278365,5.6771272126620915e-05,7.58990115817652e-05,1.404134966968894
2013-11-08,4.3778322206368926e-05,0.4612153202485908,0.000476088312937116,1.9469620998693349,6.658509777186889e-05,6.264281915417453e-05,1.5209604757804538
2013-11-11,4.088414418239951e-05,0.47973443928713866,0.000473047564045122,1.952463975521444,6.671611638592419e-05,6.300955109053674e-05,1.6318335070994407
2013-11-12,3.99781619662566e-05,0.48008630264290936,0.00047142572551896287,1.9805377033069125,6.59078835821737e-05,6.471909455734283e-05,1.6485971425550523
2013-11-13,4.4902541372157916e-05,0.5090721574848527,0.0004708183303580781,1.9562306926101647,7.401870579271615e-05,6.181818375880251e-05,1.6484302119837673
2013-11-14,4.545126757048379e-05,0.5111922768721522,0.000457541005360972,1.8835354598006917,7.371778792187888e-05,5.872431471207076e-05,1.621908295683077
2013-11-15,4.488960878325864e-05,0.5048296763927421,0.0004426954814176409,1.8602097524709489,7.116563548432762e-05,6.056670563919194e-05,1.5853476431023943
2013-11-18,4.304897041106976e-05,0.5075378050986442,0.0004389011346846917,1.8183121817724608,6.97642827389883e-05,7.811788210924079e-05,1.620579588148498
2013-11-19,4.253689180732228e-05,0.5040553902192585,0.00044070045958115187,1.7949741462566378,6.90133153859044e-05,7.789247222334633e-05,1.6224343729323563
2013-11-20,3.986505410246521e-05,0.5421478108661478,0.0004520884684098287,1.750306699705238,7.278227092005589e-05,7.698479043257305e-05,1.825716095429935
2013-11-21,3.485111027762049e-05,0.5640387277332578,0.0004672438032239674,1.4932434335813478,7.197621563857826e-05,6.650150840292067e-05,2.065248856212122
2013-11-22,3.677714977289896e-05,0.5182380497598349,0.0004484293582224757,1.343096862381145,6.655264945363868e-05,6.253582573613627e-05,1.8096195562898474
2013-11-25,4.464079349966786e-05,0.5160872508290688,0.00045318058328378734,1.3043530518913686,7.340484576246296e-05,6.165376869861748e-05,1.6443445559051075
2013-11-26,4.5604254902161166e-05,0.5212975980866424,0.00046484114547216406,1.16222170567519,7.589980978249097e-05,6.793850254686237e-05,1.6643142168494043
2013-11-27,5.098239319509307e-05,0.5031731133810206,0.0004825695525797092,1.0823919306760794,7.892371041445655e-05,6.448544083220747e-05,1.5480581720132505
2013-11-29,5.306536742177139e-05,0.505392097514672,0.00046139662823224,1.083618231904298,7.908083438148576e-05,6.456470454528561e-05,1.4902532145483813
2013-12-02,5.1303727815654587e-05,0.49388062306140473,0.00045418715316290775,0.8044190537191633,7.539002229119548e-05,5.126115048480777e-05,1.469484294827233
2013-12-03,5.129816798105141e-05,0.4828705730111283,0.0004590711190840508,0.7822957682551169,7.410058778662299e-05,5.233108113346443e-05,1.4445074883374855
2013-12-04,4.926678581923591e-05,0.5111168175655316,0.00046704045740885374,0.7811150033174937,7.753084857767712e-05,5.231075026575543e-05,1.5736940676857731
2013-12-05,6.186383108747796e-05,0.4675630317853692,0.00045729087598603843,0.8421394108263602,7.864205252278484e-05,5.8173884876354916e-05,1.2712121305837298
2013-12-06,6.149224160789946e-05,0.48207830561922554,0.0004701893747458618,0.7261344411546424,8.197174035136808e-05,4.821549625806102e-05,1.3330419937210058
2013-12-09,5.694825981469449e-05,0.45364456482628507,0.00045752037819646676,0.7623695190866887,7.322530040660713e-05,5.0954140694931285e-05,1.2858215623247655
2013-12-10,5.3452041059883435e-05,0.4271036653998457,0.0004390449001112431,0.783621880083723,6.542894439714661e-05,5.258821376504035e-05,1.224068213295077
2013-12-11,5.2671389427449466e-05,0.3962928700875183,0.00039474187726071816,0.727037341540334,5.714263293230358e-05,4.648488464341654e-05,1.0848894163123015
2013-12-12,5.926873458923956e-05,0.3649663108723701,0.000390039843326277,0.7384256343477908,5.5490685748583934e-05,4.784186087482457e-05,0.9362556182979223
2013-12-13,5.102150798536989e-05,0.3248012907628613,0.00036520769438431664,0.7347263438910446,4.433680064637341e-05,4.8046177791541655e-05,0.8689825604348409
2013-12-16,5.265033739264804e-05,0.3281304594413057,0.0003714930274956492,0.6639572763203307,4.589046510835118e-05,4.300436409579322e-05,0.8716081867836085
2013-12-17,5.547285481711756e-05,0.3513996651095347,0.00039868272242916096,0.6679758893514377,5.2258303791051803e-05,4.3400708921099434e-05,0.9420518190984859
2013-12-18,5.7755345996717895e-05,0.34580666096082574,0.0003998442135897107,0.6570406289341684,5.2550258550826185e-05,3.870926410262955e-05,0.9098769584691345
2013-12-19,6.478693026373803e-05,0.37447181074587554,0.0004090192557357658,0.6477700390588976,6.0958561380538126e-05,3.812939629287164e-05,0.9409083148774733
2013-12-20,6.101338500649426e-05,0.3536697636554253,0.0003556025434083208,0.6195336347864903,5.209462565240919e-05,3.6787920249174266e-05,0.8538229053651791
2013-12-23,6.0371580554275465e-05,0.35262808080055125,0.0003729470010897415,0.5554774733603993,5.2912310503122675e-05,3.2740659822566574e-05,0.8764440158321393
2013-12-24,6.05937066863415e-05,0.35504281353996414,0.0003827253560379123,0.5377004196019972,5.406772603144884e-05,3.232204931879078e-05,0.8922993655319045
2013-12-26,6.0130930524985e-05,0.34635645138149285,0.00039709574540771963,0.5044653793596615,5.352046285895448e-05,3.219530646762454e-05,0.8900654354037677
2013-12-27,6.1029823506439453e-05,0.3246156106881581,0.0004042364440510574,0.5044334269476008,5.098685102770025e-05,3.2192592081829934e-05,0.8354415611626415
2013-12-30,6.103786899254316e-05,0.33515440733066215,0.0003486873601494675,0.5241538191783446,4.8894805002913534e-05,3.348473112566701e-05,0.8010568817349585
2013-12-31,6.15980310886923e-05,0.3341265395942284,0.00037988178673043367,0.4735259304355299,5.111149971728845e-05,3.0056220326437323e-05,0.8297586597158477
2014-01-02,6.274975633376732e-05,0.32995465565240845,0.0004055010033271053,0.4684799291776101,5.2632772669875185e-05,2.8649559503443592e-05,0.8387725426361868
2014-01-03,6.287727487442676e-05,0.3250774053906453,0.0004313490220154374,0.4716364328961294,5.3536262545523906e-05,2.9164048487917024e-05,0.8514405666028316
2014-01-06,6.194585296328845e-05,0.3206095326584666,0.00039979567905887244,0.4807347030933625,5.0454696455932254e-05,2.9598913183100098e-05,0.8144967587391797
2014-01-07,5.985294868622432e-05,0.30892438266406297,0.00040121843924001047,0.552778570845644,4.787242253492715e-05,3.533531378769016e-05,0.7998339862233956
2014-01-08,5.957982003469859e-05,0.30794149518018005,0.00040389773396630826,0.5449624738864346,4.7769810223338274e-05,3.494589045638099e-05,0.801778357093353
2014-01-09,5.8876921963223624e-05,0.2908714528248793,0.00041529291689765073,0.4799940815060848,4.548318938314623e-05,3.161735704948214e-05,0.7725130300044635
2014-01-10,5.8643073362417135e-05,0.2844752505342485,0.00041324414605733284,0.4974466097502468,4.4284954724045784e-05,3.321835204648768e-05,0.7551608772337449
2014-01-13,6.549653155125348e-05,0.31855257482167515,0.00046697542088366706,0.327699693994677,5.571052894342535e-05,2.0692526498565507e-05,0.8505874681292059
2014-01-14,6.384952094066409e-05,0.3590886490785424,0.0004488804915828005,0.3570589056398238,6.0791920611216086e-05,2.19065125055715e-05,0.9521123998363361
2014-01-15,6.070372053025981e-05,0.3288637786046746,0.00043782362356761367,0.4874493112028102,5.361339297988638e-05,3.044626371334854e-05,0.883197809155058
2014-01-16,6.085694586035492e-05,0.3528077105433192,0.0004220293379704561,0.5112147086099292,5.654112767057331e-05,3.2120627734567984e-05,0.9290825701361209
2014-01-17,6.130074788390541e-05,0.35895609064629563,0.0004092487511876945,0.5261928410611375,5.685489929799283e-05,3.3064540575132706e-05,0.9274748067620258
2014-01-21,6.022038567812545e-05,0.3403759047297948,0.0003853916579383584,0.5160489408964052,5.185393631112103e-05,3.2984956001727734e-05,0.861069482156381
2014-01-22,6.0180607898710316e-05,0.30541179555598175,0.0003514323134261221,0.5195270255815876,4.441553903565292e-05,3.325906377653974e-05,0.7380373942119112
2014-01-23,6.197862719476769e-05,0.3085678724855928,0.000346146280553085,0.5467411631825341,4.519615788296099e-05,3.440205377092652e-05,0.7292216676715374
2014-01-24,8.312838911315208e-05,0.34339711499214826,0.0003644005437192225,0.3339306477405588,5.9766914080490116e-05,1.7690966489952125e-05,0.7189711567625475
2014-01-27,7.785643656399444e-05,0.3177334902575273,0.00036271446746676434,0.4038086853478087,5.3394029109526554e-05,2.133450416752484e-05,0.6858010906476448
2014-01-28,5.7778264472590076e-05,0.27075554230841586,0.00035770241629494925,0.3926103646929574,3.892427556285682e-05,2.058418654458462e-05,0.6736837099238666
2014-01-29,5.541992369045716e-05,0.2128966248173368,0.00035996444160158364,0.4979151983648974,3.0069869204592186e-05,2.4830110421055974e-05,0.5425822917502494
2014-01-30,5.718939038351772e-05,0.18264742617976623,0.0003665744821504169,0.6116050428724675,2.6445537906910652e-05,3.161918308288674e-05,0.46242034981601055
2014-01-31,5.786696567157789e-05,0.17645835790810763,0.0003873496678339943,0.7099595990184094,2.6418562475133964e-05,3.827714831625243e-05,0.45653961925482095
2014-02-03,7.055814511505822e-05,0.17774489041881866,0.0003984758230346119,0.7252625646783849,2.980380346095566e-05,2.9906985415419356e-05,0.4224006089212663
2014-02-04,5.3287933521446234e-05,0.21185668322593057,0.0003460211168522123,0.7302057474443198,2.876788341341981e-05,3.10334168192443e-05,0.5398573656800165
2014-02-05,5.1744253938995175e-05,0.23657597680331308,0.00034179657086723256,0.7043820978884924,3.1461944263960794e-05,3.792352511117444e-05,0.608027787994652
2014-02-06,5.460185755120456e-05,0.20270488806104894,0.00037605233361612874,1.0317220852497102,2.9046383985157963e-05,5.420406487100805e-05,0.5319669565805307
2014-02-07,6.356327391387762e-05,0.22086027221350524,0.000360850948894303,1.1744250153929656,3.344911702615555e-05,5.940151659401431e-05,0.5262333886620758
2014-02-10,6.2547563500994e-05,0.23759066147856042,0.000344688526198944,1.255441069473715,3.488574312059533e-05,6.461653671207777e-05,0.5577474351985098
2014-02-11,5.609995653519849e-05,0.34713896297818886,0.0003467244087434035,1.2329118364672544,4.8414653975832093e-05,6.317980477303298e-05,0.8630069783646901
2014-02-12,5.280573476410588e-05,0.3853255403438551,0.0003020080999911026,1.23811262805202,4.8660619833828095e-05,6.346971116566937e-05,0.9215025612503098
2014-02-13,5.31879934714369e-05,0.4278321084319734,0.00031411721371989946,1.2051029409213891,5.530011653913014e-05,6.142908550800565e-05,1.0397105235569282
2014-02-14,5.362200748552388e-05,0.4422888848809659,0.00031472909700593115,1.1795423270826508,5.7457404993576336e-05,5.988987969412631e-05,1.0715265557539575
2014-02-18,5.088126402858046e-05,0.4304354111795481,0.00030726778254035425,1.1616755014206888,5.3820217910425296e-05,5.9169235150668735e-05,1.0577610233934833
2014-02-19,5.093399391722896e-05,0.44437439258834766,0.000310301343672525,1.1777740715161615,5.586563230073998e-05,5.869461459004243e-05,1.096824105164917
2014-02-20,5.128532994270177e-05,0.4425194562388282,0.00031144013117269224,1.1086554483692697,5.592631877692069e-05,5.638411425252304e-05,1.0904934966666695
2014-02-21,5.0142924359823583e-05,0.4404465935249582,0.00028466167568882506,1.1205722343298146,5.2621422676761094e-05,5.7139764734898124e-05,1.0494286751038273
2014-02-24,5.289213529725008e-05,0.4465014851352772,0.0003025658906828323,1.0806736985086558,5.648438978212533e-05,5.490445254497209e-05,1.067916609240429
2014-02-25,4.99909412374215e-05,0.43094302858666295,0.00033279915359148577,1.0913423364508237,5.5584873663827625e-05,5.560031441519841e-05,1.1118989218434379
2014-02-26,4.8822079787728685e-05,0.42542043040162203,0.00035077899892042304,1.088062034842676,5.567282674919894e-05,5.543275561932622e-05,1.140320670304426
2014-02-27,4.902946505121921e-05,0.41652419984604455,0.00037683126331293027,1.153570080713611,5.661640369808091e-05,5.822241222228438e-05,1.1547424316976724
2014-02-28,4.913560627678946e-05,0.4018773750328476,0.00035550378334245786,1.1388430103431255,5.3114589569198224e-05,5.741685553828967e-05,1.0809796315526148
2014-03-03,5.060228536900576e-05,0.38724481113872383,0.00037209323332709396,1.1258468927364198,5.313694220092462e-05,5.7463043446199656e-05,1.0500897699270981
2014-03-04,5.593664385448813e-05,0.3805675075770524,0.0003870658225370453,1.1733147407643616,5.599797488085328e-05,5.5664260060486717e-05,1.0010964373644706
2014-03-05,4.9068183379191435e-05,0.40514017798574725,0.0003811232143796373,1.171569697730472,5.540360262720347e-05,5.559277358650492e-05,1.1291146077092946
2014-03-06,4.928243059442446e-05,0.4223780445860351,0.0004014428173513493,1.1275954747550525,5.940995736344673e-05,5.3430333079809205e-05,1.2054997419337519
2014-03-07,4.8971813978785636e-05,0.423136248844541,0.00035977131106838643,1.1357608252660856,5.616510713580796e-05,5.618609506733866e-05,1.1468863938782914
2014-03-10,4.912023117884392e-05,0.42892605007401163,0.0003535663866478125,1.1366755528068813,5.652598114244326e-05,5.6231327471645176e-05,1.1507678157424674
2014-03-11,5.148937537691702e-05,0.43322495110826464,0.0003446448704023924,1.1195667897354755,5.771094456692767e-05,5.533191314240635e-05,1.1208320968057388
2014-03-12,4.8906113932888686e-05,0.43924116340817637,0.0003716270257229862,1.0821059429207476,5.921588926106465e-05,5.544299040947121e-05,1.2108074941779985
2014-03-13,5.192240840939531e-05,0.4512344054344697,0.00037634503278465015,1.0036033863819416,6.307724472602213e-05,4.867419465598951e-05,1.2148366506552182
2014-03-14,5.053194068255615e-05,0.44821076800031456,0.0003568936061401275,1.0140112653537487,6.0191429634985446e-05,4.9182414378099316e-05,1.1911561048705932
2014-03-17,5.312543808337814e-05,0.4333266134982454,0.00034084056137473947,1.1453973487280298,5.830989520956161e-05,5.4738073667897795e-05,1.0975889764531765
2014-03-18,5.3640183376897774e-05,0.4312993329605947,0.0003332857478008112,1.0831223599473343,5.7667654075995875e-05,5.22391200427873e-05,1.0750830896829613
2014-03-19,4.9711758607667365e-05,0.4309286546612242,0.0002873643691912966,1.0479518705208728,5.1505237740466815e-05,4.9907294002121126e-05,1.0360775635992654
2014-03-20,4.924048797705463e-05,0.4462837789259141,0.0002869217674350302,1.050190790157734,5.304616900599594e-05,4.9619307945205584e-05,1.0772876383904786
2014-03-21,5.1299807125194504e-05,0.4654375309282418,0.0002797548343243938,0.9599559345607934,5.5758112815659914e-05,4.4388719426743245e-05,1.0869068704212697
2014-03-24,5.150721281894852e-05,0.4692083845057185,0.00028636009526638385,0.9112694893692068,5.698440764539796e-05,4.169901915166301e-05,1.1063384044037128
2014-03-25,5.187847468728203e-05,0.4702769312779576,0.00029018745624994914,0.9440747303420862,5.77014321777558e-05,4.327752164923055e-05,1.1122422647461
2014-03-26,4.894688218699071e-05,0.44897174528100053,0.0002836108232892532,0.9405660295052822,5.289844768800858e-05,4.1752799553330576e-05,1.0807317100591165
2014-03-27,4.819111839496585e-05,0.4356298499273441,0.0002795154625044718,0.9311454493957092,5.0559649197887303e-05,4.1137853145123425e-05,1.0491486996319404
2014-03-28,4.77393720640184e-05,0.435931406733992,0.00028234465423438354,0.8864912979061107,5.061116039734525e-05,3.88830014143767e-05,1.060155553145437
2014-03-31,4.471229395078723e-05,0.41905394398312745,0.0002600369421382626,0.9168110087375584,4.5185691564172914e-05,3.9112497937481125e-05,1.0105876386907533
2014-04-01,4.637295349124256e-05,0.4279427919497139,0.00027044722307782585,0.879836297363754,4.792469498221878e-05,3.750993555331822e-05,1.0334622096319412
2014-04-02,4.141854620280984e-05,0.4364052048343494,0.000286505979177337,0.8922874970261937,4.753945428076237e-05,3.8229212814404794e-05,1.1477818185114688
2014-04-03,4.131197301210188e-05,0.4441019482057962,0.0002965301337980917,0.897114415635338,4.9153569734787893e-05,3.834741617451216e-05,1.1898141422678823
2014-04-04,4.5815215175484866e-05,0.46655859359344537,0.0003027895739230717,0.8615377595098571,5.4951748647380847e-05,3.36173056900248e-05,1.1994213807989451
2014-04-07,4.72141155464609e-05,0.4790551543770424,0.000304455598167916,0.7123815728181988,5.743589972181434e-05,2.5708584796439235e-05,1.216498478411498
2014-04-08,4.530353492960697e-05,0.4576545824956662,0.0003054775840137556,0.6816167817425594,5.3838572222671755e-05,2.5505876754164347e-05,1.1883967179675186
2014-04-09,4.691297863661334e-05,0.41143940369101056,0.00030589573927800273,0.7377776064434483,4.928776215245678e-05,2.6077707518431847e-05,1.0506210346232425
2014-04-10,5.810324280314903e-05,0.39037733282590437,0.0002983494281634188,0.6799543113170954,5.139813765169969e-05,1.633391073091427e-05,0.8846001560676069
2014-04-11,5.691804938589508e-05,0.5222247579621148,0.0002599807632092728,0.5733466461399745,6.352622793507643e-05,1.2369153578191974e-05,1.116099877288116
2014-04-14,5.793906540801691e-05,0.5139789174136593,0.0002900010983202214,0.4108159093196329,6.662402545113473e-05,8.799969511859698e-06,1.1498981728814028
2014-04-15,5.375893588153699e-05,0.5000564886478686,0.0003129635434340422,0.2305522518651694,6.486214009761984e-05,4.788387988725258e-06,1.2065369046840853
2014-04-16,3.1303883437837385e-05,0.3794115948165434,0.00029385457847057805,0.0805972983941899,3.638948745002483e-05,1.5518793687546272e-06,1.1624592048550888
2014-04-17,3.0074876652121772e-05,0.30575446116673405,0.0002835164240083858,0.0621032893176659,2.8233442904022836e-05,1.198537599866835e-06,0.9387716940821095
2014-04-21,3.398061258211898e-05,0.2595409165425357,0.00026451014851888624,0.2365142662292543,2.46060898520383e-05,4.797774426903771e-06,0.7241214322600626
2014-04-22,3.465237531876505e-05,0.22903071742072453,0.0002590395356561955,0.0740154225452426,2.1699177117997976e-05,1.501128265660896e-06,0.6261959510246726
2014-04-23,3.661275306357103e-05,0.21277505483815704,0.0002598567336151465,0.0664930789829684,2.075409937573851e-05,1.3365569944374566e-06,0.5668543783009978
2014-04-24,2.8915216768426475e-05,0.17276277367342965,0.0002504331197424903,0.0502896998399129,1.470141969663793e-05,1.0106579640772446e-06,0.5084319379092782
2014-04-25,3.367547480592454e-05,0.14667722563923505,0.0002474479313359256,0.2352710984830726,1.338941074058042e-05,4.28362971728195e-06,0.3976012459436745
2014-04-28,3.364553762091845e-05,0.1470556929583342,0.0002457477873261614,0.297621492851954,1.3371815823779856e-05,5.599009854084526e-06,0.3974320747802881
2014-04-29,3.9441733334885286e-05,0.14471179923796687,0.00023859474171344399,0.316831522165768,1.403823064857687e-05,5.87046782609081e-06,0.3559232686196472
2014-04-30,4.001418281063408e-05,0.14783927584190568,0.0002352987795362274,0.2893830742429608,1.4345201066910389e-05,5.433548357587156e-06,0.3585029121998723
2014-05-01,2.1991126094734782e-05,0.13852762033376512,0.00022982679711658574,0.3541440311733619,9.848281199977533e-06,6.810397740572748e-06,0.447829781774361
2014-05-02,2.5114593555483047e-05,0.13703604251956425,0.00022869923099992902,0.537732902068214,1.0385567609121683e-05,1.0948773715466632e-05,0.41352720226898887
2014-05-05,2.3421323104644024e-05,0.13226247980787822,0.00022825931769116707,0.5932901336854991,9.670671500378921e-06,1.223325920126389e-05,0.41290030700534597
2014-05-06,2.3724080850696792e-05,0.1538898367459007,0.00022383771369584088,0.6354908790444237,1.1214276690249366e-05,1.2080922422019951e-05,0.4726959396582901
2014-05-07,2.503936026433856e-05,0.16619129686193826,0.000233713617438785,0.7756825929820185,1.2713405521848103e-05,1.4339435818336632e-05,0.5077368346329011
2014-05-08,2.245244272166245e-05,0.19304100245761346,0.0002331675091669428,0.6850133015080455,1.3967393848428006e-05,1.2832414551185714e-05,0.622087940344774
2014-05-09,2.6257615904936162e-05,0.21707843306438623,0.0002230176483682212,0.6126791399536674,1.6611694657797556e-05,1.1598830355761338e-05,0.6326429146476595
2014-05-12,2.5472098693136958e-05,0.2472444817647809,0.000229395153688903,0.4729465137865838,1.889953378239738e-05,8.225379851087747e-06,0.7419700280719135
2014-05-13,2.7268227179962204e-05,0.2599091320319924,0.00023494334489754972,0.6614176255832602,2.0803268024974675e-05,1.3751765226544549e-05,0.7629123773862996
2014-05-14,2.54765910501542e-05,0.25677540325848974,0.0002372162340304889,0.5537803623854013,1.9961642864195397e-05,1.2219880567301694e-05,0.7835288019852474
2014-05-15,2.174205444419079e-05,0.24887783188459583,0.00022212122045294522,0.6451677975565331,1.7295436602109016e-05,1.292922854450881e-05,0.7954830876955211
2014-05-16,2.0552751262807784e-05,0.23363908439766043,0.00021971031217542434,0.6613290253117079,1.5700218601564488e-05,1.3326265714923028e-05,0.7638986333657223
2014-05-19,2.1296152341554682e-05,0.2387996138321393,0.00022861450863996086,0.6556489522553051,1.6662343637276245e-05,1.3134814211691057e-05,0.7824109900248697
2014-05-20,2.0908636850371392e-05,0.2626798997402614,0.0002345821520767493,0.5379941847702454,1.8396583872770023e-05,1.0100526042298203e-05,0.8798557268186161
2014-05-21,2.119414789263069e-05,0.24327360324833927,0.0002446154994236268,0.6166440037325517,1.751640402050328e-05,1.1314642756267248e-05,0.8264736147563556
2014-05-22,2.007249814887391e-05,0.2437717656323488,0.0002444666301936675,0.631003671364412,1.7076305240160995e-05,1.1551856662972634e-05,0.8507314392812134
2014-05-23,2.2049522594442057e-05,0.2609800893903311,0.0002484212171446466,0.5558871793084724,1.931529358215457e-05,1.038715967284515e-05,0.8759959994337159
2014-05-27,2.174082787467674e-05,0.2553305144175939,0.00024062039097803406,0.5773954251867783,1.8467451754632134e-05,1.0404991298130188e-05,0.8494364548160852
2014-05-28,2.1661197917021908e-05,0.26348207362620074,0.0002426767195053,-0.1693868162899628,1.9103210697611244e-05,-4.642761381241423e-06,0.8819092448529574
2014-05-29,2.1856321025887475e-05,0.28395600462938464,0.0002534238976973156,-0.1914001348195249,2.1133107898921266e-05,-5.178668239235599e-06,0.9669105735540027
2014-05-30,2.8179051435749515e-05,0.21131015592816382,0.0002607274323885019,-0.0490679356731794,1.8112438309053144e-05,-1.3814963684624124e-06,0.6427625269910504
2014-06-02,2.8496658002674943e-05,0.17139732347601777,0.00026472845937781025,-0.0400314102424823,1.4886798739494677e-05,-1.2126819952202841e-06,0.5224050742405398
2014-06-03,3.418588872187905e-05,0.14539601796125473,0.00026844353747541876,-0.0313440089071857,1.3928438352625487e-05,-9.495158884736219e-07,0.4074323901871023
2014-06-04,2.793146765100254e-05,0.13623979853740759,0.0002698728673891118,-0.0819622606490826,1.182852201625695e-05,-2.5255812778149615e-06,0.4234837268149206
2014-06-05,4.136471088316827e-05,0.12514914604341643,0.000266557061896207,-0.0598450567070184,1.3141289521251415e-05,-1.969177395212444e-06,0.31769325206618915
2014-06-06,3.9833023701562004e-05,0.08951348290580702,0.0002662402416816126,-0.1060789660462997,9.21821731771628e-06,-3.4545728321406943e-06,0.23142148049772077
2014-06-09,5.1073182956276414e-05,0.06216968066394924,0.00028013318966267246,-0.0933631043826652,7.436308218831173e-06,-3.0399804750983694e-06,0.14560103342682543
2014-06-10,4.95066057749403e-05,0.056732225049563635,0.0002873057295035575,-0.0062082457858509,6.76602403620212e-06,-2.0886619963015738e-07,0.13666911577337437
2014-06-11,4.7157992518462575e-05,0.038553102156566106,0.0002829446102627581,0.021469070838861,4.453358897783547e-06,7.271652727187976e-07,0.09443487010266682
2014-06-12,4.667919578081926e-05,0.02982379403167922,0.0002949818376500599,0.0693271470114332,3.4996306571935268e-06,2.2649173159609804e-06,0.07497195696399603
2014-06-13,3.72024477228719e-05,0.02564799780788298,0.0003287704508462868,0.1370765640443361,2.83651845834764e-06,4.65618177773124e-06,0.0762454793157
2014-06-16,2.938646502467408e-05,0.02897384099130164,0.0003548523018856254,0.1417206785517363,2.9587178999563463e-06,4.887293732199306e-06,0.10068301503675538
2014-06-17,3.191330809025626e-05,0.03848311101215373,0.0003769160509548896,0.130731859531219,4.22064089040115e-06,4.506896300754358e-06,0.13225331822274458
2014-06-18,3.560112133469648e-05,0.04847490404554564,0.0003726504090719253,0.0440722709595888,5.583411000134471e-06,1.4782805734136914e-06,0.15683244770981233
2014-06-19,3.687128606172102e-05,0.06055897645681865,0.0003718058712324941,0.0279664330401805,7.090564157644521e-06,9.399062788471127e-07,0.1923058540940288
2014-06-20,3.6786047916274955e-05,0.06299405656028215,0.0003636242228748487,0.0670888127869907,7.2856372694996086e-06,2.2728840744209092e-06,0.19805436251487843
2014-06-23,3.78482539714106e-05,0.06066902961210445,0.00035577545447274965,0.0725734234251423,7.040085997247911e-06,2.457696215982377e-06,0.18600821064469114
2014-06-24,3.933090292313687e-05,0.05849944273179972,0.00036277536637119876,-0.0122679915276793,6.987753590208027e-06,-4.0355192302570006e-07,0.17766573027484192
2014-06-25,4.004889359785303e-05,0.08093118911794935,0.0003958630482410681,0.1014955944464598,1.01902224601814e-05,3.3057191816800188e-06,0.2544445437745548
2014-06-26,4.4267929857314866e-05,0.1070336403161909,0.0003893531447516526,0.1262177039122527,1.4051954872801722e-05,4.121381920619401e-06,0.3174296814442017
2014-06-27,3.536085878696092e-05,0.09669907368669341,0.000364243026291868,0.1455348719718862,1.0974363437633033e-05,4.7495954413763165e-06,0.31035341940506705
2014-06-30,3.524942345217237e-05,0.09244774270621553,0.0003510780720553303,0.1240999326309057,1.028428664452113e-05,4.050283238444803e-06,0.29175758458787854
2014-07-01,3.707778978776346e-05,0.09754275497198896,0.00033948239868548334,0.042522683572722,1.0943608990379557e-05,1.3538385768857233e-06,0.2951526790842103
2014-07-02,3.729144432547138e-05,0.10029063868531256,0.000336634864073826,0.0688405952372118,1.123684901146161e-05,2.217323791783609e-06,0.30132512201428585
2014-07-03,3.7850371933542936e-05,0.09745281881234516,0.0003317336517037372,0.0805621733963184,1.0920040422173843e-05,2.572669421907365e-06,0.2885054984756047
2014-07-07,3.637233936281704e-05,0.07069884664460992,0.0003184141410216817,0.1764665220699306,7.608413712365479e-06,5.753677906815594e-06,0.20918131320812045
2014-07-08,3.904012916123487e-05,0.04909243942947837,0.0003163237892797451,-0.0511782694163874,5.455520136474962e-06,-1.6291626764943076e-06,0.13974134444954792
2014-07-09,3.921043801203444e-05,0.036533109440239554,0.000304323241390496,-0.0977907237288404,3.990754805203871e-06,-3.0772250813767016e-06,0.10177786853538927
2014-07-10,3.784415060760939e-05,0.02992912925513369,0.00029721524097106854,-0.0801144051219181,3.1741613626644434e-06,-2.5571710877718233e-06,0.0838745568787111
2014-07-11,4.137743263306523e-05,0.03922401338765971,0.0002940636864070786,-0.0982478979667819,4.326677221975701e-06,-3.13575707633668e-06,0.10456611120232237
2014-07-14,3.5819786180035966e-05,0.029939084925050746,0.00029139549514032773,-0.0218408266386051,3.0587320480699156e-06,-7.118017964998176e-07,0.08539224753314383
2014-07-15,3.740515266448331e-05,0.09700551324108048,0.0002907968718607352,0.0024414542341762,1.0117122273464362e-05,7.934593199951127e-08,0.27047402704683265
2014-07-16,4.331224214055195e-05,0.17040411740463626,0.00029401273867874633,0.0239078740626729,1.9229522102874712e-05,7.84206712292887e-07,0.4439742934681899
2014-07-17,4.7474517764657056e-05,0.2315072189962277,0.0002934787323662286,-0.1814525087198079,2.732644499272691e-05,-5.516789312284392e-06,0.5756023711118219
2014-07-18,4.82618636397603e-05,0.28033446613306984,0.0002965133111011771,0.058431715809054,3.353517966372544e-05,1.736236391816397e-06,0.6948587794711195
2014-07-21,3.56854935741795e-05,0.21591274381784384,0.00033325496510353453,0.0715514948144794,2.354574545708538e-05,2.175454984196595e-06,0.6598128006311806
2014-07-22,3.6878426197529086e-05,0.16989405602648452,0.0003543899298583484,0.0238851595505697,1.9422496893418408e-05,7.48519842263584e-07,0.526662845897685
2014-07-23,3.8554343811198455e-05,0.13718486938590105,0.0003704231903420919,0.0482801507610356,1.639426519495501e-05,1.7958134695628823e-06,0.4252248533975347
2014-07-24,3.79220014302475e-05,0.1353634460740332,0.0003961462034889316,0.1644678104723412,1.659108454068714e-05,6.3616724189239614e-06,0.437505509069827
2014-07-25,3.58816002468109e-05,0.12960576812095348,0.00040457046984485864,0.1788518592553319,1.5615551319309445e-05,6.843236476499886e-06,0.4351966247853545
2014-07-28,3.90148494586092e-05,0.12470107052004523,0.00039834879899573516,0.1857211672549843,1.5545937078700736e-05,7.133318702625533e-06,0.3984620546900584
2014-07-29,3.5953585678647994e-05,0.14510132546642585,0.00038671773572689766,0.1619850209008007,1.7109587118385076e-05,6.825593049695956e-06,0.475879854413132
2014-07-30,3.539196672747045e-05,0.1634341709374361,0.0003886366947320784,0.1618675365267382,1.9167572505866578e-05,6.820649313929239e-06,0.5415797503841214
2014-07-31,4.5379445989039353e-05,0.30688684330242777,0.00043777342162274233,0.6330991503568801,4.325462589311122e-05,2.2635047107792252e-05,0.9531765968134264
2014-08-01,4.584672797284814e-05,0.3697572893523728,0.00047456028757347774,0.5522216738183046,5.4540185869672324e-05,1.962357742301705e-05,1.1896200291975627
2014-08-11,3.847004227028839e-05,0.3625751763137395,0.00045231272398475264,1.022024373317036,4.78276234218034e-05,6.004367189433876e-05,1.2432433290758862
2014-08-12,3.841634430365733e-05,0.35152205242620194,0.00042208187450033666,1.0299402283542736,4.4761944470114124e-05,6.134830828616864e-05,1.165179698419474
2014-08-13,3.776559449586869e-05,0.2981945019881219,0.0004045499076522525,0.9915340995460415,3.685817670650849e-05,5.773804015181572e-05,0.9759723684620013
2014-08-14,3.862814115860239e-05,0.2985196037755442,0.00039748812108193006,0.9834650113882868,3.6990213548737595e-05,6.014328590455971e-05,0.9575975555453299
2014-08-15,3.923523389055349e-05,0.29150397372596437,0.0003959205565854694,1.2467375225617354,3.63317760033279e-05,7.929836607749088e-05,0.9259987108698072
2014-08-18,5.8802594173761744e-05,0.3309201867272865,0.0003973519363062602,1.2254732518016298,5.058353431718337e-05,8.703801760179299e-05,0.8602262370892848
2014-08-19,5.790352204668287e-05,0.358750735881507,0.00039268102032948904,1.284501743823626,5.4096011589231655e-05,9.1558151186326e-05,0.9342438884048965
2014-08-20,5.609710643686182e-05,0.3795787536769656,0.0003859874716542543,1.2466365469514835,5.5854572218262226e-05,9.271884491676439e-05,0.9956765288977504
2014-08-21,5.441563613273725e-05,0.4164735543063349,0.00038065822331188924,1.2512260324719051,5.994002126815484e-05,9.459759911790998e-05,1.1015220169794915
2014-08-22,5.0059045313325706e-05,0.4584069921025741,0.0003720312040346486,1.2535920931894522,6.25579053457162e-05,9.476499267246506e-05,1.2496823491970053
2014-08-25,6.652021183637015e-05,0.4756790574440417,0.0003786112592627303,1.2853080696501602,7.54896836844826e-05,0.00010031509524630957,1.1348382935125947
2014-08-26,6.338834696697776e-05,0.4980666376523381,0.000383641550783338,1.2887963500131874,7.7670300285164e-05,0.00010061374554989563,1.2253088146568398
2014-08-27,6.228211919321129e-05,0.5481974746793367,0.0003824119587578367,1.301757602870981,8.460274490145291e-05,0.00010289814215166925,1.3583793550601366
2014-08-28,6.139493236265438e-05,0.4974851086247244,0.0003449565283740881,1.4004341820330664,7.239832729133472e-05,0.0001147764338530654,1.17922317861162
2014-08-29,6.15753093611576e-05,0.468395123350707,0.00033991005128033107,1.4047027275513044,6.776378713713512e-05,0.00011489848302033198,1.1005025852112287
2014-09-02,7.761239871585492e-05,0.45242565004414376,0.00035968996282460743,1.404447376957216,7.559219069895096e-05,0.00011527114602352208,0.9739705504490321
2014-09-03,7.595624179294328e-05,0.45294444272669415,0.0003688948779793162,1.3749237017482654,7.581898782203231e-05,0.00011402306441409828,0.998192986281692
2014-09-04,7.498131031863036e-05,0.48313993893919166,0.00037964704705306744,1.3793434423492372,8.151536283298148e-05,0.00011473443450134062,1.0871424157111271
2014-09-05,7.387822741090312e-05,0.48807317256103927,0.0003859903799968256,1.3705576977340157,8.24197723595921e-05,0.00011346728226311757,1.1156165388373733
2014-09-08,7.348698808482049e-05,0.4969937017265166,0.0003904274671799967,1.3612611143791735,8.418336678227311e-05,0.00011268628167001054,1.1455547298401534
2014-09-09,8.133593066383054e-05,0.47861359255336755,0.0004165970380443564,1.3285777509647063,8.810170990896641e-05,0.0001085900403635522,1.0831831539876209
2014-09-10,8.008754908927675e-05,0.5671743322471314,0.00042232358668139704,1.3614151273483892,0.00010430898962467919,0.00011101513361570333,1.302437030610112
2014-09-11,7.945435898388616e-05,0.5955108029246008,0.0004362633150747218,1.3603320656217512,0.00011087224870329245,0.0001109258546240014,1.39542059266727
2014-09-12,7.986652544186676e-05,0.5808868133528791,0.00043569886013364415,1.361459420886537,0.00010835953311016927,0.00010977063248015526,1.3567578220119518
2014-09-15,7.976789477234261e-05,0.5910663350201807,0.00042667205661793176,1.3642362482006594,0.0001090428992314762,0.00010994002686742523,1.3670023452754316
2014-09-16,8.12776222335961e-05,0.5628594545934941,0.0004288828914703799,1.3677661667249927,0.00010508841009605612,0.00010956630504420175,1.292956255462624
2014-09-17,8.038458733415224e-05,0.5529577191218598,0.00042389061435225137,1.3593796012106272,0.00010207166961088342,0.00010901355684502514,1.2697915483048974
2014-09-18,8.052555846541116e-05,0.5363536706080445,0.0004180112060370812,1.38806885407082,9.840385040262642e-05,0.00011062081373160325,1.2220200924765356
2014-09-19,7.686942885417954e-05,0.6693668760347256,0.0004106222331843659,1.43094668863275,0.00011892201923206115,0.00011358016638800734,1.5470652118107304
2014-09-22,7.562338268336147e-05,0.5454443412046871,0.0004392476839345742,1.3657264506382234,9.941072255805802e-05,0.00010627703483273728,1.3145500641553582
2014-09-23,7.716105522203933e-05,0.5436206029526726,0.00043352046834794827,1.3531058360683408,9.942595946363406e-05,0.00010400666721937049,1.2885510595665786
2014-09-24,7.845740621167833e-05,0.5645478892704453,0.00043047436003751437,1.380906439357775,0.00010375078842608459,0.00010474976993213939,1.3223836146987147
2014-09-25,8.684570042440597e-05,0.5537312756547653,0.00042563928261667606,1.4944525251675942,0.00010646186410627287,0.00010352944095182313,1.2258737460346882
2014-09-26,7.784867175631449e-05,0.49331294303054796,0.0004162299850280609,1.4979522080119168,8.880037410639674e-05,0.00010434055613370825,1.140679373237912
2014-09-29,7.945972408695768e-05,0.4858764252681282,0.00040425035389194514,1.5119824491211766,8.708123072615886e-05,0.00010607778628195897,1.0959166008537922
2014-09-30,7.034453028421699e-05,0.48344162841954313,0.0003900017817908878,1.502589552195312,8.00741812469376e-05,0.00010519670640262054,1.1383142502112014
2014-10-01,6.051441443903661e-05,0.4767640431992427,0.0003778345911476457,1.6121589082948196,7.209145146217122e-05,0.00010486669404142949,1.19131040315688
2014-10-02,5.727685640094654e-05,0.4654789950471033,0.0003696701291800112,1.6043613395554956,6.773246085289595e-05,0.00010429537381933458,1.1825450122255072
2014-10-03,5.732458945014978e-05,0.45124102342660033,0.0003363472435833946,1.7564301427481694,6.265748928907561e-05,0.00011303472371502328,1.0930298828143095
2014-10-06,5.950629355094935e-05,0.4199927968653578,0.00032826534006304885,1.7454104061640172,5.869968994351274e-05,0.00011224562503403807,0.9864450706084391
2014-10-07,5.823383972398379e-05,0.41373963165080213,0.00033641405743641136,1.941648168310131,5.7909778576236886e-05,0.00012577049435774122,0.9944351746461698
2014-10-08,6.403572465426801e-05,0.4799738896950185,0.00039384343847419007,1.8895930803707155,7.622379792567062e-05,0.00011161389872688957,1.1903324017524064
2014-10-09,6.579132724406009e-05,0.529592710531521,0.000449806362570393,1.6280754717431578,9.110435122010001e-05,9.089771282951526e-05,1.3847471245281084
2014-10-10,6.388921163395802e-05,0.5121914434509782,0.000446895270597946,1.6113744984957012,8.654639108664493e-05,8.655263176826767e-05,1.3546323216898843
2014-10-13,7.100010076144222e-05,0.4973202113398315,0.00044102136074522844,1.6632778417333962,8.800257996535993e-05,8.070120526411386e-05,1.2394711982317523
2014-10-14,5.126108009219706e-05,0.4879824883066564,0.00042751303341672487,1.4414010926946466,7.223917762490531e-05,8.055536507719561e-05,1.4092402558622938
2014-10-15,4.732231652345586e-05,0.48186882884389076,0.00042574125602243864,0.8103591968004015,6.839662939942307e-05,5.3181104027400265e-05,1.4453356138117515
2014-10-16,5.30327919984953e-05,0.4539931641845822,0.00042649344198558996,0.821128668482513,6.827752004559464e-05,5.3937919473697825e-05,1.2874585227858997
2014-10-17,4.626798859027275e-05,0.4550260775610581,0.00043177498053369206,0.8271079945179455,6.431397216484155e-05,5.2730339968574964e-05,1.3900317287266457
2014-10-20,4.9165393824874467e-05,0.49748029392916665,0.0006121608369903344,0.6272088267873107,8.630548838390989e-05,3.9165195656048135e-05,1.7554113100634814
2014-10-21,6.127847379397686e-05,0.46015906975931015,0.0006024675616709561,0.53919097801957,8.841557806451437e-05,2.9782284273982162e-05,1.4428488927739067
2014-10-22,6.0122674099070425e-05,0.4407150300267779,0.000613981784648009,0.4279241443241072,8.467491114267431e-05,2.2913458103528353e-05,1.4083690123820274
2014-10-23,6.055871725038731e-05,0.4126287405542595,0.0005888823301453532,0.4338231501043495,7.792235502147007e-05,2.2258851954660305e-05,1.2867240020836423
2014-10-24,5.99990058104541e-05,0.4075296695839201,0.0005602809985134455,0.4430345260971367,7.471954290337724e-05,2.2792278719840157e-05,1.2453463502283277
2014-10-27,5.8561423507449295e-05,0.39592771868350995,0.0005570781309220303,0.4988747065734122,7.151214007178993e-05,2.6992125034065704e-05,1.2211475710233246
2014-10-28,5.4522480778452264e-05,0.35363815558766615,0.0005450613263022249,0.4149472891927774,6.09634596676034e-05,2.1431070135633926e-05,1.1181343694782255
2014-10-29,5.3729820257279105e-05,0.322639969593623,0.0005256174573553217,0.7015835262925544,5.422015471007695e-05,4.1807502779173114e-05,1.0091259276589784
2014-10-30,5.3551839514494966e-05,0.3065757518725045,0.0004983747476586594,0.6686397403196976,5.008446201992751e-05,4.069332652240698e-05,0.9352519441721711
2014-10-31,5.56093263598845e-05,0.3090082634471308,0.0005333802668967787,0.3869868159875615,5.321846975291988e-05,2.3762671919098208e-05,0.9570061936824803
2014-11-03,5.4562010343014535e-05,0.2935631178876817,0.0005249384175786036,0.637406793004341,4.968220383175999e-05,4.348836555166292e-05,0.9105640264979845
2014-11-04,6.02491600622342e-05,0.27231609710396176,0.000491240080445205,0.6729091897788002,4.684850206754162e-05,4.67717595445778e-05,0.7775793391833112
2014-11-05,6.0354415020847636e-05,0.2517323215379819,0.0004675921979978411,0.7840507530617065,4.2288972340146556e-05,5.498909733034865e-05,0.7006773626343505
2014-11-06,5.86925643313682e-05,0.24848745481479956,0.00044192034977289055,0.8217976702770722,4.001916385288325e-05,5.747592663025527e-05,0.6818438469810568
2014-11-07,5.828791566618652e-05,0.24287615342643407,0.00043297083676034675,0.8109041302030692,3.858366350157439e-05,5.732348483805291e-05,0.6619496178683433
2014-11-10,5.7340540123530906e-05,0.24934713739668793,0.00042928780514070767,0.7465248458749935,3.9120964389366384e-05,5.3870285300102645e-05,0.6822566425967841
2014-11-11,6.57571982494724e-05,0.25055201655865655,0.0004179489013637864,0.8788394320566415,4.15366193755516e-05,6.699009056593563e-05,0.631666501634821
2014-11-12,6.673646336542344e-05,0.2674116215200502,0.00039800187183257644,0.8892523849005561,4.358172627883859e-05,6.788210535473679e-05,0.6530421913460063
2014-11-13,7.11343776232816e-05,0.26881413570350476,0.00040998898276517395,0.9326645547758886,4.590689969394048e-05,7.173931095875478e-05,0.6453546263813179
2014-11-14,6.859476809423724e-05,0.2724071134122616,0.00041529537035507857,1.005686300664008,4.597719638069138e-05,8.230849734245774e-05,0.6702726411659667
2014-11-17,6.853595565786147e-05,0.2790055116651028,0.0004192609212798992,0.93859106149503,4.729488908629861e-05,7.748824266509334e-05,0.6900741170430241
2014-11-18,7.650833651469074e-05,0.2992276593314051,0.00043781241820159454,0.9459693417157474,5.476462938894449e-05,7.75063885827695e-05,0.7157995047824477
2014-11-19,7.466095393809579e-05,0.31130289805097416,0.00045160845197573444,0.9024678037785808,5.7162466735024916e-05,7.743825554394848e-05,0.7656273288768916
2014-11-20,7.31046489834875e-05,0.3364814632029174,0.00046187011015646275,0.8476813004481466,6.18291919776141e-05,7.56429449362513e-05,0.8457627912498391
2014-11-21,7.04730363634149e-05,0.37872856820801803,0.00048091593576151623,0.7518055761167852,6.972269120328968e-05,6.812077891422094e-05,0.9893527340548257
2014-11-24,6.987047932397521e-05,0.39262719329118206,0.00045255460527771015,0.6838549341064126,6.981724880021777e-05,6.400343497638787e-05,0.9992381543067621
2014-11-25,8.166110492431963e-05,0.3715312843766306,0.00046474274138628177,0.6823910235928777,7.237845737015706e-05,6.649418810702056e-05,0.8863271864522851
2014-11-26,7.228929035700332e-05,0.3697265451003637,0.0004806862290974876,0.7492843054981886,6.892050539731127e-05,7.658562393335737e-05,0.9533985609340584
2014-11-28,6.63644735069259e-05,0.37641228651739,0.0005094952399646083,0.7384743096718078,6.921523264194543e-05,7.56312538004466e-05,1.0429561026310563
2014-12-01,6.796408095783602e-05,0.3894538798044034,0.0005148142217486385,0.6979979072257072,7.284856929257718e-05,7.239589436847975e-05,1.0718686733624991
2014-12-02,6.956629167082881e-05,0.40035707377125673,0.0005209647013384683,0.6796364147499024,7.621686515344322e-05,6.995552978766742e-05,1.0956005174759544
2014-12-03,9.973973303376368e-05,0.3676323649145169,0.0005273601177638958,0.6748370463371467,8.431434684624882e-05,6.947301228442457e-05,0.8453436186530288
2014-12-04,7.195368455764464e-05,0.36287328966954974,0.0005331568878375691,0.7040950757274321,7.107371769732007e-05,7.434530237582184e-05,0.9877703710972634
2014-12-05,6.914099334132158e-05,0.34047606448839457,0.0005564642130758531,0.7130993293267296,6.678409012855e-05,7.525461767762282e-05,0.965911637960761
2014-12-08,6.652863915801598e-05,0.356607687071745,0.0006047395592016126,0.5033999042338212,7.152851523122823e-05,5.3633633202549916e-05,1.075153740351381
2014-12-09,5.578278936298998e-05,0.3389097364088194,0.0006419640284991042,0.5147163110260703,6.413417404348324e-05,5.499773020623599e-05,1.1497125686230767
2014-12-10,7.622608908783083e-05,0.34793171905466547,0.0006760105119348485,0.4146327769397637,7.898098878981396e-05,4.16819268498674e-05,1.0361411655110473
2014-12-11,6.0199482263474304e-05,0.31478590343307605,0.0006154994805109232,0.4149024446025651,6.059342470247965e-05,4.153279719401313e-05,1.0065439506154086
2014-12-12,5.635062229218622e-05,0.2581308203341532,0.0005407127832259517,0.4226942561238683,4.5058065116394835e-05,3.9524770718335584e-05,0.7996019082586555
2014-12-15,5.5088696774690915e-05,0.24708293616917282,0.0005425761194320143,0.4416078883056071,4.2717353663317366e-05,4.0884061647865886e-05,0.7754286480587567
2014-12-16,5.154869882225274e-05,0.24424468253443452,0.0005406600255467944,0.3988745378906275,4.0775200144803686e-05,3.614558445364992e-05,0.7910034797464508
2014-12-17,8.951914955443635e-05,0.20777986749210534,0.000541296439416969,0.4264817380486831,4.573819523831202e-05,3.5477076229509785e-05,0.5109319678076114
2014-12-18,9.913276275332198e-05,0.17020760717865813,0.000621731899246181,0.8667159136708691,4.2256074192885495e-05,6.115090107177212e-05,0.426257404910966
2014-12-19,7.377698274922788e-05,0.2085967870464235,0.0006119810740289255,0.8559915462785775,4.432380704025684e-05,6.0389101584842264e-05,0.6007809670248505
2014-12-22,6.996587850894997e-05,0.24377457689583687,0.0006073935951567246,0.8888671023207348,5.025354012494068e-05,6.265645962809825e-05,0.7182578307583503
2014-12-23,6.063494070426503e-05,0.24403400368352146,0.00042127676948528717,0.8437997535068799,3.9002781447431826e-05,6.012964782238016e-05,0.6432393764126892
2014-12-24,5.292955813268682e-05,0.2733621034841365,0.00043804562457811175,0.8414549570195509,4.162431650605313e-05,6.035054703389611e-05,0.7864096730546462
2014-12-26,5.0003308753932844e-05,0.28692126183192246,0.0004396067785376788,0.8609039947993087,4.253968735783452e-05,6.197120670914638e-05,0.8507374495390508
2014-12-29,4.966432774890378e-05,0.29527713968376,0.0004751790922302066,0.8584528039855881,4.536080650963301e-05,6.178473084205378e-05,0.9133478407071409
2014-12-30,4.653062419950052e-05,0.29333729964828853,0.0005122765590670663,0.9358800821736232,4.528860784698826e-05,7.104137807653546e-05,0.9733075501590716
2014-12-31,4.3755181092948726e-05,0.2836353678626348,0.0005360060009901518,0.8932704187609689,4.3437013015386604e-05,6.605155591442887e-05,0.9927284479320005
2015-01-02,6.483180836307134e-05,0.2929036746148996,0.0005554331036320107,0.8975344145950603,5.5582076541513095e-05,7.189927297623554e-05,0.8573272587160016
2015-01-05,8.284505496642122e-05,0.2894474731115448,0.0006603709765706786,0.6915416989843985,6.770130599878269e-05,5.020011817553816e-05,0.8172039480959171
2015-01-06,7.372029621424698e-05,0.25896238490145845,0.000652817670613879,0.539734884677656,5.681018094729513e-05,3.9741528313363595e-05,0.7706179148031712
2015-01-07,7.097584833724285e-05,0.22713538411063958,0.0005799875718787924,0.5931688364696106,4.608392228077662e-05,4.2415348488584675e-05,0.6492901932190812
2015-01-08,6.58935484829367e-05,0.23023262057973012,0.0006605948547122231,0.4134344105260547,4.803479017933041e-05,2.8341739295052526e-05,0.7289756172680417
2015-01-09,5.142752848602693e-05,0.2123422964095629,0.0006670406062968796,0.343694626007429,3.932877983662372e-05,2.3097275738572e-05,0.7647417831348733
2015-01-12,5.214866604959718e-05,0.2140842352605253,0.0007289851778545991,0.3706117438081132,4.174126810055341e-05,2.538102027325557e-05,0.8004282997546749
2015-01-13,5.1084978694142575e-05,0.21230502842535404,0.0008068213781563789,0.3227439575480074,4.3101817862444354e-05,2.221909569949819e-05,0.8437278230163269
2015-01-14,5.779000718727771e-05,0.20365555076264227,0.0007726474943306974,0.3084237093695289,4.303415958769774e-05,2.0974337135171955e-05,0.7446643750750662
2015-01-15,5.577655409897309e-05,0.1967111563259054,0.0007683276080371409,0.3790027006380964,4.072190164532464e-05,2.493819352915023e-05,0.7300899509328844
2015-01-16,7.006830803083834e-05,0.19555922408903595,0.0007756924932732782,0.2964336874858171,4.5591503561544125e-05,1.8823330456225032e-05,0.6506722488786011
2015-01-20,6.698197984101967e-05,0.18996089005737055,0.000731111942081847,0.223486240822509,4.203733007274377e-05,1.5376882783460352e-05,0.627591632443808
2015-01-21,5.396910834789416e-05,0.192329659298497,0.0006892027065371058,0.1996599336698416,3.7093035132779646e-05,1.3668826000571044e-05,0.6873012408074552
2015-01-22,5.806897077464812e-05,0.20260201245047538,0.0006832289908328915,0.0495992335548384,4.035514965827171e-05,3.158660818694668e-06,0.694952039272066
2015-01-23,5.910063936486745e-05,0.19209477057033217,0.0006990920354450696,0.1606172578786147,3.904620309894686e-05,1.0634916671736644e-05,0.66067310808414
2015-01-26,6.288399592442454e-05,0.1604035814181607,0.0006668365225016686,0.1502774277977896,3.284685665703749e-05,1.0212173540467493e-05,0.5223404806608285
2015-01-27,6.964065036165525e-05,0.15511502898480997,0.0006153928658016791,0.171715138669388,3.211156825806163e-05,1.1013618837389165e-05,0.46110379629284076
2015-01-28,7.988841611727443e-05,0.15192411891165458,0.0005812961207049428,0.1396328680429375,3.273914580611112e-05,8.41476135916402e-06,0.409810926255576
2015-01-29,8.021798542057233e-05,0.16590968192458236,0.0005537333798838094,0.200747570794464,3.496696656938724e-05,1.1933227304661202e-05,0.4358993358666394
2015-01-30,7.830236811365751e-05,0.14694890521754916,0.0005519788318256755,0.3137350640230117,3.055026732061674e-05,1.7451455972139677e-05,0.39015764218359766
2015-02-02,6.708254753246161e-05,0.1396678034153331,0.0005443957676080138,0.2867035090621092,2.66906067474627e-05,1.5122052699132046e-05,0.3978770593729609
2015-02-03,8.067150173734702e-05,0.14025564138821806,0.000564470040449428,0.1095698355780244,2.9929596204286178e-05,5.3419123221301806e-06,0.37100581444153546
2015-02-04,7.910110058857453e-05,0.18196606737921178,0.0005395801009744415,0.1302281986433696,3.759322940509777e-05,6.3641273326204044e-06,0.47525545315266815
2015-02-05,8.520627788871464e-05,0.20996190669869913,0.0005268671422287827,0.2339456454323293,4.448635903325962e-05,1.1079921619285555e-05,0.5221018936111951
2015-02-06,8.507292515013707e-05,0.22177482022267986,0.0005261524152313052,0.2423805234370388,4.692061576314882e-05,1.1438210049014182e-05,0.5515340595182676
2015-02-09,6.296753465448077e-05,0.1827840127485699,0.000532228083393952,0.2839010104288169,3.3461503096376764e-05,1.3336780525972935e-05,0.5314088169401697
2015-02-10,6.653518645016198e-05,0.1624997284474364,0.0005446489127619193,0.1762086547072516,3.0934040457772636e-05,7.871932912672555e-06,0.4649275384678407
2015-02-11,6.58212274519105e-05,0.151151147134868,0.0005308145281357526,0.1837378331422394,2.8253082417022638e-05,8.790695703130378e-06,0.42923967708843713
2015-02-12,6.625281595902424e-05,0.14849692196158046,0.0006523585183394208,0.4392780746885824,3.087185967345831e-05,2.092905732140935e-05,0.4659705285968797
2015-02-13,6.59493776327874e-05,0.157334078356111,0.0005890282107766512,0.416790399965962,3.100960246947144e-05,1.9715255674441034e-05,0.47020311006020327
2015-02-17,5.2818371217651516e-05,0.17245630402077977,0.0005497095000455577,0.495121247546121,2.938584596961239e-05,2.366176910482595e-05,0.5563565345194108
2015-02-18,4.925751255554142e-05,0.18728745510850797,0.0006083319796311126,0.4529120466675257,3.2420167223428604e-05,2.1705443088975354e-05,0.6581771092657697
2015-02-19,5.2538640297651296e-05,0.20022786791154923,0.0006415883570902227,0.5046218247169507,3.676141117765693e-05,2.4229434661811225e-05,0.6997023708529496
2015-02-20,5.811623348480445e-05,0.2086270970750155,0.0006431213178196856,0.5201528933536872,4.033349885569835e-05,2.4773065656231504e-05,0.6940143301999135
2015-02-23,5.7842904366347e-05,0.21609105485242053,0.0006274217012289219,0.5111242051370377,4.116627805783871e-05,2.4460804423005952e-05,0.7116910623490277
2015-02-24,5.363774172174018e-05,0.2090393578951538,0.0006133746741436643,0.5659961433525247,3.7916323954706486e-05,2.7192112856280127e-05,0.706896352038968
2015-02-25,4.6420168910813084e-05,0.2222779720856834,0.0005402755707941233,0.5889856105656527,3.520119844576497e-05,2.9587086826175766e-05,0.7583168969806404
2015-02-26,6.082008377129165e-05,0.20392228216352323,0.0005573901356313216,0.7951858264043751,3.754635906474391e-05,4.210900138787567e-05,0.6173348791483674
2015-02-27,6.477291200020017e-05,0.23363245452554093,0.0005723890727561285,0.7639102122767489,4.4985810536772706e-05,4.0391042792153196e-05,0.6945157959956113
2015-03-02,7.10002492943561e-05,0.24200713949970548,0.0005723959129991179,0.7658828716875049,4.878725431559413e-05,4.203543847956638e-05,0.6871420142953256
2015-03-03,6.22129036386534e-05,0.24649901972052057,0.0005625426847579088,0.7789800971869688,4.611404011392381e-05,4.2756009613759355e-05,0.7412295105492034
2015-03-04,6.357489191775788e-05,0.2571969770811706,0.0005504480930852572,0.7552080569332668,4.8113490057106126e-05,4.1483405442126645e-05,0.7568001864532774
2015-03-05,6.337223751236057e-05,0.2619598885195841,0.0005329340334089692,0.8009326990973743,4.814165821345543e-05,4.7092491365886926e-05,0.7596648012320149
2015-03-06,6.737776824421294e-05,0.27636813611904704,0.0005408754022768511,0.7476435457942632,5.2758798433439195e-05,4.087110318710996e-05,0.7830297709210728
2015-03-09,6.459093954914395e-05,0.26810601028201053,0.0005194111078935812,0.7651025877413414,4.910751606282071e-05,4.17437325305972e-05,0.7602849007244632
2015-03-10,6.248974140729342e-05,0.282251611531994,0.0005098882786422321,0.7638932897984605,5.038233696620418e-05,3.6830045746175814e-05,0.806249727260415
2015-03-11,5.4252554100076106e-05,0.2597649754191806,0.0004420176340235846,0.905304473595582,4.0226336861440215e-05,4.5392560898834325e-05,0.7414643887039373
2015-03-12,5.508043688697334e-05,0.25981633434791745,0.0004691315293839985,1.1384110997933137,4.176499659542576e-05,5.3396224324651196e-05,0.7582546355093143
2015-03-13,5.707193087433516e-05,0.25979590876230074,0.0004676717354848112,1.249859297827736,4.244378952645199e-05,5.7465337961508205e-05,0.7436893911984088
2015-03-16,5.2149496476829495e-05,0.255929804854199,0.0004201178710791366,1.2512180915107949,3.788187819430583e-05,5.299188636661341e-05,0.7264092801190727
2015-03-17,4.691748238540657e-05,0.30942205520172067,0.0004210808138193279,1.2894349411905024,4.349119521723207e-05,5.429944455557761e-05,0.9269720583037886
2015-03-18,5.051902620859181e-05,0.33595111527235094,0.00042035192292388886,1.0574407114700335,4.8956469571358465e-05,4.148349510881127e-05,0.9690699375165787
2015-03-19,5.142834644805491e-05,0.3483246204609033,0.0003557250514320578,1.0619132253311945,4.711320816280253e-05,4.125645126802839e-05,0.9160941662860795
2015-03-20,5.066833282542825e-05,0.3596961267739087,0.00037313239098362295,1.072432191606662,4.945788542986541e-05,4.420219551948488e-05,0.976110376480448
2015-03-23,5.007282454924587e-05,0.3565749185125383,0.00038860272437566404,0.9982837386436276,4.9739882749793354e-05,4.3003396744118334e-05,0.9933508484402538
2015-03-24,4.2218867344400384e-05,0.35606937741379513,0.0003833572088328898,0.9407139752147796,4.5299116450150956e-05,3.980749782166459e-05,1.0729590654487113
2015-03-25,4.692159710753298e-05,0.3659863879794753,0.00039393922637756464,1.2012151972959828,4.97583464964868e-05,4.571897562883261e-05,1.0604572214891295
2015-03-26,4.732340893496746e-05,0.37322799181779975,0.0003845410522542045,1.1915233408729005,5.034815655580805e-05,4.51592265895826e-05,1.063916520151734
2015-03-27,4.354358066573599e-05,0.40500698816733727,0.00037034168328217877,1.2238650944756653,5.1431108447708505e-05,4.638286421805343e-05,1.1811410008405472
2015-03-30,4.5502666776921666e-05,0.3711824146537923,0.0003458096393887303,1.1970135774430837,4.6561221502173954e-05,4.181004371892506e-05,1.023263575527164
2015-03-31,3.983451498744685e-05,0.3718552490355118,0.0003460884031345133,1.304454306494536,4.366135470193593e-05,4.540676113231911e-05,1.0960684400373655
2015-04-01,4.176214734580363e-05,0.3636477973312685,0.0003541581029861432,1.3030331828727293,4.422531789679644e-05,4.502729497467945e-05,1.0589809362674047
2015-04-02,4.894523588776545e-05,0.37954493997047817,0.00043122511640894306,1.3996786287477068,5.5140467369459544e-05,4.9375377891041864e-05,1.1265747599194365
2015-04-06,4.8199312485919956e-05,0.361680177416695,0.000418877052417246,1.4357798227993108,5.139115911773043e-05,4.9233498132225655e-05,1.0662218290508372
2015-04-07,4.533264144371158e-05,0.35198056303947817,0.00041387806138133503,1.4141806391055909,4.8212582762445124e-05,5.2621705917323616e-05,1.06352908692315
2015-04-08,4.177649686660928e-05,0.36064373408061706,0.0004002728723781188,1.4156392030580198,4.6636127375138925e-05,5.265195159645946e-05,1.1163245095453134
2015-04-09,4.664355209638432e-05,0.40104357933452867,0.0003660951629080052,1.423146487146152,5.24064052968585e-05,5.44020371540631e-05,1.1235509077131565
2015-04-10,4.853778747139849e-05,0.4016013046079144,0.00036813007726975466,1.4154702342265273,5.3682873426808206e-05,5.375512722173705e-05,1.1060016581604903
2015-04-13,4.467938122611643e-05,0.3925412630714894,0.0004108156904484729,1.2939289205832367,5.318172276119626e-05,4.939718359490794e-05,1.1902967610954729
2015-04-14,4.646938254229903e-05,0.39871658140567473,0.000403915365799468,1.2882960621556616,5.462518683965761e-05,4.91537062150881e-05,1.1755092030744052
2015-04-15,4.691423215315267e-05,0.4052987422986005,0.00038980310206653766,1.3232989206188197,5.4808789175134774e-05,5.304128591170114e-05,1.168276377117505
2015-04-16,4.176974619173272e-05,0.43210570117113317,0.000378889895725053,1.2754192165570415,5.4359746949682397e-05,5.370430508590126e-05,1.3014143466459835
2015-04-17,4.332386275975345e-05,0.43404978932170685,0.0003676669423181204,1.3505692801981142,5.478105945013226e-05,5.332373966817504e-05,1.2644546437124762
2015-04-20,4.305137811564542e-05,0.38884392715630617,0.0002675388341245339,1.4939637253529965,4.1731333720699936e-05,5.637797595171824e-05,0.969337929406126
2015-04-21,4.4326391543702614e-05,0.38874706341163706,0.0002888932070358884,1.547265817244815,4.399131817922438e-05,6.02778120526547e-05,0.9924407705475444
2015-04-22,3.760113128202133e-05,0.413182569035869,0.0003254407742088556,1.4412891926118538,4.570654876285956e-05,5.5669380220661886e-05,1.215563128142205
2015-04-23,3.981692672329287e-05,0.42468587474799285,0.0003169330540282778,1.4995495451443817,4.770736742911978e-05,5.76851305846287e-05,1.1981679992697931
2015-04-24,4.472325784062566e-05,0.4278048154134103,0.0003202284882329421,1.3625533580626463,5.119674701488465e-05,6.557158557169335e-05,1.1447454744313956
2015-04-27,4.8016264703360416e-05,0.43380264341369934,0.00032100736547190453,1.366720696154228,5.3857213383268625e-05,6.559991425590157e-05,1.1216452115963829
2015-04-28,4.837591330570472e-05,0.4341406242232106,0.0003204484717833869,1.5265566898623626,5.4053537008276245e-05,7.52909448921786e-05,1.1173646824338506
2015-04-29,4.7158652268819175e-05,0.4917438763735655,0.0003187346452984139,1.4942407040862222,6.028847369012463e-05,7.323155559189568e-05,1.2784180800261495
2015-04-30,4.7296624411946914e-05,0.5139047469232308,0.0003152444094463104,1.4970855870826236,6.275110806376423e-05,7.032737681396071e-05,1.3267565887411108
2015-05-01,5.0018555724514286e-05,0.5764368899002612,0.0003379018907367228,1.343894080439162,7.493982092469626e-05,6.0714812049574856e-05,1.4982403997716385
2015-05-04,4.992916004912971e-05,0.5255145970708411,0.0003265556011137614,1.2846594896971668,6.710277529052297e-05,6.557674238083177e-05,1.3439596264887017
2015-05-05,5.102770643270727e-05,0.4968878798832722,0.0003231407561733597,1.3668997024659295,6.380537950965404e-05,6.623327863549295e-05,1.2504065726292697
2015-05-06,5.61480236098465e-05,0.5201217814559521,0.0003151753056151952,1.5486294804892595,6.919080279864834e-05,8.023746148660103e-05,1.2322927567216198
2015-05-07,5.2055366505413186e-05,0.5028077951328022,0.0003072220728745244,1.5459352325610394,6.358592066367741e-05,8.376544900231942e-05,1.2215055801607924
2015-05-08,4.9463315458690945e-05,0.5362766830498834,0.00031330935627204697,1.5280766472058964,6.6760135314968e-05,7.750569482577366e-05,1.3496898599674827
2015-05-11,4.237087867236375e-05,0.5358114697360953,0.00031061063545358576,1.4867682966509486,6.146868215046792e-05,7.464802183495407e-05,1.450729465059705
2015-05-12,4.7490306282055044e-05,0.5544138110871609,0.0003091662044843937,1.6138805249718222,6.717884502346975e-05,8.295063932744465e-05,1.4145801592535596
2015-05-13,4.663897325113825e-05,0.5733932759123842,0.00030616135096571217,1.6112032627584194,6.851761998791583e-05,8.282590462065762e-05,1.4691065264015781
2015-05-14,4.9144732522979803e-05,0.6056983865983668,0.0003257251295687744,1.5318573452240103,7.663383109430042e-05,7.511231369809171e-05,1.5593498460586162
2015-05-15,5.102390807027307e-05,0.674412223244274,0.0003044564438047148,1.5428932883370816,8.405719197917432e-05,7.615618034492174e-05,1.6474079536088437
2015-05-18,5.1224895533544154e-05,0.726206890776326,0.0002960259965136595,1.5217403366882294,8.942641733167991e-05,7.484795387769338e-05,1.7457608531991995
2015-05-19,5.107054978153525e-05,0.6898503149179854,0.00029135539894580763,1.537614441821319,8.414952493832032e-05,7.664960346134501e-05,1.6477113580779368
2015-05-20,4.960583034370502e-05,0.6694698975709223,0.00029590004547032465,1.4551596190615763,8.110916522647549e-05,7.585603302150438e-05,1.6350732295879862
2015-05-21,4.7917991249736124e-05,0.570136695029379,0.00026303683758536307,1.4971976773575442,6.400834276730076e-05,7.855348951407423e-05,1.335789357982598
2015-05-22,4.8649795894238564e-05,0.5734501738799878,0.00027688657848242706,1.42275374068388,6.655599070176225e-05,7.979876680235143e-05,1.3680631023910268
2015-05-26,5.2044924254716454e-05,0.4982864479686232,0.0002911554927656588,1.3797823050615496,6.133816224697414e-05,7.540731825063374e-05,1.1785618506576174
2015-05-27,5.41376103742017e-05,0.4209647373318539,0.00030071148299031246,1.4569998048182855,5.371186908803975e-05,7.661581884768379e-05,0.9921359424027176
2015-05-28,5.2639353679274204e-05,0.38630115979059343,0.0003037603757455838,1.4530473139199505,4.884800673403873e-05,7.643689323414123e-05,0.9279750475597452
2015-05-29,4.7121939363217764e-05,0.41169435822522166,0.0003053813138756709,1.4591935611506857,4.9386440213550106e-05,7.588363156120191e-05,1.048056189557002
2015-06-01,4.566975475334599e-05,0.38487404247398643,0.00031207578941160367,1.473588726595009,4.594761781708279e-05,7.657182254238083e-05,1.006084181210026
2015-06-02,4.848176142599366e-05,0.3717702030512342,0.0003210130273413109,1.474290941740192,4.637939747619357e-05,7.699065995044423e-05,0.9566359825228442
2015-06-03,4.583723039523311e-05,0.3348179781113132,0.0003224371321555248,1.364923893391402,4.07043176324964e-05,7.298572594845424e-05,0.8880186974981255
2015-06-04,5.208668778062701e-05,0.37709356176215153,0.0003298234012562049,1.3280343701820454,4.9425744664425767e-05,6.907167169100921e-05,0.948913182435245
2015-06-05,5.356843740955158e-05,0.390056634612524,0.00033568077089401994,1.4835242138720064,5.2305263031275744e-05,8.241611671980138e-05,0.9764194283171194
2015-06-08,5.4875341169450945e-05,0.4500994648909014,0.0002853768617983549,1.3811926491917283,5.632568631637505e-05,7.812521601130832e-05,1.0264298155786502
2015-06-10,5.7400521339002106e-05,0.45683999068336495,0.00030403733394951057,1.436444835378139,6.0351141690424156e-05,7.66212752435909e-05,1.0514040688584685
2015-06-11,5.7399555912391706e-05,0.45796517481880683,0.000311152565163242,1.3964002834663365,6.120309900516258e-05,7.45823458496881e-05,1.0662643296156538
2015-06-12,5.544172754801711e-05,0.46281576525747026,0.0003337381816312426,1.4080695715947824,6.295488994910553e-05,7.438222708876487e-05,1.135514579602185
2015-06-15,5.424960916028536e-05,0.4487356156949746,0.0003331152047490164,1.3847598494812916,6.032343662552267e-05,7.282848268595704e-05,1.1119607598884562
2015-06-16,5.423174022350414e-05,0.4402535621708868,0.00028870636767544495,1.4115331015405064,5.508810463544226e-05,7.52608399898054e-05,1.0157908340836714
2015-06-17,5.412494915971205e-05,0.4340073084228091,0.0002915979185468993,1.4491879817532456,5.452403693948085e-05,9.116497653869525e-05,1.0073734532034602
2015-06-18,5.572982074389677e-05,0.415487001479282,0.00030267353757645036,1.8309343663506792,5.396205631622063e-05,0.00014811435630424693,0.9682797395706726
2015-06-19,6.241618085312648e-05,0.4614248480733194,0.00032239112798364115,1.599309005329291,6.545474186380785e-05,0.0001848487119358336,1.0486822642646385
2015-06-22,6.257165974145031e-05,0.5132780035093406,0.00035989897540523547,1.6100356144871408,7.70250157205722e-05,0.00018727520993776502,1.2309888540410145
2015-06-23,5.295413252336654e-05,0.5822370939651041,0.0003889406323796952,1.4176448068741454,8.355865823997215e-05,0.00021617291266518777,1.5779440481458373
2015-06-24,5.124155217210486e-05,0.6318013830880009,0.00040044257688936396,1.2312896641532096,9.050276219455883e-05,0.0002057654026222154,1.7661986875531688
2015-06-25,5.1531038942745836e-05,0.624185296710374,0.00037299416097276433,1.2356792862241726,8.653643506083313e-05,0.00020644447187643036,1.6793070125556842
2015-06-26,9.885673436567757e-05,0.6515043874250053,0.0003983245979907695,1.2442645484801311,0.00012928229050014823,0.00020918416521498295,1.307774238444136
2015-06-29,0.00010219846828200267,0.6036009929158925,0.00039571626548941545,1.2123526709371335,0.0001213847392739656,0.00021602741471202607,1.1877354065524843
2015-06-30,8.697755639475864e-05,0.5500665269173707,0.00042106598805444494,1.2214727342770495,0.00010526740085880637,0.00022859169485552234,1.210282344344522
2015-07-01,9.667073925185136e-05,0.5572904750423817,0.0005121924065651377,1.1820227895577986,0.0001240068592066681,0.0002190272311775881,1.2827755344210137
2015-07-02,9.521395937942913e-05,0.5181423708078675,0.0005591978847357748,1.169265816032235,0.00011955897429143785,0.00022169756685242153,1.2556874545568832
2015-07-06,0.000172264093177785,0.528765862199195,0.0005588060332522819,1.2016849092697632,0.00016405570335770175,0.00024645675322430827,0.952349966445928
2015-07-07,0.00016730584927433944,0.5126216746917681,0.0005042670199905756,1.1765283453294404,0.0001488959243578002,0.00024378279747892838,0.8899624550104546
2015-07-08,0.00018325021701855255,0.489855658567763,0.0005225314230521079,1.1853363152377625,0.00015158163395544375,0.00024014851045511593,0.8271839260091974
2015-07-09,0.00017483634785152047,0.5151730116409547,0.0005456906379582585,1.1686468481472267,0.00015912639282110553,0.00023736166124376326,0.9101447998458729
2015-07-10,0.0001852458943863911,0.5830150563960652,0.0006408166372947762,1.1185086527946064,0.00020087271782276794,0.00022265528923504335,1.0843571917647037
2015-07-13,0.00021177015433928543,0.6057937746608955,0.0006557330807910498,1.1070328869645272,0.00022574634604585796,0.0002213123712615991,1.0659969850339757
2015-07-14,0.0001959846645507268,0.6100546344503983,0.000667463108140049,1.0919318156114213,0.00022064465375805877,0.00021992914632419218,1.1258261163640648
2015-07-15,0.00017788056160659394,0.6167031034160874,0.0006530468545973341,1.0912128418907288,0.0002101902423325268,0.00021979708692951668,1.1816369390455936
2015-07-16,0.00018174519139179188,0.6472523999274892,0.0007181987058112386,1.0156833728844945,0.00023384465253206387,0.0002118759999947466,1.2866621160169245
2015-07-17,0.00017984339911716185,0.6554145298392089,0.0006921158459536918,1.018999725128798,0.00023123454336171665,0.00021352346158489126,1.285754965135391
2015-07-20,0.0001933298802508964,0.6110669197231932,0.0006524575980654146,1.0016199586001908,0.0002170273218411333,0.00021259057793948365,1.1225751630295493
2015-07-21,0.00019419877324157122,0.621326436122922,0.0006362287928883235,1.0026981615540678,0.0002183985411751374,0.0002127374978764527,1.1246133924000805
2015-07-22,0.00018582236281108658,0.6230527296092202,0.0006115833015454264,0.9997687815007964,0.00021003980265133765,0.00021217387118977238,1.1303257555974109
2015-07-23,0.00018795658724473803,0.6345041657238123,0.0006028805158174856,0.9974705282885012,0.00021358899749620701,0.00021144668178211328,1.1363740990790232
2015-07-24,0.00019329917782205091,0.595806273796676,0.0005798136944422314,1.0289163650646451,0.00019946390156548601,0.0002292206554416431,1.0318921363913418
