Date,Predicted_Index_Var,Predicted_Corr,Predicted_Var,Future_Beta_45d_BIDU,Predicted_Covariance,Future_Cov_45_BIDU,Beta_Predicted
2013-02-28,5.497886498863307e-05,0.4659618564673208,0.00047047313507106664,1.439696604841637,7.494034127262196e-05,7.88503463216561e-05,1.363075452505539
2013-03-01,5.488021190183326e-05,0.4720384884974115,0.0004710100344641424,1.442778237908012,7.589276584472031e-05,7.89439635181919e-05,1.3828803354563055
2013-03-04,5.501029900576039e-05,0.4628822451751541,0.00045936312068872856,1.5137239831019356,7.358183062952068e-05,8.275871471241978e-05,1.3376009939850642
2013-03-05,5.845535101370509e-05,0.4603976119636117,0.000459565159545031,1.5590835987347609,7.546033814619449e-05,8.355873313004575e-05,1.2909055687391648
2013-03-06,5.9250468430820016e-05,0.46117701467846517,0.0004619641459160152,1.5262581701979407,7.629879566826093e-05,8.236335397267331e-05,1.2877332059804099
2013-03-07,5.369174155549812e-05,0.47595317891221983,0.000467949403589205,1.5326530069392146,7.544273535864372e-05,8.284285602499238e-05,1.405108740618198
2013-03-08,4.524810700565277e-05,0.5514576419209035,0.0004627717147775141,1.5618340125206869,7.979869149702899e-05,8.408100930544413e-05,1.7635807722753987
2013-03-11,4.8373919939468494e-05,0.553643612358196,0.00046913375104674313,1.496591431541705,8.340349955120746e-05,8.314515803065542e-05,1.7241418445222625
2013-03-12,5.1431479865635213e-05,0.5544115339991034,0.00047606950710808623,1.475811519130668,8.675249016368401e-05,8.20877557838767e-05,1.6867585842430544
2013-03-13,5.5261000285198275e-05,0.5679717751931803,0.0004781996985458753,1.4798768124210309,9.232956178957717e-05,8.35448138246996e-05,1.6707906355851425
2013-03-14,6.195858588029715e-05,0.5546751209504523,0.00048649899771431457,1.5402089836416737,9.630091424891432e-05,8.880969958939593e-05,1.5542787634786552
2013-03-15,6.386120353979619e-05,0.5306116922060153,0.00048230849422648957,1.4858520349595554,9.312318481017246e-05,8.399141443360297e-05,1.4582121796708887
2013-03-18,6.402550064969363e-05,0.5876038755839074,0.0004547430157588204,1.5109657725828571,0.00010026380036043624,8.366105072568117e-05,1.565997912441408
2013-03-19,6.71640875084588e-05,0.564004224900597,0.0004568900289050876,1.604816851345795,9.879995726683436e-05,9.12896398506645e-05,1.471023592100336
2013-03-20,6.839791392936718e-05,0.5245285072911093,0.00047311206081863293,1.5961481389248586,9.435665452281208e-05,9.038789204712504e-05,1.379525326170793
2013-03-21,6.814178529168062e-05,0.5167153762846727,0.0005010304892893618,1.6177795700507576,9.547512082897358e-05,8.811305568604596e-05,1.4011244410502708
2013-03-22,6.79733209422515e-05,0.49396207238845213,0.0005185367700397871,1.6332050478265183,9.27369113433831e-05,8.812734529317692e-05,1.3643133814540287
2013-03-25,7.243408887933498e-05,0.47664404035686964,0.0005358595404749601,1.6075868442151142,9.390552644957888e-05,8.790289645503892e-05,1.2964272472041762
2013-03-26,7.339742545776695e-05,0.45962626203521045,0.0005427691449202209,1.6267192478676926,9.17387512470158e-05,8.753912082831166e-05,1.2498905877809365
2013-03-27,7.311742529462491e-05,0.4562043383269126,0.0005569327767040443,1.5687096368454354,9.206005814731935e-05,9.310804263326416e-05,1.2590713879265518
2013-03-28,6.422356192814954e-05,0.4570403549944571,0.0005619488769461217,1.5558834847669958,8.682607047710337e-05,9.291219120507248e-05,1.351934833110635
2013-04-01,6.678777769649997e-05,0.45214378489482304,0.0005676016378361877,1.543645221567628,8.803327970442892e-05,9.250737472960558e-05,1.318104640410012
2013-04-02,6.451960799026473e-05,0.4487366501956662,0.0005725589760576966,1.488128571068845,8.624769860989749e-05,9.614454535210577e-05,1.3367672448182153
2013-04-03,6.836168011312682e-05,0.4262278435898075,0.0005675322561541108,1.5221194491691776,8.395439875692202e-05,9.644100633226922e-05,1.2280915070839677
2013-04-04,6.901245142532413e-05,0.4309356458201003,0.0005704793861231454,1.6042155019706112,8.550590826188336e-05,0.00010615324213715488,1.2389924788341449
2013-04-05,6.697476452894188e-05,0.4363753855998791,0.0005897366012932368,1.5762634504804485,8.67251150325538e-05,0.00010315648470023073,1.294892421683352
2013-04-08,7.273438811092278e-05,0.43914897337561337,0.0006045157094413849,1.6719394380465893,9.208429389386785e-05,0.00011327501089657157,1.2660351765582425
2013-04-09,7.022991067372413e-05,0.4405809440866868,0.0006190501621544999,1.6933228643314615,9.186491722929931e-05,0.00011766535791643632,1.3080597191143761
2013-04-10,6.636144982931065e-05,0.4208985738513542,0.0006731967059973059,1.5328731895837922,8.896237696228867e-05,0.00010914123242528502,1.340573136830347
2013-04-11,6.716170407401359e-05,0.45872371623006736,0.0005491989871900175,1.5683799869119242,8.810020342028848e-05,0.00011316151861810734,1.3117624788555131
2013-04-12,6.98842565011876e-05,0.4626522529311172,0.0005591271906704622,1.5351429105892542,9.145335919137943e-05,0.00011216380395617444,1.308640368661936
2013-04-15,9.593981606210937e-05,0.46653147932826605,0.0005711695746597767,1.6149464627065155,0.0001092101306181773,9.747216844313426e-05,1.1383191577882223
2013-04-16,8.836558039441448e-05,0.45851299505361265,0.0005850231849761024,1.6100529915891206,0.00010425088607643555,9.876813661965041e-05,1.1797680229238348
2013-04-17,8.959564094882932e-05,0.45571450464360996,0.0005943142385871432,1.416647132416101,0.00010515849443091116,0.00010067847566744646,1.173701011759827
2013-04-18,9.719405369416862e-05,0.4519160500093216,0.0006052846050654635,1.3767370708924789,0.00010961182980249505,9.657351575979297e-05,1.1277627142438185
2013-04-19,7.72897485213767e-05,0.4511286197262781,0.0006124149576189392,1.4992767832731988,9.814862539397553e-05,0.00010879954833452338,1.2698789590035955
2013-04-22,7.797978274745508e-05,0.44880312423518826,0.0006189591316708513,1.5147501696321335,9.860021665929518e-05,0.00011231949827625917,1.2644330772069645
2013-04-23,8.499754389235151e-05,0.4511200667413606,0.0006323251126943894,1.5248766694426557,0.00010458407246596994,0.00011277730813525666,1.2304364064733984
2013-04-24,7.773768893068322e-05,0.4617865245435151,0.0006272904316244349,1.516833523000291,0.00010197445660501685,0.0001132098818321925,1.3117762826207113
2013-04-25,6.90805921567358e-05,0.4312822001864353,0.0006340446122332974,1.457682461104245,9.026086027654827e-05,0.0001090032858981794,1.3066022953560807
2013-04-26,7.034557142953508e-05,0.4177823243522837,0.0007193189072275861,1.353662699909712,9.397864535105428e-05,0.00010201527579413078,1.3359568120815162
2013-04-29,6.776168711759701e-05,0.4252997080324474,0.000714022058053113,1.3718193781326034,9.354983030401799e-05,0.0001021865778751992,1.3805711499134747
2013-04-30,5.8041023931509805e-05,0.4290766277795388,0.0007015507676511113,1.3708849192127135,8.658286323818035e-05,0.00010197550337800495,1.4917528563994804
2013-05-01,6.311211636341748e-05,0.42956297320685993,0.0006871875737439781,1.401831003645665,8.945834521133193e-05,0.00010492945220372413,1.4174512021781267
2013-05-02,6.214021471172626e-05,0.4327272254196504,0.0006796709928061854,1.4029109030920583,8.893034200957549e-05,0.000103447038504456,1.4311238289428336
2013-05-03,7.476459886581012e-05,0.4535561220278725,0.000646442518971961,1.4919009605353353,9.97112117455295e-05,0.00010843038895953672,1.3336687852026645
2013-05-06,7.535412832838797e-05,0.4606565582467827,0.0006390674721538961,1.4712288814475822,0.00010108905581322751,0.00010678621678033811,1.3415198086120583
2013-05-07,7.392273390092128e-05,0.470969609733068,0.0006209576425593503,1.5255718010681003,0.000100905045523422,0.00011585182290481893,1.3650069498060657
2013-05-08,6.958015556766957e-05,0.4645187220607913,0.0006232949842077863,1.487624932398367,9.67370270300317e-05,0.0001124477348329393,1.3902962165117747
2013-05-09,7.111722928104653e-05,0.45155294485604563,0.0006109977109325518,1.546721747827977,9.412736140405253e-05,0.00011685879776261734,1.3235521455999473
2013-05-10,7.562958883543677e-05,0.47948620574894996,0.0005967994572658136,1.48320919463728,0.00010186762877310123,0.0001124781302608518,1.3469282372373608
2013-05-13,7.357910230951406e-05,0.5015284838578598,0.0005892683843257706,1.497261231902294,0.00010443099509460798,0.0001136730954670596,1.4193023809303074
2013-05-14,7.590263764609063e-05,0.5027093630340482,0.000579414386141467,1.581298008267182,0.00010542413470674912,0.00011751321294355164,1.3889390141922031
2013-05-15,7.650099964197039e-05,0.5101647722593599,0.0005669004065400969,1.5844815512850337,0.00010624228576756336,0.00011694986773604542,1.3887699018938853
2013-05-16,7.639729836462006e-05,0.5126243554329935,0.0005621471376882251,1.5694614735005703,0.00010623392768213727,0.00011497047893535771,1.3905456077139855
2013-05-17,7.425705624970095e-05,0.5458307674660875,0.0005601662534297583,1.559625524236946,0.00011132311435172921,0.00011147404146868146,1.4991587328399856
2013-05-20,7.217439206379002e-05,0.5367109072810997,0.0005871395629177126,1.5220351885592995,0.00011048483237707637,0.00010931633920360777,1.5308037825857455
2013-05-21,7.13709588975209e-05,0.548928820267538,0.0005882366014981476,1.597661560260195,0.00011247417617260261,0.00011487148037816108,1.5759095563519105
2013-05-22,7.35750525384875e-05,0.5677597812644819,0.0006005284851256809,1.5150970376889945,0.00011934293699561736,0.00010687360675895375,1.6220571087351712
2013-05-23,7.454058968752127e-05,0.5772291496269236,0.0005965847130876554,1.485231185697829,0.0001217252645155622,0.00010480892808092944,1.6330064603170162
2013-05-24,7.630250921850573e-05,0.557212476171314,0.0006135777432460315,1.492602370148951,0.0001205660522229673,0.00010527954606951707,1.5801059946496003
2013-05-28,7.438631671877e-05,0.5423753396284339,0.0006212192382090942,1.5044763715437992,0.00011659204260677236,0.00010504701847265731,1.56738561270036
2013-05-29,7.273626036607267e-05,0.5334457788679379,0.0006263866305083439,1.4812490090016672,0.00011386414963259912,0.00010581183975490414,1.5654386004935479
2013-05-30,7.309916508279677e-05,0.5283636931615594,0.0006336925021491737,1.4889781632541907,0.0001137178027666865,0.00010609579050747969,1.5556648648159315
2013-05-31,7.696255068093324e-05,0.5269715736261966,0.0006384942220233642,1.5444993358232129,0.00011681682568705516,0.00010201033380888763,1.5178398409811988
2013-06-03,7.835861755638394e-05,0.5141727226244938,0.0006487931083570308,1.5552684555727896,0.00011593258772979689,0.00010345845194162033,1.4795129284456316
2013-06-04,7.696792659140356e-05,0.5053257440714456,0.0006570955452596309,1.545668850069141,0.00011364244772058127,0.00010229333267137815,1.4764909586803632
2013-06-05,8.390672708275947e-05,0.5047627174066225,0.0006651792604463029,1.5580957170147736,0.00011924907260250357,9.537062139345395e-05,1.4212099166361833
2013-06-06,8.864935953499249e-05,0.5038638415794618,0.0006702824848836526,1.4720860626898755,0.000122823064814251,8.848134463451107e-05,1.3854929743262179
2013-06-07,8.584609796353898e-05,0.5149532246362187,0.0006829138659276813,1.421124881290223,0.00012468408634003296,8.095161424896153e-05,1.4524141375999344
2013-06-10,7.344670994631798e-05,0.492676558644004,0.0006757897838336042,1.4432537684307165,0.00010976247301755659,8.237965100185284e-05,1.4944505083724202
2013-06-11,7.540176794643908e-05,0.4894045004974234,0.0006930978730570867,1.3715848160335835,0.00011188091415751518,7.552589750603502e-05,1.4837969613257438
2013-06-12,7.564969572692771e-05,0.4838600927043747,0.0006974946371772659,1.3974826991684413,0.00011114599894404666,8.131915086031664e-05,1.469219378558372
2013-06-13,7.668406692361186e-05,0.4710367806854759,0.0006647180786995286,1.43861793994652,0.00010634721820069997,7.713074490114859e-05,1.3868228755607965
2013-06-14,7.978958283363962e-05,0.4736798127989797,0.0006644900576517187,1.3839081621907383,0.00010906922250189269,7.423468664156967e-05,1.3669606811869264
2013-06-17,6.406673037804978e-05,0.45044424154231544,0.0006653515718193357,1.453780306693368,9.299999241523426e-05,7.684127213229565e-05,1.4516113412757745
2013-06-18,5.269216623890948e-05,0.44198418183738647,0.0006541146973249061,1.510286984565633,8.205531311360034e-05,7.902426552644788e-05,1.5572582979708325
2013-06-19,5.313666894497608e-05,0.432292962621448,0.0006492355350596146,1.49250320753125,8.029277533464539e-05,7.419785147171798e-05,1.5110615123012305
2013-06-20,6.610900161714408e-05,0.4235307547194947,0.0006446823660216579,1.7219184277441406,8.743557027167067e-05,5.992191327106988e-05,1.3225970462847825
2013-06-21,6.524441916700448e-05,0.4190920556389231,0.0006364497613252049,1.7126226272672411,8.540104343483664e-05,6.0096704790758925e-05,1.3089402055406112
2013-06-24,5.5679700730278476e-05,0.42101145801404616,0.0006523527927704191,1.5978192693469615,8.02386521283338e-05,5.997486303531449e-05,1.4410754920724678
2013-06-25,5.683904438603972e-05,0.4209922711498992,0.0006525675936225493,1.6787590878449803,8.107934996788387e-05,6.034716578389569e-05,1.426472785453758
2013-06-26,5.616484134519195e-05,0.4185339646754632,0.0006544488418278617,1.651515624883796,8.024183049954308e-05,5.624006665889531e-05,1.428684361563006
2013-06-27,5.600093181678947e-05,0.41325369471071427,0.0006531333122639457,1.777948531861005,7.903424142976687e-05,5.989781666765809e-05,1.4113022563326678
2013-06-28,5.651835513949762e-05,0.4086787144428793,0.0006296430933391608,1.7622516677911535,7.709460675574572e-05,5.920019010383008e-05,1.3640631714327522
2013-07-01,4.0959150997653995e-05,0.42655605689299986,0.0005613897120031632,1.728424463463876,6.468205522827367e-05,5.92821325707738e-05,1.5791844716697971
2013-07-02,4.708768430286185e-05,0.4271031079422772,0.0005674046295595544,1.688920492874182,6.981244297618548e-05,5.785086217520228e-05,1.4826051442063055
2013-07-03,4.5307854285029834e-05,0.42720147065363584,0.0005681548809515261,1.684780754783321,6.854138212384508e-05,5.770837547263839e-05,1.5127924993457886
2013-07-05,5.048108536897671e-05,0.44693606736816355,0.0005713237999669618,1.5844564962002392,7.590159517319385e-05,5.346617874800821e-05,1.5035650406169632
2013-07-08,5.858594159480322e-05,0.45823211970270633,0.0005718505928018157,1.7198346983323962,8.387325983013622e-05,5.880811596348028e-05,1.431627751419055
2013-07-09,6.185296409698371e-05,0.4496933834385554,0.0005807472933469957,1.7638409627223957,8.522958094306177e-05,5.882700017795095e-05,1.3779385060580795
2013-07-10,6.043816195282401e-05,0.4592899342804686,0.0005740029070681963,1.814700052413176,8.554597837056957e-05,6.094283698218238e-05,1.415429847739974
2013-07-11,6.428746384905295e-05,0.4689109705171761,0.0005892926812400776,1.7244842917549463,9.126811138360631e-05,5.1281411928153445e-05,1.4196875396718707
2013-07-12,6.999194674271863e-05,0.46916624953808994,0.0005791808712379594,1.650527516102652,9.446216697831959e-05,5.020077602058479e-05,1.3496147967644097
2013-07-15,7.060701256657018e-05,0.46427151998025734,0.0006035094350297493,1.5435383784240333,9.58380555303819e-05,4.710800723904135e-05,1.3573447175664488
2013-07-16,3.5042919617133015e-05,0.41904017342869854,0.0006218186201624705,1.573695936470194,6.185683051537301e-05,5.166329211679768e-05,1.7651734270774138
2013-07-17,3.792838595062833e-05,0.40501303023074914,0.0006248777228451906,1.5354846437187517,6.235175724579476e-05,5.048204043770285e-05,1.6439338422404401
2013-07-18,3.7451029819475974e-05,0.4015356385150165,0.0006327304847482469,1.4830094651661356,6.181094154430119e-05,5.30151890301658e-05,1.6504470462426943
2013-07-19,4.0860668714576163e-05,0.3949736684307512,0.0006357656842129758,1.4289480766086742,6.366040834657996e-05,5.175009822191974e-05,1.5579874326400949
2013-07-22,3.950888193740232e-05,0.390002767433667,0.0006374040215553006,1.447890419945453,6.189028153136791e-05,5.25085635876952e-05,1.5664903306913764
2013-07-23,3.3171208880188284e-05,0.3829484287531802,0.000626027391295438,1.4390936914760415,5.518456320560133e-05,5.231548877393972e-05,1.6636283412197457
2013-07-24,3.471216593235655e-05,0.3865662382333135,0.0005952211666108313,1.53597409982981,5.556533807385406e-05,5.584392423453664e-05,1.6007453462320387
2013-07-25,3.488954269695917e-05,0.3626301826393407,0.0006875683909974288,1.4011352170885785,5.6165488274487345e-05,5.146504378376916e-05,1.609808668526415
2013-07-26,3.343176772700175e-05,0.35627970570886236,0.0006674805663649812,1.3586557003779185,5.322186244862627e-05,5.071989863991991e-05,1.591954780352243
2013-07-29,3.360094972876798e-05,0.35594844682999294,0.0006654740896183841,1.4149532875312951,5.3226566763078325e-05,5.4532279916259495e-05,1.5840792356386155
2013-07-30,3.816574763863081e-05,0.38780671231825176,0.0006169913801913332,1.4126032868455032,5.9510247605342545e-05,5.447568466033631e-05,1.559258007174662
2013-07-31,3.750748633018741e-05,0.4211284566394768,0.0005793036087437274,1.4597880073049387,6.207642323921117e-05,5.910317763052159e-05,1.6550408815119602
2013-08-01,4.226173154810077e-05,0.4441841504902923,0.0005514053885587335,1.454775883631516,6.780663685429644e-05,5.636846940597989e-05,1.6044453071479428
2013-08-02,4.130983358011611e-05,0.4442414925647721,0.0005394241335460094,1.4229537855985477,6.631488619159571e-05,5.7247079953093404e-05,1.6053050918974272
2013-08-05,3.7225611971094185e-05,0.4360099255124781,0.000543872314640228,1.6617079083987865,6.203914085326694e-05,7.15084160438558e-05,1.666571415976735
2013-08-06,4.1983018398946586e-05,0.41873281501970716,0.0005146455109744313,1.6785713332132075,6.15499806730346e-05,7.13185205593965e-05,1.466068496746746
2013-08-07,4.81253999850549e-05,0.41041797045393213,0.0004926526513411595,1.7412332985552883,6.319518021485402e-05,9.21004504411617e-05,1.3131356879003386
2013-08-08,4.5117615842124565e-05,0.39896223535836406,0.00047312305912618457,1.7434180273688753,5.8289713028769604e-05,9.331378363728506e-05,1.2919502048321172
2013-08-09,4.7210405389653165e-05,0.39017733420804995,0.0004517803510561105,1.7340611570280309,5.698290308649695e-05,9.303598338315346e-05,1.206998809185942
2013-08-12,4.729046229109182e-05,0.38261043790294713,0.00044098891176060486,1.7251313651025766,5.525319910946725e-05,9.465029588914403e-05,1.1683793397781055
2013-08-13,5.1414947954433665e-05,0.4543636112551655,0.00045937508210151085,1.5162723264622826,6.982837891883255e-05,8.937112153093828e-05,1.3581338053812235
2013-08-14,5.361675369996386e-05,0.4584087743992989,0.0004643951746225078,1.51437214813736,7.233475733455983e-05,8.950945103941887e-05,1.3491073655697394
2013-08-15,5.120699157562921e-05,0.4634242912962818,0.0004781325461850344,1.624804777951575,7.25132847850231e-05,8.912887714096199e-05,1.4160817215345671
2013-08-16,4.9139520575593413e-05,0.46037732039765733,0.000485736908710344,1.6394826826479134,7.112625305876104e-05,8.925310729768244e-05,1.4474348187696398
2013-08-19,5.1240075352845624e-05,0.45863964476581887,0.0004888795048416895,1.6238507280740302,7.259009882856853e-05,8.698605998202129e-05,1.4166665120748545
2013-08-20,5.687877447837599e-05,0.47602121988208257,0.00048731024363860877,1.6787200347498676,7.925089919674507e-05,9.08367716555479e-05,1.3933299358774767
2013-08-21,5.746511661394483e-05,0.48667642331781624,0.0004901940176681636,1.7608013841303256,8.168201772916073e-05,9.321735674805392e-05,1.421419158998788
2013-08-22,5.43081375808944e-05,0.49991529768948656,0.0004843811562765677,1.700805679443694,8.108163566799156e-05,8.812767955341229e-05,1.492992381615312
2013-08-23,4.6628310947370826e-05,0.493821370046652,0.0004767763072161718,1.7073051836489908,7.362953450035978e-05,8.829728898919383e-05,1.5790735929393864
2013-08-26,5.7057237442025364e-05,0.4969049493563517,0.00047226651794413354,1.7693594944412356,8.156846152268217e-05,9.11058219040496e-05,1.4295900954819647
2013-08-27,6.26349019454684e-05,0.5068758007017419,0.00048439508373318617,1.6252110324146332,8.828961477189536e-05,7.358279604189877e-05,1.4095913305454304
2013-08-28,6.352118414260544e-05,0.5213305949473367,0.0005037524570216583,1.653807175110974,9.32569256566673e-05,7.548883065275928e-05,1.468123224014605
2013-08-29,6.345432123592429e-05,0.5251056614325166,0.0005141745036388194,1.6500585567786794,9.484895946358639e-05,7.534307714136067e-05,1.494759657280649
2013-08-30,6.533098257867051e-05,0.5341471981840381,0.0005373500524456482,1.557689607256674,0.0001000804380307446,7.042630527318942e-05,1.5318985583942406
2013-09-03,6.741624909395761e-05,0.5400658134943174,0.0005497407226268986,1.5901383367355089,0.00010396997374837389,7.242989065303449e-05,1.542209410130065
2013-09-04,5.29054408502055e-05,0.509927779338211,0.000555486771290359,1.622360861172048,8.741696029287012e-05,7.270269148130823e-05,1.6523245792503507
2013-09-05,5.526096611110341e-05,0.4850061824005659,0.0005569776175552336,1.6089789020760876,8.508938463177135e-05,7.932044074054454e-05,1.5397737430195706
2013-09-06,5.903493096893949e-05,0.47671182285288916,0.0005571616797626038,1.6329209764743549,8.645718127639532e-05,8.589752715407901e-05,1.4645088908782449
2013-09-09,5.950680039687122e-05,0.4587123763222699,0.0005596400106709934,1.6644265824341855,8.37101529846718e-05,8.506318159146869e-05,1.4067325486562903
2013-09-10,6.058865375686932e-05,0.45807935826652313,0.0005611988552724062,1.6238203408543852,8.446849609538201e-05,8.194070509305118e-05,1.394130598021503
2013-09-11,5.2548421709793746e-05,0.4579588060616469,0.0005855279701018303,1.5993734532391772,8.033042702016808e-05,8.228569645561104e-05,1.5286934299150692
2013-09-12,5.463125330927889e-05,0.45866677150217317,0.0006039649651752312,1.6258068717020044,8.331510265804143e-05,8.360377453627104e-05,1.525044687998961
2013-09-13,5.629719144726608e-05,0.4486644720980761,0.0006062653160328453,1.650283231111883,8.28889059074555e-05,8.516936263827e-05,1.4723453120232124
2013-09-16,5.4138744378514925e-05,0.4464768353562911,0.0006123796584894928,1.6541808393528477,8.129491829266039e-05,8.545993779356752e-05,1.5016033198753396
2013-09-17,5.7555509167455784e-05,0.4439194039345775,0.000602548297634615,1.6483189251612638,8.266915731715902e-05,8.51303182671022e-05,1.4363378677901353
2013-09-18,6.204530316157312e-05,0.45882859469457715,0.0005948854945888284,1.7237756415105034,8.814985879413876e-05,8.519171038116048e-05,1.4207337913167475
2013-09-19,6.178297806302708e-05,0.4646162733574926,0.0005926243491950113,1.6881191984343529,8.890344331202272e-05,8.520701260833438e-05,1.4389633860208075
2013-09-20,6.675064824066973e-05,0.4724509600776353,0.0005922918844635196,1.7339531085922175,9.39403925620759e-05,8.14939221437725e-05,1.407333037776254
2013-09-23,6.644616634370019e-05,0.470878447343039,0.0005960618344487098,1.8269074665645084,9.371075455265543e-05,8.46124567734616e-05,1.4103259782953637
2013-09-24,6.687102886618699e-05,0.4714433539970818,0.0005957686934392442,1.8254512873276332,9.409950946210049e-05,8.401486287377392e-05,1.407179028909505
2013-09-25,5.221698153901886e-05,0.4737708837547715,0.0006012198914960213,1.8450784447598136,8.394424340686657e-05,8.415612364176242e-05,1.607604287584867
2013-09-26,5.0374063840171386e-05,0.47921853186011293,0.0005978781766661323,1.798847517526137,8.316554715155931e-05,8.200932305960087e-05,1.6509596568470217
2013-09-27,5.122431082106018e-05,0.502698198163736,0.0004991414852432965,1.7812115509119364,8.03817068852147e-05,8.038012699947367e-05,1.5692101191172465
2013-09-30,5.1567877421329924e-05,0.4966641227087153,0.0005001496798428729,1.8500694472981087,7.976317165837914e-05,8.295219323807843e-05,1.5467608062802842
2013-10-01,5.3629225784131454e-05,0.5041527915603579,0.0005062205991254252,1.8145169323635968,8.306782641397672e-05,7.972596252864221e-05,1.5489283165925538
2013-10-02,4.9785428743887e-05,0.494001819294591,0.0005204955626198329,1.8160476978083853,7.952216399810108e-05,8.092423294378313e-05,1.5972979645749334
2013-10-03,5.1677659876475144e-05,0.49128798600837,0.0005397806326529889,1.7633241575018852,8.205333032869446e-05,7.768103948695111e-05,1.587791136921179
2013-10-04,4.988490741732951e-05,0.47783702327185384,0.0005484108301157271,1.7703674326747068,7.903462425234746e-05,7.662083889958219e-05,1.5843393993128199
2013-10-07,5.300164613196136e-05,0.4773205330054191,0.000548906330015819,1.6575494923447902,8.141490408370696e-05,6.875281497604706e-05,1.5360825563984073
2013-10-08,5.7418241986777646e-05,0.5010552982698365,0.0005768426889062415,1.513743892423841,9.118833809187815e-05,6.240575154180676e-05,1.5881422860852676
2013-10-09,4.671951297786224e-05,0.47733958524344816,0.0005919603938249186,1.5213067251626926,7.938216331415488e-05,6.35417880822038e-05,1.699122235109121
2013-10-10,5.493659376391755e-05,0.4980418910645272,0.00061424183987514,1.373515169158299,9.148848489214882e-05,4.501910718219618e-05,1.6653468776260136
2013-10-11,5.397060840252837e-05,0.4987349502192793,0.0006188631625604125,1.288760341666774,9.114771311969884e-05,4.2170911191940075e-05,1.6888398300032659
2013-10-14,5.390763459317086e-05,0.5013182019894866,0.0006202437698414636,1.327742410635271,9.166843492817331e-05,4.372625523738097e-05,1.7004722173394355
2013-10-15,5.553151341989191e-05,0.5055946032776584,0.0006253960463278018,1.2789839051555778,9.422144277366415e-05,4.715142302029663e-05,1.6967202399334058
2013-10-16,4.144281603770634e-05,0.43569897800445184,0.0006089315695705159,1.5223270949194028,6.921423376291234e-05,5.0918763809490065e-05,1.6701141568164297
2013-10-17,4.1583055321708076e-05,0.40595147236607865,0.0006018104629463945,1.4655111183073848,6.421879998557874e-05,4.8011480697320183e-05,1.5443502043981332
2013-10-18,4.3823960134694674e-05,0.3714370897955993,0.0006482244340017043,1.1616669871889125,6.260424415292516e-05,3.7690176580098464e-05,1.4285391817742745
2013-10-21,4.4710412594374516e-05,0.3594463005204589,0.0006555506255702668,1.1228850988235035,6.153773043251275e-05,3.644178387276802e-05,1.3763623921523698
2013-10-22,4.4371990394003997e-05,0.35624917951118307,0.0006563353350974753,1.1616160450712227,6.079547009068359e-05,3.753066942656217e-05,1.3701316878248244
2013-10-23,3.6244305626284386e-05,0.35052713908150457,0.0006349422378917039,1.0568371778134933,5.317514090464904e-05,3.334172880974812e-05,1.4671309047258005
2013-10-24,4.040389782719303e-05,0.3413737565705939,0.0006248107658453397,1.0003537335826047,5.423954221480468e-05,3.1484634125582406e-05,1.3424334069645094
2013-10-25,3.967999624918889e-05,0.33267021445753675,0.0006040929403446128,1.0884501104962871,5.150526305400316e-05,3.428636086577269e-05,1.298015824662685
2013-10-28,4.081308187982178e-05,0.3267341509507876,0.0006032704968183861,0.9603250363840932,5.126845957569465e-05,3.268575536904468e-05,1.2561771180784578
2013-10-29,4.2024721372673885e-05,0.3244411404634484,0.0006015758216464704,0.8967766221373137,5.158619876303391e-05,3.0119017682564564e-05,1.2275203041935518
2013-10-30,3.243679795796633e-05,0.3067904428413842,0.000573121928544801,1.0206027802775566,4.18296592661956e-05,3.3823249219328664e-05,1.2895742459043318
2013-10-31,3.3498134377451295e-05,0.31124288306915004,0.0005577460496393782,0.9794183528940604,4.25429881977956e-05,3.277339726898696e-05,1.2700106733834315
2013-11-01,3.528785039280735e-05,0.3144591492502911,0.0005434890889215484,0.9809508935943516,4.3548404849790394e-05,3.278844068228977e-05,1.2340906109335235
2013-11-04,3.477448195487655e-05,0.313206608387229,0.00052873481271801,1.042255864272517,4.246979886094641e-05,3.467349410349443e-05,1.2212920645677863
2013-11-05,3.766596277267884e-05,0.31782936525084926,0.0005213730450859061,1.0220948526228757,4.453924431357679e-05,3.369306796696983e-05,1.1824799111701856
2013-11-06,3.8333959556374354e-05,0.31518124117697216,0.0005066314651922972,1.4322093004467304,4.392363571572326e-05,5.3153969997492096e-05,1.1458152568645736
2013-11-07,4.0431492315281525e-05,0.31853648461257417,0.0004934221282111466,1.3689326902516223,4.499128316798996e-05,4.8236616661704946e-05,1.1127781981716518
2013-11-08,4.3778322206368926e-05,0.320810318205841,0.00048171507985305463,1.2544999631349287,4.6587886166444546e-05,4.0363094034986164e-05,1.0641770588381956
2013-11-11,4.088414418239951e-05,0.31996621550508997,0.00047250504617758825,1.2328961205796878,4.4471810011141286e-05,3.978779228346242e-05,1.087752009990373
2013-11-12,3.99781619662566e-05,0.31934185542695276,0.0004591934320846753,1.2657576023810824,4.326782750837288e-05,4.136184119009548e-05,1.082286562971377
2013-11-13,4.4902541372157916e-05,0.3455045407386849,0.00044018838997014075,1.2549538116158636,4.8574519375682727e-05,3.965737048720306e-05,1.0817766186793525
2013-11-14,4.545126757048379e-05,0.35930302712711637,0.00044015057797946024,1.158210878269466,5.081998285279917e-05,3.611035819078085e-05,1.1181202542699127
2013-11-15,4.488960878325864e-05,0.3702562853448885,0.00043695879169193075,1.4528535997870051,5.185559130762976e-05,4.7303566814578445e-05,1.1551802903430304
2013-11-18,4.304897041106976e-05,0.37718960066167256,0.0004415945934370545,1.2634509058640873,5.20059421770387e-05,5.428006802379496e-05,1.20806471514742
2013-11-19,4.253689180732228e-05,0.37733808301448246,0.00044986079595793396,1.2944914678159145,5.2197846841273e-05,5.6174146524890075e-05,1.2271194397021667
2013-11-20,3.986505410246521e-05,0.3759752726224574,0.0004621803547933878,1.3394587700565397,5.103418723621969e-05,5.8914219275536285e-05,1.2801735350727592
2013-11-21,3.485111027762049e-05,0.377158789259129,0.00046217908448342466,1.5207270627654694,4.78671627403215e-05,6.77254902105936e-05,1.3734759770640423
2013-11-22,3.677714977289896e-05,0.3740015395959952,0.00046147667073577795,1.5487909930895554,4.87233678163701e-05,7.21131337272533e-05,1.324827185283246
2013-11-25,4.464079349966786e-05,0.3770954221812221,0.0004593317711575104,1.596283355511345,5.399834583251992e-05,7.545264269933715e-05,1.2096188620151136
2013-11-26,4.5604254902161166e-05,0.36785041772118277,0.00046823314490889714,1.6060783087820267,5.375328524941848e-05,9.388445830845875e-05,1.1786901324172525
2013-11-27,5.098239319509307e-05,0.40234092339806465,0.0004773378335539101,1.68042045363683,6.276495852875817e-05,0.0001001140628132215,1.231110479427222
2013-11-29,5.306536742177139e-05,0.4207145383563908,0.0004834095540790496,1.684106828686411,6.738305894445434e-05,0.0001003433281348104,1.2698123506595898
2013-12-02,5.1303727815654587e-05,0.42741975227964424,0.000488819385784625,1.6881815893987029,6.768668740378487e-05,0.00010757841960573551,1.3193327324477826
2013-12-03,5.129816798105141e-05,0.44055302774011895,0.0004949096667289501,1.7660467033469942,7.019595491003061e-05,0.0001181383526137136,1.368391068779682
2013-12-04,4.926678581923591e-05,0.43827071395520634,0.0004972283418616757,1.7765945930147744,6.859579658055331e-05,0.00011897735376222524,1.3923335050156755
2013-12-05,6.186383108747796e-05,0.46367784519236693,0.000512415738837425,1.7595077691802867,8.255549419744062e-05,0.00012154448668173171,1.3344710915284863
2013-12-06,6.149224160789946e-05,0.472710331998838,0.0005169149279723682,1.8003361660772543,8.42781112995732e-05,0.00011954274134238904,1.3705486919303753
2013-12-09,5.694825981469449e-05,0.4801395790402278,0.0005240835087094527,1.8037418190293169,8.294839426131097e-05,0.00012055586185325983,1.4565571367978414
2013-12-10,5.3452041059883435e-05,0.46589080501547364,0.0005406373795080461,1.832600997825532,7.919893115354691e-05,0.00012298433143466918,1.4816820758035918
2013-12-11,5.2671389427449466e-05,0.4614426833123043,0.000526623441969323,1.7761822719097604,7.685201258567102e-05,0.00011356449428096681,1.4590845888265087
2013-12-12,5.926873458923956e-05,0.47844948113095115,0.0005390995297848746,1.7420046304781116,8.552309160229529e-05,0.00011286274378630425,1.4429714451474438
2013-12-13,5.102150798536989e-05,0.4953497795356708,0.0005338730044071574,1.7280918537973695,8.175373440176042e-05,0.00011300562330180407,1.6023386534400905
2013-12-16,5.265033739264804e-05,0.5148886405408231,0.0005428661866131097,1.7757533708904971,8.70482983240782e-05,0.00011501514815731007,1.6533284046197472
2013-12-17,5.547285481711756e-05,0.5274889511990564,0.0005435229304233843,1.7619465921220665,9.159305846787068e-05,0.00011447977748637003,1.6511329508790182
2013-12-18,5.7755345996717895e-05,0.5181537925599785,0.0005433209384063494,1.832149778245067,9.178738504308606e-05,0.00010794031071824038,1.589244830224065
2013-12-19,6.478693026373803e-05,0.5453576330009863,0.0005485996950809712,1.8277756048742135,0.00010281414737533636,0.00010758753287500406,1.586958155862535
2013-12-20,6.101338500649426e-05,0.5463440995756916,0.0005499517160158973,1.8739112582405544,0.00010007857156609697,0.00011127288988263062,1.6402724017925674
2013-12-23,6.0371580554275465e-05,0.5462566378284572,0.000502344836065754,1.86362397443521,9.51292278053625e-05,0.00010984473990464518,1.575728628138849
2013-12-24,6.05937066863415e-05,0.5516348209513048,0.0005026343188667164,1.861886794483832,9.627011743643338e-05,0.0001119210523247431,1.5887807942624799
2013-12-26,6.0130930524985e-05,0.5528829201852736,0.0005052520480868048,1.8409441807250932,9.636873926828549e-05,0.00011749024712749905,1.6026483945436918
2013-12-27,6.1029823506439453e-05,0.5522442377607596,0.0005302109906210127,1.849757831363977,9.934056208805319e-05,0.00011805026418571669,1.6277379874377558
2013-12-30,6.103786899254316e-05,0.5500653750779696,0.0005338531603156239,1.8833591347267928,9.929443265283824e-05,0.00012031539584745006,1.6267676819609935
2013-12-31,6.15980310886923e-05,0.543694766595288,0.000549639449497831,1.863548504134476,0.0001000408829184357,0.0001182854429487132,1.6240922177267518
2014-01-02,6.274975633376732e-05,0.5403713126893913,0.0005478355029150706,1.9833367019967365,0.0001001897732599865,0.00012128955654293684,1.5966559730857746
2014-01-03,6.287727487442676e-05,0.5418153846136724,0.0005550125104378156,2.0235387658400543,0.00010121609415752677,0.00012512727721595643,1.609740472367276
2014-01-06,6.194585296328845e-05,0.549599643183397,0.00056554646291941,2.0418829898532445,0.00010286951826056758,0.00012571906491838482,1.6606360771484105
2014-01-07,5.985294868622432e-05,0.5479194469011017,0.0005740953942588188,2.133019539604253,0.00010156674200851223,0.0001363491978929061,1.6969379828046585
2014-01-08,5.957982003469859e-05,0.5442792077920225,0.0005889249684508435,2.159265757622216,0.00010195330791468942,0.00013846359749131109,1.7112053687861595
2014-01-09,5.8876921963223624e-05,0.5376138467110723,0.0006067508615058179,2.133892587907981,0.0001016127477212331,0.00014056015783660194,1.7258502029828193
2014-01-10,5.8643073362417135e-05,0.5286104732146163,0.0006147476853149056,2.123373313286041,0.00010036737733104889,0.00014179403550919,1.7114958609139304
2014-01-13,6.549653155125348e-05,0.5824696645039061,0.0006592505800199663,2.0483189058822955,0.0001210340938706506,0.00012934065552765115,1.8479466164698646
2014-01-14,6.384952094066409e-05,0.5875734406445074,0.0006647178526313839,2.025310769109663,0.00012104856622043845,0.00012425819658990514,1.8958414164599595
2014-01-15,6.070372053025981e-05,0.5810531908883992,0.0006705559718647035,1.988997673167243,0.00011723062022596903,0.00012423352806275855,1.9311933305229865
2014-01-16,6.085694586035492e-05,0.5786044924155971,0.0006801297960828096,1.992115609115711,0.00011771526337330505,0.00012516855013546305,1.9342946266712067
2014-01-17,6.130074788390541e-05,0.5790732931308001,0.0006897311083322558,1.9575889165278364,0.00011907109000135962,0.00012300961379374666,1.9424084389127312
2014-01-21,6.022038567812545e-05,0.5783695281408795,0.0006833749109559474,1.968625062305717,0.00011732935553567637,0.00012583111003242655,1.9483328479959447
2014-01-22,6.0180607898710316e-05,0.5777606007397923,0.0006412335945944548,1.966234911785308,0.0001134969893371839,0.00012587436092957778,1.8859395625948165
2014-01-23,6.197862719476769e-05,0.5818671576691339,0.000664015374295072,1.813566306675863,0.00011804127416628701,0.00011411324004988868,1.90454805969391
2014-01-24,8.312838911315208e-05,0.5748255230237767,0.0006449600075937153,2.078406120040592,0.00013309971282838125,0.00011010972868449329,1.6011342725192181
2014-01-27,7.785643656399444e-05,0.5583858751345503,0.0006287796788945586,2.148296788228669,0.00012354663863047978,0.00011350138925830324,1.5868519557651484
2014-01-28,5.7778264472590076e-05,0.559582386967988,0.0006281201182912294,2.101538762963088,0.00010660256011638451,0.00011018167072929617,1.8450287679886372
2014-01-29,5.541992369045716e-05,0.5688759846447812,0.0006402067249620541,2.0433624572872278,0.00010715456506478882,0.00010189870807578744,1.9335025732494815
2014-01-30,5.718939038351772e-05,0.5788878806674045,0.0006392774219423847,2.1941970654441127,0.00011068706561619526,0.0001134371266894174,1.93544755196579
2014-01-31,5.786696567157789e-05,0.582488358880189,0.0006426429633537512,2.224009656170339,0.00011232785965386274,0.00011990646733097082,1.941139618264692
2014-02-03,7.055814511505822e-05,0.6092705719059658,0.0006382139096932275,2.4955486697356104,0.00012929058848925887,0.00010290664554339548,1.8323977802764861
2014-02-04,5.3287933521446234e-05,0.6159898694785806,0.000654535674881769,2.534770279032673,0.00011504153568505611,0.00010772660018846515,2.158866521606745
2014-02-05,5.1744253938995175e-05,0.6136244875535699,0.0006478482221572339,2.3888995843511287,0.00011234930310290628,0.00012861697315532357,2.1712421100005135
2014-02-06,5.460185755120456e-05,0.6166609845180894,0.0006415184740019349,2.375486846068504,0.0001154130091434702,0.0001248020614711952,2.113719465225851
2014-02-07,6.356327391387762e-05,0.6211578346062371,0.0006573773671900263,2.348109572812662,0.00012697331849402375,0.00011876558139160968,1.9975893417016388
2014-02-10,6.2547563500994e-05,0.6161992004817547,0.0006600273331574799,2.329798619438191,0.0001252008534538468,0.00011991285109685385,2.0016903368563206
2014-02-11,5.609995653519849e-05,0.6171986802759467,0.0006568422988357763,2.3320341575109444,0.00011847775256330094,0.00011950364854778462,2.1119045339895246
2014-02-12,5.280573476410588e-05,0.6160849510492272,0.0006526303488450403,2.328088614805869,0.00011437069977247936,0.00011934545258802105,2.1658764958653998
2014-02-13,5.31879934714369e-05,0.6176104319127027,0.0006482394892443384,2.3397041042937747,0.0001146803918468708,0.00011926440356722203,2.15613307368808
2014-02-14,5.362200748552388e-05,0.6341434582405113,0.0006230754090288656,2.415300967456504,0.00011591225551687048,0.0001226340768320234,2.1616545323888303
2014-02-18,5.088126402858046e-05,0.613421348840701,0.0006160558638069176,2.4210770563980577,0.00010860451496921718,0.000123316087403679,2.134469672534335
2014-02-19,5.093399391722896e-05,0.6147079874300861,0.0006229802893727258,2.479968568727306,0.00010949893001718658,0.00012358974684294674,2.149820220168272
2014-02-20,5.128532994270177e-05,0.6149560579651331,0.0006288479888888278,2.339350375336444,0.00011043671993403888,0.00011897492501720833,2.153378364874003
2014-02-21,5.0142924359823583e-05,0.6222971309454838,0.0006355267938205152,2.236652575309667,0.00011108861713937792,0.00011405048066654432,2.2154395372358127
2014-02-24,5.289213529725008e-05,0.6191833559544959,0.0006266816331416229,2.2988798107627963,0.00011272968853533462,0.00011679634440146402,2.131312867249577
2014-02-25,4.99909412374215e-05,0.6070113531556113,0.0006274920245823266,2.2815175600315354,0.00010750943412804352,0.00011623584043673383,2.1505783141279537
2014-02-26,4.8822079787728685e-05,0.5855533056783313,0.0006524786079839376,2.2795161105454165,0.00010450996779920793,0.00011613295514391523,2.1406291631491756
2014-02-27,4.902946505121921e-05,0.5755361069349535,0.0006801760635909737,2.212929267672164,0.00010510220426162938,0.00011168985932910472,2.143653905908072
2014-02-28,4.913560627678946e-05,0.5536664528140071,0.0007122906918124058,2.260616081494872,0.00010357978472395339,0.00011397309883793289,2.108039211737214
2014-03-03,5.060228536900576e-05,0.553728696485663,0.000712506649585683,2.2571887733751828,0.0001051420783910661,0.00011520655018683692,2.077812842331946
2014-03-04,5.593664385448813e-05,0.5640212581964678,0.0007190777853705719,2.1993204833698066,0.0001131179723917962,0.00010433990393992613,2.0222516868558977
2014-03-05,4.9068183379191435e-05,0.5712921596969555,0.0007106301947878864,2.193721923874628,0.00010667928153927113,0.0001040954596742834,2.1741029358040405
2014-03-06,4.928243059442446e-05,0.5584769104596815,0.0007426939051450417,2.145434586915952,0.00010684549413031904,0.00010165993669384317,2.1680240369964006
2014-03-07,4.8971813978785636e-05,0.5547409876695693,0.0007344718120073411,2.2703128364649494,0.00010520852147833802,0.000112312390095278,2.1483484668122337
2014-03-10,4.912023117884392e-05,0.5623784019905377,0.0007348794166414397,2.259772812410604,0.00010684811777082679,0.00011179093692337966,2.1752364597348692
2014-03-11,5.148937537691702e-05,0.5640124927040602,0.0007469884269414791,2.181911971809708,0.00011061256719965429,0.00010783578506922038,2.148260032092806
2014-03-12,4.8906113932888686e-05,0.5679387422387466,0.0007504126635504542,2.110583842114199,0.00010880106591396609,0.00010813828394739077,2.224692521333184
2014-03-13,5.192240840939531e-05,0.5765249480026922,0.0007795369421693668,1.9824215451455849,0.00011598821644898339,9.614631983906212e-05,2.2338758929371125
2014-03-14,5.053194068255615e-05,0.5724714086241867,0.000790435801412458,1.962452147422049,0.00011441160851649803,9.518447970894188e-05,2.264144360400419
2014-03-17,5.312543808337814e-05,0.5805712764834291,0.0007809622297384702,1.94578079908276,0.0001182556291011133,9.298807338785231e-05,2.225969956530355
2014-03-18,5.3640183376897774e-05,0.5674403780110436,0.0007762093170548582,2.012802341776794,0.00011578566352936432,9.707769596741993e-05,2.1585620376389674
2014-03-19,4.9711758607667365e-05,0.527090959651617,0.0007430648064737888,1.9771174713810784,0.00010130443932605444,9.41575521706946e-05,2.0378365634892184
2014-03-20,4.924048797705463e-05,0.5007085377019012,0.0007327600968693988,2.0887793442836267,9.511019596720704e-05,9.869043461905364e-05,1.9315445454465652
2014-03-21,5.1299807125194504e-05,0.4882880575651848,0.0007227655402366863,2.174586758207804,9.402269336729608e-05,0.00010055370043976173,1.832807931184587
2014-03-24,5.150721281894852e-05,0.4816960772966112,0.000713531210352121,2.194104181901647,9.234505018219065e-05,0.00010040058771768252,1.792856672458477
2014-03-25,5.187847468728203e-05,0.47429638167654964,0.0007072367608068574,2.224437096381986,9.085018667477164e-05,0.00010197087317562271,1.7512116002331792
2014-03-26,4.894688218699071e-05,0.49835361116020904,0.0007103431166312463,2.1802254379135184,9.292535191643326e-05,9.678269556275142e-05,1.8984937909105744
2014-03-27,4.819111839496585e-05,0.5143382279238322,0.0007084016599609102,2.1763341928704487,9.503248636027468e-05,9.61500874853847e-05,1.971991718088078
2014-03-28,4.77393720640184e-05,0.5210589337022827,0.0006640943195969662,2.218379475326122,9.277694766592786e-05,9.730186013158738e-05,1.9434052785929854
2014-03-31,4.471229395078723e-05,0.5372994137280618,0.0006620316304054381,2.243455246280235,9.244197433279091e-05,9.570908055935528e-05,2.0674844917269857
2014-04-01,4.637295349124256e-05,0.5416867631209882,0.0006819162904828607,2.162545116314595,9.632657847080678e-05,9.21954779396501e-05,2.077214652480521
2014-04-02,4.141854620280984e-05,0.54190225618773,0.000674498958564258,2.214125670233287,9.057514259328579e-05,9.486211756556762e-05,2.186825731395207
2014-04-03,4.131197301210188e-05,0.5309018694649611,0.000664353137880391,2.1951715798643963,8.79532148561804e-05,9.383324655184084e-05,2.129000588531937
2014-04-04,4.5815215175484866e-05,0.5376144824221337,0.0006918019056367347,1.977851759482009,9.571206838719237e-05,7.717601053944189e-05,2.0890891381954413
2014-04-07,4.72141155464609e-05,0.5398675895731649,0.0007034846387032312,1.8043637962874757,9.838989438468644e-05,6.511628238356968e-05,2.0839084508078134
2014-04-08,4.530353492960697e-05,0.5206846032645128,0.0007140870823975774,1.6902774123818718,9.365185182393802e-05,6.324962723239199e-05,2.0672084853743775
2014-04-09,4.691297863661334e-05,0.5028046950077473,0.0007028087164151563,1.5464296155802657,9.129865887843517e-05,5.4660562831861956e-05,1.9461279486351126
2014-04-10,5.810324280314903e-05,0.5016825716029896,0.0006948403003035375,1.2935418779258083,0.00010080259195727186,3.107355480960507e-05,1.7348875397331291
2014-04-11,5.691804938589508e-05,0.4905448668119793,0.0006724902853882232,1.314844724634156,9.597248655149061e-05,2.836593959338268e-05,1.6861520657676237
2014-04-14,5.793906540801691e-05,0.49101839897147365,0.0006496963661563249,1.0973099873323435,9.5266174810406e-05,2.3505161836540465e-05,1.6442476960842418
2014-04-15,5.375893588153699e-05,0.49290317375033765,0.0006353905184205978,1.0892713407708476,9.109767881996199e-05,2.262330453254434e-05,1.69455881754625
2014-04-16,3.1303883437837385e-05,0.4398810669802054,0.0006084653214738072,1.0886956705802766,6.0708890286917385e-05,2.096254320787067e-05,1.9393405424433
2014-04-17,3.0074876652121772e-05,0.407030849176356,0.0005862590805580159,1.0656666532132155,5.404730517160886e-05,2.0566407461396664e-05,1.7970914992196931
2014-04-21,3.398061258211898e-05,0.38427169718075616,0.0005745950552695046,0.8075639210681135,5.3695135485751504e-05,1.6381715954652095e-05,1.580169732255108
2014-04-22,3.465237531876505e-05,0.3898876977766297,0.0005641830667372502,0.8070468771863016,5.451500551948765e-05,1.6367951940246852e-05,1.5731967871756984
2014-04-23,3.661275306357103e-05,0.38824043809687186,0.0005414668304253436,0.7325645470507796,5.466418661667267e-05,1.4725055362352463e-05,1.4930367711425245
2014-04-24,2.8915216768426475e-05,0.3363304526696394,0.0005375988037039063,0.7376848190075913,4.193325400822675e-05,1.4825044485889988e-05,1.4502140635520022
2014-04-25,3.367547480592454e-05,0.29934700464492203,0.0005348342134015452,0.9917166509218632,4.017365737937483e-05,1.8056390880147526e-05,1.1929648389785155
2014-04-28,3.364553762091845e-05,0.26540801643066514,0.0005667175081375926,1.2845982467855008,3.664891209317557e-05,2.4166528342323978e-05,1.0892651651489687
2014-04-29,3.9441733334885286e-05,0.2591986452250169,0.0005620832570077169,1.2075912307270384,3.859322291745811e-05,2.2375063625592305e-05,0.9784869896507137
2014-04-30,4.001418281063408e-05,0.2479027167453055,0.0005502000464562102,1.2295951756530918,3.678312080836489e-05,2.308726888967074e-05,0.9192520807544641
2014-05-01,2.1991126094734782e-05,0.26929399971249846,0.0005158068298594587,1.3474037705747512,2.8680977931774974e-05,2.5911365961351687e-05,1.3042068790939227
2014-05-02,2.5114593555483047e-05,0.28038436971334957,0.00047777187488442455,1.568132172343773,3.071334846027148e-05,3.192872194522501e-05,1.2229283501012942
2014-05-05,2.3421323104644024e-05,0.29195108236711304,0.00044353451915267743,1.5963992114759316,2.9756340187379708e-05,3.2916720224831016e-05,1.27048075185298
2014-05-06,2.3724080850696792e-05,0.2999977480910402,0.00042919969971142244,1.6253517783957971,3.0272089391485002e-05,3.089855321419795e-05,1.2760068380308143
2014-05-07,2.503936026433856e-05,0.2875404970804066,0.00042436164448427487,1.950378587908443,2.964003386055022e-05,3.6055119498368374e-05,1.1837376653254201
2014-05-08,2.245244272166245e-05,0.3293174517793479,0.0004105090805458885,1.9352814356009336,3.161607323647944e-05,3.625379770023793e-05,1.4081351249134146
2014-05-09,2.6257615904936162e-05,0.3825857598439911,0.00039570650788195986,1.9014944464029075,3.899806359986126e-05,3.599781691264588e-05,1.4852096146524112
2014-05-12,2.5472098693136958e-05,0.4188867223279237,0.0004095220636972596,1.5861351018508445,4.278264307841826e-05,2.7585706475371094e-05,1.6795884624122215
2014-05-13,2.7268227179962204e-05,0.43401282659149854,0.0004110816280553513,1.5607629511742884,4.59510088088968e-05,3.245036849435395e-05,1.6851483782071268
2014-05-14,2.54765910501542e-05,0.45074218104743186,0.0004056423997998905,1.6186070395046877,4.582162971109117e-05,3.571665962104965e-05,1.7985777461703938
2014-05-15,2.174205444419079e-05,0.4578106896434313,0.0003781775020247626,1.5855249560982991,4.1512994594034456e-05,3.177408202649922e-05,1.9093409365059435
2014-05-16,2.0552751262807784e-05,0.45997277385799334,0.00034799542085545387,1.5946731480550134,3.890038270647773e-05,3.213383548290121e-05,1.8927092635462281
2014-05-19,2.1296152341554682e-05,0.47365961151008995,0.0003354158312179261,1.5706336730287236,4.003213064463683e-05,3.146498048825518e-05,1.8797823194813963
2014-05-20,2.0908636850371392e-05,0.48028375030121867,0.00032975667467095214,1.6493847079034287,3.98802204631825e-05,3.096623284703637e-05,1.9073563115844216
2014-05-21,2.119414789263069e-05,0.4883648271891128,0.00032381208786655684,0.7367455614036468,4.04574854411961e-05,1.3518355451589301e-05,1.9088988925694612
2014-05-22,2.007249814887391e-05,0.4172652717031537,0.0003286523505541522,0.7634925106646298,3.389076134610967e-05,1.397734505629741e-05,1.6884177093826749
2014-05-23,2.2049522594442057e-05,0.37708368446646107,0.00033592087437405376,0.8830651122055952,3.245307349638566e-05,1.65007193247542e-05,1.471826582974
2014-05-27,2.174082787467674e-05,0.3768787908391403,0.00035632943591114074,0.8939297402494225,3.317153638050785e-05,1.6109118227644693e-05,1.525771537851388
2014-05-28,2.1661197917021908e-05,0.35025407700718086,0.0003773876012630934,0.9009934405711464,3.166782587659936e-05,2.469553205058606e-05,1.461960968082656
2014-05-29,2.1856321025887475e-05,0.3345226738306373,0.00039065497652666096,0.9628135504275468,3.091083739022451e-05,2.605061881803929e-05,1.414274495401697
2014-05-30,2.8179051435749515e-05,0.29506039685868335,0.0004076352632345122,1.085745934716011,3.162350331681564e-05,3.0568925415437914e-05,1.1222344864560025
2014-06-02,2.8496658002674943e-05,0.27112747723198205,0.00042477604711036896,1.1623718370496123,2.9829811420059224e-05,3.521203449997907e-05,1.0467827987850062
2014-06-03,3.418588872187905e-05,0.2545530003132675,0.00044082035946849883,1.1517402331294122,3.124873778270733e-05,3.489010145411989e-05,0.9140829433142121
2014-06-04,2.793146765100254e-05,0.2458521811545802,0.0004527255884647682,1.1977058370533689,2.764639219418135e-05,3.690605181502424e-05,0.989793753039291
2014-06-05,4.136471088316827e-05,0.23885369967968623,0.000451327652925319,1.0757992527976434,3.263570065644262e-05,3.5398739460915374e-05,0.7889744654234349
2014-06-06,3.9833023701562004e-05,0.25635268181056087,0.00046406446613407197,1.0026782078289134,3.485368165631332e-05,3.265326789321601e-05,0.8749946255008146
2014-06-09,5.1073182956276414e-05,0.26335065495066934,0.0004651945517575111,1.0221898013768047,4.0592722040912175e-05,3.3283351689910456e-05,0.7947952269915011
2014-06-10,4.95066057749403e-05,0.28777070359137746,0.000465539092203864,1.0145305442112793,4.368740333593936e-05,3.4132208434936206e-05,0.8824560410088433
2014-06-11,4.7157992518462575e-05,0.30375360458329104,0.00047726710784820673,1.0003835000323436,4.557008591139669e-05,3.3883354621375566e-05,0.9663279431064795
2014-06-12,4.667919578081926e-05,0.32152970749097354,0.00047969649164895684,0.9995137080749256,4.8113401226434176e-05,3.265410452540469e-05,1.030724724829219
2014-06-13,3.72024477228719e-05,0.30899984978266193,0.00046917663076371374,0.9327015343797124,4.082368572021747e-05,3.1681767913560245e-05,1.0973387026660413
2014-06-16,2.938646502467408e-05,0.32977886319922134,0.0004715512878688855,0.8921962322693602,3.882048506563767e-05,3.076774044847818e-05,1.3210328303537837
2014-06-17,3.191330809025626e-05,0.3591699480366787,0.00048495738522196695,0.886689538962635,4.4682523556618764e-05,3.056804835025026e-05,1.4001219626072294
2014-06-18,3.560112133469648e-05,0.3854914374380848,0.0004967941811606189,0.9483598369029784,5.12666364457991e-05,3.181006771321305e-05,1.4400286992037852
2014-06-19,3.687128606172102e-05,0.37901776496863687,0.0005137140901407423,0.9776907707310944,5.216322671092614e-05,3.285859490414346e-05,1.414738466773495
2014-06-20,3.6786047916274955e-05,0.3563589770537216,0.0005016066602656878,0.9845309328820412,4.8407306363274165e-05,3.335466205412404e-05,1.3159148401439913
2014-06-23,3.78482539714106e-05,0.34140119802907043,0.000493711823049591,0.9908402539411068,4.666859531427933e-05,3.355476740415917e-05,1.2330448677905022
2014-06-24,3.933090292313687e-05,0.3375076462251908,0.0004930228080652677,1.0988166595637558,4.6998508955395305e-05,3.614524635259172e-05,1.1949511824644095
2014-06-25,4.004889359785303e-05,0.3334078485695424,0.0004958876022334233,1.0791609451718176,4.69853758979896e-05,3.514835354214755e-05,1.1732003477995814
2014-06-26,4.4267929857314866e-05,0.3351746886214525,0.0005063028575204107,1.0697817651483656,5.017888541209683e-05,3.493154358881509e-05,1.1335268121602762
2014-06-27,3.536085878696092e-05,0.3320056388589468,0.0004999533020332371,1.035824587912531,4.414398976352075e-05,3.3804597304799226e-05,1.2483856806045264
2014-06-30,3.524942345217237e-05,0.3231057042133427,0.0004979341138363457,1.0342847128644317,4.280618999911967e-05,3.375623134908515e-05,1.2143798623316657
2014-07-01,3.707778978776346e-05,0.3191620511020251,0.00044752055924065007,0.9975197577925308,4.111257343526471e-05,3.175906635797921e-05,1.108819421831687
2014-07-02,3.729144432547138e-05,0.31696290781415265,0.00045430732603094143,1.011918840560656,4.125607563880202e-05,3.259343869410029e-05,1.106314769648722
2014-07-03,3.7850371933542936e-05,0.31614664975871454,0.0004559815581864876,1.0312716038037313,4.153338221883874e-05,3.293258869439444e-05,1.097304467490105
2014-07-07,3.637233936281704e-05,0.3060699854898932,0.0004537688259401132,1.0604763990455048,3.932092161517038e-05,3.4576754595241275e-05,1.0810666100670896
2014-07-08,3.904012916123487e-05,0.30288217136031526,0.00046875654371299175,0.9026822274983946,4.097349445900333e-05,2.873516847179786e-05,1.049522512842714
2014-07-09,3.921043801203444e-05,0.2981519239495679,0.00047318227682339835,0.878882838773118,4.061184293057915e-05,2.765620512803741e-05,1.0357406086133136
2014-07-10,3.784415060760939e-05,0.29042662567056954,0.0004817163338110603,0.8861908719376925,3.921312883934963e-05,2.8286319701401935e-05,1.0361741037851429
2014-07-11,4.137743263306523e-05,0.3061076200683294,0.00046244689115893125,0.9045723032334748,4.234350880108093e-05,2.8871040089646028e-05,1.0233479002088615
2014-07-14,3.5819786180035966e-05,0.28444858562269926,0.00046128971518667413,0.9524935555792492,3.656387024435055e-05,3.1042168652045385e-05,1.0207729901171017
2014-07-15,3.740515266448331e-05,0.26925116104159413,0.00046110844335785857,0.9705251524320788,3.5361024392392195e-05,3.154153851048206e-05,0.9453516928422527
2014-07-16,4.331224214055195e-05,0.24858770050378576,0.00044417374210028613,1.105196567551374,3.4479535841192916e-05,3.6251762260627884e-05,0.796069058934974
2014-07-17,4.7474517764657056e-05,0.24973594419655396,0.0004402462249220738,1.125624568847977,3.6104318824211124e-05,3.422291394523543e-05,0.760498906027633
2014-07-18,4.82618636397603e-05,0.26750575375237595,0.00044203646509777023,1.312936818789258,3.907187208043468e-05,3.9012523479322205e-05,0.8095806737194772
2014-07-21,3.56854935741795e-05,0.2675000467158383,0.00046366143728733935,1.341114632391771,3.440885370135103e-05,4.077531180837722e-05,0.9642252426696939
2014-07-22,3.6878426197529086e-05,0.28345019002441235,0.0004732154719916299,1.4679387197969718,3.7444877128763836e-05,4.6002676124850746e-05,1.0153599540338494
2014-07-23,3.8554343811198455e-05,0.29094923541623935,0.0004756978083469765,1.4488172700171342,3.940210767371148e-05,5.3889756502834204e-05,1.0219888027835344
2014-07-24,3.79220014302475e-05,0.29768592627921897,0.0004774659866834819,1.4146593854043452,4.0056698136850234e-05,5.471951969478248e-05,1.0562917732738664
2014-07-25,3.58816002468109e-05,0.29507347805948486,0.0005703886232061115,1.7071237653287,4.221351390094008e-05,6.5318032864952e-05,1.176466869107711
2014-07-28,3.90148494586092e-05,0.36783831196075356,0.0005408789880252929,1.7158227857131865,5.343452877981216e-05,6.59026159948432e-05,1.3695946420734182
2014-07-29,3.5953585678647994e-05,0.40851104801845667,0.0005289223912494532,1.7114058810527817,5.633403864936975e-05,7.211382893284075e-05,1.5668545316420341
2014-07-30,3.539196672747045e-05,0.438953129136816,0.0005144636150068017,1.7155093110529858,5.923083162319761e-05,7.228680720386617e-05,1.6735671142351063
2014-07-31,4.5379445989039353e-05,0.4512760470135047,0.0005125809097731726,1.8989219872085088,6.882608889109455e-05,6.789171745098372e-05,1.51667979612881
2014-08-01,4.584672797284814e-05,0.4596582892163765,0.0005228840333284652,1.8686432529592985,7.116917961125215e-05,6.640352468764299e-05,1.5523284377764266
2014-08-11,3.847004227028839e-05,0.48841593186637716,0.0004911107942967374,1.490843575978866,6.713374793187504e-05,8.758668076704407e-05,1.7450916081712893
2014-08-12,3.841634430365733e-05,0.5195420743657907,0.0004753242269451894,1.3897327394141266,7.020591708775488e-05,8.277932076620742e-05,1.827501246157644
2014-08-13,3.776559449586869e-05,0.5312359033302629,0.00045999146309442027,1.3859593070475966,7.001812353753604e-05,8.070582157056796e-05,1.8540188357208454
2014-08-14,3.862814115860239e-05,0.5398068814097111,0.00046036935644984503,1.323647851096445,7.198525136241525e-05,8.094698868144962e-05,1.8635442763567804
2014-08-15,3.923523389055349e-05,0.5447902485148163,0.00046553472167747535,1.3599369421125251,7.362808200254139e-05,8.649838119603265e-05,1.8765806827589353
2014-08-18,5.8802594173761744e-05,0.5439191375524746,0.00046717628888990205,1.3807402842100742,9.01515044889711e-05,9.80657039914195e-05,1.5331212126895846
2014-08-19,5.790352204668287e-05,0.5460572417248526,0.0004728651339066553,1.4147708427333052,9.035648087216933e-05,0.00010084361764071515,1.5604660593758406
2014-08-20,5.609710643686182e-05,0.5475634566328718,0.00047639164673665793,1.3145457719946425,8.951313250169662e-05,9.776960724247304e-05,1.5956818129727433
2014-08-21,5.441563613273725e-05,0.5493545903714853,0.00048515765240060143,1.363741661099109,8.925983013636543e-05,0.00010310422226604584,1.6403342215577885
2014-08-22,5.0059045313325706e-05,0.5518149753335743,0.0004917992282450809,1.363084782524595,8.658221363939995e-05,0.00010304206617899445,1.729601775213076
2014-08-25,6.652021183637015e-05,0.5555309423741578,0.0004853882335713634,1.43674793274603,9.982278620881246e-05,0.00011213459957314774,1.5006384293297457
2014-08-26,6.338834696697776e-05,0.5510683684855598,0.00048088110898052687,1.4451682517875553,9.621195834156831e-05,0.00011282138621874012,1.5178177527123409
2014-08-27,6.228211919321129e-05,0.5483357805343937,0.0004815453411090514,1.5261013992679802,9.496134762816406e-05,0.00012063152031792007,1.5246967967415403
2014-08-28,6.139493236265438e-05,0.5449586526523388,0.00047811832909378286,1.4863255264010415,9.336788297253748e-05,0.00012181589513720078,1.5207750766956096
2014-08-29,6.15753093611576e-05,0.5408731012532186,0.0004804166827306922,1.4872108503065975,9.302672349534327e-05,0.00012164728328639545,1.5107796365214134
2014-09-02,7.761239871585492e-05,0.5419607066687202,0.0004909730484942942,1.4689212684020776,0.00010579427816794076,0.00012056289242668507,1.3631105328320274
2014-09-03,7.595624179294328e-05,0.5313873759606486,0.00048583201899945875,1.4234675987339802,0.00010207891231131626,0.00011804883245189933,1.3439173648109577
2014-09-04,7.498131031863036e-05,0.5251071913852196,0.00047916666793182974,1.4073875740712918,9.953315686944152e-05,0.00011706715853178996,1.3274395505557182
2014-09-05,7.387822741090312e-05,0.5178268381605178,0.0004669240833996703,1.4020392220689362,9.617582630755766e-05,0.00011607361033941044,1.3018155643155538
2014-09-08,7.348698808482049e-05,0.5125677093464904,0.00045741505501126857,1.4309272548303449,9.39748614978808e-05,0.00011845330038729993,1.2787959330897152
2014-09-09,8.133593066383054e-05,0.523583305901718,0.0004604793632836149,1.410057630172029,0.00010132861275328002,0.00011524972088696578,1.245803815438975
2014-09-10,8.008754908927675e-05,0.5297740942272585,0.0004500093998569601,1.4201947471474623,0.0001005736037340115,0.00011580825454905416,1.255795749497817
2014-09-11,7.945435898388616e-05,0.5351806433814239,0.0004515661675715178,1.4163017630508956,0.00010137245389593443,0.00011548980388115338,1.2758576771916743
2014-09-12,7.986652544186676e-05,0.5380370159220679,0.0004595408846384607,1.4093583956055928,0.00010307577974534694,0.00011363259169054267,1.2906005260035225
2014-09-15,7.976789477234261e-05,0.5400909736129392,0.00047644513898232666,1.395837009133717,0.00010529007485401077,0.00011248664480885111,1.319955542947553
2014-09-16,8.12776222335961e-05,0.5383011684768003,0.000490873882862098,1.3525795698381862,0.00010752161536288408,0.00010834976719762858,1.322893219659667
2014-09-17,8.038458733415224e-05,0.5369564249286376,0.0005019586844947681,1.3551194194412717,0.00010785975334427977,0.00010867191749199207,1.341796442841903
2014-09-18,8.052555846541116e-05,0.5333573907233012,0.0005219208109383344,1.3038758936013035,0.00010934212182279497,0.00010391113663576119,1.357856113096833
2014-09-19,7.686942885417954e-05,0.5302159369697262,0.0005288088340019672,1.3168554323171906,0.00010690030771553899,0.00010452427075005052,1.3906738908952698
2014-09-22,7.562338268336147e-05,0.5268088598890495,0.0005522583194702748,1.2185069920068905,0.00010765947401992923,9.482082592230185e-05,1.4236267963667313
2014-09-23,7.716105522203933e-05,0.5219129108401495,0.0005399172882799792,1.2278733435766185,0.00010652725504803329,9.43806543647625e-05,1.3805831807443474
2014-09-24,7.845740621167833e-05,0.5217833329438947,0.0005508867680675189,1.1840383463902688,0.00010847716990451189,8.981618221209365e-05,1.3826249826796484
2014-09-25,8.684570042440597e-05,0.5270559369035018,0.0005593406638287784,1.1747305656088125,0.00011616333382284383,8.138043643297424e-05,1.3375830151080088
2014-09-26,7.784867175631449e-05,0.523973310209058,0.0005638971865586112,1.255995166482662,0.00010978290868774567,8.74869261322974e-05,1.4102091430845884
2014-09-29,7.945972408695768e-05,0.612769043379552,0.00048703503617023963,1.2347448310616174,0.00012054534535926409,8.662732717449055e-05,1.5170622191859597
2014-09-30,7.034453028421699e-05,0.5906619258461034,0.0004887658024447728,1.2087973677753636,0.00010952280299221761,8.462823504418754e-05,1.556948387453956
2014-10-01,6.051441443903661e-05,0.5849248578627806,0.0004922663929138795,1.1450111813639277,0.000100955408294226,7.447996386231459e-05,1.668286956588342
2014-10-02,5.727685640094654e-05,0.5699802302912533,0.0004957157788443193,1.1512443339200766,9.604300745428956e-05,7.483941129923484e-05,1.6768205081293948
2014-10-03,5.732458945014978e-05,0.5556696162645998,0.0005019527851229559,1.208008528457847,9.425807392326556e-05,7.774115630125693e-05,1.6442869426083484
2014-10-06,5.950629355094935e-05,0.5463954057833159,0.0005044027044309666,1.205272551480183,9.466233055259179e-05,7.750989131237592e-05,1.5907952739745386
2014-10-07,5.823383972398379e-05,0.4802227837201718,0.0004914662637950808,1.2817643899734965,8.124138713777024e-05,8.302644300250283e-05,1.3950889641287163
2014-10-08,6.403572465426801e-05,0.46433583847201265,0.0004886327869877663,1.3835196564588932,8.213621225458874e-05,8.172131049102304e-05,1.2826623372819805
2014-10-09,6.579132724406009e-05,0.4429166065953153,0.0004918324850145857,1.279307875932553,7.96736828994077e-05,7.142553397880773e-05,1.211005861059004
2014-10-10,6.388921163395802e-05,0.43031159827328835,0.0005147262543158644,1.1329632255438753,7.803419898624934e-05,6.085546777551249e-05,1.221398683604558
2014-10-13,7.100010076144222e-05,0.418377487595224,0.0005195958284146075,1.207220008669715,8.035827731685284e-05,5.857356316192414e-05,1.1318051165427745
2014-10-14,5.126108009219706e-05,0.41331761775325376,0.0005094096139291436,1.1593222363825195,6.678998753805719e-05,6.479086665552349e-05,1.3029375779427623
2014-10-15,4.732231652345586e-05,0.39008900672694263,0.0005115762744239676,1.3327412377870755,6.069485900509911e-05,8.746325171381801e-05,1.2825842744831606
2014-10-16,5.30327919984953e-05,0.38206805002589367,0.000510248824297294,1.3482016287423289,6.284981072749929e-05,8.85600438476968e-05,1.1851122363929572
2014-10-17,4.626798859027275e-05,0.3633037692481065,0.000503276832019065,1.3880996867742674,5.5438782331510616e-05,8.849505612207176e-05,1.1982103398193953
2014-10-20,4.9165393824874467e-05,0.37432638745246244,0.0005065921036089798,1.3613432837418102,5.907577288019559e-05,8.500721575602993e-05,1.2015722499980692
2014-10-21,6.127847379397686e-05,0.42225278498217134,0.0004997521141399902,1.3631730341891497,7.38930874235994e-05,7.529504104086618e-05,1.2058571770575404
2014-10-22,6.0122674099070425e-05,0.44839174839459356,0.0004894834037145619,1.3601785707523868,7.692114527320703e-05,7.283158734471146e-05,1.279403260514594
2014-10-23,6.055871725038731e-05,0.4507217001322167,0.00048118626855905085,1.4734293775874538,7.694021831773786e-05,7.559957640222267e-05,1.2705060775910966
2014-10-24,5.99990058104541e-05,0.4702305739039278,0.00047902516017479823,1.4081696675150626,7.97190386010149e-05,7.244445670988446e-05,1.3286726592247102
2014-10-27,5.8561423507449295e-05,0.4766340465189505,0.0004719014256182163,1.370731900833794,7.923490078253639e-05,7.416484814317597e-05,1.3530221097247974
2014-10-28,5.4522480778452264e-05,0.4953881712819593,0.0004744063341261763,1.2641807061672634,7.96725423902862e-05,6.52920168021612e-05,1.4612787469086228
2014-10-29,5.3729820257279105e-05,0.5044679817252518,0.00046698378355086853,1.1835077649093455,7.990835690248063e-05,7.052546463297093e-05,1.4872254647391074
2014-10-30,5.3551839514494966e-05,0.509227793097632,0.0004869783114914872,1.0217350316682563,8.223450933102958e-05,6.218265944405086e-05,1.5356056874343416
2014-10-31,5.56093263598845e-05,0.5139450737574097,0.00048651647199196384,1.0678513400302792,8.453553374901046e-05,6.55707119808563e-05,1.5201682754062773
2014-11-03,5.4562010343014535e-05,0.5145728875795801,0.000487838356183446,1.0915802511340975,8.395180797019976e-05,7.447526683320498e-05,1.5386494640212234
2014-11-04,6.02491600622342e-05,0.5176148510571196,0.00045007359764642443,1.1265671061920433,8.523618340225486e-05,7.83040662871107e-05,1.4147281607612519
2014-11-05,6.0354415020847636e-05,0.5080242579794536,0.0004331301492246594,1.214684684006003,8.213876716698614e-05,8.519144207649668e-05,1.3609404902460531
2014-11-06,5.86925643313682e-05,0.5080458872831491,0.0004224009017503021,1.2241126205893698,7.999390550927846e-05,8.56135393331586e-05,1.362930831538498
2014-11-07,5.828791566618652e-05,0.5053221578957949,0.0004143400023874545,1.231587930343837,7.853007946751835e-05,8.706197122724533e-05,1.3472789097015958
2014-11-10,5.7340540123530906e-05,0.5011945055729884,0.00042255316706822004,1.1566691739017616,7.801495667262322e-05,8.346687821607471e-05,1.3605549669492585
2014-11-11,6.57571982494724e-05,0.48779979609344515,0.0004029625094787612,1.1787204638127742,7.940458604789439e-05,8.984871154216744e-05,1.207542111916721
2014-11-12,6.673646336542344e-05,0.4762670455268794,0.0003901663254575014,1.1796886369778348,7.685232629870387e-05,9.005289128358143e-05,1.1515792480325158
2014-11-13,7.11343776232816e-05,0.4651834603472541,0.00038514601004419627,1.2366089920175647,7.699751951333675e-05,9.51183108208262e-05,1.082423465080493
2014-11-14,6.859476809423724e-05,0.45125799476952744,0.0003824645514092277,1.1961678623536494,7.309135275515211e-05,9.789810128134757e-05,1.0655528808660357
2014-11-17,6.853595565786147e-05,0.44421520064875786,0.0003747564981029284,1.1634601696159996,7.119135157111662e-05,9.605299651029404e-05,1.0387445668155728
2014-11-18,7.650833651469074e-05,0.48782188294109446,0.0003692424528356455,1.1696750012390364,8.199199837893556e-05,9.583533119282167e-05,1.0716740438238632
2014-11-19,7.466095393809579e-05,0.5221154438269159,0.0003721628185378732,1.1386110665007765,8.70321671640296e-05,9.770105300564025e-05,1.165698568976111
2014-11-20,7.31046489834875e-05,0.536005734498041,0.00035866473971887385,1.196482816423391,8.679331491875498e-05,0.0001067682910452756,1.1872475434272232
2014-11-21,7.04730363634149e-05,0.538650430016985,0.0003581696560559738,1.1390148458455236,8.557815075851842e-05,0.00010320564379773291,1.2143389184653484
2014-11-24,6.987047932397521e-05,0.5363149648310739,0.0003537665880198577,1.1311306438338766,8.431894870009857e-05,0.00010586491813065699,1.2067893267073315
2014-11-25,8.166110492431963e-05,0.5685827229192615,0.0003490796648739205,1.0896252289347867,9.599830392881881e-05,0.00010617628666547603,1.17556949563426
2014-11-26,7.228929035700332e-05,0.583094267429505,0.0003338016397947949,1.0346459288101604,9.0577428190408e-05,0.00010575292105624614,1.252985438687917
2014-11-28,6.63644735069259e-05,0.5740443341129158,0.00033194889564393135,1.0297783910115903,8.52018207152276e-05,0.00010546532198720085,1.2838468568026205
2014-12-01,6.796408095783602e-05,0.5775412675692376,0.0003348812459860277,0.9681554563089316,8.713008935266515e-05,0.00010041646174240455,1.282002024079741
2014-12-02,6.956629167082881e-05,0.5726889754527593,0.000331055945874601,0.996635199178856,8.690983904827204e-05,0.00010258447288944983,1.2493096435197204
2014-12-03,9.973973303376368e-05,0.5830940131433185,0.00032001089572718597,0.9921747078106066,0.00010417297470373147,0.00010214223720845438,1.0444481004221964
2014-12-04,7.195368455764464e-05,0.5809314824889757,0.0003198842596642402,1.017679257444864,8.813489006398453e-05,0.00010745661306915521,1.224883626263455
2014-12-05,6.914099334132158e-05,0.5897709849903492,0.00032808902223045337,1.0115896035817358,8.882742235898175e-05,0.00010675481764381464,1.284728755927415
2014-12-08,6.652863915801598e-05,0.5729439185558812,0.0003272550687019382,0.8842048289704563,8.453949027970713e-05,9.420565453841964e-05,1.2707232757145768
2014-12-09,5.578278936298998e-05,0.558304746686729,0.0003250245711472397,0.9133919633243524,7.517605483960181e-05,9.75964501131044e-05,1.3476567898104899
2014-12-10,7.622608908783083e-05,0.550479412038517,0.00032673999397647273,0.8947551034621989,8.687484612777327e-05,8.994734339701056e-05,1.1396996378454167
2014-12-11,6.0199482263474304e-05,0.5375010896479738,0.0003274207519198715,0.8794982422930411,7.546208975755759e-05,8.804002628771733e-05,1.253533866409077
2014-12-12,5.635062229218622e-05,0.5351243085503239,0.0003244985002342807,0.951528308897556,7.236197052635388e-05,8.89743300182448e-05,1.2841379133516304
2014-12-15,5.5088696774690915e-05,0.5351952665466726,0.0003196286212986451,0.9505079622925924,7.101765759689438e-05,8.799803435636314e-05,1.289151164482105
2014-12-16,5.154869882225274e-05,0.533670973339936,0.0003357418376821474,0.9179583551102944,7.020776812896475e-05,8.318440536475355e-05,1.361969743815477
2014-12-17,8.951914955443635e-05,0.5208862953500907,0.00033875476905060345,0.9095593700658616,9.070758700282177e-05,7.566210749077361e-05,1.0132757902002045
2014-12-18,9.913276275332198e-05,0.5526404199575099,0.00034012182502515397,0.7973580428912505,0.00010147720600493582,5.6257375722006716e-05,1.023649530049391
2014-12-19,7.377698274922788e-05,0.5508296356753128,0.00034103708358638844,0.7969801602488464,8.737326118029967e-05,5.6225924271812736e-05,1.1842888923403971
2014-12-22,6.996587850894997e-05,0.5459810030989366,0.00034458767520993407,0.800659682899634,8.477553670654802e-05,5.6438697040836994e-05,1.211669724059902
2014-12-23,6.063494070426503e-05,0.5299429555966825,0.0003448237422095936,0.8104771973841214,7.662829853441081e-05,5.775506362052911e-05,1.2637647146082032
2014-12-24,5.292955813268682e-05,0.4731950456905022,0.0003371441860981857,0.7917382330501317,6.321165492358652e-05,5.6784781019615874e-05,1.1942600156442635
2014-12-26,5.0003308753932844e-05,0.44076384479945735,0.00034468487589996556,0.7578592833935125,5.786506537529998e-05,5.455364894499425e-05,1.1572247280685959
2014-12-29,4.966432774890378e-05,0.42906688072795346,0.00035616671750182634,0.7740044281184552,5.7065541222100614e-05,5.570679604030863e-05,1.1490247388551473
2014-12-30,4.653062419950052e-05,0.4111454325358971,0.0003612119363820644,0.7465020635164866,5.33023008140958e-05,5.66659514817516e-05,1.1455316091518921
2014-12-31,4.3755181092948726e-05,0.4060384294762049,0.00037604763537233733,0.7360695112561133,5.2083878026474256e-05,5.442756802254412e-05,1.1903476737036685
2015-01-02,6.483180836307134e-05,0.3968976744968492,0.0003572965897066368,0.6958710733111834,6.040697075696501e-05,5.57445190319968e-05,0.9317489714103556
2015-01-05,8.284505496642122e-05,0.3991806896288245,0.00035332341876096775,0.7120991619179108,6.82950191824985e-05,5.169241729526853e-05,0.8243704975532921
2015-01-06,7.372029621424698e-05,0.3943595664406189,0.0003352830806061934,0.700998390374221,6.20000065467279e-05,5.161561383107033e-05,0.8410167854798438
2015-01-07,7.097584833724285e-05,0.4019683181366787,0.0003402045143646923,0.6291078020949356,6.246218278595107e-05,4.498521335267605e-05,0.8800484143445675
2015-01-08,6.58935484829367e-05,0.4056940203347948,0.00034453419289505395,0.5483248212637126,6.112744155650046e-05,3.7588741376143636e-05,0.9276695968548357
2015-01-09,5.142752848602693e-05,0.3972283758122572,0.00033348895994469573,0.5459734493484539,5.2021015034381694e-05,3.6690999367757896e-05,1.011540250247803
2015-01-12,5.214866604959718e-05,0.3945706736817592,0.0003316382166399957,0.6111054070245122,5.188940499563177e-05,4.185101790194678e-05,0.995028424049834
2015-01-13,5.1084978694142575e-05,0.38508869857647865,0.0003258450825674057,0.5701376618694022,4.968358977461703e-05,3.925075272425476e-05,0.9725674952726127
2015-01-14,5.779000718727771e-05,0.37963751198224865,0.0003221382713366191,0.5390734224494685,5.1798436930062946e-05,3.66596579950965e-05,0.8963216903953978
2015-01-15,5.577655409897309e-05,0.3838629033047775,0.0003030592022935162,0.5234233013145629,4.990748920700634e-05,3.4440998873814054e-05,0.8947754125944686
2015-01-16,7.006830803083834e-05,0.3695129691356838,0.000304471436514268,0.4919117900308141,5.397141187547028e-05,3.1236052344779834e-05,0.7702685192814487
2015-01-20,6.698197984101967e-05,0.35596860201003727,0.00030648203708906783,0.5891511400246562,5.1002703327321205e-05,4.053631216203542e-05,0.761439172869704
2015-01-21,5.396910834789416e-05,0.3525794387698875,0.000315000547230212,0.5420455454863544,4.597113831984902e-05,3.7108728373561644e-05,0.8518046661714541
2015-01-22,5.806897077464812e-05,0.3578339189497984,0.0003124465707212903,0.5429849688287464,4.819937982821968e-05,3.45792711551304e-05,0.8300367508711326
2015-01-23,5.910063936486745e-05,0.3574653545313478,0.000311243380771456,0.6280833590017316,4.848195320766722e-05,4.1587151182320725e-05,0.8203287431182591
2015-01-26,6.288399592442454e-05,0.3312409654587425,0.0003096713373970027,0.646332642978656,4.622369002086098e-05,4.392183983777248e-05,0.7350628620422547
2015-01-27,6.964065036165525e-05,0.315259610092871,0.0003104771931081134,0.6341364059702745,4.635692231328293e-05,4.06728068380464e-05,0.6656589516689444
2015-01-28,7.988841611727443e-05,0.3206434023966806,0.00031735950405331614,0.5067000806301145,5.1055198383192196e-05,3.0535505851389895e-05,0.6390813695472982
2015-01-29,8.021798542057233e-05,0.3294519000416638,0.00031169117170975574,0.4557527262530738,5.209429234121163e-05,2.709173941967749e-05,0.6494091327286283
2015-01-30,7.830236811365751e-05,0.35822541179892187,0.0003114007826002256,0.430160438302977,5.5937581934191295e-05,2.3927596277380146e-05,0.7143791852245992
2015-02-02,6.708254753246161e-05,0.38207456236972676,0.00030882415550388963,0.5053744389634045,5.4993141438790266e-05,2.6655756407722334e-05,0.8197831397529854
2015-02-03,8.067150173734702e-05,0.3997615569725538,0.000306969543127352,0.6062072795165634,6.290841492896582e-05,2.9554722968516815e-05,0.7798096424904193
2015-02-04,7.910110058857453e-05,0.40768341504617217,0.000305129229682132,0.5669828269149655,6.333681403080985e-05,2.7707907684243676e-05,0.800707114812993
2015-02-05,8.520627788871464e-05,0.4268784073660064,0.0003012084001067472,0.5861333669606383,6.838699556449261e-05,2.7759917276384037e-05,0.8026051279203958
2015-02-06,8.507292515013707e-05,0.44080579782413615,0.000306985438354823,0.5475859714357019,7.123638439880836e-05,2.5841199087937287e-05,0.8373567062974511
2015-02-09,6.296753465448077e-05,0.38737613196685133,0.00031603934519060516,0.559160464114796,5.4646428079282876e-05,2.626760777440043e-05,0.8678508437584865
2015-02-10,6.653518645016198e-05,0.3618347972215832,0.00032494928262780353,0.486258623307326,5.320394189651349e-05,2.172308316661919e-05,0.7996361735059655
2015-02-11,6.58212274519105e-05,0.3457898639191114,0.000328424636872768,0.4254603025824071,5.084088611670364e-05,2.0355590298424247e-05,0.7724086603193231
2015-02-12,6.625281595902424e-05,0.30894905775669856,0.0003382398652728868,0.7164955020617598,4.6248903676237886e-05,3.413686295136224e-05,0.6980669878974157
2015-02-13,6.59493776327874e-05,0.30486164471437394,0.0003448988006798665,0.6533128738728841,4.5978413436226897e-05,3.0903375761196774e-05,0.6971773667408844
2015-02-17,5.2818371217651516e-05,0.29858791240565324,0.00033564179679897155,0.6635915336834569,3.975600562297782e-05,3.171293845245965e-05,0.7526927602358865
2015-02-18,4.925751255554142e-05,0.30627817938289126,0.00032623327163700845,0.6552898732058233,3.88254431058748e-05,3.1404236549468116e-05,0.788213636693414
2015-02-19,5.2538640297651296e-05,0.31666929814346695,0.00032174060817906277,0.6752754289768913,4.1171653891791106e-05,3.242337347240075e-05,0.7836452115726271
2015-02-20,5.811623348480445e-05,0.32283225057412396,0.0003180572702087483,0.6207239987952159,4.38912861594777e-05,2.9562916159915204e-05,0.7552328072147669
2015-02-23,5.7842904366347e-05,0.3243657596010976,0.000312203802185763,0.606117285323499,4.358922454279866e-05,2.9006875872228203e-05,0.7535794583675655
2015-02-24,5.363774172174018e-05,0.30513519185122756,0.0003054778423134404,0.5987414075803333,3.905866525470602e-05,2.8765291279576678e-05,0.7281936934879374
2015-02-25,4.6420168910813084e-05,0.28122815904709303,0.0002968153119534455,0.9658291084239824,3.301074401353945e-05,4.8517432646180055e-05,0.7111293385632198
2015-02-26,6.082008377129165e-05,0.2779389645321185,0.0002958051608534576,0.9741750985464072,3.7279992438272655e-05,5.1587363877212784e-05,0.6129552957944064
2015-02-27,6.477291200020017e-05,0.27676351488026707,0.0002971381014830823,0.9683208132353204,3.8395888392557755e-05,5.1199063417876096e-05,0.5927769372548682
2015-03-02,7.10002492943561e-05,0.2791727798075908,0.000296248240311906,1.1239681370167285,4.0488426345154225e-05,6.168892819401908e-05,0.5702575237066484
2015-03-03,6.22129036386534e-05,0.3051699851555156,0.00032856682616603605,1.1721695820905589,4.3630873588406435e-05,6.433706599411522e-05,0.7013154994633333
2015-03-04,6.357489191775788e-05,0.32185867476932173,0.000353019295125142,1.2203310204689513,4.82177849578728e-05,6.703250320353904e-05,0.7584406910238805
2015-03-05,6.337223751236057e-05,0.33317303691820604,0.0003733630307210658,1.1333201892783928,5.124895623395493e-05,6.663589998076663e-05,0.808697282054448
2015-03-06,6.737776824421294e-05,0.34185926174724407,0.0003799609454651407,1.2318626101198846,5.469846527738901e-05,6.734169529553751e-05,0.8118177063854745
2015-03-09,6.459093954914395e-05,0.34404069452139385,0.00038287794601402515,1.2460738523942874,5.410355375666024e-05,6.798535835733328e-05,0.8376337940632619
2015-03-10,6.248974140729342e-05,0.36330087262193056,0.0003896885633084883,1.383238488833697,5.669302556798739e-05,6.669090762016927e-05,0.9072373207383849
2015-03-11,5.4252554100076106e-05,0.3729579590823293,0.0004019595601985496,1.326959976786744,5.507584324071895e-05,6.653464476694499e-05,1.0151751222463032
2015-03-12,5.508043688697334e-05,0.3814516698204277,0.0004045101469751335,1.4415660695422334,5.693809315728885e-05,6.761545564871782e-05,1.0337262442948205
2015-03-13,5.707193087433516e-05,0.3846081901217398,0.0004086683054768749,1.4837583506105212,5.873747723171521e-05,6.821941895318476e-05,1.0291832838290922
2015-03-16,5.2149496476829495e-05,0.3890744133044273,0.0004136043339822458,1.5672353299699913,5.714132036911937e-05,6.637592365311103e-05,1.0957214207141537
2015-03-17,4.691748238540657e-05,0.40747406007615383,0.0004246594470808175,1.5510208534492365,5.751587238292459e-05,6.531509899883264e-05,1.2258942607034387
2015-03-18,5.051902620859181e-05,0.4198432784157593,0.00043760077010994176,1.4453705829823855,6.24243068558423e-05,5.67020191857525e-05,1.2356593454136247
2015-03-19,5.142834644805491e-05,0.4277767773297702,0.0004363047835845356,1.4807978032088809,6.407866749574981e-05,5.7530559888108606e-05,1.245979540883593
2015-03-20,5.066833282542825e-05,0.4341135793094407,0.00043154617763549046,1.5139639768835311,6.419265160733655e-05,6.240071142904248e-05,1.2669185668394645
2015-03-23,5.007282454924587e-05,0.4389327436214007,0.00042760391408783383,1.5094555946611343,6.422732887335918e-05,6.502331480730894e-05,1.282678367987661
2015-03-24,4.2218867344400384e-05,0.4551906048591894,0.0004299668391741395,1.4975498392825106,6.132874246851819e-05,6.337070941405121e-05,1.45263827113667
2015-03-25,4.692159710753298e-05,0.4591598340390688,0.00043381717664524365,1.4762082643275394,6.5509405027407e-05,5.618537778392941e-05,1.3961461046876824
2015-03-26,4.732340893496746e-05,0.4612255943422942,0.00042282522743050714,1.4820933923180222,6.524268946855733e-05,5.6171951513413276e-05,1.3786557421975838
2015-03-27,4.354358066573599e-05,0.4632150494245656,0.00042433766593750447,1.4635692610537667,6.29651905324018e-05,5.546733428021917e-05,1.4460269359967561
2015-03-30,4.5502666776921666e-05,0.4642233609988062,0.0004251164647006913,1.4717780133491434,6.456533063362594e-05,5.1407188892647574e-05,1.4189350912147547
2015-03-31,3.983451498744685e-05,0.4539761125178491,0.0004308084453537341,1.4031445883932847,5.9470949532646e-05,4.884207200058564e-05,1.4929502606316964
2015-04-01,4.176214734580363e-05,0.4465505867982687,0.0004370714114693537,1.436492811466372,6.033068763369597e-05,4.963909315670937e-05,1.4446260900843775
2015-04-02,4.894523588776545e-05,0.441343774653545,0.00043431574916018517,1.4851454218240834,6.434799316592207e-05,5.239032369260576e-05,1.314693697941841
2015-04-06,4.8199312485919956e-05,0.44008246898623343,0.00044273435645488044,1.630932762110587,6.428743565129065e-05,5.592537506245543e-05,1.3337832499181472
2015-04-07,4.533264144371158e-05,0.4413515267649693,0.00044589519623617236,1.5780066474534646,6.274896151539022e-05,5.8717676824083534e-05,1.384189394595593
2015-04-08,4.177649686660928e-05,0.4406594632229834,0.00045514022353682846,1.518801057136296,6.0763351521538685e-05,5.648885646303642e-05,1.4544865194310976
2015-04-09,4.664355209638432e-05,0.42632801221522026,0.0004529191109228495,1.3874051133908536,6.19655060049285e-05,5.303576631649662e-05,1.328490289008926
2015-04-10,4.853778747139849e-05,0.42078372711598505,0.00044723440296908965,1.4690461133251582,6.199640773097125e-05,5.5789771347289485e-05,1.2772812886764446
2015-04-13,4.467938122611643e-05,0.41964233231507914,0.0004420125734011889,1.463679047413208,5.89725868604479e-05,5.5877584524890533e-05,1.3199060784211727
2015-04-14,4.646938254229903e-05,0.42277790282638655,0.00043276898805563063,1.4911903584955348,5.9954777698508025e-05,5.689494437296901e-05,1.2901995769781067
2015-04-15,4.691423215315267e-05,0.42584151315854135,0.00042068715279221355,1.4888810098265022,5.982461706562249e-05,5.967824963824478e-05,1.2751912227897826
2015-04-16,4.176974619173272e-05,0.43262917049627747,0.00040928679767712745,1.4098718863546968,5.656666632586684e-05,5.936572770263061e-05,1.354249701834741
2015-04-17,4.332386275975345e-05,0.43733108033790286,0.0003979448143120038,1.5160151149889278,5.74229306574842e-05,5.985594112789958e-05,1.3254342295356996
2015-04-20,4.305137811564542e-05,0.42033775573177207,0.0003829112355487787,1.4887627130875432,5.3968579239219776e-05,5.6181704422865e-05,1.2535854042639092
2015-04-21,4.4326391543702614e-05,0.4179848590845202,0.00037416330774050317,1.4795197391174937,5.382974687715047e-05,5.763858528298771e-05,1.214394968832016
2015-04-22,3.760113128202133e-05,0.42832122255724314,0.0003691711070125702,1.5069277438740436,5.0464259059160716e-05,5.820465037052431e-05,1.3420941694722304
2015-04-23,3.981692672329287e-05,0.430808983399056,0.00036620239290170844,1.5206975939058949,5.2021061240891565e-05,5.849866019314886e-05,1.30650619025449
2015-04-24,4.472325784062566e-05,0.43501240065213503,0.00037038225022794307,1.3119950470912858,5.59878043443466e-05,6.313851489992702e-05,1.251872225942549
2015-04-27,4.8016264703360416e-05,0.4401462373889453,0.00037362998903994656,1.339879868228949,5.895383252131646e-05,6.431160713110985e-05,1.2277888104276171
2015-04-28,4.837591330570472e-05,0.4434751551180067,0.0003727332731506283,1.3113301849440293,5.955016436053144e-05,6.467580886168922e-05,1.2309879088837585
2015-04-29,4.7158652268819175e-05,0.4423845065657165,0.0003721070278802667,1.323631363163688,5.86022832491176e-05,6.487012667344983e-05,1.2426623838837914
2015-04-30,4.7296624411946914e-05,0.4377026056072656,0.0004337689976874508,1.0152206745127528,6.269363619394952e-05,4.76911991818147e-05,1.3255414519204756
2015-05-01,5.0018555724514286e-05,0.4350223552101417,0.0004331134230210456,0.9660463568695108,6.402918454439647e-05,4.3644304891455166e-05,1.2801086240284127
2015-05-04,4.992916004912971e-05,0.4303831235045721,0.0004313863556027092,0.945102133824156,6.316340959886735e-05,4.8243693874063565e-05,1.265060528491072
2015-05-05,5.102770643270727e-05,0.4340323076648492,0.00044672387330680854,0.7922389233549224,6.553067827441912e-05,3.8388026028381645e-05,1.2842175918848642
2015-05-06,5.61480236098465e-05,0.4342097682646339,0.0004137787428257908,0.7088119560410125,6.618368041348361e-05,3.672490595110893e-05,1.1787357089070754
2015-05-07,5.2055366505413186e-05,0.4354498696753436,0.00038669209649813745,0.780403976372354,6.178080560004871e-05,4.228565861438463e-05,1.1868287507614452
2015-05-08,4.9463315458690945e-05,0.42829253720297866,0.0003556160189572198,0.8157397856854759,5.6803196633584826e-05,4.137520130432384e-05,1.1483904001749285
2015-05-11,4.237087867236375e-05,0.43668457268153,0.0003398578247576822,0.7977136434171486,5.2402284564464065e-05,4.005179933280748e-05,1.2367523687594248
2015-05-12,4.7490306282055044e-05,0.44161090072812065,0.00032468180981408813,0.8392464141261329,5.4836692128193566e-05,4.313579941504234e-05,1.1546923239978022
2015-05-13,4.663897325113825e-05,0.43848347884947836,0.00030843997359794313,0.8501611919226185,5.259119677372238e-05,4.370359185706594e-05,1.1276233824988602
2015-05-14,4.9144732522979803e-05,0.431384501758925,0.0002918085775736534,0.8699359638851544,5.1659720593725614e-05,4.265599745323389e-05,1.0511751298996248
2015-05-15,5.102390807027307e-05,0.43058982941226975,0.00028197289011921284,0.8342996503305362,5.164809470850715e-05,4.1180472500957504e-05,1.012233218932866
2015-05-18,5.1224895533544154e-05,0.42036864654463135,0.0002721531613284932,0.8405322660319544,4.9633802569585894e-05,4.134221769897246e-05,0.9689390686425833
2015-05-19,5.107054978153525e-05,0.4151514429358179,0.0002635040642978273,0.811088173393397,4.8159889011365145e-05,4.043249411025932e-05,0.9430070601820216
2015-05-20,4.960583034370502e-05,0.40032198478080633,0.0002595867086843786,0.8122575368879318,4.542731088204737e-05,4.234218276333922e-05,0.9157655575422113
2015-05-21,4.7917991249736124e-05,0.3815088136550295,0.00026319843822947275,0.8691336111982071,4.2844544640033165e-05,4.560084419452592e-05,0.8941223019291131
2015-05-22,4.8649795894238564e-05,0.37830383071557566,0.00027248240745368505,0.0001564413041031,4.355625022896636e-05,8.77440894147532e-09,0.8953018081238154
2015-05-26,5.2044924254716454e-05,0.3776189824931028,0.00028290441231092184,-0.0153678119811285,4.5820821224422515e-05,-8.398755982203794e-07,0.8804090289413786
2015-05-27,5.41376103742017e-05,0.37709359897585787,0.00029063877612866954,-0.051718409660035,4.730156170298911e-05,-2.7195942597250147e-06,0.8737282893729238
2015-05-28,5.2639353679274204e-05,0.2665078759301991,0.00034106810701115914,-0.0486639817441732,3.570967334494683e-05,-2.559946631671229e-06,0.678383582794765
2015-05-29,4.7121939363217764e-05,0.19268460290582706,0.0003655724094317223,-0.0544002359130831,2.5289794241352687e-05,-2.8290197879000375e-06,0.5366883151055808
2015-06-01,4.566975475334599e-05,0.1466903992033684,0.0003962050778038185,-0.0863480856013547,1.9732224539176308e-05,-4.486889841251553e-06,0.43206329102808744
2015-06-02,4.848176142599366e-05,0.11640059208550059,0.00041127502792211835,-0.0545908967704481,1.6436545818997923e-05,-2.8508546384223985e-06,0.3390253434600958
2015-06-03,4.583723039523311e-05,0.09572483772772676,0.00042272842181813596,-0.1063786761265087,1.3324918064554955e-05,-5.688320748227262e-06,0.29070076768732284
2015-06-04,5.208668778062701e-05,0.06974405999926238,0.0004960284296443917,-0.0983964504161871,1.1210471533860915e-05,-5.1176441448398696e-06,0.2152271916593343
2015-06-05,5.356843740955158e-05,0.04982438900760953,0.0005543854598862501,-0.0450676617331301,8.586227403450029e-06,-2.503701412458004e-06,0.1602851943917082
2015-06-08,5.4875341169450945e-05,0.03997004534341375,0.0006077813169610362,0.1071824393309903,7.2995641659553844e-06,6.062623653732908e-06,0.1330208434315675
2015-06-10,5.7400521339002106e-05,0.044638968360785895,0.0005996668219550226,0.0130067930638628,8.281844619093774e-06,6.937941832757996e-07,0.14428169685397063
2015-06-11,5.7399555912391706e-05,0.04709218582894627,0.0005676113471992703,0.0325859863024274,8.500190320664735e-06,1.7404316864124363e-06,0.14808808510014398
2015-06-12,5.544172754801711e-05,0.03332898045218316,0.000570862318748379,0.1210824411307072,5.9293364504289985e-06,6.396261814282992e-06,0.10694718062841213
2015-06-15,5.424960916028536e-05,0.039768043459015044,0.000576832446868871,0.1175806444011178,7.034890992529467e-06,6.1839025215652974e-06,0.129676344243223
2015-06-16,5.423174022350414e-05,0.05484506861356035,0.0005849719509887594,0.1619455118433276,9.76858985511635e-06,8.634693186157132e-06,0.18012680055733532
2015-06-17,5.412494915971205e-05,0.06698871704634476,0.0005973327325125945,0.3296295005281717,1.2045048913473905e-05,2.0736209560443752e-05,0.22254152845356662
2015-06-18,5.572982074389677e-05,0.07336812888206196,0.0006005477473199582,0.4058048227463286,1.3422241157990282e-05,3.282778520675732e-05,0.24084486507989017
2015-06-19,6.241618085312648e-05,0.09668494738594005,0.0006573798925689666,0.8632294241959003,1.9584643431051906e-05,9.977236833908069e-05,0.31377510067681263
2015-06-22,6.257165974145031e-05,0.11415795505264024,0.0007056291678684688,0.8904856996731673,2.3987405690086474e-05,0.00010357901083199996,0.3833589485911643
2015-06-23,5.295413252336654e-05,0.1516971961572363,0.0007376806560629236,0.9555982495059498,2.9982074594645692e-05,0.00014571665337592183,0.5661895146977585
2015-06-24,5.124155217210486e-05,0.2059791834388273,0.0007682454157961855,1.132596359757816,4.086810110947835e-05,0.000189272396868771,0.7975578290879006
2015-06-25,5.1531038942745836e-05,0.2416760875056173,0.0007957920350500047,1.132586831410699,4.894044622890249e-05,0.00018922085436848764,0.9497275279716045
2015-06-26,9.885673436567757e-05,0.3029601849269046,0.0008607631006422703,1.1511672789990053,8.837521997178928e-05,0.00019353277128594088,0.893972682173412
2015-06-29,0.00010219846828200267,0.3475931806453468,0.0009071411296249945,1.13513672367463,0.00010583537916390313,0.0002022684138358494,1.0355867455064485
2015-06-30,8.697755639475864e-05,0.40066715731402697,0.0009179288153572657,1.174800559241456,0.00011321183963177381,0.00021985726199051439,1.3016212954747495
2015-07-01,9.667073925185136e-05,0.4249971641127716,0.0009297036542777087,1.18433303325584,0.00012741067630498183,0.0002194553162238301,1.3179859520164139
2015-07-02,9.521395937942913e-05,0.44743654779070685,0.0009402609137112105,1.1812715760930466,0.00013387699624118005,0.00022397390791807203,1.4060647946345568
2015-07-06,0.000172264093177785,0.4478415841374551,0.0008737220397537807,1.146532739018136,0.00017374345119888264,0.0002351454479822787,1.0085877329036346
2015-07-07,0.00016730584927433944,0.4368338947236255,0.0009168422139182022,1.1128075332918208,0.00017108785905670131,0.00023057951353100897,1.0226053649574458
2015-07-08,0.00018325021701855255,0.45215643137216305,0.0009506161519156115,1.1058018953673434,0.00018871810019630876,0.00022403487906100632,1.02983834489649
2015-07-09,0.00017483634785152047,0.4460630726728038,0.0009400383507754357,1.088331542592012,0.00018083601186295642,0.0002210489707332721,1.0343158850271292
2015-07-10,0.0001852458943863911,0.4539019735349568,0.0009477990321371274,1.1034743752256444,0.00019019298615818134,0.00021966249931590058,1.026705540698632
2015-07-13,0.00021177015433928543,0.4578355485716638,0.001019755430941001,1.061028951215488,0.00021275996020026958,0.0002121154989483444,1.0046739629768524
2015-07-14,0.0001959846645507268,0.4502421092278329,0.0010716498468228302,1.1305185757647285,0.00020634008653890436,0.00022770101733170632,1.052837919803145
2015-07-15,0.00017788056160659394,0.44206046081779543,0.001123468888258709,1.1343465434697266,0.00019761797426769945,0.00022848527459703292,1.1109587943889978
2015-07-16,0.00018174519139179188,0.44570298985384627,0.001166533993666968,1.125170043938152,0.00020522284856513203,0.0002347153990977457,1.129178973009134
2015-07-17,0.00017984339911716185,0.43449156556896307,0.001225934615971149,1.101929949549788,0.00020401507319548333,0.00023090084467117543,1.1344040103611168
2015-07-20,0.0001933298802508964,0.43328652783001675,0.0012454052541691716,1.115422485390415,0.00021260820630018316,0.00023674479405067053,1.099717260592455
2015-07-21,0.00019419877324157122,0.4283520449086467,0.0012679555243194944,1.1197563674002209,0.00021255733467870098,0.000237573157073255,1.094534899117477
2015-07-22,0.00018582236281108658,0.4291718098476048,0.0012835411698622983,1.1169094007093066,0.000209597007743053,0.00023703379791575652,1.1279428620555028
2015-07-23,0.00018795658724473803,0.42822612337049376,0.0012476501935190297,1.129796913174817,0.00020737115754799942,0.00023949761081000446,1.1032928432456677
2015-07-24,0.00019329917782205091,0.43137933108312493,0.0011991268380112125,1.0773165642373583,0.0002076858449097861,0.000240003189138809,1.0744269440244563
