Date,Predicted_Index_Var,Predicted_Corr,Predicted_Var,Future_Beta_45d_MRK,Predicted_Covariance,Future_Cov_45_MRK,Beta_Predicted
2013-02-28,5.497886498863307e-05,0.44633320483479566,0.00012926847077574113,0.7079068424174794,3.7627328742164246e-05,3.8771154631033244e-05,0.6843962448105054
2013-03-01,5.488021190183326e-05,0.44617620621632686,0.00013123024203684697,0.7034448997275196,3.7864415845517806e-05,3.8490134548791575e-05,0.6899466043106323
2013-03-04,5.501029900576039e-05,0.4481651900292485,0.00013351180831049138,0.6869019276921338,3.84078469831161e-05,3.755448239169291e-05,0.6981937505755829
2013-03-05,5.845535101370509e-05,0.4476703424078431,0.00013323023364175308,0.7006390593283897,3.950680010694884e-05,3.755059204420988e-05,0.6758457424656694
2013-03-06,5.9250468430820016e-05,0.44892605861686813,0.0001321149080400148,0.6780443365989353,3.9718846093448235e-05,3.6590143656510136e-05,0.6703549717893519
2013-03-07,5.369174155549812e-05,0.4523969498895814,0.00013423858030909804,0.6872994112625299,3.840715065357997e-05,3.7149861002779706e-05,0.7153269672558613
2013-03-08,4.524810700565277e-05,0.4703707985482754,0.0001349383419252124,0.70062212944582,3.6754307480489835e-05,3.771784665545834e-05,0.8122838702599908
2013-03-11,4.8373919939468494e-05,0.4645873432080405,0.00013452062188801396,0.6963920487074067,3.747722689530848e-05,3.8689000699023476e-05,0.7747403340933436
2013-03-12,5.1431479865635213e-05,0.4802221371581844,0.00013922539945377928,0.7406213449717526,4.063646514473059e-05,4.119492449156369e-05,0.7901088059471241
2013-03-13,5.5261000285198275e-05,0.49877656708947926,0.00013992719205307934,0.7509107787996359,4.3859782359665775e-05,4.239184010941023e-05,0.7936841919854584
2013-03-14,6.195858588029715e-05,0.5036265694166643,0.00013691637439291102,0.7180154655985859,4.638601642394474e-05,4.140135428218363e-05,0.7486616384944884
2013-03-15,6.386120353979619e-05,0.5284867081663028,0.00013439252670726737,0.7294606537456102,4.895986121634614e-05,4.1234544651966274e-05,0.7666604840266747
2013-03-18,6.402550064969363e-05,0.5423135689808867,0.0001324024061006087,0.707398533058269,4.993153313355392e-05,3.916813049728776e-05,0.7798694680537863
2013-03-19,6.71640875084588e-05,0.5469341843681185,0.0001305121141774319,0.7422431544133105,5.12069654696073e-05,4.222233221890085e-05,0.7624158589686517
2013-03-20,6.839791392936718e-05,0.5557341648729208,0.0001296203620063494,0.7074382577144216,5.2326916061843345e-05,4.006135226982709e-05,0.7650367248901779
2013-03-21,6.814178529168062e-05,0.5183107110525143,0.00013462348211351892,0.7024122689696564,4.9642923274787234e-05,3.825718442491127e-05,0.728523960185236
2013-03-22,6.79733209422515e-05,0.49415192786394774,0.00013787001457323932,0.7219184101574756,4.783707855113594e-05,3.8954541005194955e-05,0.7037625628410472
2013-03-25,7.243408887933498e-05,0.4726699133292101,0.00014037494790498456,0.7553746278797434,4.7662219686016745e-05,4.13039071190557e-05,0.6580081343387271
2013-03-26,7.339742545776695e-05,0.4639503724060324,0.00014330578255697626,0.7300273140063285,4.7582121153650134e-05,3.9285174336343654e-05,0.6482805201529719
2013-03-27,7.311742529462491e-05,0.4618123408219858,0.0001456304349223526,0.713406632321859,4.7654295388933414e-05,4.2343014651615923e-05,0.651750183993919
2013-03-28,6.422356192814954e-05,0.44153147729673453,0.0001490691722036542,0.7685686974097743,4.320189375321788e-05,4.589636850516785e-05,0.6726798149493831
2013-04-01,6.678777769649997e-05,0.4297350198479269,0.00015177950536415176,0.7279816618990206,4.326690296261866e-05,4.362639254969747e-05,0.647826660129853
2013-04-02,6.451960799026473e-05,0.4436432739700474,0.00015490861523625903,0.7472636331616549,4.435244310707759e-05,4.827897512705346e-05,0.68742579951462
2013-04-03,6.836168011312682e-05,0.46032291584932594,0.00015576689116894688,0.7820709834569106,4.7501413763521876e-05,4.9551769875236106e-05,0.6948543933518779
2013-04-04,6.901245142532413e-05,0.47930379697611153,0.0001553880511918878,0.7119936366882943,4.9634472038712927e-05,4.71136407936737e-05,0.7192103890472662
2013-04-05,6.697476452894188e-05,0.4600063712113605,0.00015815276986408183,0.7066316020864936,4.734322578490113e-05,4.6244574171352587e-05,0.7068815563277218
2013-04-08,7.273438811092278e-05,0.44521469593795254,0.00016008897957455454,0.7479536038099006,4.8041892198787055e-05,5.067435499977475e-05,0.6605113955935299
2013-04-09,7.022991067372413e-05,0.42253145886681737,0.00015606198537530003,0.7517236245599602,4.423526883167294e-05,5.223565523224089e-05,0.6298636636059849
2013-04-10,6.636144982931065e-05,0.41049188705671424,0.00015835833963363132,0.6904399120419349,4.208070244498947e-05,4.915961961362446e-05,0.6341136692044239
2013-04-11,6.716170407401359e-05,0.40044614150066693,0.00016154269572754522,0.6738326650871231,4.171081057990372e-05,4.861827383163861e-05,0.6210505101826711
2013-04-12,6.98842565011876e-05,0.3959976045478938,0.00017068596279483584,0.6554257414123555,4.324950452502259e-05,4.788807860200313e-05,0.6188733584693373
2013-04-15,9.593981606210937e-05,0.38948610281144036,0.00017971504995540063,0.6566745832331963,5.114269750471769e-05,3.963443808654822e-05,0.5330706228539047
2013-04-16,8.836558039441448e-05,0.384475607895719,0.00018512738634807196,0.6171305750932976,4.9175150109108584e-05,3.785765889159844e-05,0.5564966572914277
2013-04-17,8.959564094882932e-05,0.3802283198328084,0.00018778229868201532,0.7350696812751037,4.93191094894222e-05,5.2240034463569166e-05,0.550463269944012
2013-04-18,9.719405369416862e-05,0.37859748197663995,0.0001893241218405335,0.7220516313917064,5.135710618295019e-05,5.0649514767832875e-05,0.5283976151931142
2013-04-19,7.72897485213767e-05,0.391455084685981,0.00019582305773025886,0.698335733054858,4.815870493527837e-05,5.0676841787913085e-05,0.6230930473523109
2013-04-22,7.797978274745508e-05,0.39618442390860226,0.00019890537686122631,0.6619176473026268,4.934142287333526e-05,4.9081531420649165e-05,0.6327463495651449
2013-04-23,8.499754389235151e-05,0.39667847114475024,0.00020153310675537296,0.6475430361190201,5.1917649107972936e-05,4.789119145086438e-05,0.6108135215498237
2013-04-24,7.773768893068322e-05,0.38676438060375795,0.00020042351026063285,0.6645835720059308,4.827659322512143e-05,4.9601638224337706e-05,0.6210191464293269
2013-04-25,6.90805921567358e-05,0.3867862755946744,0.0002022444795983049,0.7005346121176069,4.571802064480606e-05,5.238491691007937e-05,0.6618070172455558
2013-04-26,7.034557142953508e-05,0.38715705049260524,0.00020488154725712028,0.6987664843129967,4.647902146076456e-05,5.266072236284584e-05,0.6607242007739241
2013-04-29,6.776168711759701e-05,0.3857796166230682,0.00020665697159380958,0.7054929565412374,4.565164304370041e-05,5.255204299719202e-05,0.6737087723992803
2013-04-30,5.8041023931509805e-05,0.3876932669626234,0.00021054267501946665,0.7175356526425275,4.285740387072e-05,5.3375056027247406e-05,0.7383984803798957
2013-05-01,6.311211636341748e-05,0.40105808274317806,0.00021422466229236,0.6729603080969571,4.663353937958961e-05,5.037223195936095e-05,0.7388999461063934
2013-05-02,6.214021471172626e-05,0.39219307368571604,0.0002101107713292456,0.6898513223106805,4.4813663921836825e-05,5.086786063472494e-05,0.721170084939861
2013-05-03,7.476459886581012e-05,0.3931518628780142,0.00020529778364107438,0.7137880671991514,4.870801958767342e-05,5.187765127070371e-05,0.6514850654799355
2013-05-06,7.535412832838797e-05,0.3987019020243173,0.00020242450901229508,0.7251153918339648,4.9241738783612586e-05,5.263105584696916e-05,0.6534710158018227
2013-05-07,7.392273390092128e-05,0.3997697178989735,0.00019715649154493494,0.7089780432301999,4.826190321270799e-05,5.38397462841172e-05,0.6528695661796474
2013-05-08,6.958015556766957e-05,0.39986883573815124,0.00019387687503098598,0.7212859013291364,4.6443320394218686e-05,5.4521112146617996e-05,0.667479398620353
2013-05-09,7.111722928104653e-05,0.39849287068892164,0.0001901552223738225,0.7295731975669689,4.634064760622215e-05,5.5121127550723885e-05,0.6516092946069315
2013-05-10,7.562958883543677e-05,0.41197429521724427,0.00018853942690819306,0.7294932401442873,4.919455998632194e-05,5.532060884333033e-05,0.6504671087577232
2013-05-13,7.357910230951406e-05,0.41673827724614204,0.00018710508112560625,0.7266041568378284,4.889713633277248e-05,5.5164283911933076e-05,0.6645519556230016
2013-05-14,7.590263764609063e-05,0.41435101331487256,0.00018511865928831495,0.6894159925121648,4.911588088277198e-05,5.123353593770125e-05,0.6470905676793921
2013-05-15,7.650099964197039e-05,0.41836897244142257,0.00017961945832352912,0.6953727424812324,4.9042174089778315e-05,5.1325148086752293e-05,0.64106579416346
2013-05-16,7.639729836462006e-05,0.4204447580416778,0.00018023765047008814,0.68643446392152,4.9336768620730034e-05,5.028457238823967e-05,0.6457920591021595
2013-05-17,7.425705624970095e-05,0.4198949255272388,0.00018084907753500076,0.7269744294124055,4.865949970838638e-05,5.1960407438598536e-05,0.6552845233288163
2013-05-20,7.217439206379002e-05,0.4263806182846375,0.00018351136582993676,0.7271496759345,4.9070502577332144e-05,5.222569177358564e-05,0.6798879931536115
2013-05-21,7.13709588975209e-05,0.4383403703677934,0.00019404912779471628,0.7143354360009606,5.1585552174927935e-05,5.1360545350196536e-05,0.7227807076124316
2013-05-22,7.35750525384875e-05,0.4474467139321021,0.00019197185769842098,0.6949912674736224,5.317719154872454e-05,4.9024070124364855e-05,0.7227611767033025
2013-05-23,7.454058968752127e-05,0.4516789482779711,0.00018864859041606437,0.7123283604155536,5.3561538584808206e-05,5.026717228653003e-05,0.7185553375595963
2013-05-24,7.630250921850573e-05,0.4679851623135979,0.00017601454987714116,0.7119033687890431,5.423451721062635e-05,5.0213549844484723e-05,0.710782879437375
2013-05-28,7.438631671877e-05,0.4840838996919262,0.00016689759392729108,0.702300842517015,5.393767273087784e-05,4.903673528720476e-05,0.7251020767004542
2013-05-29,7.273626036607267e-05,0.49858185774774877,0.00016229721359292795,0.6775015679417937,5.417107919005365e-05,4.839678332616701e-05,0.7447603013602467
2013-05-30,7.309916508279677e-05,0.505629104211376,0.00015691707713464233,0.6753629381024142,5.415310680258893e-05,4.8122374502007663e-05,0.7408170358888733
2013-05-31,7.696255068093324e-05,0.5017768363336398,0.0001539629624847523,0.6837517958010938,5.462085132125283e-05,4.516010289827645e-05,0.7097068748110584
2013-06-03,7.835861755638394e-05,0.5198008929305669,0.00015495912110561087,0.6258191727875068,5.727814916575899e-05,4.1630293844116736e-05,0.7309744729039377
2013-06-04,7.696792659140356e-05,0.5190099841512775,0.00015112769786688936,0.6646152849718411,5.597610035529263e-05,4.398465586019034e-05,0.7272652757355753
2013-06-05,8.390672708275947e-05,0.5140413992575531,0.00014768764863445387,0.6378981355104516,5.722273029479559e-05,3.904557396891976e-05,0.6819802450208226
2013-06-06,8.864935953499249e-05,0.5175157432724059,0.00014332312675139784,0.6596326345556228,5.833369736546629e-05,3.964794175392059e-05,0.6580272849285536
2013-06-07,8.584609796353898e-05,0.5080542985851564,0.00014011301003066427,0.7351319117618187,5.571981188713373e-05,4.187535924993144e-05,0.6490663315972655
2013-06-10,7.344670994631798e-05,0.5411911160502226,0.00013174505712288583,0.7341499372031042,5.323582601129804e-05,4.190463031015262e-05,0.7248224740115381
2013-06-11,7.540176794643908e-05,0.5602709681655729,0.00012741604411393032,0.6678369499960018,5.4916258690367624e-05,3.677423696042578e-05,0.7283152661536644
2013-06-12,7.564969572692771e-05,0.5641561079898683,0.0001220193683257611,0.6816520009677115,5.420224482044331e-05,3.966515072702788e-05,0.716489925036802
2013-06-13,7.668406692361186e-05,0.5609358565220349,0.00011444145616440414,0.664730776908072,5.254815333608225e-05,3.5639191308530976e-05,0.6852551702614783
2013-06-14,7.978958283363962e-05,0.5589067002562286,0.0001112036802001913,0.6743592118009969,5.264680175347681e-05,3.6173530975246275e-05,0.6598204913947827
2013-06-17,6.406673037804978e-05,0.5725368030125593,0.00010412942956699625,0.6935061828817837,4.676343810377513e-05,3.665608694717899e-05,0.7299176628466899
2013-06-18,5.269216623890948e-05,0.5805882968617944,9.859683920542999e-05,0.7090208554912116,4.1847816274369184e-05,3.709881163032144e-05,0.7941942657022041
2013-06-19,5.313666894497608e-05,0.5803680096008843,9.469050717208459e-05,0.7537569508937059,4.1167438929449286e-05,3.747204428504727e-05,0.774746323900711
2013-06-20,6.610900161714408e-05,0.5893413609849877,9.51364549079311e-05,0.6114822864718513,4.6738062286262714e-05,2.127928242498955e-05,0.7069848453760661
2013-06-21,6.524441916700448e-05,0.589982221375394,9.343519714288352e-05,0.6430478720361911,4.606444706525786e-05,2.2564841499115706e-05,0.7060289240578242
2013-06-24,5.5679700730278476e-05,0.5696179047514733,8.642788785556063e-05,0.6092445441135192,3.951473083990661e-05,2.2868267262263344e-05,0.7096792964337647
2013-06-25,5.683904438603972e-05,0.5579173207950255,8.028549401047053e-05,0.6584557755559958,3.768875317846807e-05,2.366982858740616e-05,0.6630785859539333
2013-06-26,5.616484134519195e-05,0.5527790469989502,7.504325689254869e-05,0.6362277590050065,3.588720852182148e-05,2.166585107494731e-05,0.6389621632020089
2013-06-27,5.600093181678947e-05,0.5496169419503973,7.19263710270378e-05,0.5881189036275609,3.488203492519204e-05,1.981330597427067e-05,0.6228831162901143
2013-06-28,5.651835513949762e-05,0.5507201140268213,7.03197163683768e-05,0.5295179703363437,3.471876360193116e-05,1.7788358541658968e-05,0.6142918263675387
2013-07-01,4.0959150997653995e-05,0.546039888540403,6.527780414433412e-05,0.5779725918630965,2.8234663148915183e-05,1.982351473111837e-05,0.6893371190856074
2013-07-02,4.708768430286185e-05,0.5437416093354719,6.162561836767404e-05,0.5815042199645215,2.9290506376448306e-05,1.991835650369588e-05,0.622041767610732
2013-07-03,4.5307854285029834e-05,0.5375467297858032,5.7753811648618596e-05,0.5815427012764471,2.7497505511715435e-05,1.991943727001405e-05,0.6069037244343942
2013-07-05,5.048108536897671e-05,0.5270931522799603,5.606560482818617e-05,0.5335966565440626,2.804141803888197e-05,1.8005779449635753e-05,0.5554836595513237
2013-07-08,5.858594159480322e-05,0.5278256215756023,5.740148766286518e-05,0.5309923225571301,3.06089723452501e-05,1.8156778736314298e-05,0.522462753213908
2013-07-09,6.185296409698371e-05,0.5384616435741156,5.3958036128821886e-05,0.5309804125011874,3.1107355905023327e-05,1.770907098817145e-05,0.5029242552749431
2013-07-10,6.043816195282401e-05,0.5436181164125714,5.0875711537353604e-05,0.5413407152842051,3.014427156329652e-05,1.8179775175248433e-05,0.4987622156151294
2013-07-11,6.428746384905295e-05,0.5450157776663727,4.914531049759125e-05,0.535263786529265,3.063467399353885e-05,1.591727037379752e-05,0.4765264043619625
2013-07-12,6.999194674271863e-05,0.5440111824905329,4.7091267296767985e-05,0.5577705452114747,3.12321622815807e-05,1.696458492079998e-05,0.44622508352833934
2013-07-15,7.060701256657018e-05,0.5388478526550146,4.629908420928703e-05,0.5456521235642755,3.0808905862201074e-05,1.665302563653041e-05,0.4363434274060755
2013-07-16,3.5042919617133015e-05,0.5447132610106524,4.510266693611403e-05,0.5516194848441734,2.165554912961658e-05,1.810926616913305e-05,0.6179721714462643
2013-07-17,3.792838595062833e-05,0.5482461771016456,4.659573619500304e-05,0.5585756944619802,2.304787456857616e-05,1.8364261023838932e-05,0.6076682144760327
2013-07-18,3.7451029819475974e-05,0.5568479102957916,4.7267508733473527e-05,0.6042897641317037,2.3428788557659684e-05,2.160238139198086e-05,0.6255846279953513
2013-07-19,4.0860668714576163e-05,0.5575799669972565,4.68102470515702e-05,0.609531031715994,2.438542692691533e-05,2.20744835148051e-05,0.596794611885937
2013-07-22,3.950888193740232e-05,0.5616616225490612,4.752680152772305e-05,0.6149997378996112,2.4338365797074095e-05,2.2303312736287096e-05,0.6160226410769022
2013-07-23,3.3171208880188284e-05,0.5976383678747784,4.4418266101412566e-05,0.6139789975974702,2.2940343752614932e-05,2.2320027908189756e-05,0.6915739440028729
2013-07-24,3.471216593235655e-05,0.5973008193434356,4.163006075906006e-05,0.6069602831591129,2.270583562014014e-05,2.2067458084004103e-05,0.6541175121249105
2013-07-25,3.488954269695917e-05,0.5896673551516313,3.733717399463191e-05,0.5814782093990648,2.128263738900877e-05,2.1358253750992977e-05,0.6100004684459129
2013-07-26,3.343176772700175e-05,0.594290618511461,3.7418769956856315e-05,0.5785627826714582,2.101954440276631e-05,2.1598294318247002e-05,0.6287296733576403
2013-07-29,3.360094972876798e-05,0.5886481034847827,3.7731277500376995e-05,0.6650449160947071,2.0959565747642155e-05,2.5630821767011643e-05,0.623778968059861
2013-07-30,3.816574763863081e-05,0.6199177364738169,3.785735661328344e-05,0.6690076435320222,2.356384147346329e-05,2.579963515856593e-05,0.617408093156606
2013-07-31,3.750748633018741e-05,0.6361211833271165,3.917094583394557e-05,0.6378954454996746,2.438264789419183e-05,2.582679651867581e-05,0.6500741659823728
2013-08-01,4.226173154810077e-05,0.6256081400884677,3.832845833678875e-05,0.5961831053146966,2.517889750801036e-05,2.3100416710513493e-05,0.5957848054416003
2013-08-02,4.130983358011611e-05,0.6210961551809355,3.796939776691486e-05,0.6071061899852981,2.4598148437166242e-05,2.4424585639994563e-05,0.5954550358926212
2013-08-05,3.7225611971094185e-05,0.6312126186835978,3.848210348485566e-05,0.5829172924961019,2.3890541688860627e-05,2.50847288264609e-05,0.6417770030862545
2013-08-06,4.1983018398946586e-05,0.6208394989401822,3.701643800307893e-05,0.579647023260599,2.4474480494996594e-05,2.4627829230509704e-05,0.5829614312726665
2013-08-07,4.81253999850549e-05,0.6404473952874394,3.786085858317149e-05,0.5170646892652601,2.733794522050093e-05,2.734951762527267e-05,0.5680564780550518
2013-08-08,4.5117615842124565e-05,0.6150439333092357,3.883366161040445e-05,0.5026753943639729,2.5744435950014684e-05,2.6904931722116423e-05,0.5706071889990717
2013-08-09,4.7210405389653165e-05,0.6114867319159089,4.054477865743763e-05,0.4825390311324951,2.6753054229801252e-05,2.5889221438480022e-05,0.5666770706371559
2013-08-12,4.729046229109182e-05,0.621488685888251,4.3319666055542774e-05,0.4825442793110245,2.8129535227959698e-05,2.6475061401301625e-05,0.5948247038654665
2013-08-13,5.1414947954433665e-05,0.6115556510523563,4.324322186134961e-05,0.5206363288616089,2.8836311334693807e-05,3.0687002465232695e-05,0.5608546246171424
2013-08-14,5.361675369996386e-05,0.5847273150852925,4.2253294395460257e-05,0.525218334419945,2.783132786845302e-05,3.104389158740838e-05,0.5190789435741572
2013-08-15,5.120699157562921e-05,0.5850935430685613,4.267172984291515e-05,0.4687638522248287,2.735017192125274e-05,2.5714102001684143e-05,0.53411011035199
2013-08-16,4.9139520575593413e-05,0.5718907404253872,4.18777514290402e-05,0.4637432851881302,2.594300024534938e-05,2.5246091117367715e-05,0.5279457337285202
2013-08-19,5.1240075352845624e-05,0.5742536944832795,4.181590283572252e-05,0.4642559442607533,2.658149584659845e-05,2.4869154976069018e-05,0.5187637930575807
2013-08-20,5.687877447837599e-05,0.5609304246233395,4.476605630362389e-05,0.453261999983526,2.8304698300532112e-05,2.452633907998551e-05,0.4976319999878498
2013-08-21,5.746511661394483e-05,0.5590727843202387,4.832890720452243e-05,0.4522964643686235,2.946279778620333e-05,2.3944711342760208e-05,0.5127075262743609
2013-08-22,5.43081375808944e-05,0.5676706600603896,5.232240426020924e-05,0.4457517813415029,3.0260266545108994e-05,2.3096742103586678e-05,0.5571958069826087
2013-08-23,4.6628310947370826e-05,0.5166056537411002,5.60307108446416e-05,0.4437735106106141,2.6405662183237045e-05,2.295078717466734e-05,0.5663010657418194
2013-08-26,5.7057237442025364e-05,0.5213806399260208,6.0764643983455676e-05,0.4536416418491305,3.0699814397985456e-05,2.3358393113672595e-05,0.5380529407716046
2013-08-27,6.26349019454684e-05,0.4919907528441203,6.243339100686888e-05,0.449678381826842,3.076618186886583e-05,2.035956684668491e-05,0.4911986913566446
2013-08-28,6.352118414260544e-05,0.48528943964500754,6.432450361106106e-05,0.4508640738075832,3.102046868486232e-05,2.0579909331201145e-05,0.48834840067246205
2013-08-29,6.345432123592429e-05,0.46254922481493577,6.639484897967277e-05,0.4523511946809138,3.0023115195328178e-05,2.0654740291378636e-05,0.47314532108383456
2013-08-30,6.533098257867051e-05,0.4464967470411938,6.719676688335128e-05,0.4794718762514526,2.958367229829788e-05,2.167789562791213e-05,0.45282760385049625
2013-09-03,6.741624909395761e-05,0.44197582735173135,6.730551134187282e-05,0.494172451235162,2.9771870707902642e-05,2.250927216822281e-05,0.4416126840045605
2013-09-04,5.29054408502055e-05,0.4437441098370563,6.8760651286296e-05,0.4909959763156519,2.6764107215697888e-05,2.200295251134938e-05,0.5058857233885791
2013-09-05,5.526096611110341e-05,0.44344599474216456,6.934577916368753e-05,0.4607533724601098,2.745111501493046e-05,2.2714505783183818e-05,0.4967541638656729
2013-09-06,5.903493096893949e-05,0.4427714544113724,7.008335650407703e-05,0.5453276034939396,2.84801052921663e-05,2.86861968851222e-05,0.4824280273513111
2013-09-09,5.950680039687122e-05,0.4367230503612124,7.015393869724746e-05,0.5385037311654088,2.82172992447554e-05,2.7521094144516116e-05,0.4741861275781015
2013-09-10,6.058865375686932e-05,0.43626134201025424,7.083017916029281e-05,0.51241544388591,2.857929771454517e-05,2.585734500067168e-05,0.47169388891240965
2013-09-11,5.2548421709793746e-05,0.4351710725447944,7.185018355634157e-05,0.4841286985923077,2.6739531742891095e-05,2.4907795647811806e-05,0.508855087800049
2013-09-12,5.463125330927889e-05,0.44091659410480094,7.275655303528549e-05,0.4913223581147173,2.779797011445247e-05,2.5265241750054948e-05,0.5088290754942483
2013-09-13,5.629719144726608e-05,0.43381823884806076,7.236628371015e-05,0.4968891141239338,2.7689767351786976e-05,2.5643918785575296e-05,0.4918498887768522
2013-09-16,5.4138744378514925e-05,0.44004036247684114,7.28189060587284e-05,0.482546913702463,2.7629223432048578e-05,2.4929819186893576e-05,0.5103410459407199
2013-09-17,5.7555509167455784e-05,0.4382658678600282,7.342518660589463e-05,0.4863725893939893,2.849073339103807e-05,2.5119564363100365e-05,0.49501314128149326
2013-09-18,6.204530316157312e-05,0.4370408091095491,7.502335764887005e-05,0.465980807095632,2.9817738074085342e-05,2.3029506279880025e-05,0.4805801012275903
2013-09-19,6.178297806302708e-05,0.4341201440447869,7.687320366515227e-05,0.485855212607065,2.9917951090860228e-05,2.452331047761904e-05,0.48424261874103625
2013-09-20,6.675064824066973e-05,0.4685463348638777,7.728002889175649e-05,0.4998211611118702,3.365223606311578e-05,2.3491054393351432e-05,0.5041484532372257
2013-09-23,6.644616634370019e-05,0.4785104119936493,7.876741685114594e-05,0.4692897138270343,3.461781544173462e-05,2.1734957217121812e-05,0.520990409930802
2013-09-24,6.687102886618699e-05,0.4869876838206095,8.023731094547104e-05,0.4661124169213732,3.5671811395144776e-05,2.1452432646801086e-05,0.5334419404033135
2013-09-25,5.221698153901886e-05,0.461692184524179,7.936614485346497e-05,0.4765841631804591,2.9721864316436858e-05,2.1737545022125893e-05,0.5691992037921103
2013-09-26,5.0374063840171386e-05,0.4414787891684268,7.891408720798433e-05,0.4787640002616037,2.783496025892777e-05,2.1826814771247047e-05,0.5525653111339899
2013-09-27,5.122431082106018e-05,0.4289034333305205,7.809814308342275e-05,0.4753774593437553,2.7128010116107525e-05,2.1452196700147707e-05,0.5295924860926429
2013-09-30,5.1567877421329924e-05,0.4370487942180388,7.761190823327351e-05,0.4895821897144863,2.7649274174818417e-05,2.195156320560195e-05,0.5361724305406819
2013-10-01,5.3629225784131454e-05,0.4146166155660526,8.05455448733231e-05,0.4307194223513688,2.7250107997274143e-05,1.8924882934000903e-05,0.5081204809288385
2013-10-02,4.9785428743887e-05,0.3904381693211057,8.148702156869113e-05,0.4460146438196343,2.4868386912011568e-05,1.987469435761852e-05,0.4995113538128379
2013-10-03,5.1677659876475144e-05,0.37591968865331904,8.199109064117951e-05,0.505242471870128,2.446976641451264e-05,2.2257824938683225e-05,0.4735076331436563
2013-10-04,4.988490741732951e-05,0.3553512050681444,8.136533969164534e-05,0.5256524830338996,2.2639253308733386e-05,2.2750042435459807e-05,0.4538297148541713
2013-10-07,5.300164613196136e-05,0.35546611858792065,8.141889816551208e-05,0.5141548791598307,2.3351000953106376e-05,2.1326419174308662e-05,0.44057123990013436
2013-10-08,5.7418241986777646e-05,0.36029502504661415,8.176126620584515e-05,0.5654330297881175,2.468635757651476e-05,2.3310596559360496e-05,0.4299392792659791
2013-10-09,4.671951297786224e-05,0.3592470459742645,8.276194356682797e-05,0.5891152549039324,2.2338689911965307e-05,2.460610741012517e-05,0.4781447512637891
2013-10-10,5.493659376391755e-05,0.3654546045358811,8.424459295921642e-05,0.691912158223375,2.4861957541315913e-05,2.2678502801546253e-05,0.45255731813582684
2013-10-11,5.397060840252837e-05,0.3637504165602951,8.54442444323767e-05,0.6875244629567315,2.4701513452048998e-05,2.249722631295185e-05,0.4576845468892621
2013-10-14,5.390763459317086e-05,0.35450779031564306,8.693202792691278e-05,0.7201060294912744,2.4268382235878774e-05,2.37150969881627e-05,0.4501845131775295
2013-10-15,5.553151341989191e-05,0.35941803856609256,8.767882537504038e-05,0.8105754129640811,2.507939098480872e-05,2.9882928184207187e-05,0.4516244820337464
2013-10-16,4.144281603770634e-05,0.3946697601764054,8.681214821938353e-05,0.7977362554656663,2.3672751129659396e-05,2.668266505265992e-05,0.5712148302885831
2013-10-17,4.1583055321708076e-05,0.4111280287903153,8.520777248415988e-05,0.8177502163825312,2.4472305752210746e-05,2.679024282969946e-05,0.5885162973927793
2013-10-18,4.3823960134694674e-05,0.3969025187394316,8.411925245304199e-05,0.8718082836262685,2.4098353298616086e-05,2.828573809554522e-05,0.549889905534526
2013-10-21,4.4710412594374516e-05,0.39921578494086124,8.305468800300662e-05,0.8689875290996277,2.4327311677321402e-05,2.820186656387082e-05,0.5441084138056529
2013-10-22,4.4371990394003997e-05,0.4065235824549616,8.22673529197119e-05,0.8940262563488881,2.4561447676058033e-05,2.8885107112686077e-05,0.5535349543250832
2013-10-23,3.6244305626284386e-05,0.4370297032187037,8.240812743916554e-05,0.91751239465631,2.3884484379044304e-05,2.8946227559390348e-05,0.6589858452612558
2013-10-24,4.040389782719303e-05,0.44649005788221335,8.31193070424579e-05,0.93266293202337,2.587464391778083e-05,2.935416762237122e-05,0.6403996967927789
2013-10-25,3.967999624918889e-05,0.45987860841536427,8.307437449493806e-05,0.9201319216949336,2.640356442866606e-05,2.8984309714447816e-05,0.6654124728957297
2013-10-28,4.081308187982178e-05,0.46734724365821734,9.2773536550524e-05,0.9554344753669544,2.875752043265953e-05,3.2519299559847486e-05,0.7046152632466947
2013-10-29,4.2024721372673885e-05,0.4726829862356493,9.841362251139207e-05,0.9567516363860162,3.039834929317762e-05,3.213333035539436e-05,0.7233444577444317
2013-10-30,3.243679795796633e-05,0.5150668248067014,9.690854869681333e-05,0.9368847889702556,2.8877767184632386e-05,3.104879618152834e-05,0.8902779868115847
2013-10-31,3.3498134377451295e-05,0.549324190999685,9.559957046442264e-05,0.9325288911438884,3.108615481017074e-05,3.12043772959319e-05,0.9279966000463554
2013-11-01,3.528785039280735e-05,0.574038449032515,9.476375126057559e-05,0.9368770399271292,3.3195155407043086e-05,3.131526506662507e-05,0.9406964447403457
2013-11-04,3.477448195487655e-05,0.590677020958231,9.499905176941687e-05,0.9264964413745396,3.395002086583804e-05,3.0822440053461746e-05,0.9762912042770807
2013-11-05,3.766596277267884e-05,0.6015408000625093,9.406357834407838e-05,0.9139606569514106,3.580555200674502e-05,3.0128454765990697e-05,0.9506076407189762
2013-11-06,3.8333959556374354e-05,0.6191403348581535,9.030471536671516e-05,0.2604306926583541,3.642806911852859e-05,9.665434528088968e-06,0.9502819312196816
2013-11-07,4.0431492315281525e-05,0.6356177159054169,8.673315360811439e-05,0.1839079455042608,3.763989885981776e-05,6.480301866923767e-06,0.9309549735712166
2013-11-08,4.3778322206368926e-05,0.6500757488031214,8.939581487248398e-05,0.0042234920642922,4.066793448994755e-05,1.3588936815977817e-07,0.9289514179698537
2013-11-11,4.088414418239951e-05,0.6511372826393398,9.397846378910555e-05,0.0095578742286103,4.0361211075567054e-05,3.084499238268569e-07,0.9872093908949285
2013-11-12,3.99781619662566e-05,0.655487024496028,9.787361736301192e-05,0.0753025130849089,4.100231055534921e-05,2.46070067568526e-06,1.025617700732641
2013-11-13,4.4902541372157916e-05,0.45737911216202026,0.0001048072519824297,0.1087501703006344,3.137671370174193e-05,3.436577310048914e-06,0.6987736716656587
2013-11-14,4.545126757048379e-05,0.33837964925660785,0.00010970932912034022,0.0842497624474288,2.3894558769985094e-05,2.626714319943448e-06,0.5257182042927732
2013-11-15,4.488960878325864e-05,0.291624983830016,0.00011482632687492557,0.0509516310295723,2.0937189040363227e-05,1.6589378882168742e-06,0.4664150481117949
2013-11-18,4.304897041106976e-05,0.27547573593139696,0.00011863123825798605,-0.0320693845056623,1.968630766931131e-05,-1.3777570338265386e-06,0.4573003136039952
2013-11-19,4.253689180732228e-05,0.27277175066432857,0.00012228437987569363,-0.0543454968823538,1.9672871720807247e-05,-2.3583097924841584e-06,0.4624896386392945
2013-11-20,3.986505410246521e-05,0.19817733657373537,0.0001248275397598226,-0.0412473935282443,1.3979942070383086e-05,-1.814208873905794e-06,0.3506816279353446
2013-11-21,3.485111027762049e-05,0.15915308809743398,0.00012808523422222823,-0.0052505535328415,1.0633418636292258e-05,-2.3383309246972285e-07,0.3051098961148583
2013-11-22,3.677714977289896e-05,0.16539305626862139,0.00012952801101535517,0.1030137480514422,1.1415321701234158e-05,4.7964148953114895e-06,0.3103916908113988
2013-11-25,4.464079349966786e-05,0.21920440786512124,0.00013143681634234468,0.1381658400424783,1.6790891344756746e-05,6.530781471839094e-06,0.37613335311527724
2013-11-26,4.5604254902161166e-05,0.28049781185100375,0.0001328735669300574,0.2698378680125027,2.183491254205633e-05,1.5773565915770808e-05,0.478791125716245
2013-11-27,5.098239319509307e-05,0.24841950215601555,0.00013650903723009375,0.3360597148778607,2.072413907065643e-05,2.0021360327685234e-05,0.4064960032643402
2013-11-29,5.306536742177139e-05,0.24333433433460835,0.0001397570828323818,0.3362968328097085,2.095539701425874e-05,2.003741263352208e-05,0.3948978030756321
2013-12-02,5.1303727815654587e-05,0.24271876837751777,0.00014244527676269433,0.3325769201576871,2.0749223457155043e-05,2.1193276654942165e-05,0.4044389041613409
2013-12-03,5.129816798105141e-05,0.25958133191989013,0.000138247003510211,0.3729727651009019,2.1860105196629562e-05,2.4949729786474698e-05,0.42613812650588767
2013-12-04,4.926678581923591e-05,0.26989912406350364,0.0001322966526708269,0.3720340154028189,2.1789788653850593e-05,2.491486962540479e-05,0.442281514645571
2013-12-05,6.186383108747796e-05,0.26824075665163377,0.00014020306826538012,0.383317533674013,2.4981696633605467e-05,2.6479071978306994e-05,0.4038174842143277
2013-12-06,6.149224160789946e-05,0.25907847263736167,0.00014616305555941613,0.3635241978673764,2.4561806024304752e-05,2.4138091527676593e-05,0.3994293488424315
2013-12-09,5.694825981469449e-05,0.2538256876984006,0.00015077519134095474,0.3593512107416075,2.3520185602521628e-05,2.401779149428406e-05,0.4130097333799945
2013-12-10,5.3452041059883435e-05,0.24621345648967272,0.0001537716587191832,0.3577279992278307,2.232194744436718e-05,2.400682902208314e-05,0.41760701746373796
2013-12-11,5.2671389427449466e-05,0.2510938853954559,0.0001561545597113669,0.3234621768880381,2.277198344706902e-05,2.0681333846336735e-05,0.43234066339631244
2013-12-12,5.926873458923956e-05,0.2439629272641819,0.00015607410843317655,0.3346462414410602,2.346400241024077e-05,2.1681396447520304e-05,0.39589173909072695
2013-12-13,5.102150798536989e-05,0.25664297144279813,0.00015543449669186887,0.3507488617994587,2.2854921069880646e-05,2.2936624383100512e-05,0.4479467967986002
2013-12-16,5.265033739264804e-05,0.26324703551932604,0.0001549535532786586,0.3717804762960803,2.377742597530578e-05,2.408013819044343e-05,0.4516101349547287
2013-12-17,5.547285481711756e-05,0.2676750791355641,0.0001536213312511777,0.3593042680493449,2.4710069120356813e-05,2.3345243743541563e-05,0.4454443385295522
2013-12-18,5.7755345996717895e-05,0.2605070595920798,0.00015533160548272844,0.2894276547529635,2.4674337876914064e-05,1.7051504934498672e-05,0.4272217134378565
2013-12-19,6.478693026373803e-05,0.24655772831262618,0.00015737982742719542,0.2860558569159874,2.4896417237703582e-05,1.68379771717952e-05,0.38428147677863334
2013-12-20,6.101338500649426e-05,0.23005905148734024,0.00016105849523572423,0.2906914311413612,2.280571557197229e-05,1.726126328820244e-05,0.37378217205199893
2013-12-23,6.0371580554275465e-05,0.22826243538993202,0.0001620534351270632,0.2993036254332319,2.257770739242722e-05,1.76413961932392e-05,0.3739790673879961
2013-12-24,6.05937066863415e-05,0.22875038398724387,0.00016340173438859348,0.3316611282213254,2.2761659531455323e-05,1.993669142276336e-05,0.375643953410529
2013-12-26,6.0130930524985e-05,0.2373267308306613,0.00016463215931939592,0.3470613375590947,2.3613097285137763e-05,2.214967881435584e-05,0.39269469271436414
2013-12-27,6.1029823506439453e-05,0.22490461758458416,0.00016624530729008146,0.3457897657569431,2.2653959861483754e-05,2.2068063455757213e-05,0.37119491028994145
2013-12-30,6.103786899254316e-05,0.22312989882968665,0.00016703409118248895,0.3477800536720793,2.252993865003023e-05,2.221737429355102e-05,0.3691141093536974
2013-12-31,6.15980310886923e-05,0.2257876166755154,0.0001678276503481044,0.3513185525318602,2.2957008332005615e-05,2.2299323312559733e-05,0.37269061894122596
2014-01-02,6.274975633376732e-05,0.24629785845776003,0.00015602479913499719,0.3124854529257797,2.4370445798880824e-05,1.9109827379954784e-05,0.3883751463392765
2014-01-03,6.287727487442676e-05,0.2583446931307317,0.00014970033691887746,0.3382697454950197,2.5064427491624442e-05,2.0917203531188397e-05,0.3986245832326707
2014-01-06,6.194585296328845e-05,0.2288920808646716,0.00015134987985497726,0.3363576555511547,2.2162968351667026e-05,2.0709595086577628e-05,0.35777969454713415
2014-01-07,5.985294868622432e-05,0.2140147419169075,0.0001530448023957824,0.4006122245678106,2.0483103418882714e-05,2.5608370890051943e-05,0.3422237979663161
2014-01-08,5.957982003469859e-05,0.20509663612714615,0.0001541440924092804,0.4037815573844394,1.9654933257309027e-05,2.5892619673485937e-05,0.32989245764526015
2014-01-09,5.8876921963223624e-05,0.19642599515392228,0.00015390853830693998,0.4164834438574686,1.8698332039728662e-05,2.7433891910337107e-05,0.3175833826946359
2014-01-10,5.8643073362417135e-05,0.18999459109810196,0.00015478596777152373,0.4049625706168779,1.810153448943609e-05,2.7042478474536098e-05,0.30867301885028603
2014-01-13,6.549653155125348e-05,0.21681326026350708,0.0001776992840789173,0.752079165935806,2.3390409767675335e-05,4.7489876723530145e-05,0.35712440359336384
2014-01-14,6.384952094066409e-05,0.25597401381298607,0.00017693100648007634,0.7708079682341236,2.720675050733564e-05,4.729111675637126e-05,0.42610735533347394
2014-01-15,6.070372053025981e-05,0.2881118529037185,0.00016492060244027175,0.8315139821772447,2.8827450606225375e-05,5.193666992827437e-05,0.47488770629561927
2014-01-16,6.085694586035492e-05,0.2847866183354901,0.0001569494934919825,0.852353874340402,2.7832653601877682e-05,5.3555073894978886e-05,0.45734555371450514
2014-01-17,6.130074788390541e-05,0.26799509020550866,0.00015085243607634592,0.874375430486674,2.5771273982601168e-05,5.494339649494913e-05,0.42040717074787026
2014-01-21,6.022038567812545e-05,0.3382975057518713,0.00014549787953947483,0.8279977833106266,3.166641463782092e-05,5.292418661801272e-05,0.5258421094656569
2014-01-22,6.0180607898710316e-05,0.39250082395579217,0.0001428239394294663,0.8343935039412501,3.6388936392965884e-05,5.341617547469521e-05,0.6046621605121025
2014-01-23,6.197862719476769e-05,0.45952236807638114,0.00013889493602784413,0.8627180200501201,4.263544876903917e-05,5.42839532003609e-05,0.6879056652070943
2014-01-24,8.312838911315208e-05,0.5525134633473475,0.0001419594862644985,1.115684786256767,6.002052045452089e-05,5.910671063158253e-05,0.7220219361260881
2014-01-27,7.785643656399444e-05,0.619215784158795,0.00014440353402445848,1.1206516715295505,6.565656995011923e-05,5.920761148561778e-05,0.843303044009117
2014-01-28,5.7778264472590076e-05,0.6463610640695072,0.00014100172384693267,1.1192560470719266,5.8340432528412934e-05,5.8681525848409287e-05,1.0097297497762252
2014-01-29,5.541992369045716e-05,0.6480483964341279,0.00013761960474409355,1.1135416679141603,5.6595324598577146e-05,5.553026431720363e-05,1.021208995427079
2014-01-30,5.718939038351772e-05,0.6059016704727405,0.00013633252926739702,0.9947009947531584,5.350072033116449e-05,5.142474417495631e-05,0.9355007978295162
2014-01-31,5.786696567157789e-05,0.6058960740452914,0.00013370142118073556,1.011407120017198,5.329439118496818e-05,5.452955406834113e-05,0.9209812639466668
2014-02-03,7.055814511505822e-05,0.5347120870006551,0.00013494049954539578,1.0795053794581224,5.217527366859744e-05,4.451457060056242e-05,0.7394649275929225
2014-02-04,5.3287933521446234e-05,0.5515421680289779,0.00013369756244453136,1.146963583844457,4.655377529638774e-05,4.874543797897676e-05,0.8736269586744573
2014-02-05,5.1744253938995175e-05,0.5667669503945241,0.00013010182672584352,1.1258110697004493,4.6502604728531874e-05,6.06130174236514e-05,0.8987008448002161
2014-02-06,5.460185755120456e-05,0.5781710499207051,0.00012534212581826175,1.133187267331972,4.78309028714456e-05,5.953478851293202e-05,0.8759940598466033
2014-02-07,6.356327391387762e-05,0.582169111036469,0.00012186716638805301,1.0590999017229688,5.123840998195516e-05,5.3568460789184925e-05,0.8061008633913112
2014-02-10,6.2547563500994e-05,0.6012366988364358,0.00011811970814357436,1.0629159597017857,5.167873359094347e-05,5.4707424985479916e-05,0.8262309624598279
2014-02-11,5.609995653519849e-05,0.6335729802130726,0.00012106841996625992,1.0166290719373248,5.221476736786596e-05,5.2096528228355544e-05,0.9307452374781277
2014-02-12,5.280573476410588e-05,0.6715874846720783,0.00012394316050584058,1.017502611936232,5.4331841167670374e-05,5.216051870136773e-05,1.0289003914135828
2014-02-13,5.31879934714369e-05,0.6846581937362165,0.000124891214087176,1.0382633942805313,5.580158785486413e-05,5.29245831715645e-05,1.0491388039451193
2014-02-14,5.362200748552388e-05,0.6906758620354296,0.00012398851940381483,1.0453269477867926,5.631661589449096e-05,5.307525105844942e-05,1.0502519121406362
2014-02-18,5.088126402858046e-05,0.7120231215075055,0.00012464540613984628,1.0475516375562912,5.6703671661110955e-05,5.335640555321479e-05,1.114431269420901
2014-02-19,5.093399391722896e-05,0.6837740506648597,0.00012536683771601645,1.0295325553408403,5.463963844282145e-05,5.130696795340603e-05,1.0727538573082331
2014-02-20,5.128532994270177e-05,0.6638281576428159,0.0001266901220996468,0.999317526355846,5.3508604437919214e-05,5.0823394827920654e-05,1.0433510810538098
2014-02-21,5.0142924359823583e-05,0.6473354260839534,0.00012692514711051028,0.9860875043982776,5.164259319301916e-05,5.028217394931156e-05,1.0299078853565462
2014-02-24,5.289213529725008e-05,0.6385755552857174,0.0001274773576401052,1.052113288427904,5.243537354123793e-05,5.345341909971701e-05,0.991364278385715
2014-02-25,4.99909412374215e-05,0.6476955934673293,0.00012672928884493,1.042906807951095,5.15531371190647e-05,5.313268301897747e-05,1.0312495792832521
2014-02-26,4.8822079787728685e-05,0.6363516427006823,0.00012897937646256721,1.041258728660494,5.0496984473023006e-05,5.30482994479936e-05,1.0343062952782136
2014-02-27,4.902946505121921e-05,0.6228599310656364,0.0001303362367371793,1.0573645260825804,4.979108147625222e-05,5.336677358060234e-05,1.015533851414397
2014-02-28,4.913560627678946e-05,0.6113359056732373,0.0001298874931490565,1.057977035313257,4.8838434129444974e-05,5.333984934508844e-05,0.9939519999881458
2014-03-03,5.060228536900576e-05,0.5983804441882363,0.0001292865039554641,1.1177537591954203,4.8399296988989806e-05,5.704997121827722e-05,0.9564646465282911
2014-03-04,5.593664385448813e-05,0.5888340602127426,0.00012707625133545928,1.0654614448951647,4.964474947291977e-05,5.054749667120857e-05,0.8875174849972067
2014-03-05,4.9068183379191435e-05,0.5751618936758777,0.00013589697202822743,1.075636219071862,4.6967234045614336e-05,5.1040583333748234e-05,0.9571830626509793
2014-03-06,4.928243059442446e-05,0.5676117292884839,0.00014274492572047232,1.0745845736442916,4.760776134969032e-05,5.091844812938054e-05,0.9660189397208098
2014-03-07,4.8971813978785636e-05,0.5618193032584817,0.00014559229640605096,1.0386127456116498,4.743937410183528e-05,5.1380178964540655e-05,0.9687077166956855
2014-03-10,4.912023117884392e-05,0.5654985986470995,0.0001464147721709783,1.0409976950581028,4.795724012888019e-05,5.149814486947562e-05,0.9763235835407746
2014-03-11,5.148937537691702e-05,0.5546648709042182,0.000148210615992558,0.9905212907140192,4.845394355135406e-05,4.8954147734626845e-05,0.9410474140860571
2014-03-12,4.8906113932888686e-05,0.5472679535792822,0.0001494934493456241,0.9882236454772862,4.679427002969346e-05,5.0632818770705734e-05,0.9568184070790577
2014-03-13,5.192240840939531e-05,0.5346105244309727,0.00015221029216715376,0.9473298008472428,4.7526619904251824e-05,4.5944957694981484e-05,0.9153392795171638
2014-03-14,5.053194068255615e-05,0.5321404585123579,0.00015175652963131622,0.9574066919411856,4.659968291780264e-05,4.6436932468387966e-05,0.9221827281588862
2014-03-17,5.312543808337814e-05,0.5268045263815514,0.00015121393217149863,0.9506045468573252,4.72168122807609e-05,4.542900485381705e-05,0.8887797255743304
2014-03-18,5.3640183376897774e-05,0.5258499766628885,0.00015067672953793772,0.9760679768792292,4.7274841182003435e-05,4.7075874434531876e-05,0.8813325795296252
2014-03-19,4.9711758607667365e-05,0.5024334319180711,0.00013723944356814743,0.9687114546251142,4.149994942500468e-05,4.613357610132252e-05,0.8348115332738174
2014-03-20,4.924048797705463e-05,0.4995470417390217,0.000143339594462103,1.0055964154221315,4.1968229800789124e-05,4.751231745036657e-05,0.8523114112992894
2014-03-21,5.1299807125194504e-05,0.5130187879497788,0.00015003524000514244,0.9445740119912938,4.5007798976870055e-05,4.367745360651176e-05,0.8773483078996939
2014-03-24,5.150721281894852e-05,0.5179915519715709,0.00015682365420726613,0.9177193892210778,4.655458786878751e-05,4.199416180769067e-05,0.9038459920638721
2014-03-25,5.187847468728203e-05,0.5210826905349427,0.00016388069294383706,0.9144915063660508,4.804676391410684e-05,4.19213910645118e-05,0.9261406431805804
2014-03-26,4.894688218699071e-05,0.49965662674286443,0.00016327397536426455,1.0029924792086546,4.4667603444008485e-05,4.452398090533178e-05,0.9125730066598687
2014-03-27,4.819111839496585e-05,0.4927782314737434,0.00016136417669631545,0.9984326811474566,4.3454882552409e-05,4.411059200148742e-05,0.9017197359119268
2014-03-28,4.77393720640184e-05,0.49133862295275793,0.00016006807695113492,0.9989149408153548,4.295083577605243e-05,4.381409174383002e-05,0.8996941920068712
2014-03-31,4.471229395078723e-05,0.5350140255415471,0.00015965871696699225,0.9741877262156416,4.5203801656342275e-05,4.1560272585290963e-05,1.0109926747685105
2014-04-01,4.637295349124256e-05,0.5328936920632309,0.0001593639692497368,1.0060945825922136,4.581081593049243e-05,4.289268704491054e-05,0.9878779004046768
2014-04-02,4.141854620280984e-05,0.522724964269001,0.00016191947836383965,0.9893058721352648,4.280753447799256e-05,4.2385873219614294e-05,1.0335354183698628
2014-04-03,4.131197301210188e-05,0.4744991353215683,0.00016337580234372995,0.9860896730300396,3.898228214637633e-05,4.215068938591458e-05,0.943607368618219
2014-04-04,4.5815215175484866e-05,0.4211393224618888,0.00016234284469861062,1.0580958941130183,3.63201166993005e-05,4.128702744496513e-05,0.7927522889543239
2014-04-07,4.72141155464609e-05,0.40949072756090127,0.0001648741617892967,0.9934115461299146,3.612903000075703e-05,3.585045703864691e-05,0.7652167065420166
2014-04-08,4.530353492960697e-05,0.3998165969557192,0.00016436658565740632,1.0156748000744371,3.4501154692537894e-05,3.8006218401461326e-05,0.7615554668337933
2014-04-09,4.691297863661334e-05,0.43395388642242716,0.00017022673932264569,0.8468188642182249,3.877965816774379e-05,2.99319123666923e-05,0.8266296298968773
2014-04-10,5.810324280314903e-05,0.4663662581050321,0.00017374401029891375,0.7655691985158185,4.685783598797542e-05,1.8390557628309794e-05,0.8064581893772693
2014-04-11,5.691804938589508e-05,0.4735924674759199,0.00017230845142084635,0.8554543782594313,4.690110555283289e-05,1.8455234115460632e-05,0.8240111187727298
2014-04-14,5.793906540801691e-05,0.47078137864952846,0.0001714129927305296,0.9404509945709788,4.691663847258217e-05,2.0145130438907784e-05,0.8097582890263607
2014-04-15,5.375893588153699e-05,0.4816603754793965,0.0001720051596277862,0.926380008148996,4.631663388264235e-05,1.9240180341460548e-05,0.8615615827051623
2014-04-16,3.1303883437837385e-05,0.4341509042024856,0.00016298799171873308,0.92334501455609,3.101113224560425e-05,1.7778760664206036e-05,0.9906480870715457
2014-04-17,3.0074876652121772e-05,0.4086411409963215,0.00015657222762495418,0.9337894792428764,2.804150901511537e-05,1.802129667412232e-05,0.9323898262151992
2014-04-21,3.398061258211898e-05,0.39945075304057065,0.00015307692090634525,0.9343779300764944,2.880936627292272e-05,1.8954182381703827e-05,0.8478177432293427
2014-04-22,3.465237531876505e-05,0.3923120041558873,0.00014933925568049605,0.9629359554729852,2.822182490711275e-05,1.952958357966498e-05,0.8144268509013287
2014-04-23,3.661275306357103e-05,0.3858137604091942,0.00014627025865952129,0.9639395956450434,2.823396818796424e-05,1.9375854276569318e-05,0.7711511925623666
2014-04-24,2.8915216768426475e-05,0.39765335809961616,0.00014398689153235372,0.9437046317783652,2.565838743330294e-05,1.8965366762564105e-05,0.8873662486708459
2014-04-25,3.367547480592454e-05,0.39648788422711834,0.0001423097368544484,0.9716502140663864,2.7447582079621333e-05,1.769103709981369e-05,0.815061472415898
2014-04-28,3.364553762091845e-05,0.39727038857251956,0.000142192458498062,1.0379618674483102,2.7478195740619927e-05,1.952667688182626e-05,0.8166965869356745
2014-04-29,3.9441733334885286e-05,0.4069670516135458,0.00014685154846668855,0.901001442645408,3.097251779953359e-05,1.669436154633542e-05,0.7852727347593298
2014-04-30,4.001418281063408e-05,0.4060730697715223,0.00014508082763918195,0.9064794745287084,3.093970558901141e-05,1.7020346034047956e-05,0.7732184794434672
2014-05-01,2.1991126094734782e-05,0.39814812036727065,0.00014065225825066928,0.9688957525854396,2.2143270167915405e-05,1.86324344431153e-05,1.0069184303034417
2014-05-02,2.5114593555483047e-05,0.3970116566960691,0.00013818661394701713,0.8998606048760119,2.3388335926592618e-05,1.832205189668756e-05,0.931264759468363
2014-05-05,2.3421323104644024e-05,0.39569731484289683,0.00013339828351719533,0.9065178606185826,2.2117902362710952e-05,1.8691812538046962e-05,0.9443489705466457
2014-05-06,2.3724080850696792e-05,0.40804338312974764,0.00013276603908840288,0.6709472614649996,2.2900477439544393e-05,1.275496168759111e-05,0.9652840750149353
2014-05-07,2.503936026433856e-05,0.4108437007818203,0.00013109364749372724,0.8264654118037338,2.353851554492422e-05,1.5278217966803496e-05,0.9400605804792918
2014-05-08,2.245244272166245e-05,0.4191586043294828,0.00012215571204798455,0.7375600048253567,2.1951645164521267e-05,1.381677657566213e-05,0.9776951860717584
2014-05-09,2.6257615904936162e-05,0.4241361760348366,0.00011423163183639932,0.7479314088043311,2.322876672230939e-05,1.4159335552248284e-05,0.884648736062234
2014-05-12,2.5472098693136958e-05,0.4249700934756262,0.00010790241516541078,0.8208064726798464,2.227954491157198e-05,1.4275282352688305e-05,0.874664674472812
2014-05-13,2.7268227179962204e-05,0.4267469541822807,0.00010336244269270139,0.8250164055645034,2.2655844957461972e-05,1.7153204690252663e-05,0.8308514084153737
2014-05-14,2.54765910501542e-05,0.423210016963003,0.0001003152471352946,0.9522253982169476,2.1394890599145096e-05,2.1012086071886002e-05,0.8397862397298873
2014-05-15,2.174205444419079e-05,0.43768160608214574,9.36827911065811e-05,0.965846368734316,1.9753247055163096e-05,1.9355659857086303e-05,0.9085271636066996
2014-05-16,2.0552751262807784e-05,0.44188411067005556,8.698561388747492e-05,0.9871416454187262,1.868388067309881e-05,1.9891629373012595e-05,0.909069566122231
2014-05-19,2.1296152341554682e-05,0.45128943605666494,8.337552626393437e-05,0.9633033952366254,1.901625682048769e-05,1.9298148929241705e-05,0.8929433127401946
2014-05-20,2.0908636850371392e-05,0.4574215275328042,8.090462966619062e-05,0.9627246055840268,1.8813350508602897e-05,1.8074591186176775e-05,0.899788477041186
2014-05-21,2.119414789263069e-05,0.46411593722922817,7.925171286831239e-05,0.9117803770630408,1.9021238489988476e-05,1.6730024416352303e-05,0.8974759724405932
2014-05-22,2.007249814887391e-05,0.49465196063510153,7.651872556730584e-05,0.9203904425874064,1.9385826080950398e-05,1.68496935108945e-05,0.9657904032258169
2014-05-23,2.2049522594442057e-05,0.5280744975174483,7.547465782164137e-05,0.8207921690329699,2.154246352185352e-05,1.5337103706137447e-05,0.9770036257965807
2014-05-27,2.174082787467674e-05,0.5383739419139998,7.32803686024242e-05,0.8760094650406802,2.14889845021623e-05,1.57861847587021e-05,0.9884161093604085
2014-05-28,2.1661197917021908e-05,0.5465473997826021,7.162890488770472e-05,0.9704421255588436,2.15284728377006e-05,2.6599066692189457e-05,0.993872680549352
2014-05-29,2.1856321025887475e-05,0.5528471546483053,7.069741533198857e-05,0.8827998853591325,2.1731783884027532e-05,2.388570798145412e-05,0.9943020080226477
2014-05-30,2.8179051435749515e-05,0.5668406260814477,6.95708195640088e-05,0.8726700369149919,2.5097919019988942e-05,2.4569822845083264e-05,0.8906587603636765
2014-06-02,2.8496658002674943e-05,0.5625161992596804,7.121321457510195e-05,0.9392038365352614,2.534033161967606e-05,2.8451547809808694e-05,0.8892387176523435
2014-06-03,3.418588872187905e-05,0.5604802565765794,7.34191097129058e-05,0.9390103713721178,2.8079431647965072e-05,2.84457954851722e-05,0.821374920991718
2014-06-04,2.793146765100254e-05,0.5575195994455503,7.47254354190052e-05,0.9381798621176316,2.547072135316045e-05,2.8909030524815437e-05,0.9119005729097889
2014-06-05,4.136471088316827e-05,0.5620907228139022,7.651725905153563e-05,0.998670284977842,3.162285788635774e-05,3.286084195853056e-05,0.7644887927701052
2014-06-06,3.9833023701562004e-05,0.5763463142489127,7.942272532303038e-05,1.0272237959403243,3.2417353005788336e-05,3.345262072440373e-05,0.8138310877091947
2014-06-09,5.1073182956276414e-05,0.5882476377786264,8.191916835894584e-05,1.020064174315113,3.8049540943193804e-05,3.321413950156669e-05,0.7450003845612656
2014-06-10,4.95066057749403e-05,0.6036606695440238,8.430088453401339e-05,1.053510432561235,3.899783726498266e-05,3.544362254811642e-05,0.787729973698236
2014-06-11,4.7157992518462575e-05,0.5951281462988459,8.57942160659904e-05,1.110281718717347,3.785446827733e-05,3.760564743792132e-05,0.8027158548470823
2014-06-12,4.667919578081926e-05,0.5981135133636301,8.914759648644436e-05,1.107485793254348,3.8583366345397756e-05,3.618155164973198e-05,0.8265645048077687
2014-06-13,3.72024477228719e-05,0.5842351549105786,8.367609338325237e-05,1.0492683632551374,3.259673797969942e-05,3.564128023633861e-05,0.8761987443008782
2014-06-16,2.938646502467408e-05,0.5856713240844226,8.170631697592887e-05,1.060112254727837,2.869825241297002e-05,3.655839099068233e-05,0.9765806261104828
2014-06-17,3.191330809025626e-05,0.5901165759660005,8.165619409210128e-05,1.074742800567993,3.012439220863223e-05,3.70510629123708e-05,0.9439445175484574
2014-06-18,3.560112133469648e-05,0.5920188806653077,8.150098886116841e-05,1.0596329654400936,3.188958262227755e-05,3.554241235254917e-05,0.8957465783865155
2014-06-19,3.687128606172102e-05,0.5822252413677939,8.14833540276008e-05,1.0521045149824542,3.191314615305604e-05,3.535951968614527e-05,0.8655284250089552
2014-06-20,3.6786047916274955e-05,0.6040300677964481,8.324289220593153e-05,1.0938466066362345,3.3425176126398465e-05,3.705813873881926e-05,0.908637323652548
2014-06-23,3.78482539714106e-05,0.6216883080349337,8.433119298627106e-05,1.091018610905334,3.5122849797162266e-05,3.694730364145374e-05,0.9279912839227136
2014-06-24,3.933090292313687e-05,0.6295385552704164,8.489437211347884e-05,1.0738813190370755,3.637715593147677e-05,3.532500576160859e-05,0.9249000970704254
2014-06-25,4.004889359785303e-05,0.6318986675102858,8.599135906406988e-05,1.0462605037616617,3.7082594088975505e-05,3.407678367895831e-05,0.9259330472730827
2014-06-26,4.4267929857314866e-05,0.6336048129964821,8.63638807482079e-05,1.040304242681164,3.917681706565476e-05,3.396901516058882e-05,0.8849932037014184
2014-06-27,3.536085878696092e-05,0.6393988678706058,8.698101343322893e-05,1.062583721202387,3.546055239382928e-05,3.467789355171674e-05,1.0028193208617753
2014-06-30,3.524942345217237e-05,0.617393182603021,8.645814373971428e-05,1.0579240750228982,3.408323367224634e-05,3.4527755638326464e-05,0.966916060868106
2014-07-01,3.707778978776346e-05,0.5942994608865277,8.69378591658678e-05,1.0476062858767428,3.374168183894836e-05,3.33537228614126e-05,0.9100240880615788
2014-07-02,3.729144432547138e-05,0.5577805083016795,8.484425794114397e-05,1.0821831958662331,3.137466978850554e-05,3.485662114039591e-05,0.8413369435271651
2014-07-03,3.7850371933542936e-05,0.5382673576849671,8.710324733100257e-05,1.0916677947079405,3.0906533177963726e-05,3.48612783881862e-05,0.8165450324300356
2014-07-07,3.637233936281704e-05,0.5571939814305569,8.720168127496978e-05,1.0776677562468464,3.138011010903808e-05,3.5137277525921175e-05,0.8627465447305693
2014-07-08,3.904012916123487e-05,0.5422627354031554,8.709319883050766e-05,1.0766104284177724,3.1619682472757564e-05,3.427184129326847e-05,0.8099277116161419
2014-07-09,3.921043801203444e-05,0.534907017888171,8.897309282061787e-05,1.0658183160588948,3.1594281724590294e-05,3.3538588623817e-05,0.8057620196666357
2014-07-10,3.784415060760939e-05,0.5110859627547495,8.795350809913708e-05,1.0934860493407708,2.948627538245023e-05,3.490297289233486e-05,0.7791501436557906
2014-07-11,4.137743263306523e-05,0.5119965308834303,8.775872081294169e-05,1.0963650559091611,3.0852753589449817e-05,3.499244821988589e-05,0.7456420475154127
2014-07-14,3.5819786180035966e-05,0.5485902193256245,8.774043748324728e-05,1.1270197582087034,3.075455537411109e-05,3.673005156158354e-05,0.8585912606941254
2014-07-15,3.740515266448331e-05,0.5812670214139769,8.933571681126754e-05,1.120043083155534,3.360113617410453e-05,3.640078977058928e-05,0.8983023402016284
2014-07-16,4.331224214055195e-05,0.6058901351648411,9.125704481870528e-05,1.123775129857483,3.8091880674455316e-05,3.68611612070591e-05,0.8794714563804822
2014-07-17,4.7474517764657056e-05,0.611626303005467,9.304042372735984e-05,1.1100217127659269,4.064922545186692e-05,3.3748532685467347e-05,0.8562325088455917
2014-07-18,4.82618636397603e-05,0.6352629987240271,9.361296020920263e-05,1.0439996913747525,4.26995790671254e-05,3.10213422986503e-05,0.8847478287586799
2014-07-21,3.56854935741795e-05,0.6514736541249367,9.387247786263949e-05,1.035796141139959,3.770612059274176e-05,3.1492394165868635e-05,1.0566232050107973
2014-07-22,3.6878426197529086e-05,0.6607469792175286,9.481219900542774e-05,0.9876481679879984,3.9070906317357714e-05,3.095119583979498e-05,1.0594515641227533
2014-07-23,3.8554343811198455e-05,0.6560493653393826,9.539834931588863e-05,0.9659614126338556,3.97872211354273e-05,3.592960022995621e-05,1.0319776503074796
2014-07-24,3.79220014302475e-05,0.6228635484034439,9.55203586449384e-05,0.9063405003917804,3.748750294738e-05,3.505756747741198e-05,0.9885423114160601
2014-07-25,3.58816002468109e-05,0.6047655860134696,9.537440244433514e-05,0.9122663669610438,3.537845691053092e-05,3.4905169589317116e-05,0.985977678453048
2014-07-28,3.90148494586092e-05,0.5988042312657084,9.377418656540791e-05,0.9138446139958986,3.6219419131256076e-05,3.509963335175951e-05,0.9283495805790871
2014-07-29,3.5953585678647994e-05,0.5729923137099797,9.315513228905428e-05,0.927699627370974,3.316066982198283e-05,3.9090652293503066e-05,0.9223188507085731
2014-07-30,3.539196672747045e-05,0.5749831856962345,9.506938129308769e-05,0.9303456110093266,3.335245654713303e-05,3.920218525349475e-05,0.9423736410004477
2014-07-31,4.5379445989039353e-05,0.5970327582891929,9.682293256617324e-05,0.9076602790569116,3.9574630790772396e-05,3.24513674718152e-05,0.8720827222159342
2014-08-01,4.584672797284814e-05,0.573111162812508,9.633596224842615e-05,0.9196073607827318,3.808792036104946e-05,3.2678880780463444e-05,0.8307663827963102
2014-08-11,3.847004227028839e-05,0.5983402661348396,0.00010569507389461684,1.1556787695039228,3.81537241445359e-05,6.789583366405806e-05,0.991777546706862
2014-08-12,3.841634430365733e-05,0.5947251391511771,0.00011094189599042569,1.2064412690678852,3.8825951345278415e-05,7.186157882404267e-05,1.0106623118114362
2014-08-13,3.776559449586869e-05,0.6021331237177006,0.00011487200959681429,1.1868810683453137,3.9659550797928495e-05,6.91132930384604e-05,1.0501503108144368
2014-08-14,3.862814115860239e-05,0.61170138923803,0.00011939263637044795,1.1532024138615358,4.154130569281952e-05,7.052348754613628e-05,1.0754156023779669
2014-08-15,3.923523389055349e-05,0.6079500481003918,0.00012155566216250871,1.1178695830423746,4.198494772850079e-05,7.110175944720292e-05,1.0700827691155765
2014-08-18,5.8802594173761744e-05,0.6228837270665954,0.00012777919383965566,1.1432053184548892,5.399273161717385e-05,8.119501954355723e-05,0.9182032251438644
2014-08-19,5.790352204668287e-05,0.6475384735112992,0.00013207781106353548,1.1042457415022338,5.6628231521392316e-05,7.870966235231557e-05,0.9779755966439763
2014-08-20,5.609710643686182e-05,0.6646772505704032,0.00013554293170225893,1.1259903656137158,5.79588129808726e-05,8.374576081730418e-05,1.0331872116453307
2014-08-21,5.441563613273725e-05,0.6719226442849533,0.00013881719877684818,1.1609867964485443,5.839864505350599e-05,8.777515868548072e-05,1.0731960370922229
2014-08-22,5.0059045313325706e-05,0.6796837578792992,0.00014059773990729327,1.1694616266603817,5.7021330028835486e-05,8.840517029685159e-05,1.1390814521517936
2014-08-25,6.652021183637015e-05,0.7042288337051336,0.0001452322474173169,1.0841122091123598,6.92184935923305e-05,8.461225917953994e-05,1.0405633367884897
2014-08-26,6.338834696697776e-05,0.7100276509650654,0.00014906707341232894,1.078540331421215,6.901934568812592e-05,8.419947997975317e-05,1.0888333422558194
2014-08-27,6.228211919321129e-05,0.7082032116538838,0.00015189064658853267,1.1047789072923166,6.888189683958376e-05,8.732785335611948e-05,1.1059658491371926
2014-08-28,6.139493236265438e-05,0.7026349830623562,0.0001546774027827518,1.10227048188817,6.847144087440196e-05,9.033960801282196e-05,1.1152620947596663
2014-08-29,6.15753093611576e-05,0.702242293112489,0.0001578792595733614,1.104568003241692,6.923932467950696e-05,9.034878730997004e-05,1.1244657216969487
2014-09-02,7.761239871585492e-05,0.7110621724462127,0.00016312788873593258,1.0921896029707363,8.000870408619723e-05,8.964233852760984e-05,1.030875290675081
2014-09-03,7.595624179294328e-05,0.7026881978781846,0.00016921014542267516,1.0892065853287063,7.96631716044739e-05,9.032841057382108e-05,1.0488034916424078
2014-09-04,7.498131031863036e-05,0.6916997452876088,0.00017158704456869648,1.07798952725345,7.845784505846229e-05,8.966767449674575e-05,1.046365350579478
2014-09-05,7.387822741090312e-05,0.6959206232311969,0.00017425053705672652,1.0619264725498605,7.89596114882591e-05,8.791597099684906e-05,1.0687805359635099
2014-09-08,7.348698808482049e-05,0.6986939878220537,0.000174927103724501,1.0545485844513691,7.921743623522654e-05,8.72963736104325e-05,1.0779790858184557
2014-09-09,8.133593066383054e-05,0.6948021382056142,0.0001778562938076343,1.055419731987386,8.35674183194168e-05,8.626372917488697e-05,1.0274354474999396
2014-09-10,8.008754908927675e-05,0.69295192780648,0.00017882057554813007,1.0546488415498154,8.292669422687003e-05,8.600020648392434e-05,1.035450518462344
2014-09-11,7.945435898388616e-05,0.6913768933580714,0.00017934046307531684,1.057605697850888,8.253019444616189e-05,8.624057232356946e-05,1.0387119788216972
2014-09-12,7.986652544186676e-05,0.6978544297677812,0.00017885390846779408,1.0540493503986814,8.340583848612876e-05,8.49850256889903e-05,1.0443153502006068
2014-09-15,7.976789477234261e-05,0.6969351961856584,0.00017768928412254572,1.0545300878777848,8.29730551516982e-05,8.498166380398048e-05,1.0401810827338882
2014-09-16,8.12776222335961e-05,0.704617595420192,0.0001791648326632709,1.0559794176702206,8.502866551664639e-05,8.45903092294555e-05,1.0461509967930607
2014-09-17,8.038458733415224e-05,0.7004715022533933,0.0001791654074529016,1.0577254777896885,8.406281815403886e-05,8.482282387992939e-05,1.045757911334377
2014-09-18,8.052555846541116e-05,0.7036837781940891,0.00017592032248901405,1.052582189443326,8.375339460772677e-05,8.388452631447979e-05,1.0400846166587232
2014-09-19,7.686942885417954e-05,0.6999228053840136,0.00017233622977597818,1.0695169443508086,8.055922233047979e-05,8.489199035795446e-05,1.0480007921393528
2014-09-22,7.562338268336147e-05,0.6824036238054989,0.00017334578813069316,1.0917558169975377,7.813147464558546e-05,8.495740192896551e-05,1.0331655616719169
2014-09-23,7.716105522203933e-05,0.6837185423030128,0.00017671647683796968,1.0953450638977256,7.983897623412207e-05,8.419384981903009e-05,1.034705603809807
2014-09-24,7.845740621167833e-05,0.6760942174113326,0.00017925401376207525,1.1100761633131493,8.01786314479033e-05,8.420572125674463e-05,1.021938339786318
2014-09-25,8.684570042440597e-05,0.6858677226363061,0.0001838846353623551,1.136033005156099,8.667368228192772e-05,7.869963076507975e-05,0.9980192670260287
2014-09-26,7.784867175631449e-05,0.6719536919002684,0.0001864399731124558,1.135792012036051,8.095328259747119e-05,7.91141196322616e-05,1.0398800746514327
2014-09-29,7.945972408695768e-05,0.6752600764439864,0.0001873151447800034,1.1343078966108753,8.238175623009421e-05,7.9580864648637e-05,1.0367737514409032
2014-09-30,7.034453028421699e-05,0.6764578463518439,0.00018857300262516992,1.1300336929446133,7.791044121205463e-05,7.911396858049746e-05,1.107555070696594
2014-10-01,6.051441443903661e-05,0.6910971831281052,0.00018986493776171573,1.1580656154943985,7.407828614328838e-05,7.532912044532928e-05,1.2241428233254454
2014-10-02,5.727685640094654e-05,0.6921902832805935,0.00019030328894334268,1.1599032732969212,7.226670151823096e-05,7.540230651300101e-05,1.261708586315444
2014-10-03,5.732458945014978e-05,0.6742454253247765,0.00018904049277281427,1.0988560948513015,7.018849097984013e-05,7.071667244889402e-05,1.2244045993713915
2014-10-06,5.950629355094935e-05,0.676711041065739,0.00018995298909101408,1.1147045132407565,7.194618640196237e-05,7.168554992860191e-05,1.20905171719966
2014-10-07,5.823383972398379e-05,0.6640976215191136,0.000194166065338152,0.9987722280224828,7.061651863335068e-05,6.469559156976282e-05,1.2126371705533792
2014-10-08,6.403572465426801e-05,0.6531565959875549,0.00019765098855375563,0.8964540826510258,7.348149383369888e-05,5.295147205698293e-05,1.1475078049077923
2014-10-09,6.579132724406009e-05,0.6389085035065757,0.00019933208760100155,1.004254282012676,7.316638531222425e-05,5.606891014484868e-05,1.1120977243825099
2014-10-10,6.388921163395802e-05,0.6311429460805623,0.00019845641605787762,1.0405613255622967,7.106799602157148e-05,5.5892234441945444e-05,1.112363014099204
2014-10-13,7.100010076144222e-05,0.6747906761101331,0.00020640463161456464,0.8004194627446237,8.168800219405136e-05,3.88358539623348e-05,1.1505336093609233
2014-10-14,5.126108009219706e-05,0.6369708644711456,0.00019844758527626938,0.7981490528117295,6.424455918755081e-05,4.460603551719892e-05,1.2532814188074453
2014-10-15,4.732231652345586e-05,0.6359832343263726,0.00019306921325710396,0.7609138974357553,6.0790424836147516e-05,4.993617804943949e-05,1.2846037409435784
2014-10-16,5.30327919984953e-05,0.6171800727285894,0.0001856719023480751,0.7217841977612237,6.124310974364649e-05,4.741222591604321e-05,1.1548158683665786
2014-10-17,4.626798859027275e-05,0.6163607682597262,0.00017616919040811535,0.7030955866521285,5.564681049932752e-05,4.482421831284476e-05,1.2027064974038346
2014-10-20,4.9165393824874467e-05,0.610038514833189,0.0001698580990618375,0.7287510205569872,5.5748109700016766e-05,4.5505858791649264e-05,1.1338892127781934
2014-10-21,6.127847379397686e-05,0.586238504011837,0.00016618704670257552,0.6840964444817371,5.9159826892428574e-05,3.7786156688319546e-05,0.9654259192441484
2014-10-22,6.0122674099070425e-05,0.5487207391620565,0.00016143975565941418,0.7310087845340207,5.405996559631393e-05,3.9142309168340206e-05,0.8991610304497379
2014-10-23,6.055871725038731e-05,0.5497340545583524,0.00015927432302310644,0.6781512811032154,5.399006605352071e-05,3.4794982622086894e-05,0.8915325242159982
2014-10-24,5.99990058104541e-05,0.5544219201737879,0.00015568037745499798,0.6340686072420447,5.358328777897861e-05,3.262018549902598e-05,0.8930695943238841
2014-10-27,5.8561423507449295e-05,0.5530714589005534,0.0001530370775360245,0.6518414353333815,5.235828246118799e-05,3.526854597571079e-05,0.8940746198652046
2014-10-28,5.4522480778452264e-05,0.49763317409487706,0.00014984836833902465,0.7295243582862334,4.498038181016239e-05,3.7678249973630324e-05,0.8249878062763977
2014-10-29,5.3729820257279105e-05,0.47088905497475486,0.0001473998256080866,0.5354034662582428,4.190586164702847e-05,3.190479973475973e-05,0.7799367547921627
2014-10-30,5.3551839514494966e-05,0.4590898515890213,0.00014740731027783688,0.3452809134997358,4.0789126050523445e-05,2.101375091507682e-05,0.7616755357112053
2014-10-31,5.56093263598845e-05,0.4584279083057695,0.00014543273454348702,0.3925039075306906,4.1226451101706405e-05,2.4101445311035336e-05,0.74135857778429
2014-11-03,5.4562010343014535e-05,0.4619325122500617,0.00014475857299402225,0.4587409383104885,4.1053090699612095e-05,3.129852683986623e-05,0.7524116219604808
2014-11-04,6.02491600622342e-05,0.4258151265726938,0.00014435419709087308,0.474646880354417,3.971104276680829e-05,3.299118230770257e-05,0.6591136328836599
2014-11-05,6.0354415020847636e-05,0.40589816847827065,0.00014285833012596264,0.4795697552322531,3.7689849112597445e-05,3.363443991881793e-05,0.6244754273499066
2014-11-06,5.86925643313682e-05,0.40003375764697646,0.00014232345101733784,0.4916362824668534,3.656170304071263e-05,3.438468119568817e-05,0.6229358600570167
2014-11-07,5.828791566618652e-05,0.40792946900392557,0.00014019532224323575,0.4748913855258447,3.6875770585620536e-05,3.3570465513716955e-05,0.6326486401882541
2014-11-10,5.7340540123530906e-05,0.4259056976231313,0.00014069229568940383,0.5135952903427434,3.8254232913142146e-05,3.706176019784565e-05,0.6671411331447105
2014-11-11,6.57571982494724e-05,0.4331615022754977,0.00014433646652906417,0.5517180155653383,4.219971677799496e-05,4.2055054064982244e-05,0.6417505292408584
2014-11-12,6.673646336542344e-05,0.4384223740990467,0.0001461805498098516,0.5448081029527002,4.330311107000333e-05,4.158855424029623e-05,0.6488673340822991
2014-11-13,7.11343776232816e-05,0.45166652927074835,0.00014765232530368342,0.5268137164181959,4.6289002472771476e-05,4.05218069304067e-05,0.6507261892120854
2014-11-14,6.859476809423724e-05,0.4652302662335143,0.00014890383280514942,0.5192266715307213,4.7018242880969944e-05,4.2495127044688286e-05,0.685449403610128
2014-11-17,6.853595565786147e-05,0.47501310384582485,0.00015042435903212342,0.5183164144471543,4.823073847910791e-05,4.279118963269061e-05,0.7037289845330342
2014-11-18,7.650833651469074e-05,0.48581118620651553,0.0001531399561575086,0.515219936457689,5.2585517169688306e-05,4.2213668921078844e-05,0.6873174815347227
2014-11-19,7.466095393809579e-05,0.5122368420234344,0.00015403798892994132,0.5080492431853126,5.493276995633536e-05,4.359429439805976e-05,0.735763033538015
2014-11-20,7.31046489834875e-05,0.5287298916140833,0.0001537195655051165,0.5512459701407266,5.604939588689542e-05,4.919050183558472e-05,0.7667008414137324
2014-11-21,7.04730363634149e-05,0.5517385393051324,0.00015352080260214548,0.5604874212122811,5.7388969800761574e-05,5.078552343521403e-05,0.8143393950676185
2014-11-24,6.987047932397521e-05,0.5693338189135148,0.0001531362541464044,0.6368655560289682,5.889153213453663e-05,5.960559933264782e-05,0.8428671551180945
2014-11-25,8.166110492431963e-05,0.5351885119248332,0.00015604327324219016,0.6403249569749212,6.041390861799238e-05,6.239514686833369e-05,0.7398125297714458
2014-11-26,7.228929035700332e-05,0.5171565905288252,0.00015859143870527152,0.6120682528587024,5.537310970543548e-05,6.2560537690452e-05,0.7659932672180532
2014-11-28,6.63644735069259e-05,0.5015395774469239,0.00015988301840868906,0.6406166967274138,5.166235575452795e-05,6.560911238811679e-05,0.7784640339101971
2014-12-01,6.796408095783602e-05,0.49151859962417027,0.0001592991379557978,0.6419379871826661,5.114302284831849e-05,6.658139548857232e-05,0.7525007640439796
2014-12-02,6.956629167082881e-05,0.4874561633337866,0.00015718834588722484,0.6433107109995576,5.097358331708556e-05,6.62164955104936e-05,0.7327339447426703
2014-12-03,9.973973303376368e-05,0.4861206610153957,0.00016642264133061933,0.6520868504996553,6.263028468009956e-05,6.713092889782035e-05,0.627937159796669
2014-12-04,7.195368455764464e-05,0.4994130135213656,0.00017249885441161369,0.6595310122479202,5.563902121523034e-05,6.963978903153816e-05,0.7732615995593103
2014-12-05,6.914099334132158e-05,0.5093248368262127,0.000178201492188273,0.6559286063076275,5.653512155082653e-05,6.922129142668097e-05,0.8176787578352415
2014-12-08,6.652863915801598e-05,0.5216242265248813,0.00018038640826857839,0.6673451604727404,5.7143123991942044e-05,7.110081916040019e-05,0.8589251894393651
2014-12-09,5.578278936298998e-05,0.550423696217558,0.00018976663347178922,0.6588661593731322,5.663138231076096e-05,7.040022338322013e-05,1.015212450963128
2014-12-10,7.622608908783083e-05,0.5521441853437048,0.00018478862816557703,0.7001339467962843,6.553026778646224e-05,7.038259775519693e-05,0.8596829323219715
2014-12-11,6.0199482263474304e-05,0.5451394809479843,0.0001788352972945012,0.7133460368906999,5.656276547854789e-05,7.140776504152536e-05,0.939588902625281
2014-12-12,5.635062229218622e-05,0.5712088750371839,0.00018238792157541185,0.6517227461714162,5.790850351516235e-05,6.0940482964122934e-05,1.0276462115164993
2014-12-15,5.5088696774690915e-05,0.5830665506955752,0.00018197298995696455,0.6316241539991737,5.8378487956304136e-05,5.847576896659215e-05,1.0597180796465062
2014-12-16,5.154869882225274e-05,0.5407151570951663,0.00016961682540254783,0.6382817548086052,5.05605585127287e-05,5.78404106606183e-05,0.9808309359479414
2014-12-17,8.951914955443635e-05,0.5116682048837945,0.0001746952124285254,0.6257545179994358,6.398628648444792e-05,5.205367253847551e-05,0.7147776403476447
2014-12-18,9.913276275332198e-05,0.47888811526840797,0.00017362516026924168,0.5607166338134804,6.282738644066994e-05,3.956120669159163e-05,0.6337701552513684
2014-12-19,7.377698274922788e-05,0.4541710013112498,0.00017283499859901768,0.5621765201530305,5.128562959521733e-05,3.966082974969662e-05,0.6951440365830638
2014-12-22,6.996587850894997e-05,0.4405958567306928,0.00017683793973302783,0.5850245698331497,4.900848505599983e-05,4.1238525135526244e-05,0.7004626555175851
2014-12-23,6.063494070426503e-05,0.4365387631193236,0.00018339646029487413,0.58887017971208,4.603411165716734e-05,4.1963222165008684e-05,0.759201066620806
2014-12-24,5.292955813268682e-05,0.4205379260025258,0.00017661479881330228,0.5919561308583157,4.0660044368899986e-05,4.245607684564104e-05,0.768191645714689
2014-12-26,5.0003308753932844e-05,0.41500226432740944,0.0001725570567277851,0.5963137282665129,3.8549273698006804e-05,4.2924973680160666e-05,0.7709344573117842
2014-12-29,4.966432774890378e-05,0.40390652214310113,0.0001673639594694314,0.5972253209221706,3.6824267574722e-05,4.298361602865083e-05,0.7414631234092323
2014-12-30,4.653062419950052e-05,0.3965919454983641,0.00016496570959373925,0.648427596723588,3.474642830803263e-05,4.9221252734763675e-05,0.7467432235393398
2014-12-31,4.3755181092948726e-05,0.3930954763294624,0.00016452315883009108,0.6282294235295393,3.3352339933084565e-05,4.645349272049969e-05,0.7622489291550296
2015-01-02,6.483180836307134e-05,0.40149212078814744,0.0001649301345328478,0.6369484303563159,4.15165351284994e-05,5.10243711230114e-05,0.6403729307687724
2015-01-05,8.284505496642122e-05,0.39110291814346676,0.00016840256792118876,0.7973233683572962,4.6195397281995496e-05,5.787897877226496e-05,0.5576120059395148
2015-01-06,7.372029621424698e-05,0.41895112879831264,0.0001747072381497905,0.920496038572608,4.7545820869662025e-05,6.777757083668902e-05,0.6449488582015959
2015-01-07,7.097584833724285e-05,0.41724674428690295,0.00017232779045977644,0.8566891209729233,4.614513411148787e-05,6.125872665312747e-05,0.6501526250482917
2015-01-08,6.58935484829367e-05,0.4124818933784048,0.00016900205829299306,0.8463656422447068,4.352836293437317e-05,5.8020023902382105e-05,0.66058611103096
2015-01-09,5.142752848602693e-05,0.48425669494639645,0.0001559386102248874,0.8668581310190344,4.336609231915784e-05,5.825538068767127e-05,0.8432466734414544
2015-01-12,5.214866604959718e-05,0.5310636665429933,0.0001446298020956699,0.9298216981074772,4.612082714072956e-05,6.367802360412382e-05,0.8844104870652931
2015-01-13,5.1084978694142575e-05,0.562971027232616,0.0001367575882722668,0.9046994425049278,4.70552808508453e-05,6.228343868934963e-05,0.9211177542536723
2015-01-14,5.779000718727771e-05,0.5856180877544988,0.00013086921495875193,0.9450399255761098,5.09283498900092e-05,6.426738737352449e-05,0.8812656784237417
2015-01-15,5.577655409897309e-05,0.5959910245810799,0.00012798882421781704,0.9338327102689912,5.035604165036897e-05,6.144573854838084e-05,0.9028173658956118
2015-01-16,7.006830803083834e-05,0.626210618402838,0.00012824589488408933,0.8830760478106479,5.93612419926697e-05,5.6074707321218576e-05,0.8471910291674767
2015-01-20,6.698197984101967e-05,0.6439924974087776,0.00012834022532394546,0.8414976624590607,5.970919232732391e-05,5.789891525566071e-05,0.8914217296807653
2015-01-21,5.396910834789416e-05,0.6543948526207838,0.0001280099082416347,0.8632379138125313,5.439190744677771e-05,5.909772994571277e-05,1.0078340945742168
2015-01-22,5.806897077464812e-05,0.6359260355170108,0.000128357581812729,0.8861977657964872,5.4902160296000896e-05,5.643631886652151e-05,0.9454646700914183
2015-01-23,5.910063936486745e-05,0.6244811329859578,0.00012796211114534932,0.9010322511484264,5.430703718550719e-05,5.965985869807605e-05,0.918890857512282
2015-01-26,6.288399592442454e-05,0.6276922295146606,0.00012481240798505917,0.912437333695786,5.5609078550023415e-05,6.200510970310654e-05,0.8843121009176279
2015-01-27,6.964065036165525e-05,0.6159086796204668,0.00012229669169130445,0.9684063335210245,5.684013332558794e-05,6.211250982156604e-05,0.8161918797485069
2015-01-28,7.988841611727443e-05,0.6090750251071666,0.00012167764437144408,0.956655258648913,6.005070271395524e-05,5.7651366883363785e-05,0.751682229195809
2015-01-29,8.021798542057233e-05,0.6024304208319974,0.0001210480497662828,0.937627455771622,5.936379656854955e-05,5.573627373189758e-05,0.7400310074768519
2015-01-30,7.830236811365751e-05,0.6070202842148578,0.00012314117191962364,0.8399182570726348,5.960631770434625e-05,4.6720300547675085e-05,0.7612326311488619
2015-02-02,6.708254753246161e-05,0.61230024830858,0.0001193384538519227,0.8262369089641483,5.478471572966795e-05,4.3579508741265326e-05,0.8166761362656558
2015-02-03,8.067150173734702e-05,0.592273924781874,0.00011554952811231911,0.8815879007192657,5.71829783835764e-05,4.29804904337878e-05,0.7088374103875574
2015-02-04,7.910110058857453e-05,0.5899195583503059,0.00011778135926591173,0.8102734054512561,5.694063934642837e-05,3.959728522890215e-05,0.7198463601991014
2015-02-05,8.520627788871464e-05,0.5775791777094846,0.00011428984234975649,0.8430251446629858,5.699688773282486e-05,3.9926592814716434e-05,0.6689282661456798
2015-02-06,8.507292515013707e-05,0.5583795576124283,0.00011218463518611361,0.8511747341432756,5.4549639298443504e-05,4.016789492606859e-05,0.6412103404481986
2015-02-09,6.296753465448077e-05,0.5619640685730295,0.00010542741903891199,0.8595050966513316,4.578715721913961e-05,4.037685817912226e-05,0.7271549929719441
2015-02-10,6.653518645016198e-05,0.5641583935623337,0.00010027208878456103,0.8614766186597211,4.608045662965757e-05,3.8485545214517287e-05,0.6925727436590867
2015-02-11,6.58212274519105e-05,0.5613068271667496,9.761964907807752e-05,0.8954576308195717,4.4993723391039494e-05,4.28419961907736e-05,0.6835746632636448
2015-02-12,6.625281595902424e-05,0.5570664311954157,9.525439197538522e-05,0.9430160618746968,4.4253911625204414e-05,4.4929256321242046e-05,0.6679551802382918
2015-02-13,6.59493776327874e-05,0.5467029935638414,8.975136287266798e-05,0.9504629843384426,4.2060780625719766e-05,4.4959338667240743e-05,0.6377737309352381
2015-02-17,5.2818371217651516e-05,0.5530339697326656,8.892096988632826e-05,0.9429111848378566,3.790062800194887e-05,4.506158209240001e-05,0.7175652548195722
2015-02-18,4.925751255554142e-05,0.5555016988441575,8.895675891893302e-05,0.9371870315544631,3.677147961811086e-05,4.491392959583527e-05,0.746515154955264
2015-02-19,5.2538640297651296e-05,0.5340874163490323,8.701646736516203e-05,0.9341080961777044,3.611207837066235e-05,4.485123309143738e-05,0.687343223312856
2015-02-20,5.811623348480445e-05,0.5198105540288678,8.748424710988829e-05,0.955090146252092,3.706455175249777e-05,4.5487607976515276e-05,0.6377658965491797
2015-02-23,5.7842904366347e-05,0.508459347505144,8.792220331886693e-05,1.0247815554517152,3.6260230701718486e-05,4.9042837244398094e-05,0.6268743089396923
2015-02-24,5.363774172174018e-05,0.5082890306963607,9.18110318438486e-05,1.0309173150996518,3.56692036917213e-05,4.952828796966369e-05,0.6650019659061082
2015-02-25,4.6420168910813084e-05,0.5011600565348576,9.021591292878423e-05,0.9974092139494836,3.2431824549282e-05,5.010382679130243e-05,0.6986580469276868
2015-02-26,6.082008377129165e-05,0.5050224904112222,9.237362803922793e-05,0.9713144162021335,3.785369048797778e-05,5.143587667408927e-05,0.622388003119547
2015-02-27,6.477291200020017e-05,0.5107974795320781,9.442124527282421e-05,0.976631824797158,3.994664578212738e-05,5.163850043317613e-05,0.6167183865688165
2015-03-02,7.10002492943561e-05,0.5060816248857415,9.362460014656294e-05,0.9562319399176156,4.126154576400538e-05,5.2482736419001514e-05,0.5811464913727467
2015-03-03,6.22129036386534e-05,0.5316918237141884,0.00010086795283755316,0.9557535949028494,4.21188806560564e-05,5.2458605861200976e-05,0.6770119732827835
2015-03-04,6.357489191775788e-05,0.5503494074899788,0.00010844619078915669,0.9403395032459416,4.569708205057356e-05,5.165263334822477e-05,0.7187913446976596
2015-03-05,6.337223751236057e-05,0.5631388691214912,0.00011444716441019794,0.9100401607493928,4.795871558235253e-05,5.3507689798404345e-05,0.7567780066625914
2015-03-06,6.737776824421294e-05,0.5747483084774373,0.00011831846620634435,0.8813030257827876,5.131712037245999e-05,4.8177807604310456e-05,0.7616328309726643
2015-03-09,6.459093954914395e-05,0.5737002010333676,0.00011784941326636676,0.8867153163171243,5.0053507416094124e-05,4.837888093464338e-05,0.7749307838758247
2015-03-10,6.248974140729342e-05,0.5803609069550371,0.00012000644805015506,0.902530616372548,5.0257954094385233e-05,4.35142503962759e-05,0.8042592746034221
2015-03-11,5.4252554100076106e-05,0.6106136321721881,0.00011946158226992955,0.8925062427159464,4.915760568045739e-05,4.475084919680996e-05,0.9060883214784616
2015-03-12,5.508043688697334e-05,0.6578921909316522,0.00011458080783419047,0.9524997555405408,5.2264808025069577e-05,4.4676207589026464e-05,0.9488815081898947
2015-03-13,5.707193087433516e-05,0.6361127448321707,0.00011656556955350659,0.9622100747783182,5.188365047714602e-05,4.42399614366232e-05,0.9090922574774447
2015-03-16,5.2149496476829495e-05,0.6019485927522654,0.00011914690237282726,0.9399219624105964,4.744886640127632e-05,3.980779862718022e-05,0.9098624072498628
2015-03-17,4.691748238540657e-05,0.5920333393499475,0.00012351732035230508,0.9227877694908267,4.506895044265783e-05,3.8859551362684305e-05,0.9606003594232986
2015-03-18,5.051902620859181e-05,0.5899561756464703,0.00012845867298772435,0.8501892795327501,4.7525747098566195e-05,3.335300261896526e-05,0.9407494693649391
2015-03-19,5.142834644805491e-05,0.5693809937288654,0.0001280812771247116,0.904684811036783,4.6211181364726414e-05,3.5147961179053586e-05,0.898554679594879
2015-03-20,5.066833282542825e-05,0.5713619180913379,0.0001262255513948485,0.8828314976702186,4.5693374927988935e-05,3.6387466523469604e-05,0.9018132703402746
2015-03-23,5.007282454924587e-05,0.5612606420185454,0.00012456386301065868,0.8868352363078938,4.4326319031555794e-05,3.8202492976024e-05,0.885237040861586
2015-03-24,4.2218867344400384e-05,0.5361578172047985,0.0001218125881173514,0.8933385393905274,3.844961686714324e-05,3.7802746528431305e-05,0.9107211842868856
2015-03-25,4.692159710753298e-05,0.5222761102198548,0.00012153820257731449,0.8529925661517229,3.9440549644183556e-05,3.246541205210596e-05,0.8405628127660559
2015-03-26,4.732340893496746e-05,0.5164561387677354,0.00012427955991523983,0.8312381509511976,3.960694160179424e-05,3.150426913266386e-05,0.83694185379212
2015-03-27,4.354358066573599e-05,0.504521394271518,0.00012623876361704414,0.8390191071157039,3.740572037183925e-05,3.179771160838002e-05,0.8590409837671766
2015-03-30,4.5502666776921666e-05,0.5090769339196181,0.0001272529145902652,0.8421697340356431,3.873786790683739e-05,2.9415834592285413e-05,0.8513318152703241
2015-03-31,3.983451498744685e-05,0.4964481929032365,0.00012694224799293983,0.8449927921462995,3.5302608255700014e-05,2.941336134235756e-05,0.8862316578179755
2015-04-01,4.176214734580363e-05,0.4937243830435718,0.0001246731662221126,0.8333404706858524,3.5625624083100165e-05,2.8796708849106003e-05,0.8530601596730375
2015-04-02,4.894523588776545e-05,0.47857834963922985,0.00012031865555023327,0.8207419788714572,3.6726094374212425e-05,2.8952678511692896e-05,0.7503507483021985
2015-04-06,4.8199312485919956e-05,0.4668569720695807,0.00011715776233358676,0.8413128443314289,3.508244110827416e-05,2.8848973702145665e-05,0.7278618573350499
2015-04-07,4.533264144371158e-05,0.45036313563771885,0.00011154172995313175,0.8693169008791599,3.20248448801045e-05,3.234730913580734e-05,0.7064411836638498
2015-04-08,4.177649686660928e-05,0.4474142453138815,0.00011250112540831116,0.8581836303595748,3.067285848548048e-05,3.191847390843565e-05,0.7342132726786
2015-04-09,4.664355209638432e-05,0.45893339499180724,0.00011414227975062026,0.9099083236324124,3.3486421563517294e-05,3.478269234835137e-05,0.7179217717878967
2015-04-10,4.853778747139849e-05,0.46610460126774556,0.00010899303233319156,0.9600468615694138,3.390179908615416e-05,3.6459573599365384e-05,0.6984619788475366
2015-04-13,4.467938122611643e-05,0.4771542746721221,0.00011028638366694356,0.9625524257732656,3.349448787948476e-05,3.6746515314159525e-05,0.7496631994515232
2015-04-14,4.646938254229903e-05,0.48707656547738803,0.00011179246800481152,0.9470289561293608,3.510645344365675e-05,3.6132985618906165e-05,0.7554749282864021
2015-04-15,4.691423215315267e-05,0.49476698474722114,0.00011294188551173202,0.9396339973116006,3.6014760839836e-05,3.766299112558216e-05,0.7676723925111878
2015-04-16,4.176974619173272e-05,0.49274565098259426,0.0001135042895292288,0.940423857638628,3.3928124672614576e-05,3.959859558727776e-05,0.8122655214823834
2015-04-17,4.332386275975345e-05,0.5119901184159312,0.00011406956746465713,0.9232390881412038,3.59923382925857e-05,3.645171077806768e-05,0.8307739892025853
2015-04-20,4.305137811564542e-05,0.5288817838027902,0.000114252773963623,0.9026136227745972,3.709244954613642e-05,3.4062091505237564e-05,0.8615856488147251
2015-04-21,4.4326391543702614e-05,0.5386282758359704,0.00011429789659778565,0.9349563703211354,3.833888309670707e-05,3.6423686052861595e-05,0.8649222677850442
2015-04-22,3.760113128202133e-05,0.5379333956189003,0.00011805077957176022,0.9527400463729494,3.583961965667185e-05,3.67993100655061e-05,0.9531526960681703
2015-04-23,3.981692672329287e-05,0.5345225543940492,0.00012085146833734715,0.9613493561077032,3.7078816939677554e-05,3.6981481088163715e-05,0.931232518204035
2015-04-24,4.472325784062566e-05,0.5337482853480585,0.0001232779090067803,0.9714101348349148,3.963198625097098e-05,4.674818964308702e-05,0.886160538487653
2015-04-27,4.8016264703360416e-05,0.5375113004653861,0.0001254639500718153,0.9514761910100248,4.171970833561946e-05,4.566899200577109e-05,0.8688661767707163
2015-04-28,4.837591330570472e-05,0.5456680833528958,0.00013690718391859262,0.889959459599717,4.4407493365682384e-05,4.389348202655783e-05,0.9179670280342932
2015-04-29,4.7158652268819175e-05,0.5616401023946384,0.00013010666641548896,0.8878533294685453,4.3993506335390334e-05,4.351298975902718e-05,0.9328830282217033
2015-04-30,4.7296624411946914e-05,0.5618194046141138,0.00012098517253548648,0.921996198260846,4.249891887717052e-05,4.3311868483408906e-05,0.8985613541256336
2015-05-01,5.0018555724514286e-05,0.5636588932269043,0.00011361478388243174,0.9540948214879612,4.249123564978816e-05,4.310435517744398e-05,0.849509447730076
2015-05-04,4.992916004912971e-05,0.5708112990513358,0.00010699667028317421,0.8976578588153777,4.172101088250471e-05,4.582185289235002e-05,0.8356041007189331
2015-05-05,5.102770643270727e-05,0.565971126165006,0.00010290591703420982,0.9410712328391267,4.101261615012892e-05,4.559971230371549e-05,0.8037323057859608
2015-05-06,5.61480236098465e-05,0.5920532630680555,0.00010097669946678545,0.9363828170114058,4.457984986894782e-05,4.851578842017828e-05,0.7939700634650655
2015-05-07,5.2055366505413186e-05,0.6055821537457252,9.899367249449574e-05,0.8905461977225745,4.347199193910177e-05,4.8253639957451656e-05,0.8351106688410533
2015-05-08,4.9463315458690945e-05,0.6136592783267661,9.762302129649304e-05,0.9157748175573812,4.264273374873944e-05,4.6449085959473564e-05,0.8621082786970137
2015-05-11,4.237087867236375e-05,0.61219091799175,9.578606357480449e-05,0.9003017387011225,3.900064419246944e-05,4.520256720565954e-05,0.9204587068879331
2015-05-12,4.7490306282055044e-05,0.6197548816414782,9.523903136603164e-05,0.9044934515045532,4.168021268424288e-05,4.648938314135715e-05,0.8776572725535864
2015-05-13,4.663897325113825e-05,0.6214787178054346,9.437773814786837e-05,0.9042881889642111,4.12321075433385e-05,4.648605735846687e-05,0.8840697954758728
2015-05-14,4.9144732522979803e-05,0.6222933756800043,9.39694191334653e-05,0.8997873406654511,4.228895339200724e-05,4.411971467470533e-05,0.8604981901617464
2015-05-15,5.102390807027307e-05,0.6334596204458194,9.608061007069912e-05,0.8992177815807675,4.435306857362892e-05,4.4384788022011265e-05,0.8692605143561978
2015-05-18,5.1224895533544154e-05,0.634195645014933,9.688508050404023e-05,0.913522893661888,4.4677848214724837e-05,4.493231713882762e-05,0.8721901284399488
2015-05-19,5.107054978153525e-05,0.6269338362358781,9.72803019866711e-05,0.9022713635958992,4.4189534981430046e-05,4.4977947886749425e-05,0.8652645246714563
2015-05-20,4.960583034370502e-05,0.6391100651232315,9.598777633651458e-05,0.9082372410582236,4.4101157102293295e-05,4.734550989911513e-05,0.8890317286643249
2015-05-21,4.7917991249736124e-05,0.6359717820452272,9.434748752095177e-05,0.9236890494761616,4.276143964521368e-05,4.8463205066115605e-05,0.8923879847623863
2015-05-22,4.8649795894238564e-05,0.6510968768992882,9.428965992692903e-05,0.908487576322654,4.409792537132971e-05,5.095483931812245e-05,0.9064359790366989
2015-05-26,5.2044924254716454e-05,0.654380756197883,9.412044179871546e-05,0.9564433487476514,4.579960033627656e-05,5.22711646055633e-05,0.8800012871980705
2015-05-27,5.41376103742017e-05,0.6664221532787972,9.4087994648565e-05,0.9588329778716158,4.7562653170733744e-05,5.041989264161823e-05,0.8785510265779826
2015-05-28,5.2639353679274204e-05,0.6847399960878455,9.26662683834687e-05,0.9557675069888676,4.782354958766629e-05,5.027771510845235e-05,0.9085132366755474
2015-05-29,4.7121939363217764e-05,0.6881971299656344,9.200233340630215e-05,1.017524968695504,4.531310853092273e-05,5.2915179921657675e-05,0.9616138287867888
2015-06-01,4.566975475334599e-05,0.6998561740959613,8.970629506417197e-05,1.0239039292497558,4.479552163066635e-05,5.320493334128638e-05,0.9808575034527509
2015-06-02,4.848176142599366e-05,0.7076068460632123,8.889793252943913e-05,1.0272225014278715,4.6454421004254895e-05,5.3643779570080847e-05,0.9581834413167216
2015-06-03,4.583723039523311e-05,0.7027792458760024,8.814772475451054e-05,1.0360595415670268,4.467182192282339e-05,5.54005671182196e-05,0.9745750678572647
2015-06-04,5.208668778062701e-05,0.6252541993852202,8.847018854053475e-05,1.0177476974374366,4.2444210947681485e-05,5.293352069799424e-05,0.814876367766815
2015-06-05,5.356843740955158e-05,0.5646100784398881,8.871211711363955e-05,0.9886469623508064,3.892194970787803e-05,5.4923568272011244e-05,0.7265836300264754
2015-06-08,5.4875341169450945e-05,0.523492867514623,8.89547841478474e-05,1.006533279663489,3.6574975227209906e-05,5.693313669334826e-05,0.6665102111031824
2015-06-10,5.7400521339002106e-05,0.505429109193473,9.019039724434114e-05,0.9978886753513464,3.636623316982751e-05,5.3228290410769535e-05,0.6335523148832036
2015-06-11,5.7399555912391706e-05,0.4828749059597273,9.111469982950142e-05,1.0195542538677982,3.492071498839875e-05,5.445483567629319e-05,0.6083795324426873
2015-06-12,5.544172754801711e-05,0.5944589181589285,9.133761145045122e-05,0.9920406717879858,4.2302404050313846e-05,5.2405219187180996e-05,0.7630066002845325
2015-06-15,5.424960916028536e-05,0.6638698022244589,9.093536254899858e-05,0.9723667598181048,4.66280895933584e-05,5.113955012368336e-05,0.859510147908928
2015-06-16,5.423174022350414e-05,0.684761160103091,9.00914715898394e-05,0.9399321847315656,4.7863861128418104e-05,5.011578239231276e-05,0.8825802183584331
2015-06-17,5.412494915971205e-05,0.6949568126671618,8.856737291318095e-05,1.1423102025401293,4.811643569718587e-05,7.186002376896239e-05,0.8889880996507499
2015-06-18,5.572982074389677e-05,0.6978019908039967,8.87923926217441e-05,1.020704543603162,4.908670794005305e-05,8.257040734558277e-05,0.8807978795702257
2015-06-19,6.241618085312648e-05,0.7191875009045795,9.354570685108785e-05,0.9457239372440148,5.4954423611850746e-05,0.00010930711392477103,0.8804515569635022
2015-06-22,6.257165974145031e-05,0.7256222622159185,9.716903514577193e-05,1.0116504653601095,5.658005706781181e-05,0.00011767258536346199,0.9042441466568708
2015-06-23,5.295413252336654e-05,0.7238551543341897,9.986798630942195e-05,1.1508647583017106,5.263986256495178e-05,0.00017549232761227514,0.994065242060644
2015-06-24,5.124155217210486e-05,0.7341154306148912,0.00010263242456108609,1.0806213289029407,5.323751621905623e-05,0.00018058665584331525,1.03895206062938
2015-06-25,5.1531038942745836e-05,0.7379222380119947,0.00010481537862180977,1.081183650197985,5.4232241075730476e-05,0.0001806329442881517,1.0524189340716736
2015-06-26,9.885673436567757e-05,0.7562853247573248,0.00013849278598337337,1.0973547722689372,8.84916675546431e-05,0.00018448588144872352,0.8951506250176807
2015-06-29,0.00010219846828200267,0.7733930568064733,0.0001654710306773072,1.0722945785247449,0.00010057347318829297,0.00019107066051115586,0.9840996140057036
2015-06-30,8.697755639475864e-05,0.7653530290718259,0.00017941958135787235,1.048055170121942,9.560934125614027e-05,0.00019613758123063224,1.0992415195272351
2015-07-01,9.667073925185136e-05,0.7502848371946761,0.00017832557899140336,1.0421626327171016,9.851004352286107e-05,0.00019311133245253782,1.0190264839727547
2015-07-02,9.521395937942913e-05,0.745467124790765,0.00019643817931963288,1.0481554463360334,0.00010195106303770688,0.00019873454688373965,1.070757520243752
2015-07-06,0.000172264093177785,0.762279171829415,0.0002200562975194453,1.0365862759352134,0.00014841518420016564,0.00021259623552992356,0.8615561227086012
2015-07-07,0.00016730584927433944,0.7748034593014929,0.00024105075688530476,1.0344437126846815,0.0001555970515708612,0.000214342121984445,0.9300156106061854
2015-07-08,0.00018325021701855255,0.769632919589287,0.00025893696152129295,1.0550684703393516,0.00016764974921758223,0.00021375631398699654,0.9148679436521983
2015-07-09,0.00017483634785152047,0.777565041001036,0.0002688935994963346,1.0455242850998936,0.00016859427458947477,0.0002123544692525831,0.964297622669705
2015-07-10,0.0001852458943863911,0.7773894731391157,0.0002778265723211843,1.0458907764890877,0.00017635989906108283,0.00020819965296254572,0.9520313507905681
2015-07-13,0.00021177015433928543,0.7682010394645198,0.0002880892136181631,1.0792058002986495,0.0001897451859229582,0.00021574932195399084,0.895995880604402
2015-07-14,0.0001959846645507268,0.7711438549612899,0.0002964181027295713,1.0751807805723317,0.00018586551043018137,0.0002165552718903467,0.9483676228252732
2015-07-15,0.00017788056160659394,0.7656043289270333,0.0003010995888975326,1.0744962907462396,0.0001771836759837006,0.0002164299626582324,0.9960822834344621
2015-07-16,0.00018174519139179188,0.7680511448152979,0.00030704560744878375,1.09559723788857,0.0001814358274955562,0.00022854638223512706,0.9982978152331482
2015-07-17,0.00017984339911716185,0.764919722807148,0.00031140511391394333,1.0752618171165096,0.00018101975813680725,0.00022531274507631233,1.0065410186051869
2015-07-20,0.0001933298802508964,0.7638179386165905,0.0003171047244121251,1.0616678769040535,0.0001891214116764192,0.00022533555326337932,0.978231670298375
2015-07-21,0.00019419877324157122,0.7654215742681928,0.00032349386538519905,1.061980417671367,0.00019184786251807452,0.00022531512025417656,0.9878943070326592
2015-07-22,0.00018582236281108658,0.7613848078864218,0.00032852703177753363,1.0627926930319886,0.000188121637725613,0.00022554899105200812,1.012373510269396
2015-07-23,0.00018795658724473803,0.752948782862124,0.00033115754002420737,1.0618632789474085,0.00018785014513390992,0.00022509684293625876,0.9994336877872255
2015-07-24,0.00019329917782205091,0.7454414655426841,0.00033619881216433953,1.052426592927487,0.0001900319556084398,0.00023445823356099202,0.9830975886683859
