Date,Predicted_Index_Var,Predicted_Corr,Predicted_Var,Future_Beta_45d_AGG,Predicted_Covariance,Future_Cov_45_AGG,Beta_Predicted
2013-02-28,5.497886498863307e-05,-0.3019292198499864,2.130859921695891e-06,-0.0545385951449843,-3.267988204073377e-06,-2.9870092772439104e-06,-0.05944080884079794
2013-03-01,5.488021190183326e-05,-0.29694219034215336,2.1734813723001192e-06,-0.0541503037419398,-3.243080722693842e-06,-2.9629221530961177e-06,-0.05909380832010795
2013-03-04,5.501029900576039e-05,-0.29325716967580906,2.178408631620454e-06,-0.0538355247380978,-3.2102608027995257e-06,-2.943309931618858e-06,-0.05835745052873398
2013-03-05,5.845535101370509e-05,-0.29679072714054655,2.1810839860585574e-06,-0.0509589997520317,-3.3511869698756676e-06,-2.73113607526214e-06,-0.05732900259362002
2013-03-06,5.9250468430820016e-05,-0.30343701366132486,2.1518588182246725e-06,-0.0481235379825869,-3.426268051981545e-06,-2.596949893977048e-06,-0.05782685171480131
2013-03-07,5.369174155549812e-05,-0.2993780356630618,2.181588278898456e-06,-0.0492818861371019,-3.2401123969573604e-06,-2.663781155559284e-06,-0.06034656919459838
2013-03-08,4.524810700565277e-05,-0.2754850840065115,2.3361631778074984e-06,-0.0453805185986237,-2.832369334913261e-06,-2.4430507825979196e-06,-0.06259641612320749
2013-03-11,4.8373919939468494e-05,-0.26561359868240175,2.2403250675274003e-06,-0.0535265942509333,-2.765103970690141e-06,-2.9737422278650447e-06,-0.05716104822909091
2013-03-12,5.1431479865635213e-05,-0.2521835776851113,2.2958835656485874e-06,-0.0485599439359015,-2.740351305134754e-06,-2.701006711912008e-06,-0.053281595479926384
2013-03-13,5.5261000285198275e-05,-0.255590381947697,2.319052017845923e-06,-0.0542419012261496,-2.8934043032339456e-06,-3.062166729960969e-06,-0.05235888399235052
2013-03-14,6.195858588029715e-05,-0.2721339662400476,2.323765933631003e-06,-0.0629044205185731,-3.265349637575243e-06,-3.6271199223177102e-06,-0.05270213306488044
2013-03-15,6.386120353979619e-05,-0.2661662234444076,2.3273457522819176e-06,-0.0609607201341631,-3.244904694219508e-06,-3.445953559634679e-06,-0.05081183119571793
2013-03-18,6.402550064969363e-05,-0.24656540279385095,2.3394407139514126e-06,-0.0596258594650371,-3.0176207075895514e-06,-3.301439479161466e-06,-0.04713154410302907
2013-03-19,6.71640875084588e-05,-0.23824807546772658,2.453350776123783e-06,-0.0436853034863132,-3.0582838000626903e-06,-2.485028505706509e-06,-0.04553450978809953
2013-03-20,6.839791392936718e-05,-0.22722723337545092,2.465642642152238e-06,-0.0412540657746634,-2.9508482430997898e-06,-2.3361666456955265e-06,-0.043142371946417214
2013-03-21,6.814178529168062e-05,-0.23093479253890548,2.5263476533426844e-06,-0.0418223869079984,-3.030000354897321e-06,-2.2778741769079145e-06,-0.044466113441663103
2013-03-22,6.79733209422515e-05,-0.24190197667711402,2.5768035537447627e-06,-0.0550744822905817,-3.2014691175941037e-06,-2.9718056064816664e-06,-0.04709890694194557
2013-03-25,7.243408887933498e-05,-0.25180092776261953,2.5134961079487456e-06,-0.05996237441827,-3.397566260978177e-06,-3.278744416610869e-06,-0.04690562570115357
2013-03-26,7.339742545776695e-05,-0.2658699411702994,2.554496543088399e-06,-0.0648754603650125,-3.6405107046064434e-06,-3.4911622095388122e-06,-0.04959997822677312
2013-03-27,7.311742529462491e-05,-0.26738281530418967,2.6898847104770245e-06,-0.0479311632919838,-3.7498230119185126e-06,-2.8448711542476574e-06,-0.05128494331971743
2013-03-28,6.422356192814954e-05,-0.26061999414948833,2.7720929224502578e-06,-0.0495121950371444,-3.4774333667068258e-06,-2.956703748907545e-06,-0.054145756826711404
2013-04-01,6.678777769649997e-05,-0.26400556274940323,2.8643142259775146e-06,-0.0472977044521257,-3.6515050387268063e-06,-2.8344508235898133e-06,-0.054673252572052036
2013-04-02,6.451960799026473e-05,-0.26282370025474633,2.733851207281952e-06,-0.041866691986662,-3.4905818194823652e-06,-2.704910143323894e-06,-0.05410110086237744
2013-04-03,6.836168011312682e-05,-0.2592459852300993,2.7001386404197258e-06,-0.0284886240231825,-3.522179096580606e-06,-1.805030197411259e-06,-0.051522711126350394
2013-04-04,6.901245142532413e-05,-0.27034265865673435,2.8875357052598165e-06,-0.0412522034204488,-3.8162954477776375e-06,-2.7297175055364024e-06,-0.05529865073561562
2013-04-05,6.697476452894188e-05,-0.23929140657249784,3.1589685497520648e-06,-0.0341882312206668,-3.4806099012646936e-06,-2.237403747303594e-06,-0.05196897556482806
2013-04-08,7.273438811092278e-05,-0.2265773058585358,3.3029097808752066e-06,-0.0333187096764346,-3.511839495885907e-06,-2.2573647799512273e-06,-0.048283069220713244
2013-04-09,7.022991067372413e-05,-0.23276867217462557,2.868512432542407e-06,-0.0299516779358631,-3.303801571684361e-06,-2.081277574854317e-06,-0.0470426566115575
2013-04-10,6.636144982931065e-05,-0.23945746114944655,2.854121560262823e-06,0.0012049165211381,-3.295509284748642e-06,8.579057614174068e-08,-0.0496599952717289
2013-04-11,6.716170407401359e-05,-0.25084410677290925,2.7535317157231797e-06,-0.000829173407623,-3.4112205344642124e-06,-5.982639589088632e-08,-0.05079115519024021
2013-04-12,6.98842565011876e-05,-0.19568784945024262,3.1016951146284368e-06,0.0021673592893516,-2.881065208887886e-06,1.5835611183597318e-07,-0.04122624111825424
2013-04-15,9.593981606210937e-05,-0.18318813948510806,3.2054091426838984e-06,0.011916802467867,-3.212465913918796e-06,7.192539222042205e-07,-0.033484178371147956
2013-04-16,8.836558039441448e-05,-0.19586028687221602,3.295499186279349e-06,0.0429486736077557,-3.342324079413959e-06,2.6346713336042323e-06,-0.03782382308242299
2013-04-17,8.959564094882932e-05,-0.1849488547395745,3.292138090026206e-06,0.0898431660558418,-3.176392109349203e-06,6.384986635459901e-06,-0.035452529561826936
2013-04-18,9.719405369416862e-05,-0.187333684851499,3.355230067050102e-06,0.0967764916001971,-3.3829601041989746e-06,6.788548252478191e-06,-0.03480624560473439
2013-04-19,7.72897485213767e-05,-0.08887832209274002,3.5851870530831265e-06,0.1033801705968899,-1.479492281935417e-06,7.502094338532822e-06,-0.019142154169724344
2013-04-22,7.797978274745508e-05,-0.060760681189006696,3.6675230525304885e-06,0.1044435224882297,-1.0275431554238007e-06,7.744540505271617e-06,-0.013177045629270303
2013-04-23,8.499754389235151e-05,-0.060825780295468035,3.7683949756861745e-06,0.118266162415836,-1.0886018929920502e-06,8.74676602247443e-06,-0.012807451170245024
2013-04-24,7.773768893068322e-05,-0.06230472815543486,3.750739016248094e-06,0.1256125776856114,-1.0638863608012772e-06,9.375178528687079e-06,-0.013685592862812252
2013-04-25,6.90805921567358e-05,-0.12251917143331488,3.8110168347484933e-06,0.1236937791037276,-1.987936512857837e-06,9.24963339221077e-06,-0.028777062425108354
2013-04-26,7.034557142953508e-05,0.016835016802919142,4.515789516388619e-06,0.1252369007836642,3.0005355776889085e-07,9.438153961027207e-06,0.004265422139181191
2013-04-29,6.776168711759701e-05,0.04197913319777575,4.966202143785333e-06,0.12343325144893,7.700834120640871e-07,9.19452062176355e-06,0.011364584396011951
2013-04-30,5.8041023931509805e-05,0.01594756052476407,4.584557099327211e-06,0.1230995563336992,2.6014200600766546e-07,9.156960622155757e-06,0.004482036814420108
2013-05-01,6.311211636341748e-05,-0.007107247703731101,4.883135512205413e-06,0.090302645385702,-1.247691487397871e-07,6.759307711290914e-06,-0.0019769444589899494
2013-05-02,6.214021471172626e-05,-0.06305730027575444,5.056242341671644e-06,0.0982907066888953,-1.1177268620511703e-06,7.247703683153342e-06,-0.017987174122851043
2013-05-03,7.476459886581012e-05,0.019642872284149626,6.560737269809101e-06,0.1119929426112004,4.350401298764768e-07,8.13957403961859e-06,0.005818798421660774
2013-05-06,7.535412832838797e-05,0.07996129512516977,7.156889497399464e-06,0.112649847852195,1.856929864046933e-06,8.176464739585878e-06,0.024642709102208227
2013-05-07,7.392273390092128e-05,0.10686037599973812,7.645056124745477e-06,0.136414442333245,2.54036456978316e-06,1.0359303838590782e-05,0.03436513283164031
2013-05-08,6.958015556766957e-05,0.12107228580118143,8.007122005131637e-06,0.1350488290972105,2.857759403554463e-06,1.0208174515695319e-05,0.04107147189079183
2013-05-09,7.111722928104653e-05,0.11096647759117921,8.340090794180117e-06,0.1373595548492518,2.7024931626731243e-06,1.0377866906851698e-05,0.03800054065651523
2013-05-10,7.562958883543677e-05,0.185792268593044,8.794953695930387e-06,0.1348383454275541,4.7917073500585825e-06,1.0225371468835195e-05,0.06335757504228814
2013-05-13,7.357910230951406e-05,0.23188776986288404,8.458535225548734e-06,0.1363342769773847,5.784990731423908e-06,1.0350591434597454e-05,0.0786227413741617
2013-05-14,7.590263764609063e-05,0.2822147348149644,9.250419216765117e-06,0.1426259401517196,7.478057954089887e-06,1.0599161188275704e-05,0.09852171394830368
2013-05-15,7.650099964197039e-05,0.27970272775891863,9.366049118113637e-06,0.1418475025401123,7.487011019972608e-06,1.0469700103040329e-05,0.09786814623354338
2013-05-16,7.639729836462006e-05,0.25888102606039576,1.0186387261151509e-05,0.149050205904143,7.221864124759294e-06,1.0918632822500224e-05,0.09453036009587183
2013-05-17,7.425705624970095e-05,0.3027273367246298,1.1002141507605801e-05,0.1582271609781681,8.652848855636535e-06,1.130926676323888e-05,0.11652561106839435
2013-05-20,7.217439206379002e-05,0.2899234790274128,1.125623214110836e-05,0.1607474009362749,8.263641638057233e-06,1.1545276705120934e-05,0.11449547965369163
2013-05-21,7.13709588975209e-05,0.271689788941062,1.1405478872201467e-05,0.1607122558430991,7.751590904193854e-06,1.1555172386199122e-05,0.10860987471562622
2013-05-22,7.35750525384875e-05,0.2277671770079661,1.241306187440675e-05,0.1569168955020268,6.883287185629613e-06,1.1068779204597568e-05,0.09355463500388164
2013-05-23,7.454058968752127e-05,0.21301059580248483,1.2458450177867257e-05,0.1564333768690145,6.491269332904574e-06,1.103909930225303e-05,0.08708368635284983
2013-05-24,7.630250921850573e-05,0.2527962747268998,1.2232042076716918e-05,0.1567072218009322,7.723062740248102e-06,1.1053221880768384e-05,0.10121636653038166
2013-05-28,7.438631671877e-05,0.28952219677609486,1.5560176207515108e-05,0.1689125265212611,9.84998679288107e-06,1.1793975385292666e-05,0.1324166490205531
2013-05-29,7.273626036607267e-05,0.32978048605136356,1.575627309316922e-05,0.1445272438705407,1.1164189199217877e-05,1.0324188219342291e-05,0.1534886333587936
2013-05-30,7.309916508279677e-05,0.344002183867588,1.538452863904853e-05,0.1458828742950701,1.1536113101141799e-05,1.0394752086902398e-05,0.15781456721257026
2013-05-31,7.696255068093324e-05,0.3202293379460597,1.4972465948371598e-05,0.1490441873361803,1.0870449699902927e-05,9.84399730695532e-06,0.141243365815265
2013-06-03,7.835861755638394e-05,0.3290871794742431,1.4560076530173233e-05,0.1506039097582115,1.1115683563493301e-05,1.0018365192266098e-05,0.14185655528563745
2013-06-04,7.696792659140356e-05,0.31433578128152484,1.4308141498447592e-05,0.1456067579848504,1.0431345428939986e-05,9.63634644838624e-06,0.13552847128540224
2013-06-05,8.390672708275947e-05,0.12467855030248384,1.3967993259308313e-05,0.1580619076576122,4.2683216841829334e-06,9.674927019774464e-06,0.05086983883870208
2013-06-06,8.864935953499249e-05,-0.0038817433919581365,1.4299801946306146e-05,0.1506597860059546,-1.3820687102734738e-07,9.05557140035421e-06,-0.0015590284210997949
2013-06-07,8.584609796353898e-05,-0.12071265534129355,1.3833995290853509e-05,0.1724356314020082,-4.1599383536360754e-06,9.822460291707952e-06,-0.04845809480359733
2013-06-10,7.344670994631798e-05,0.027133172954638247,1.278695421486757e-05,0.1682424514209179,8.315154276224357e-07,9.603130603165748e-06,0.011321343437033303
2013-06-11,7.540176794643908e-05,0.11852047170022335,1.2464005597705074e-05,0.178796754411141,3.6333978377098576e-06,9.845388480690812e-06,0.04818717036304516
2013-06-12,7.564969572692771e-05,0.17811390238354613,1.229615664789841e-05,0.1830543651664026,5.43232951207377e-06,1.0651885383242154e-05,0.07180900676299902
2013-06-13,7.668406692361186e-05,0.11799206167899622,1.4238639892275433e-05,0.1687217636253861,3.89887769271075e-06,9.045928698724025e-06,0.05084338701799138
2013-06-14,7.978958283363962e-05,0.1503316688472137,1.431844633264079e-05,0.1781497325739277,5.081261243141621e-06,9.556190167973087e-06,0.06368326619448547
2013-06-17,6.406673037804978e-05,0.20832408713813025,1.3096133439287109e-05,0.188358966513565,6.034305777409472e-06,9.955935252244048e-06,0.09418782169468906
2013-06-18,5.269216623890948e-05,0.18244933218584936,1.2692002884484975e-05,0.1975639490607277,4.718243885782041e-06,1.0337337293228801e-05,0.08954355500188085
2013-06-19,5.313666894497608e-05,0.029111516623543606,1.4715533925200279e-05,0.1760435736382354,8.1404798654414e-07,8.751776789120624e-06,0.015319891192033516
2013-06-20,6.610900161714408e-05,-0.2940303331351863,1.6290647064461838e-05,0.1518684511268356,-9.649206542140745e-06,5.284947306682767e-06,-0.14595904197770265
2013-06-21,6.524441916700448e-05,-0.28004704918089945,1.702602219019925e-05,0.1339104444343586,-9.333817027278642e-06,4.698978233408042e-06,-0.14305924010737392
2013-06-24,5.5679700730278476e-05,-0.20063458891746663,1.632529511352538e-05,0.0648326919039821,-6.049016554074522e-06,2.433524173695309e-06,-0.10863953065008272
2013-06-25,5.683904438603972e-05,-0.13798147015431203,1.5733379479143238e-05,0.0582391504329638,-4.126246420713818e-06,2.0935509399403457e-06,-0.07259528138244471
2013-06-26,5.616484134519195e-05,-0.12229412211913251,1.6081175037575933e-05,0.0365596650477835,-3.6753334024756963e-06,1.244988523471488e-06,-0.06543832964624456
2013-06-27,5.600093181678947e-05,0.058837637191125634,1.6528121109235404e-05,0.0246768755113372,1.7900476586880968e-06,8.313463178607889e-07,0.03196460488451065
2013-06-28,5.651835513949762e-05,0.16417305919345673,1.6085614021317596e-05,0.0145895173621089,4.950117064831303e-06,4.901128579679655e-07,0.08758423794559325
2013-07-01,4.0959150997653995e-05,0.05975483238878615,1.4834949817840285e-05,0.0092068233699951,1.4729620116188745e-06,3.1577898549404833e-07,0.03596173201205369
2013-07-02,4.708768430286185e-05,-0.016468996880945656,1.3905121412299266e-05,0.0069147957138687,-4.2141326936400157e-07,2.3685359701683132e-07,-0.008949543295727315
2013-07-03,4.5307854285029834e-05,-0.03285897691900159,1.3175052145391282e-05,0.0063277558634474,-8.028177319938435e-07,2.1674304518866606e-07,-0.01771917352217455
2013-07-05,5.048108536897671e-05,0.04158068958556961,1.393831620678998e-05,0.0929910831805042,1.1029636146026392e-06,3.1379074699892273e-06,0.02184904715381711
2013-07-08,5.858594159480322e-05,0.046455613015542664,1.343569734985374e-05,0.066610069691698,1.3033618614266627e-06,2.277668142504102e-06,0.02224700714791064
2013-07-09,6.185296409698371e-05,-0.16989115589874018,1.2813621165881299e-05,0.0689543763440775,-4.782852298805554e-06,2.2997419808204874e-06,-0.07732616162591942
2013-07-10,6.043816195282401e-05,-0.26158856157637644,1.2225021029981485e-05,0.0703263956199318,-7.110484290602678e-06,2.361762241705223e-06,-0.1176489168574134
2013-07-11,6.428746384905295e-05,-0.5751027601384264,1.1380650222523074e-05,0.0128087678955403,-1.55557923195763e-05,3.808974693963806e-07,-0.24197240625483876
2013-07-12,6.999194674271863e-05,-0.46581666799055743,1.0977701443481344e-05,0.0219960902981027,-1.2912037202876731e-05,6.690108414496077e-07,-0.18447889798435974
2013-07-15,7.060701256657018e-05,-0.4309176089852992,1.0601998854707414e-05,0.01932262160358,-1.1789951979116017e-05,5.897165960382742e-07,-0.16697990115358777
2013-07-16,3.5042919617133015e-05,-0.20227915229801968,9.873886704847681e-06,0.0876138600431214,-3.7626631145074822e-06,2.8762992519639563e-06,-0.10737299162333093
2013-07-17,3.792838595062833e-05,-0.08126785727684754,9.31424553062883e-06,0.0864178708707495,-1.5274775328282329e-06,2.8411553770226834e-06,-0.040272674266090894
2013-07-18,3.7451029819475974e-05,-0.035094834791556895,8.986746241713536e-06,0.0841275410798235,-6.438375822507218e-07,3.007423484306731e-06,-0.017191452020256636
2013-07-19,4.0860668714576163e-05,-0.048952728576360106,8.749454375437199e-06,0.0776811292815504,-9.25593133875392e-07,2.8132625223517656e-06,-0.02265242256167987
2013-07-22,3.950888193740232e-05,0.0035604416303057183,8.621361534554888e-06,0.0721558490834641,6.571116531428446e-08,2.6167726076714387e-06,0.0016631998196860367
2013-07-23,3.3171208880188284e-05,0.0625686593417232,8.44154041375505e-06,0.0686688610033745,1.0470040243952852e-06,2.496324630022207e-06,0.03156363785766683
2013-07-24,3.471216593235655e-05,0.10738839286446238,8.185448638520677e-06,0.0607787943199777,1.8101703349145116e-06,2.209754959701056e-06,0.052148008811722754
2013-07-25,3.488954269695917e-05,0.13248738380347072,8.032463730293123e-06,0.0579854437436591,2.217923433251441e-06,2.129861104547495e-06,0.06356986253777257
2013-07-26,3.343176772700175e-05,0.0839094902356198,7.89537720889308e-06,0.0599119403579092,1.3632553004031233e-06,2.2365692363626873e-06,0.040777242517812375
2013-07-29,3.360094972876798e-05,0.10714108780660044,7.727010660815866e-06,0.046533377063955,1.726384720564871e-06,1.7933957013717416e-06,0.05137904536926823
2013-07-30,3.816574763863081e-05,0.10228297627645558,7.609993547533942e-06,0.0456579791331844,1.7431404794684584e-06,1.7607559720761109e-06,0.04567290272873044
2013-07-31,3.750748633018741e-05,0.16065703225483974,7.673105428842246e-06,0.0391277410952791,2.7254881789663207e-06,1.5841847039864487e-06,0.07266517822530665
2013-08-01,4.226173154810077e-05,0.04553703856257298,7.218215289802445e-06,0.0890863682692623,7.953409478649373e-07,3.451845937767637e-06,0.01881941223727923
2013-08-02,4.130983358011611e-05,0.03960887817515454,6.885917249636448e-06,0.0832450054839746,6.680364578863136e-07,3.3490430489506275e-06,0.016171366475992374
2013-08-05,3.7225611971094185e-05,-0.0009017215172482978,6.737270813659369e-06,0.0809501347856009,-1.4280235136180432e-08,3.4835339519042316e-06,-0.0003836131732977038
2013-08-06,4.1983018398946586e-05,0.037779568160157026,6.694018400619463e-06,0.078579162003394,6.333405136559895e-07,3.338642493167957e-06,0.0150856355214298
2013-08-07,4.81253999850549e-05,0.028600476189475324,6.6923152821476e-06,0.0749640772411967,5.132732566022233e-07,3.965135106564219e-06,0.010665329675423324
2013-08-08,4.5117615842124565e-05,0.05919364910630132,6.578242119888788e-06,0.0729256599398749,1.019772066957573e-06,3.9032344202070285e-06,0.022602525597229174
2013-08-09,4.7210405389653165e-05,0.028654424444266496,6.565153331420196e-06,0.0706275897899112,5.044672664419738e-07,3.789316912759879e-06,0.010685510159854188
2013-08-12,4.729046229109182e-05,0.14144595380922653,6.541505604356353e-06,0.0700054685203746,2.487804031373522e-06,3.840889130734419e-06,0.0526068875381274
2013-08-13,5.1414947954433665e-05,0.11373217630731101,6.3790088228191455e-06,0.0919168882052068,2.059703235850671e-06,5.417704486963374e-06,0.040060397176246806
2013-08-14,5.361675369996386e-05,0.17215298681940652,6.30812733438444e-06,0.0947013874357848,3.1660301435025824e-06,5.597480918065213e-06,0.05904926958501623
2013-08-15,5.120699157562921e-05,0.24522192331376386,6.107238482582919e-06,0.0816538773084975,4.336570036858955e-06,4.479134045806608e-06,0.08468706915644789
2013-08-16,4.9139520575593413e-05,0.09458630113643673,6.247012992246751e-06,0.0769699760751786,1.657219002548468e-06,4.190230007335298e-06,0.0337247694551496
2013-08-19,5.1240075352845624e-05,0.16691847882809735,6.107883508975204e-06,0.0724671760261651,2.9529403270114146e-06,3.881904913770026e-06,0.05762950789352075
2013-08-20,5.687877447837599e-05,0.2351720203845699,6.079503033799735e-06,0.0699963992149181,4.373154342226533e-06,3.7875564719422777e-06,0.07688552333153918
2013-08-21,5.746511661394483e-05,0.31367331773809703,5.887775450741152e-06,0.0573798128286553,5.769728040262862e-06,3.037704610407888e-06,0.10040400820943858
2013-08-22,5.43081375808944e-05,0.11503944576243236,6.671602066922186e-06,0.0559994096341036,2.189748828903144e-06,2.9016236758032836e-06,0.040320823479564456
2013-08-23,4.6628310947370826e-05,-0.30554416998698086,7.236867309919653e-06,0.0533502203392888,-5.612729965437571e-06,2.759131681933553e-06,-0.1203717194854567
2013-08-26,5.7057237442025364e-05,-0.3317137478926746,7.67855738564953e-06,0.0580267585025633,-6.943183745344612e-06,2.987847038667099e-06,-0.12168804619044923
2013-08-27,6.26349019454684e-05,-0.4524005297500327,7.516899007693169e-06,0.0932190375326384,-9.816364211651925e-06,4.220570306980384e-06,-0.15672355039684283
2013-08-28,6.352118414260544e-05,-0.27538055378517073,7.208708126645719e-06,0.0951140117852844,-5.892794315432122e-06,4.341525201015038e-06,-0.09276896196082811
2013-08-29,6.345432123592429e-05,-0.18257743789846365,6.964839011294023e-06,0.0932380879534482,-3.8382499326604725e-06,4.257330398567037e-06,-0.060488393192164036
2013-08-30,6.533098257867051e-05,-0.2834544636929661,6.790182085232777e-06,0.0904031875579282,-5.9701274932049145e-06,4.08731139693279e-06,-0.09138279048559822
2013-09-03,6.741624909395761e-05,-0.159838054067181,6.641671778004121e-06,0.1042431355630431,-3.382214765785551e-06,4.748215130553401e-06,-0.05016913297967348
2013-09-04,5.29054408502055e-05,-0.02214769571073842,6.47264599858055e-06,0.114219522941732,-4.0984500315010373e-07,5.118507809400482e-06,-0.007746745827343612
2013-09-05,5.526096611110341e-05,-0.18087583220159933,6.238962989691066e-06,0.1017933872245987,-3.358504879558243e-06,5.018273594954909e-06,-0.060775355841696535
2013-09-06,5.903493096893949e-05,-0.35128766591427846,6.0874487448803545e-06,0.0616578326832091,-6.6593998219946185e-06,3.243424166552557e-06,-0.11280439754386061
2013-09-09,5.950680039687122e-05,-0.13873529320293349,6.244713764511273e-06,0.0577199126300947,-2.6744009902295508e-06,2.949868417936979e-06,-0.04494277918478317
2013-09-10,6.058865375686932e-05,-0.2676673565379583,6.145271057119142e-06,0.0652196739997996,-5.164896024931401e-06,3.2910944265364772e-06,-0.08524526796150877
2013-09-11,5.2548421709793746e-05,-0.14416684029206203,6.070422568482874e-06,0.0682581704972453,-2.574866282737224e-06,3.511794626062014e-06,-0.048999878568328756
2013-09-12,5.463125330927889e-05,-0.03345719087037731,5.863431706968651e-06,0.0703297983456362,-5.988057906890856e-07,3.6165652307241625e-06,-0.010960864970443226
2013-09-13,5.629719144726608e-05,0.06869331995147748,5.042780724124295e-06,0.0695460091626508,1.1574251447505733e-06,3.5891955773115402e-06,0.02055919869172764
2013-09-16,5.4138744378514925e-05,0.13915210861763305,4.862280473329377e-06,0.062666589207762,2.257687792412436e-06,3.2375437364668644e-06,0.04170188685255886
2013-09-17,5.7555509167455784e-05,0.07976656423418343,4.662683702089746e-06,0.066050643480338,1.3067193257494927e-06,3.4113011841309038e-06,0.022703635927320834
2013-09-18,6.204530316157312e-05,0.04822706861484741,5.306174030903713e-06,0.0340926930466332,8.750564400245218e-07,1.6849146502600768e-06,0.01410350816959946
2013-09-19,6.178297806302708e-05,0.0533750954823818,5.3423080120188705e-06,0.035194544054484,9.697003357598327e-07,1.776427850459953e-06,0.015695266983903007
2013-09-20,6.675064824066973e-05,0.03322882305239827,5.408420152409509e-06,0.0397685783858861,6.313612364224924e-07,1.869080204469362e-06,0.00945850344623047
2013-09-23,6.644616634370019e-05,0.02615943712871561,5.425966309990551e-06,0.0415241879338994,4.967088591923822e-07,1.9231754322057167e-06,0.007475357669592259
2013-09-24,6.687102886618699e-05,0.017286694801386483,5.514258122913775e-06,0.0458554505209296,3.319514063802639e-07,2.1104586105777908e-06,0.0049640541204251385
2013-09-25,5.221698153901886e-05,0.034518514958559746,5.320763445665211e-06,0.0494299367191351,5.753670148659439e-07,2.2545555599298235e-06,0.011018772014540977
2013-09-26,5.0374063840171386e-05,0.06142789961075854,5.10692873045839e-06,0.0493569217930352,9.852559324225902e-07,2.2501783531485723e-06,0.019558793897364427
2013-09-27,5.122431082106018e-05,0.0638125626417033,4.997604219237289e-06,0.0632315706251628,1.0209986728804275e-06,2.8534295517141104e-06,0.019931916242798095
2013-09-30,5.1567877421329924e-05,0.06184722054809766,4.9344005610675165e-06,0.0571853144090168,9.86567979216556e-07,2.5640373977121027e-06,0.01913144439038873
2013-10-01,5.3629225784131454e-05,0.07241413443400029,4.962430397559325e-06,0.0686544746819356,1.1813302414441772e-06,3.016529621900854e-06,0.02202773253149825
2013-10-02,4.9785428743887e-05,0.10412218099256385,4.879806824588965e-06,0.0752869740318831,1.6229147121941465e-06,3.354835135410263e-06,0.03259818692218091
2013-10-03,5.1677659876475144e-05,0.13178050016700285,4.803940244040593e-06,0.0899411409209492,2.0763538595401433e-06,3.962244428885751e-06,0.04017894510903245
2013-10-04,4.988490741732951e-05,0.05301333460181447,4.365929034684227e-06,0.0945040667769999,7.823625330329404e-07,4.090100587162209e-06,0.015683351409030693
2013-10-07,5.300164613196136e-05,0.06344797937329205,4.332809646395208e-06,0.093106072125244,9.614955521755346e-07,3.861908546041571e-06,0.018140862074012602
2013-10-08,5.7418241986777646e-05,0.05977112784258399,4.436452857974862e-06,0.1016307752867292,9.539691532004195e-07,4.189840132989168e-06,0.01661439152769778
2013-10-09,4.671951297786224e-05,0.14484515374169324,4.5399337012399785e-06,0.1038642346204722,2.1094919764315667e-06,4.338191027761589e-06,0.04515226812041334
2013-10-10,5.493659376391755e-05,0.13268287561746833,4.65523499990988e-06,0.1152877113260327,2.1218591127173817e-06,3.7787349928994315e-06,0.03862378366295841
2013-10-11,5.397060840252837e-05,0.12060870609613744,4.74699061369501e-06,0.1167264779873113,1.930485312298061e-06,3.819532443545292e-06,0.035769196780216825
2013-10-14,5.390763459317086e-05,0.1181746010038797,4.88677836253946e-06,0.1146905006203865,1.9180530009924415e-06,3.777077589191757e-06,0.035580359173010806
2013-10-15,5.553151341989191e-05,0.13094747863186026,4.9856528167847315e-06,0.0953468596019477,2.1788529037495644e-06,3.5150873225424594e-06,0.0392363321214487
2013-10-16,4.144281603770634e-05,0.02104871785211764,5.036420174832313e-06,0.0708209191464812,3.040963820017536e-07,2.3688165748514996e-06,0.007337734523760993
2013-10-17,4.1583055321708076e-05,0.013341841256889735,5.114200172352298e-06,0.0601125857506367,1.9456415324897058e-07,1.9693431284001397e-06,0.0046789287546026
2013-10-18,4.3823960134694674e-05,0.11763188851707408,5.060209349974625e-06,0.0524558874388228,1.7517217475133828e-06,1.7019263541432325e-06,0.039971781238605474
2013-10-21,4.4710412594374516e-05,0.1516875487797961,5.110233936699578e-06,0.0509786343289281,2.29284482212077e-06,1.6544456563633257e-06,0.05128212174917967
2013-10-22,4.4371990394003997e-05,0.2093840561732032,5.187508200570281e-06,0.0322480897287936,3.176709208607366e-06,1.041903992618525e-06,0.07159266871735004
2013-10-23,3.6244305626284386e-05,0.2831431868776292,5.0166850649754954e-06,0.0326778728899449,3.817986837369891e-06,1.0309409990951541e-06,0.10534032233193302
2013-10-24,4.040389782719303e-05,0.41124534478944985,4.759407641010011e-06,0.0317190025655005,5.7028123142611e-06,9.983080555181554e-07,0.14114510284755094
2013-10-25,3.967999624918889e-05,0.5873630073773802,4.730566092070305e-06,0.0283282061503515,8.047277159268698e-06,8.923432405258199e-07,0.20280438306324677
2013-10-28,4.081308187982178e-05,0.7210490592787223,4.624327289655523e-06,0.019408383255699,9.905782586667005e-06,6.605864089444685e-07,0.24271096742548326
2013-10-29,4.2024721372673885e-05,0.6272267757092439,4.599688218884475e-06,0.0145546773913807,8.720496426724412e-06,4.888314156430967e-07,0.20750872681323285
2013-10-30,3.243679795796633e-05,-0.037075132818615936,5.7910780846110394e-06,0.0046674075551494,-5.08137695664186e-07,1.5468004986531485e-07,-0.01566547031931645
2013-10-31,3.3498134377451295e-05,-0.04940198322170926,6.688582147593171e-06,0.0080090111974073,-7.394719873461968e-07,2.6799835323567424e-07,-0.02207502002989038
2013-11-01,3.528785039280735e-05,0.03617595677564445,7.967823050107697e-06,0.0132651985964151,6.066000869099581e-07,4.433913870282057e-07,0.017190054938387524
2013-11-04,3.477448195487655e-05,0.08208515538201554,8.625754633153834e-06,0.0108585985823206,1.4216526834257493e-06,3.612410031188603e-07,0.0408820664897464
2013-11-05,3.766596277267884e-05,-0.06798794006387543,8.925255324662529e-06,0.0093847738710361,-1.2465702088735984e-06,3.0936641846893565e-07,-0.033095402775096545
2013-11-06,3.8333959556374354e-05,-0.10937877726674726,8.293630676276076e-06,-0.0043813334888942,-1.95028127140798e-06,-1.6260561130626722e-07,-0.050876071607992235
2013-11-07,4.0431492315281525e-05,-0.10286165142182924,6.271481255751776e-06,-0.0067471563851974,-1.6379417107080727e-06,-2.3774725991056556e-07,-0.040511532394983965
2013-11-08,4.3778322206368926e-05,0.09051697851920344,7.206321144928115e-06,0.0446161680404963,1.607742200671285e-06,1.4355094770980202e-06,0.036724618935656435
2013-11-11,4.088414418239951e-05,0.05614548322330219,6.979186788278119e-06,0.0406585796623419,9.484068683798413e-07,1.3121260543712797e-06,0.023197425000475547
2013-11-12,3.99781619662566e-05,0.09000702762058861,6.592727708504423e-06,0.0379013076143054,1.4612361267467458e-06,1.2385213910553302e-06,0.03655085814050421
2013-11-13,4.4902541372157916e-05,0.08947352462604041,6.075748556001294e-06,0.0266244857529716,1.4778484581920216e-06,8.413513595192531e-07,0.03291235669588114
2013-11-14,4.545126757048379e-05,0.07694271244521829,5.940411826036532e-06,0.0173333769977638,1.264296015161326e-06,5.404149311568666e-07,0.027816518278631335
2013-11-15,4.488960878325864e-05,0.08325912358721722,5.6793553413096065e-06,-0.0002662751000977,1.3293956898034932e-06,-8.669670495585281e-09,0.029614775575840725
2013-11-18,4.304897041106976e-05,0.12608530296079806,5.435176472112491e-06,-0.0210097998031182,1.9286466871043855e-06,-9.026178676088712e-07,0.044801226804914406
2013-11-19,4.253689180732228e-05,0.11770502994277383,5.427550418882545e-06,-0.0183089515236772,1.78846247234074e-06,-7.945125566129807e-07,0.04204497311279511
2013-11-20,3.986505410246521e-05,0.19181838248756256,3.922038304360973e-06,-0.0176978408226128,2.398514337202818e-06,-7.784147584347721e-07,0.06016583675110318
2013-11-21,3.485111027762049e-05,0.20376066706945606,3.860944943278402e-06,-0.0349848387444205,2.3636080869742234e-06,-1.5580477338225624e-06,0.06782016607637334
2013-11-22,3.677714977289896e-05,0.11104284012591525,3.861552313155317e-06,-0.036459173750877,1.3233068380685e-06,-1.6975726770191027e-06,0.03598176710919679
2013-11-25,4.464079349966786e-05,0.0846096262554508,3.831765723878541e-06,-0.0403231630618304,1.1065860819981357e-06,-1.9059831730418147e-06,0.024788674108276523
2013-11-26,4.5604254902161166e-05,0.051215772333508124,3.6616867709670466e-06,-0.043961785152838,6.618308452554861e-07,-2.569817650097589e-06,0.014512480177022304
2013-11-27,5.098239319509307e-05,-0.006883066694959515,3.6147033078465537e-06,-0.0510408501204183,-9.343905016721987e-08,-3.040850201469877e-06,-0.0018327709687863997
2013-11-29,5.306536742177139e-05,-0.04059496499773771,3.642109683942145e-06,-0.0505432061139282,-5.643574590076612e-07,-3.0114915691132255e-06,-0.01063513712290098
2013-12-02,5.1303727815654587e-05,-0.044978041456650374,4.378311283295994e-06,-0.0543022035893237,-6.741061967485693e-07,-3.460377295862394e-06,-0.013139516862610433
2013-12-03,5.129816798105141e-05,-0.07848705053387965,4.434449782655544e-06,-0.0442955245349444,-1.1837740279159278e-06,-2.9631154639347842e-06,-0.023076341212676287
2013-12-04,4.926678581923591e-05,-0.05343394457560856,4.476636038921304e-06,-0.0438701434445772,-7.935425958613126e-07,-2.9379542168636335e-06,-0.016107050270599933
2013-12-05,6.186383108747796e-05,-0.050542435994932286,4.446725982962818e-06,-0.0539612018405003,-8.382909150343159e-07,-3.7275689788447583e-06,-0.013550581984632324
2013-12-06,6.149224160789946e-05,0.006180111495100698,4.440587483823797e-06,-0.0617311976416747,1.0212373451647497e-07,-4.0989659217443e-06,0.0016607580378620623
2013-12-09,5.694825981469449e-05,0.01949723939171738,4.390316065223108e-06,-0.0588680352634325,3.082912838941976e-07,-3.934535781074382e-06,0.005413533001664232
2013-12-10,5.3452041059883435e-05,-0.015425186869198639,4.3810087970233685e-06,-0.0571243088227157,-2.3604762945044958e-07,-3.833564937247699e-06,-0.00441606391018821
2013-12-11,5.2671389427449466e-05,0.02610362707118158,4.371667972278664e-06,-0.0673804730326504,3.9610637189322423e-07,-4.308132935105576e-06,0.007520332692928642
2013-12-12,5.926873458923956e-05,-0.10796173475684387,4.322166085366684e-06,-0.0664031027015663,-1.7279588958790327e-06,-4.3021908413443276e-06,-0.0291546446512585
2013-12-13,5.102150798536989e-05,-0.14283188903170413,4.18120085092849e-06,-0.067149167004091,-2.086182703153858e-06,-4.3911054003404965e-06,-0.040888299572644116
2013-12-16,5.265033739264804e-05,-0.22110124917307594,4.097380058702142e-06,-0.0692717329424012,-3.247468149304078e-06,-4.4867146294579655e-06,-0.061679911471138
2013-12-17,5.547285481711756e-05,-0.04124316825978542,3.98136889266985e-06,-0.068960402876982,-6.129266258762622e-07,-4.4805964108248045e-06,-0.011049127143301953
2013-12-18,5.7755345996717895e-05,0.3428838302435902,3.99166301607663e-06,-0.0727617059277926,5.20619025773483e-06,-4.286724393110424e-06,0.09014213607222933
2013-12-19,6.478693026373803e-05,1.0613423810745115,3.7121796822487414e-06,-0.0742437814197759,1.6459388743788427e-05,-4.370178293748628e-06,0.2540541537742981
2013-12-20,6.101338500649426e-05,0.5513936725737952,3.621593140293302e-06,-0.0722693541934609,8.196419307406187e-06,-4.2913557702876596e-06,0.13433805232300683
2013-12-23,6.0371580554275465e-05,0.2033019282291717,3.5641208855595882e-06,-0.0720420660657821,2.9821808950300234e-06,-4.246265404257399e-06,0.04939709823149276
2013-12-24,6.05937066863415e-05,-0.3503874334693444,3.580614464840666e-06,-0.0705933358915186,-5.161085609566176e-06,-4.243480572234775e-06,-0.08517527465817737
2013-12-26,6.0130930524985e-05,-0.47334415766647103,3.3623883765849147e-06,-0.0812460544420298,-6.730540180384317e-06,-5.18517569107846e-06,-0.11193141568942976
2013-12-27,6.1029823506439453e-05,-0.48355991457541597,3.3316573834600523e-06,-0.0812017416186465,-6.895273800577119e-06,-5.182238933056908e-06,-0.11298203737799727
2013-12-30,6.103786899254316e-05,-0.5160391189800665,3.323191515036845e-06,-0.0825813112840241,-7.349537186368174e-06,-5.275575419225583e-06,-0.12040946559366364
2013-12-31,6.15980310886923e-05,-0.45353243225347634,3.3071968055211764e-06,-0.0812741902802311,-6.473241120513012e-06,-5.15873537837425e-06,-0.10508844205089081
2014-01-02,6.274975633376732e-05,-0.4221807722765595,3.2963665619757363e-06,-0.0825803417360962,-6.071866605854352e-06,-5.050142529128445e-06,-0.09676319017970303
2014-01-03,6.287727487442676e-05,-0.36676385857982646,3.2746844394371276e-06,-0.081031627774657,-5.262815155458752e-06,-5.01066108689559e-06,-0.0836997971996911
2014-01-06,6.194585296328845e-05,-0.34510452826770854,3.3233168447131155e-06,-0.0801899141656079,-4.951566898476948e-06,-4.937305944994499e-06,-0.07993379155520615
2014-01-07,5.985294868622432e-05,-0.28698864964886517,3.372022049780004e-06,-0.0875149899334174,-4.077112538418601e-06,-5.59422849133435e-06,-0.06811882501884128
2014-01-08,5.957982003469859e-05,-0.25524034658121764,3.293925095695659e-06,-0.0863914117317584,-3.5756563981907746e-06,-5.53987651520244e-06,-0.06001455519852786
2014-01-09,5.8876921963223624e-05,-0.2939429517265101,3.36373093457253e-06,-0.0868367300764717,-4.136625685357198e-06,-5.7199619862447225e-06,-0.07025886455037621
2014-01-10,5.8643073362417135e-05,-0.32223945753520744,3.725903563435597e-06,-0.0872734504518567,-4.763244603687554e-06,-5.827922322914143e-06,-0.08122433444527137
2014-01-13,6.549653155125348e-05,-0.4394269178736596,3.696909518656395e-06,-0.0785966479511045,-6.8377814952426075e-06,-4.962968383037449e-06,-0.1043991389054211
2014-01-14,6.384952094066409e-05,-0.42722079871390123,3.944291379815034e-06,-0.0764924269056146,-6.779781606656468e-06,-4.693013617981703e-06,-0.1061837505868991
2014-01-15,6.070372053025981e-05,-0.13404537904402042,3.1773783577819728e-06,-0.0774293192895888,-1.8616325702299647e-06,-4.836263833092196e-06,-0.030667520111917545
2014-01-16,6.085694586035492e-05,-0.14020645665331768,3.232352060577934e-06,-0.0779268354783553,-1.966447784409101e-06,-4.89629666513184e-06,-0.03231262687617286
2014-01-17,6.130074788390541e-05,-0.12671174392144605,3.193961873163738e-06,-0.0791470939919084,-1.7730240167151547e-06,-4.973390165137571e-06,-0.028923366809047762
2014-01-21,6.022038567812545e-05,0.1418930492324054,3.0765006601224305e-06,-0.0861928517210837,1.931351824751221e-06,-5.509298045927153e-06,0.03207139580729666
2014-01-22,6.0180607898710316e-05,0.4129131103800244,2.980423028824854e-06,-0.0860143087630177,5.5300099500234e-06,-5.5064611463506725e-06,0.09189023080875042
2014-01-23,6.197862719476769e-05,0.7048113445036948,3.1099012635724394e-06,-0.0828731661978783,9.785142676298771e-06,-5.2145463186104815e-06,0.15787930645106069
2014-01-24,8.312838911315208e-05,0.9978237692133552,3.124560499150817e-06,-0.0788843281533769,1.6081368229181038e-05,-4.179131251911926e-06,0.1934521816282464
2014-01-27,7.785643656399444e-05,1.0427712584116797,3.0761264704922834e-06,-0.09305082583582,1.613757995448143e-05,-4.916172691719153e-06,0.20727354945428406
2014-01-28,5.7778264472590076e-05,0.4305837699321972,3.013658192873652e-06,-0.0987403712345545,5.681812511789734e-06,-5.176863383530648e-06,0.09833823434563663
2014-01-29,5.541992369045716e-05,0.03587096773711426,3.1831338394197397e-06,-0.0896659929406837,4.7643483171998064e-07,-4.471477297825175e-06,0.008596815007921395
2014-01-30,5.718939038351772e-05,-0.26862564669716016,3.2083575954235864e-06,-0.1058436028241863,-3.638702854354439e-06,-5.471976228534938e-06,-0.063625487698906
2014-01-31,5.786696567157789e-05,-0.4492455741007431,3.3075877711248117e-06,-0.1037781754997905,-6.215196316841677e-06,-5.595153049677232e-06,-0.10740491132913077
2014-02-03,7.055814511505822e-05,-0.3539287664584123,3.3922858719729772e-06,-0.113794459649162,-5.475649764981258e-06,-4.692437485163911e-06,-0.0776047861809886
2014-02-04,5.3287933521446234e-05,-0.24503594109453403,3.5411954824596822e-06,-0.1027928297996185,-3.3660392837744553e-06,-4.368649170957669e-06,-0.06316700726290617
2014-02-05,5.1744253938995175e-05,-0.16145841627280863,3.6875577294782487e-06,-0.1049924537940912,-2.2302891263446274e-06,-5.652733040603627e-06,-0.04310216027027981
2014-02-06,5.460185755120456e-05,-0.16389278067733754,3.016259100131964e-06,-0.1076226654448476,-2.10328369507665e-06,-5.65422222007714e-06,-0.03852036889228963
2014-02-07,6.356327391387762e-05,0.03583748556007123,3.0536803344837034e-06,-0.1186842818086864,4.99289515096279e-07,-6.002959953086737e-06,0.00785499997644505
2014-02-10,6.2547563500994e-05,0.14041710703507407,2.965017893125343e-06,-0.1172660697038277,1.9122245026468594e-06,-6.035589787798466e-06,0.03057232601261071
2014-02-11,5.609995653519849e-05,-0.0328507817196798,2.97968990863586e-06,-0.1063598866580396,-4.2472957783714497e-07,-5.450346631427794e-06,-0.007570943082115567
2014-02-12,5.280573476410588e-05,-0.15079291067840508,3.058183982639455e-06,-0.1077009133452058,-1.916254880282263e-06,-5.52110180238925e-06,-0.03628876463593527
2014-02-13,5.31879934714369e-05,-0.21381996322450725,3.156263299455101e-06,-0.1127799187303032,-2.7703948207137e-06,-5.748859318169691e-06,-0.052086845919492364
2014-02-14,5.362200748552388e-05,-0.25317771536330197,3.148240426930994e-06,-0.113525217993247,-3.2895080742858083e-06,-5.764109936335087e-06,-0.06134623130575377
2014-02-18,5.088126402858046e-05,-0.2916131674258189,3.1757980268325385e-06,-0.1145130393670452,-3.7069140233219002e-06,-5.832652014990409e-06,-0.07285420466833711
2014-02-19,5.093399391722896e-05,-0.32702556520641335,3.1678749318173533e-06,-0.1192221242138532,-4.1540295788042695e-06,-5.941459232779647e-06,-0.08155711459727343
2014-02-20,5.128532994270177e-05,-0.36160703036522124,3.248126587180186e-06,-0.1153345536336899,-4.667130188244543e-06,-5.8656967400566115e-06,-0.09100322048154641
2014-02-21,5.0142924359823583e-05,-0.36785748848777605,3.312876943351459e-06,-0.1154827593138345,-4.741186977854196e-06,-5.888650009319354e-06,-0.0945534597031404
2014-02-24,5.289213529725008e-05,-0.3686367975868572,3.335908655862659e-06,-0.1128137472885965,-4.896675334568116e-06,-5.7315885849492855e-06,-0.09257851487842464
2014-02-25,4.99909412374215e-05,-0.36087804670165075,3.5293161670028906e-06,-0.1094374962362931,-4.793485335475292e-06,-5.575481676389726e-06,-0.0958870790751796
2014-02-26,4.8822079787728685e-05,-0.3272469036347523,3.4996001360375176e-06,-0.1090433634762141,-4.277528348653698e-06,-5.555357990558192e-06,-0.08761462779242035
2014-02-27,4.902946505121921e-05,-0.386053653943692,3.4292681936145153e-06,-0.1130417812450502,-5.005840071067019e-06,-5.705388251677866e-06,-0.10209860674265177
2014-02-28,4.913560627678946e-05,-0.41507957533033035,3.4024825730646394e-06,-0.1128521720450335,-5.366949119414787e-06,-5.689648881051263e-06,-0.10922729006704067
2014-03-03,5.060228536900576e-05,-0.4523517810581474,3.303626104685156e-06,-0.1119619944359169,-5.848665921139054e-06,-5.71452210074217e-06,-0.1155810627620665
2014-03-04,5.593664385448813e-05,-0.4993794808727044,3.4924532912337465e-06,-0.095492047629197,-6.979819624938257e-06,-4.53032250278993e-06,-0.12478080814242888
2014-03-05,4.9068183379191435e-05,-0.45680554138584273,3.432068487933315e-06,-0.0958987837255512,-5.9280154420799105e-06,-4.550543925131623e-06,-0.1208117976626343
2014-03-06,4.928243059442446e-05,-0.4250048158268866,3.5223359091099977e-06,-0.0941879877704483,-5.599577964022735e-06,-4.463032773154023e-06,-0.1136221955062468
2014-03-07,4.8971813978785636e-05,-0.3826238469118465,3.6566586079454073e-06,-0.0943130201603345,-5.1202048569907265e-06,-4.665665692048158e-06,-0.10455411880819394
2014-03-10,4.912023117884392e-05,-0.351453228175896,3.618413528976936e-06,-0.0939279465060532,-4.685509654471705e-06,-4.646614511659415e-06,-0.09538859125910941
2014-03-11,5.148937537691702e-05,-0.33378000213045167,3.5907576565908865e-06,-0.1007623987340802,-4.538498250692967e-06,-4.979940764491451e-06,-0.08814436410365938
2014-03-12,4.8906113932888686e-05,-0.3428786838945932,3.5432523598030377e-06,-0.1043499226654181,-4.51360039539717e-06,-5.3464929191239444e-06,-0.09229112747725056
2014-03-13,5.192240840939531e-05,-0.43186749476518954,3.545284515264917e-06,-0.0999997942129665,-5.859404479292633e-06,-4.849933265598119e-06,-0.11284924291440186
2014-03-14,5.053194068255615e-05,-0.4146052537094902,3.2562279701641227e-06,-0.1020112910550354,-5.31832889111155e-06,-4.947836142790019e-06,-0.10524687592193468
2014-03-17,5.312543808337814e-05,-0.4089759414493905,3.1731673564521256e-06,-0.1007646725532328,-5.310012114893773e-06,-4.8155027383863625e-06,-0.09995234498697088
2014-03-18,5.3640183376897774e-05,-0.39703276531599757,2.681725290881545e-06,-0.1053659524558148,-4.7618818913646195e-06,-5.081812399320625e-06,-0.08877452669961432
2014-03-19,4.9711758607667365e-05,-0.3306679643393701,3.0550903157854764e-06,-0.1201449127434493,-4.075057227609171e-06,-5.7217393773686e-06,-0.08197370887178086
2014-03-20,4.924048797705463e-05,-0.30242280359749674,3.022480788675524e-06,-0.1170552181739726,-3.6894147849659518e-06,-5.5306130767868e-06,-0.07492644643743512
2014-03-21,5.1299807125194504e-05,-0.2810047184725531,3.0749341700776463e-06,-0.113627420002818,-3.5293066125229968e-06,-5.254174159564255e-06,-0.06879765851575052
2014-03-24,5.150721281894852e-05,-0.2672285330098823,3.1080550340587236e-06,-0.1138003444129879,-3.3811248104220923e-06,-5.207419755080038e-06,-0.06564371522697188
2014-03-25,5.187847468728203e-05,-0.3183935824764065,3.2338647341606663e-06,-0.1128479533763366,-4.124001646553304e-06,-5.173085973338149e-06,-0.07949350229381937
2014-03-26,4.894688218699071e-05,-0.6567240883076867,3.326772389536973e-06,-0.1048709298957236,-8.380250626359822e-06,-4.655340271230609e-06,-0.17121112217822032
2014-03-27,4.819111839496585e-05,-0.8396731843233772,3.157913972916966e-06,-0.1051134546048597,-1.035842996228189e-05,-4.643895174397789e-06,-0.2149447928845734
2014-03-28,4.77393720640184e-05,-0.6828026710884938,3.0741828542658337e-06,-0.1002820577137743,-8.271769244722053e-06,-4.398539953106407e-06,-0.1732693348716365
2014-03-31,4.471229395078723e-05,-0.5450313011919369,3.0156902261013772e-06,-0.1030943018438181,-6.3289007436725775e-06,-4.398153632322421e-06,-0.1415472163123303
2014-04-01,4.637295349124256e-05,-0.509076216516785,3.1707525814498126e-06,-0.0884079116333131,-6.173001231195682e-06,-3.7690819050147904e-06,-0.1331164130479945
2014-04-02,4.141854620280984e-05,-0.6158886279727133,3.0886523078347112e-06,-0.0870523114720843,-6.966010452154718e-06,-3.729673846538699e-06,-0.16818577885483926
2014-04-03,4.131197301210188e-05,-0.8150154875044526,2.9377967636526853e-06,-0.0869241952591149,-8.978725699827767e-06,-3.7155999648886324e-06,-0.21733955183398163
2014-04-04,4.5815215175484866e-05,-0.9640659035860971,3.1231145875404564e-06,-0.0724609760052932,-1.1532024278395291e-05,-2.827435889000675e-06,-0.25170730365937316
2014-04-07,4.72141155464609e-05,-1.0021314758355069,3.095362921943871e-06,-0.0698262754890465,-1.2114804783174214e-05,-2.5199061751808096e-06,-0.25659285666916026
2014-04-08,4.530353492960697e-05,0.16957170517636944,3.084436909083524e-06,-0.0780530405990969,2.004506081492683e-06,-2.920719218090163e-06,0.04424612968076999
2014-04-09,4.691297863661334e-05,0.09269027958209253,2.9154167934272196e-06,-0.0827663870695115,1.0840043422116907e-06,-2.925485424748223e-06,0.023106704662868648
2014-04-10,5.810324280314903e-05,0.09184839908035676,2.8126406189125227e-06,-0.0756200041653409,1.174164373495811e-06,-1.8165491077119494e-06,0.02020824168926032
2014-04-11,5.691804938589508e-05,0.08728488440818133,2.7818249438236783e-06,-0.0774785770522605,1.0983201306707469e-06,-1.6714921505709092e-06,0.019296517405653097
2014-04-14,5.793906540801691e-05,0.07757265672643329,2.7943748615262667e-06,-0.0642696117013838,9.870445187009223e-07,-1.3767008791062848e-06,0.017035906805710176
2014-04-15,5.375893588153699e-05,0.07126602343361081,2.823879771741475e-06,-0.0658065673432935,8.780736796620729e-07,-1.3667503747918873e-06,0.016333539071476284
2014-04-16,3.1303883437837385e-05,0.04714075539310689,2.711816363289625e-06,-0.0841888384374824,4.3433595742014063e-07,-1.621033509231653e-06,0.013874826689878147
2014-04-17,3.0074876652121772e-05,0.031500665241370636,2.8342809779149943e-06,-0.0810900817929478,2.9083261209065314e-07,-1.5649656092766589e-06,0.009670284452193588
2014-04-21,3.398061258211898e-05,0.0027036569102555654,2.735437509226555e-06,-0.0890095080018795,2.6066371484045517e-08,-1.8055889314884942e-06,0.0007670953965603894
2014-04-22,3.465237531876505e-05,-0.18882610070096534,2.71453623054913e-06,-0.0826934663321675,-1.8313710767578472e-06,-1.6771301902761834e-06,-0.052849799181475386
2014-04-23,3.661275306357103e-05,-0.31733045010693717,2.705888214359959e-06,-0.0836309092416171,-3.1585144384415714e-06,-1.6810392661566446e-06,-0.08626814905061678
2014-04-24,2.8915216768426475e-05,-0.1835676720371018,2.628723725334992e-06,-0.0847738742347815,-1.600412368048497e-06,-1.703676725329051e-06,-0.05534844787316423
2014-04-25,3.367547480592454e-05,0.060864852648614284,2.561679356956071e-06,-0.093612540398311,5.653089003026878e-07,-1.7044229509952918e-06,0.016786961536863994
2014-04-28,3.364553762091845e-05,0.4390940076063995,2.5186576246440256e-06,-0.1100065680312722,4.0420884636467046e-06,-2.069500601313919e-06,0.12013743127509474
2014-04-29,3.9441733334885286e-05,0.43827960380692793,2.484770354043943e-06,-0.1126857794822883,4.338827509461335e-06,-2.087918015185928e-06,0.11000600487361807
2014-04-30,4.001418281063408e-05,0.3133849376548734,2.424870885296823e-06,-0.1188098230207603,3.08694864460536e-06,-2.2308109084418108e-06,0.07714636230894059
2014-05-01,2.1991126094734782e-05,0.10141903374727215,2.4043305597911394e-06,-0.1178870153647712,7.374630940943964e-07,-2.267036551266985e-06,0.03353457621576565
2014-05-02,2.5114593555483047e-05,-0.041259652937515795,2.4464064857052266e-06,-0.124783216006601,-3.2340963726645636e-07,-2.5407096911675933e-06,-0.012877358996552393
2014-05-05,2.3421323104644024e-05,-0.12395520038177571,2.473602442190967e-06,-0.1197986981998046,-9.434859016110498e-07,-2.4701717487669897e-06,-0.040283202507204796
2014-05-06,2.3724080850696792e-05,-0.11596366473140717,2.4944563364516824e-06,-0.1244249322507869,-8.920816016386666e-07,-2.3653651113719267e-06,-0.03760236728465143
2014-05-07,2.503936026433856e-05,-0.11311467664190997,2.25602456159134e-06,-0.1270086633863644,-8.501635567956377e-07,-2.3479095618220424e-06,-0.03395308617394885
2014-05-08,2.245244272166245e-05,-0.13251214273361134,2.2906422017928167e-06,-0.1281341185136126,-9.503117608669442e-07,-2.40034773528852e-06,-0.042325539926667724
2014-05-09,2.6257615904936162e-05,-0.14676267849564936,2.2034675728248206e-06,-0.121526059932725,-1.1163403091825257e-06,-2.3006498198555978e-06,-0.04251491503357185
2014-05-12,2.5472098693136958e-05,-0.1600959957001634,2.043948106251582e-06,-0.1194802266983313,-1.1551749604651767e-06,-2.077973345060479e-06,-0.045350600057796564
2014-05-13,2.7268227179962204e-05,-0.16620470336593873,2.081867761489914e-06,-0.1380011085478723,-1.252271023148239e-06,-2.8692293225171507e-06,-0.045924181828309624
2014-05-14,2.54765910501542e-05,-0.16873708912146176,2.2097565301325506e-06,-0.1253215888066443,-1.2660574808928784e-06,-2.76538308640104e-06,-0.04969493282678474
2014-05-15,2.174205444419079e-05,-0.1683849992704306,2.295010323916507e-06,-0.1156476133581882,-1.1894495068465686e-06,-2.3175899810838296e-06,-0.05470731893803968
2014-05-16,2.0552751262807784e-05,0.08529106936196047,2.305665212674252e-06,-0.1062540129952873,5.871332372545871e-07,-2.141096422895738e-06,0.02856713584215181
2014-05-19,2.1296152341554682e-05,0.2652722018625166,2.3644747176679304e-06,-0.1055226158654909,1.8823901947843235e-06,-2.113966551394871e-06,0.08839109359258572
2014-05-20,2.0908636850371392e-05,0.13712000164369853,2.3648905371661445e-06,-0.1042319244238316,9.642045829229694e-07,-1.9568933956625133e-06,0.04611513365615906
2014-05-21,2.119414789263069e-05,0.05064392953685872,2.34403257885515e-06,-0.117113840810407,3.5695806429662973e-07,-2.1488918445054266e-06,0.016842293736222622
2014-05-22,2.007249814887391e-05,0.45730331832485877,1.8511638541986783e-06,-0.1165746259974394,2.7875810072326546e-06,-2.134145063134352e-06,0.1388756390239867
2014-05-23,2.2049522594442057e-05,0.7322861786907962,1.8085941521092947e-06,-0.1239070070252847,4.624353162135711e-06,-2.315293308539719e-06,0.2097257726251794
2014-05-27,2.174082787467674e-05,0.42314208169648054,1.8116625009354266e-06,-0.1323530740788535,2.655601496254221e-06,-2.38507706157475e-06,0.12214813122859088
2014-05-28,2.1661197917021908e-05,0.21180811390921117,1.8900713656226953e-06,-0.0642966797682937,1.3552609644689124e-06,-1.7623221706892167e-06,0.0625662980256468
2014-05-29,2.1856321025887475e-05,0.12804171086313382,1.8671546123716092e-06,-0.0687265262964773,8.17956371747345e-07,-1.859517388846857e-06,0.037424247693769036
2014-05-30,2.8179051435749515e-05,0.01908856245468349,1.8916365632551894e-06,-0.0677794312469813,1.3936549384076693e-07,-1.908314194178042e-06,0.004945712745460271
2014-06-02,2.8496658002674943e-05,-0.05857189614905455,2.7726208130508037e-06,-0.0593965523907196,-5.20632755695119e-07,-1.7993153182981532e-06,-0.018269958380601962
2014-06-03,3.418588872187905e-05,-0.11193983118302912,3.0952577912152147e-06,-0.0601829545145385,-1.1514802612228529e-06,-1.8231449492004402e-06,-0.03368291140800159
2014-06-04,2.793146765100254e-05,-0.13887481502668195,3.263290452145181e-06,-0.0655699652497535,-1.3258617346352669e-06,-2.0204698517377297e-06,-0.04746838766947779
2014-06-05,4.136471088316827e-05,-0.10494249253401909,3.0285665529137384e-06,-0.0647403029719903,-1.1745863040703436e-06,-2.1302534943823535e-06,-0.028395854316203985
2014-06-06,3.9833023701562004e-05,0.2518784352512998,2.879932726365001e-06,-0.063207472162766,2.6977630094216265e-06,-2.0584176511153047e-06,0.0677267944716895
2014-06-09,5.1073182956276414e-05,0.5502010330285834,2.874134608934945e-06,-0.0618576744734326,6.666093730533388e-06,-2.0141374248168855e-06,0.13052042862181135
2014-06-10,4.95066057749403e-05,0.6901580340098877,2.662280407329546e-06,-0.0509139278657763,7.92331681771257e-06,-1.7129152079959379e-06,0.16004564832685955
2014-06-11,4.7157992518462575e-05,0.7954049838047929,2.5581208980456385e-06,-0.0481622615556037,8.736279002463726e-06,-1.6312733942564297e-06,0.18525553222061844
2014-06-12,4.667919578081926e-05,0.945420917710446,2.575379584638643e-06,-0.0417327603278489,1.0365911909957445e-05,-1.3634089326336907e-06,0.22206706299376422
2014-06-13,3.72024477228719e-05,0.566694798297759,2.5608340300409385e-06,-0.0515345070507287,5.531280719040365e-06,-1.7505109960033323e-06,0.1486805588773063
2014-06-16,2.938646502467408e-05,0.27818855906817447,2.42930731458656e-06,-0.0553653488303398,2.350467049382335e-06,-1.9092959833717386e-06,0.07998468163519452
2014-06-17,3.191330809025626e-05,0.13978495524606924,2.4981199728830012e-06,-0.0541617204860852,1.2481103655573483e-06,-1.8671902822810957e-06,0.039109401069531244
2014-06-18,3.560112133469648e-05,0.0469695495269115,2.6657654658440475e-06,-0.0647136927491648,4.575717485695158e-07,-2.1706391057696526e-06,0.012852734167212063
2014-06-19,3.687128606172102e-05,-0.004896353274786543,2.7152497410571753e-06,-0.0632712927435305,-4.89916175035181e-08,-2.1264451292369793e-06,-0.0013287200620425374
2014-06-20,3.6786047916274955e-05,-0.07344061291546042,2.791328043902841e-06,-0.0573250339166106,-7.441890889480328e-07,-1.9420996026325863e-06,-0.020230199521345894
2014-06-23,3.78482539714106e-05,-0.12079690284312887,2.5444605765867263e-06,-0.0579281549425259,-1.1854318379942753e-06,-1.9617347574617553e-06,-0.031320647945601764
2014-06-24,3.933090292313687e-05,-0.1598466517584611,2.6207562611470877e-06,-0.0531557547683957,-1.6228703213653753e-06,-1.7485427022232802e-06,-0.04126196453045838
2014-06-25,4.004889359785303e-05,-0.17132636567451331,2.6634380942885766e-06,-0.0584512108703624,-1.7694600719345377e-06,-1.9037603555148655e-06,-0.0441824957688568
2014-06-26,4.4267929857314866e-05,-0.1814787703388458,2.724408577153538e-06,-0.0575464650973596,-1.9929965822017775e-06,-1.8790625522129714e-06,-0.045021228429376246
2014-06-27,3.536085878696092e-05,-0.026004622533000375,2.6861657736775625e-06,-0.0538909963789352,-2.53441868487658e-07,-1.75875669703458e-06,-0.007167299584395643
2014-06-30,3.524942345217237e-05,0.07890128764218185,2.6663133715448155e-06,-0.0546486956877289,7.649194341973368e-07,-1.7835843376740263e-06,0.02170019703258993
2014-07-01,3.707778978776346e-05,0.15785406341267683,2.8778808970637893e-06,-0.0405565939151155,1.6306062137287311e-06,-1.2912421506859201e-06,0.04397797773444601
2014-07-02,3.729144432547138e-05,0.1995658819191049,3.1633055161867953e-06,-0.040403745299728,2.1675117832879595e-06,-1.3013859833947288e-06,0.058123567549982824
2014-07-03,3.7850371933542936e-05,0.23729546802552046,3.0675122945339867e-06,-0.0358409077838088,2.5569231527153826e-06,-1.1445422041335532e-06,0.06755344854219099
2014-07-07,3.637233936281704e-05,0.09072733481378062,3.0670710166936947e-06,-0.0278560045867815,9.582651334077534e-07,-9.08242970298971e-07,0.026345985718679816
2014-07-08,3.904012916123487e-05,-0.00585234452702281,3.134007160840305e-06,-0.0225460185115058,-6.473445562566966e-08,-7.177095333889678e-07,-0.0016581516766585938
2014-07-09,3.921043801203444e-05,-0.07046727291411427,3.14850849127877e-06,-0.0258006880922527,-7.829621104368505e-07,-8.118819606489557e-07,-0.01996820617501249
2014-07-10,3.784415060760939e-05,-0.12259535455118489,3.143818328519262e-06,-0.0151773398594259,-1.3372176980627426e-06,-4.844453955408639e-07,-0.03533485826985019
2014-07-11,4.137743263306523e-05,-0.14790250976692293,3.197137046937904e-06,-0.0162473693378568,-1.7011317103783245e-06,-5.18563800624658e-07,-0.041112548607448604
2014-07-14,3.5819786180035966e-05,-0.1621133110542747,3.1298519160323143e-06,-0.013013130257018,-1.7164931144081178e-06,-4.241034301630844e-07,-0.047920250159527736
2014-07-15,3.740515266448331e-05,-0.17175463791578574,3.082835302132536e-06,-0.0156111311629968,-1.8443755263108497e-06,-5.073532546126498e-07,-0.049308060385544396
2014-07-16,4.331224214055195e-05,-0.1741848106490466,3.030114889385053e-06,-0.0169229081594706,-1.9954698103305925e-06,-5.550915207009533e-07,-0.04607172733877691
2014-07-17,4.7474517764657056e-05,-0.24907000929699902,3.115908593176538e-06,0.0008901272411386,-3.0293124686685435e-06,2.706297358539201e-08,-0.06380923095808147
2014-07-18,4.82618636397603e-05,-0.28481046969194795,2.951225455897946e-06,-0.0008787143902629,-3.3990627978326057e-06,-2.6110065077900175e-08,-0.07042958024174402
2014-07-21,3.56854935741795e-05,-0.28186494637565773,2.8060566422418382e-06,-0.0045484273184234,-2.82055868153677e-06,-1.3829059624508172e-07,-0.0790393630306295
2014-07-22,3.6878426197529086e-05,-0.2799828806954162,2.7896980812096947e-06,-0.0128186777027168,-2.8398556735541808e-06,-4.0171532418497135e-07,-0.0770058803036572
2014-07-23,3.8554343811198455e-05,-0.28522400967686073,2.7485921318058906e-06,-0.03126113245401,-2.9361476308335405e-06,-1.1627793585932875e-06,-0.07615607842301572
2014-07-24,3.79220014302475e-05,-0.28015884168569577,2.907018037175164e-06,-0.0298799688516775,-2.9415336540765498e-06,-1.1557676433832727e-06,-0.0775679959689657
2014-07-25,3.58816002468109e-05,-0.300222840342248,2.9636232422614203e-06,-0.0260259598979678,-3.095929961476428e-06,-9.958062435092514e-07,-0.08628182523023313
2014-07-28,3.90148494586092e-05,-0.29134966413829133,2.893188083068515e-06,-0.025067737932308,-3.0954074486462293e-06,-9.628205899629396e-07,-0.07933921293045466
2014-07-29,3.5953585678647994e-05,-0.29780470493624756,2.8489390056231938e-06,-0.048582699584856,-3.0140068508041633e-06,-2.0471382772172602e-06,-0.08383049406374264
2014-07-30,3.539196672747045e-05,-0.2948146041208985,3.0479904769241257e-06,-0.0481198652043527,-3.0620208570947676e-06,-2.0276377378377425e-06,-0.08651739759684211
2014-07-31,4.5379445989039353e-05,-0.24639706103879547,2.9334204284485752e-06,-0.0775057670673147,-2.8428390617229785e-06,-2.7710457164652507e-06,-0.06264596228013931
2014-08-01,4.584672797284814e-05,-0.2577446963155115,3.00865062305738e-06,-0.0747053351605565,-3.027121061681513e-06,-2.6547055248649124e-06,-0.06602698154324706
2014-08-11,3.847004227028839e-05,-0.29190299717679485,2.3333245403624478e-06,-0.0482064876235969,-2.7655878611917786e-06,-2.8321188825031774e-06,-0.07188938971683242
2014-08-12,3.841634430365733e-05,-0.27456258426958535,2.2708379997134226e-06,-0.0512605600737387,-2.564439442411706e-06,-3.053331208695697e-06,-0.06675386450468597
2014-08-13,3.776559449586869e-05,-0.2406649530504056,2.255533373350567e-06,-0.0577050866364905,-2.2211896546683433e-06,-3.3602259475563963e-06,-0.05881516455172781
2014-08-14,3.862814115860239e-05,-0.23440690588653842,2.232466142612128e-06,-0.0630053990767453,-2.176781048777123e-06,-3.853062067611609e-06,-0.05635220809201064
2014-08-15,3.923523389055349e-05,-0.21574717182507355,2.2428614754180445e-06,-0.0572667506009912,-2.023878607802862e-06,-3.642434490857921e-06,-0.05158319212390736
2014-08-18,5.8802594173761744e-05,-0.22879131297660246,2.439782891578612e-06,-0.0517758938715783,-2.7403962495059352e-06,-3.677331313039805e-06,-0.04660332231955721
2014-08-19,5.790352204668287e-05,-0.22885778971762002,2.565146591376009e-06,-0.0472060433407525,-2.789165497225868e-06,-3.3648051268774327e-06,-0.04816918554586701
2014-08-20,5.609710643686182e-05,-0.2207267526606377,2.5873740275914957e-06,-0.0533788953007052,-2.659223324057151e-06,-3.970066116958435e-06,-0.047403930308778916
2014-08-21,5.441563613273725e-05,-0.18983549752245268,2.5365365775611934e-06,-0.0535793294054395,-2.2302823361141766e-06,-4.050807601955708e-06,-0.040986056483357104
2014-08-22,5.0059045313325706e-05,-0.15476104800606483,2.5092405153394723e-06,-0.053772842751312,-1.734499140753299e-06,-4.064945110127971e-06,-0.03464906551646872
2014-08-25,6.652021183637015e-05,-0.19174512190570017,2.5014707554683423e-06,-0.0588320137511028,-2.473425596669482e-06,-4.5916922194227485e-06,-0.03718306854995805
2014-08-26,6.338834696697776e-05,-0.22195706283757996,2.500062518179153e-06,-0.0579743267094693,-2.794146139822011e-06,-4.5259393820546015e-06,-0.04407980762264751
2014-08-27,6.228211919321129e-05,-0.25764022601372655,2.4911423783863605e-06,-0.0541888869301123,-3.2091841387443653e-06,-4.283390224169045e-06,-0.051526572639393496
2014-08-28,6.139493236265438e-05,-0.3017836734320422,2.5281327023740208e-06,-0.0520521612747875,-3.7597756986747737e-06,-4.2660779936058045e-06,-0.061239186264855125
2014-08-29,6.15753093611576e-05,-0.32494381707215886,2.4595400926404065e-06,-0.052305287706905,-3.9988814761320966e-06,-4.278341668732733e-06,-0.06494293764205814
2014-09-02,7.761239871585492e-05,-0.2882822836060288,3.0411583101270354e-06,-0.0530004788315806,-4.428972878621747e-06,-4.3500568515054385e-06,-0.057065275032106205
2014-09-03,7.595624179294328e-05,-0.285193122521671,3.1218653483346142e-06,-0.0517110618046322,-4.391651466404949e-06,-4.2884224946981194e-06,-0.05781817744980842
2014-09-04,7.498131031863036e-05,-0.24840738036620352,2.9966464306529585e-06,-0.0539608525842037,-3.723563459880742e-06,-4.488489027732035e-06,-0.04965988783148219
2014-09-05,7.387822741090312e-05,-0.2583086545457804,2.756968079400817e-06,-0.05291731522081,-3.6864899948302114e-06,-4.380978599217759e-06,-0.04989954583407006
2014-09-08,7.348698808482049e-05,-0.2474347774190815,2.8107968147895083e-06,-0.0557142037336715,-3.556155071564146e-06,-4.6120662587324485e-06,-0.04839162910663238
2014-09-09,8.133593066383054e-05,-0.23346996974908865,2.8594821080307725e-06,-0.0591658701385065,-3.56054057255879e-06,-4.835866189855854e-06,-0.04377574023557752
2014-09-10,8.008754908927675e-05,-0.22495740398932806,2.8058581680991117e-06,-0.0579048551519652,-3.372218063315027e-06,-4.721789190203555e-06,-0.042106645810272986
2014-09-11,7.945435898388616e-05,-0.25087445636396927,2.802355725417421e-06,-0.0576124673203098,-3.7434922638859997e-06,-4.697906001048096e-06,-0.047115001766551326
2014-09-12,7.986652544186676e-05,-0.2261918184600916,2.8987050751690942e-06,-0.0623291061469947,-3.4416072115679854e-06,-5.025420000563039e-06,-0.043091986192301084
2014-09-15,7.976789477234261e-05,-0.24189731883496254,2.857494983661742e-06,-0.0625416053914832,-3.6520596151340975e-06,-5.040055038956908e-06,-0.04578357778598855
2014-09-16,8.12776222335961e-05,-0.23232443416765117,2.8912844421051937e-06,-0.0614597817875052,-3.56144131660204e-06,-4.923298560165113e-06,-0.043818227191320544
2014-09-17,8.038458733415224e-05,-0.24335183709463937,2.915611623467534e-06,-0.059508646250179,-3.7255110759973192e-06,-4.772213136777143e-06,-0.04634608697449264
2014-09-18,8.052555846541116e-05,-0.250848421268914,2.9225471661623336e-06,-0.0590887628654736,-3.84821217476941e-06,-4.7090221867616325e-06,-0.04778870520249004
2014-09-19,7.686942885417954e-05,-0.1799987068448308,2.782187902482602e-06,-0.0555957627684436,-2.6323245919480638e-06,-4.41286599694456e-06,-0.03424410238485776
2014-09-22,7.562338268336147e-05,-0.19126259111314786,2.7973747945402096e-06,-0.053788896734792,-2.7818481097380674e-06,-4.185702377827174e-06,-0.03678555508930077
2014-09-23,7.716105522203933e-05,-0.21231099203570716,2.805762092005126e-06,-0.0540701125794269,-3.1238989731449225e-06,-4.156106681131933e-06,-0.04048543613297619
2014-09-24,7.845740621167833e-05,-0.2511327857774138,2.7391653459961717e-06,-0.0526500330258693,-3.6815399005406558e-06,-3.993810651606619e-06,-0.046924058266823776
2014-09-25,8.684570042440597e-05,-0.3350740252529448,2.8567188364072473e-06,-0.0512873607997756,-5.2777482835013175e-06,-3.5529745522693464e-06,-0.060771555272276075
2014-09-26,7.784867175631449e-05,-0.3319656253126477,2.6206665348991082e-06,-0.0369974850675741,-4.741596572642153e-06,-2.5770769900747566e-06,-0.06090786734916323
2014-09-29,7.945972408695768e-05,-0.309686303549917,2.5562082084537576e-06,-0.0397426907151673,-4.413606770971906e-06,-2.788270891903425e-06,-0.05554520635060126
2014-09-30,7.034453028421699e-05,-0.29482425114089117,2.7211732815286907e-06,-0.0417098408060649,-4.079025968183609e-06,-2.9201173873230997e-06,-0.05798639854019765
2014-10-01,6.051441443903661e-05,-0.37215900477135655,3.1846689371610926e-06,-0.0278835974607472,-5.166424595606026e-06,-1.8137546296743352e-06,-0.08537510679890628
2014-10-02,5.727685640094654e-05,-0.3714495921368604,2.8784728983848373e-06,-0.0289320008116462,-4.7694746543363386e-06,-1.8807944105832388e-06,-0.08327053812013188
2014-10-03,5.732458945014978e-05,-0.435484838614768,2.7892233353667013e-06,-0.034086802368688,-5.506620676985465e-06,-2.1936496045579173e-06,-0.09606035960840323
2014-10-06,5.950629355094935e-05,-0.41003640228290544,2.730456729103288e-06,-0.0343744431889713,-5.226627073035454e-06,-2.2105866031948204e-06,-0.08783318135182475
2014-10-07,5.823383972398379e-05,-0.40778423702855016,3.157971531896049e-06,-0.0221433925139932,-5.529963347026472e-06,-1.434340921643989e-06,-0.09496133817102462
2014-10-08,6.403572465426801e-05,-0.3468034057707024,3.377214521917257e-06,-0.0423585173078507,-5.10004305069406e-06,-2.5020197788255974e-06,-0.07964371572632996
2014-10-09,6.579132724406009e-05,-0.2848024292094922,3.4706756440148923e-06,-0.0841117978126944,-4.303631000142093e-06,-4.69607839184898e-06,-0.06541334823930979
2014-10-10,6.388921163395802e-05,-0.297411156532002,3.3285787762680083e-06,-0.0747333446347933,-4.337110031467134e-06,-4.01419264424548e-06,-0.06788485756117701
2014-10-13,7.100010076144222e-05,-0.32737624384963454,3.4458978539594876e-06,-0.0693745970490793,-5.120682440278585e-06,-3.3660122536943022e-06,-0.07212218553722752
2014-10-14,5.126108009219706e-05,-0.3149160046098892,3.5652184248723792e-06,-0.0696718342086218,-4.257274763363339e-06,-3.893739271267631e-06,-0.08305082053882396
2014-10-15,4.732231652345586e-05,-0.3167993407804877,3.691756792458388e-06,-0.0734277129224801,-4.187297410469623e-06,-4.818809800447374e-06,-0.08848462455117007
2014-10-16,5.30327919984953e-05,-0.31949252534943073,4.682678864872928e-06,-0.0762717076589507,-5.034775795126139e-06,-5.0101005892689076e-06,-0.09493703056910507
2014-10-17,4.626798859027275e-05,-0.33007983360673415,5.616913934554592e-06,-0.0727932315766177,-5.321182894435026e-06,-4.640762601603561e-06,-0.11500787167466658
2014-10-20,4.9165393824874467e-05,-0.30742428577796843,6.142063452215791e-06,-0.0766497825413755,-5.342260769679475e-06,-4.786290629236413e-06,-0.10865896424441213
2014-10-21,6.127847379397686e-05,0.789179484560898,5.69344712645434e-06,-0.079738065352981,1.4740676079692551e-05,-4.40434248088184e-06,0.2405522717365952
2014-10-22,6.0122674099070425e-05,1.4681075489864694,5.48609265207511e-06,-0.0832528781227814,2.666297374852699e-05,-4.457825902479726e-06,0.44347617846457754
2014-10-23,6.055871725038731e-05,2.0558074975743423,5.437424508490116e-06,-0.0772550494994107,3.730503050922781e-05,-3.963847270814589e-06,0.6160142123715348
2014-10-24,5.99990058104541e-05,2.4333144117845715,5.2643152513314526e-06,-0.0815675300065838,4.324552759431318e-05,-4.196309246542425e-06,0.7207707362840697
2014-10-27,5.8561423507449295e-05,2.6090307116219464,5.16602292243903e-06,-0.0785807318822346,4.537986172783372e-05,-4.251690679614579e-06,0.7749104958499035
2014-10-28,5.4522480778452264e-05,1.70662885179128,5.135243140754911e-06,-0.0769243957361706,2.8556658831961597e-05,-3.9729675626274614e-06,0.5237593452139365
2014-10-29,5.3729820257279105e-05,1.0151948974646516,5.211390582200962e-06,-0.0833140131110433,1.6987674543591138e-05,-4.964698719609732e-06,0.31616846031212464
2014-10-30,5.3551839514494966e-05,0.5584532684224511,5.144875773428717e-06,-0.0935088787850391,9.269610379391433e-06,-5.690938045836612e-06,0.17309602178805478
2014-10-31,5.56093263598845e-05,0.2788945812730092,4.920428086354936e-06,-0.0935669302741864,4.613338670155577e-06,-5.745416057414315e-06,0.08295980138834322
2014-11-03,5.4562010343014535e-05,0.08869212864634313,5.279947462297532e-06,-0.093821659476366,1.5053762522105633e-06,-6.401172169409153e-06,0.027590190367743544
2014-11-04,6.02491600622342e-05,-0.021575719169620446,4.575961540773927e-06,-0.098337775753034,-3.582465047940302e-07,-6.835143391608782e-06,-0.005946082973173079
2014-11-05,6.0354415020847636e-05,-0.09770528971004563,4.533471615513587e-06,-0.099033050400722,-1.6161737540529488e-06,-6.945644814625756e-06,-0.02677805349442439
2014-11-06,5.86925643313682e-05,-0.1498915079532923,4.634946702068279e-06,-0.0966112373511418,-2.472241789982575e-06,-6.75691911827893e-06,-0.042121890875728644
2014-11-07,5.828791566618652e-05,-0.17814117195438284,5.030076895932149e-06,-0.1006752824246217,-3.050288237572785e-06,-7.1168191290246804e-06,-0.05233140013174792
2014-11-10,5.7340540123530906e-05,-0.20179709300185403,5.215543489979319e-06,-0.1071430365286434,-3.4897601655457898e-06,-7.731592562002512e-06,-0.06086025973992688
2014-11-11,6.57571982494724e-05,-0.22508437687438418,5.06598325187036e-06,-0.1185175327319731,-4.108174446039824e-06,-9.034073758827659e-06,-0.0624749009295387
2014-11-12,6.673646336542344e-05,-0.23550468217604975,4.924867408542376e-06,-0.1174901396183676,-4.269513697335037e-06,-8.968745174193084e-06,-0.06397572604285016
2014-11-13,7.11343776232816e-05,-0.24341700912280417,4.827830629290888e-06,-0.119974109610475,-4.510936387794393e-06,-9.228248154464847e-06,-0.06341429472657685
2014-11-14,6.859476809423724e-05,-0.2550122634224267,4.6340991709062105e-06,-0.1163437626591551,-4.5466259235347394e-06,-9.521935690403367e-06,-0.06628240097391203
2014-11-17,6.853595565786147e-05,-0.2558661202489509,4.667663484850393e-06,-0.1184609395524629,-4.576376948421103e-06,-9.779903524496285e-06,-0.06677337325340361
2014-11-18,7.650833651469074e-05,-0.26464437579524586,4.767539055863146e-06,-0.1207366663624026,-5.054336801704717e-06,-9.892353342339331e-06,-0.06606256300885864
2014-11-19,7.466095393809579e-05,-0.2662904559132776,5.006050559917824e-06,-0.1131377415503227,-5.148135680000975e-06,-9.708035350575665e-06,-0.06895352133150466
2014-11-20,7.31046489834875e-05,-0.2683457567683169,5.143788698191619e-06,-0.1215369354792684,-5.203658535650464e-06,-1.0845363361582326e-05,-0.07118095234717343
2014-11-21,7.04730363634149e-05,-0.26612573828004205,5.14208901993231e-06,-0.1238329535253773,-5.0660347741759e-06,-1.1220450495949246e-05,-0.07188614306401395
2014-11-24,6.987047932397521e-05,-0.2644179247892574,5.125544556910725e-06,-0.1288648035986545,-5.003890072734991e-06,-1.2060730524155053e-05,-0.0716166558631002
2014-11-25,8.166110492431963e-05,-0.28032174096510676,5.272696639707535e-06,-0.1299860770536869,-5.816755381434223e-06,-1.2666225609758306e-05,-0.0712304271026576
2014-11-26,7.228929035700332e-05,-0.28801520672171527,5.2365089588025996e-06,-0.1380158331832224,-5.603679970925188e-06,-1.4106833173278754e-05,-0.0775174295286509
2014-11-28,6.63644735069259e-05,-0.2799560962744866,5.446929862519638e-06,-0.137583137970857,-5.322720323848396e-06,-1.4090652972288118e-05,-0.08020436300595239
2014-12-01,6.796408095783602e-05,-0.23940070622870113,6.315489714919287e-06,-0.1487344792063205,-4.959851430099702e-06,-1.5426644598934943e-05,-0.07297753990341936
2014-12-02,6.956629167082881e-05,-0.2544671050527199,6.452662537767575e-06,-0.1429477017984423,-5.3913875595489875e-06,-1.4713723388290105e-05,-0.07749999935399395
2014-12-03,9.973973303376368e-05,-0.27472401528486673,6.440905826017494e-06,-0.1414632126621205,-6.963125147007039e-06,-1.456333134704557e-05,-0.06981295152103421
2014-12-04,7.195368455764464e-05,-0.238976713386086,6.233236288331147e-06,-0.1404037722277996,-5.061029842855557e-06,-1.4825215032497101e-05,-0.07033732704544111
2014-12-05,6.914099334132158e-05,-0.24874246845163897,6.534003574873607e-06,-0.1388976422524131,-5.286977121390115e-06,-1.465811077665322e-05,-0.07646660636318041
2014-12-08,6.652863915801598e-05,-0.26724022857103696,6.512960452658313e-06,-0.1344473636521741,-5.562824709946879e-06,-1.4324398011448656e-05,-0.08361548921411567
2014-12-09,5.578278936298998e-05,-0.27186996798874385,6.337257576072744e-06,-0.1348627155639137,-5.111660823612226e-06,-1.4410157763756261e-05,-0.09163508820524566
2014-12-10,7.622608908783083e-05,-0.2546788713022173,5.931995260437259e-06,-0.1380757948543536,-5.415581964052342e-06,-1.3880391278599894e-05,-0.07104630486567776
2014-12-11,6.0199482263474304e-05,-0.32442918664847065,5.651584081559178e-06,-0.1386293444831299,-5.984135137325881e-06,-1.3877152387164105e-05,-0.09940509307264793
2014-12-12,5.635062229218622e-05,-0.41417082339080047,5.658139732561464e-06,-0.1350700565506841,-7.395468538837399e-06,-1.2629963475334886e-05,-0.13124022837744032
2014-12-15,5.5088696774690915e-05,-0.3839077177335757,5.854329665866684e-06,-0.1416386321105817,-6.894403216628825e-06,-1.3112905634785467e-05,-0.1251509587316337
2014-12-16,5.154869882225274e-05,-0.3512617864895669,5.7997547194524915e-06,-0.1397135799343213,-6.073577436237563e-06,-1.2660695339300914e-05,-0.11782212888011244
2014-12-17,8.951914955443635e-05,-0.3805778027723029,5.748483989096698e-06,-0.1435199771000063,-8.633325022958346e-06,-1.1938774193077187e-05,-0.09644109741802724
2014-12-18,9.913276275332198e-05,-0.395786709316858,5.821386963871765e-06,-0.1478789084477269,-9.50786585553456e-06,-1.043355539970202e-05,-0.09591042952362333
2014-12-19,7.377698274922788e-05,-0.3909916428110312,5.946288007179786e-06,-0.1449932717071549,-8.189377479960012e-06,-1.0229088654331407e-05,-0.11100179452711108
2014-12-22,6.996587850894997e-05,-0.37559256890504567,6.079185282784181e-06,-0.1499418154615368,-7.74609514363275e-06,-1.0569435276095215e-05,-0.11071246883067262
2014-12-23,6.063494070426503e-05,-0.36570857517430155,6.659063926083649e-06,-0.1598449867437304,-7.348576413092051e-06,-1.1390644189130994e-05,-0.12119375936942502
2014-12-24,5.292955813268682e-05,-0.34168506327581305,6.749877090506563e-06,-0.1570714589112094,-6.4583720604124e-06,-1.1265425902628741e-05,-0.12201825007157979
2014-12-26,5.0003308753932844e-05,-0.3515750079093388,6.724666306349502e-06,-0.1573986609961692,-6.446926751489723e-06,-1.1330165750491252e-05,-0.12893000307669963
2014-12-29,4.966432774890378e-05,-0.34122701607911776,6.725510456108933e-06,-0.1580498034298993,-6.236318900151521e-06,-1.1375190947270228e-05,-0.1255693811397492
2014-12-30,4.653062419950052e-05,-0.35421037274734435,6.736032754487424e-06,-0.1201395262799597,-6.270942366773999e-06,-9.119627258833867e-06,-0.13477021799422398
2014-12-31,4.3755181092948726e-05,-0.3591470699290864,6.741944561307218e-06,-0.1191265008661433,-6.16850127663634e-06,-8.808632377823828e-06,-0.1409776196225231
2015-01-02,6.483180836307134e-05,-0.35512057070536285,6.996422054245811e-06,-0.1206226935425205,-7.563240278386709e-06,-9.662787107784732e-06,-0.11665940638322199
2015-01-05,8.284505496642122e-05,-0.3885013254582138,7.0711397318911415e-06,-0.1219805989756928,-9.403088199196584e-06,-8.854766809717269e-06,-0.11350210586507362
2015-01-06,7.372029621424698e-05,-0.4018073017911091,7.206164240254292e-06,-0.1089924758084711,-9.261118442481629e-06,-8.02528738877558e-06,-0.12562508451630244
2015-01-07,7.097584833724285e-05,-0.4219072075107847,7.214484131476895e-06,-0.1080602649437325,-9.547174969553273e-06,-7.726996958633903e-06,-0.13451300961123736
2015-01-08,6.58935484829367e-05,-0.4243728841491967,6.904671781777722e-06,-0.0947258732066232,-9.051917635906177e-06,-6.493644298988654e-06,-0.137371834486197
2015-01-09,5.142752848602693e-05,-0.42057323649978645,7.088037147005961e-06,-0.0894045442456065,-8.029757907350143e-06,-6.008244687181837e-06,-0.1561373479095318
2015-01-12,5.214866604959718e-05,-0.42336381335206935,7.143638410434979e-06,-0.0578589327012036,-8.171373617588787e-06,-3.96241826766957e-06,-0.15669381858813447
2015-01-13,5.1084978694142575e-05,-0.4236265812955313,7.063516991421802e-06,-0.0509822554092052,-8.04711686324439e-06,-3.5098398759173123e-06,-0.15752413075131763
2015-01-14,5.779000718727771e-05,-0.43028636376456963,6.931932126551337e-06,-0.0423707598054958,-8.612140535058913e-06,-2.8814211548473285e-06,-0.14902473549016704
2015-01-15,5.577655409897309e-05,-0.43254032653710794,7.213773631185932e-06,-0.0275363046503302,-8.676282789261659e-06,-1.811875464980625e-06,-0.15555429928256181
2015-01-16,7.006830803083834e-05,-0.40811824622968884,7.911831718229752e-06,-0.0186178019928294,-9.609158294287685e-06,-1.1822173189960216e-06,-0.13713986485956703
2015-01-20,6.698197984101967e-05,-0.3847919860549394,8.128472913174508e-06,-0.0085518544461073,-8.978617904828701e-06,-5.884069771590269e-07,-0.13404527495513366
2015-01-21,5.396910834789416e-05,-0.3693359073019153,8.291894398305606e-06,-0.0027229746291203,-7.813057761939101e-06,-1.8641630158490261e-07,-0.1447690725511859
2015-01-22,5.806897077464812e-05,-0.3468702922954078,8.333230889755968e-06,0.0007023597212101,-7.630374928285143e-06,4.4728838996296376e-08,-0.1314019316425775
2015-01-23,5.910063936486745e-05,-0.3280772314160398,8.521226125786277e-06,0.007822072064261,-7.362464709258307e-06,5.179212103508448e-07,-0.12457504332237301
2015-01-26,6.288399592442454e-05,-0.2908626286774775,8.591478954121082e-06,0.0025371785383589,-6.7607045228592815e-06,1.7241516518188096e-07,-0.1075107334302428
2015-01-27,6.964065036165525e-05,-0.2712600888344291,8.514828572540535e-06,-0.001586259593235,-6.605493403346991e-06,-1.0174093369066862e-07,-0.09485111596522414
2015-01-28,7.988841611727443e-05,-0.2541514722771819,8.933383616438814e-06,0.0184240794039934,-6.7895740175220775e-06,1.110298983468658e-06,-0.08498821665903518
2015-01-29,8.021798542057233e-05,-0.24119396910038948,9.049212647102456e-06,0.0226550000863653,-6.4984191007745555e-06,1.3467025506101971e-06,-0.0810095026284218
2015-01-30,7.830236811365751e-05,-0.23044893129884428,9.341285782150642e-06,0.0440281785789082,-6.232545765615938e-06,2.4490594393584935e-06,-0.07959587833370847
2015-02-02,6.708254753246161e-05,-0.22064149270585037,9.180708094568493e-06,0.0539251257010575,-5.4755790098617435e-06,2.8442574537238423e-06,-0.08162449416835402
2015-02-03,8.067150173734702e-05,-0.19493615435793116,9.45224231546921e-06,0.0779542380335064,-5.382944328463197e-06,3.800541476736109e-06,-0.06672671529022935
2015-02-04,7.910110058857453e-05,-0.18037004202142873,9.192156467669197e-06,0.0813663431253367,-4.863673060552513e-06,3.976295254281842e-06,-0.06148679379127411
2015-02-05,8.520627788871464e-05,-0.13949511073366047,8.59978653667397e-06,0.0900861913065794,-3.77605767251596e-06,4.266580541870177e-06,-0.04431666029876056
2015-02-06,8.507292515013707e-05,-0.1636806890664974,9.2507895874499e-06,0.0823672417859311,-4.591795404245972e-06,3.887002962719988e-06,-0.053974815091197954
2015-02-09,6.296753465448077e-05,-0.13801743140705658,9.021424115456293e-06,0.0844337464877843,-3.289499583594398e-06,3.966433033092473e-06,-0.05224120019379411
2015-02-10,6.653518645016198e-05,-0.11909210502233943,8.686299670016254e-06,0.0952516314635113,-2.8630310951899567e-06,4.255264611996882e-06,-0.04303033098636468
2015-02-11,6.58212274519105e-05,-0.10346330690788194,8.080664054543796e-06,0.0853294491761709,-2.3861232343589168e-06,4.082475608835214e-06,-0.036251576075548526
2015-02-12,6.625281595902424e-05,-0.10020313109709332,7.865216819426184e-06,0.081832370530864,-2.2873825990664514e-06,3.898838736263806e-06,-0.03452506230801031
2015-02-13,6.59493776327874e-05,-0.09404149591685121,7.763137157325418e-06,0.0857118511753489,-2.127862246422249e-06,4.054390553116403e-06,-0.032265084566383544
2015-02-17,5.2818371217651516e-05,-0.051007742093754,7.918963040659423e-06,0.0807155219560022,-1.0431884255250449e-06,3.85738251623002e-06,-0.01975048456580234
2015-02-18,4.925751255554142e-05,-0.02197712520404131,7.935476100382972e-06,0.0820590062409851,-4.345038357727367e-07,3.932611426449934e-06,-0.008821067350544795
2015-02-19,5.2538640297651296e-05,-0.025659370892268697,7.639050730798073e-06,0.0830911721458113,-5.140497069375173e-07,3.989625552976176e-06,-0.00978422174660842
2015-02-20,5.811623348480445e-05,-0.03280822660724413,7.4160087100762815e-06,0.0834839210894822,-6.811089726353717e-07,3.976047590651555e-06,-0.011719771426919124
2015-02-23,5.7842904366347e-05,-0.04504186719067189,7.311357447784346e-06,0.0771356342508348,-9.262760602073325e-07,3.6914699880986765e-06,-0.016013650599921117
2015-02-24,5.363774172174018e-05,-0.03058336158294091,7.550459407889198e-06,0.0751224707272678,-6.154703704491258e-07,3.609103570845609e-06,-0.011474576495819669
2015-02-25,4.6420168910813084e-05,-0.028871555123971257,7.300337887392133e-06,0.071696084518136,-5.314899001001893e-07,3.6015791212584276e-06,-0.011449546879532884
2015-02-26,6.082008377129165e-05,-0.028749022724481224,7.217622110614154e-06,0.0448670589685319,-6.023427164975943e-07,2.3759314937978057e-06,-0.00990368113866217
2015-02-27,6.477291200020017e-05,-0.028278509564057905,7.009744725731865e-06,0.046758038942354,-6.025655913653076e-07,2.4722878702838508e-06,-0.009302740493795392
2015-03-02,7.10002492943561e-05,-0.027597283660684764,7.038849560188612e-06,0.066251895516112,-6.169459476332959e-07,3.6362315715273715e-06,-0.00868934903419188
2015-03-03,6.22129036386534e-05,-0.030486962830931594,6.7692910387176195e-06,0.0695587755261298,-6.256421363044205e-07,3.817884033053376e-06,-0.010056468991357346
2015-03-04,6.357489191775788e-05,-0.04432329965507114,6.6011279228759605e-06,0.0750666053973656,-9.079960804465138e-07,4.123391426077139e-06,-0.014282306317108976
2015-03-05,6.337223751236057e-05,-0.05575839628049767,6.425145901145621e-06,0.0867464962818228,-1.1251263394554816e-06,5.10043931503412e-06,-0.017754246711519834
2015-03-06,6.737776824421294e-05,-0.08157181022756334,6.788259626249541e-06,0.067582254745147,-1.7445267499185337e-06,3.6944896038285575e-06,-0.025891726535011355
2015-03-09,6.459093954914395e-05,-0.09804024574266168,6.742332303240028e-06,0.0635590165587435,-2.0459511910202386e-06,3.4677579577510606e-06,-0.03167551370674178
2015-03-10,6.248974140729342e-05,-0.06580987606567423,6.663775864141472e-06,0.0913765295358916,-1.3429369622086027e-06,4.405591471842269e-06,-0.02149051879500758
2015-03-11,5.4252554100076106e-05,-0.05226774686457489,6.600875005446431e-06,0.098219109412362,-9.891100804675068e-07,4.924770655028847e-06,-0.01823158553315224
2015-03-12,5.508043688697334e-05,-0.07440897375485356,6.499187079909887e-06,0.1004695340199866,-1.4078407190180965e-06,4.712439800787514e-06,-0.025559723171895435
2015-03-13,5.707193087433516e-05,-0.08780303806032394,6.48689928058281e-06,0.0918993681668911,-1.6894268944342363e-06,4.22529820703647e-06,-0.029601712585371098
2015-03-16,5.2149496476829495e-05,-0.09091424033590592,6.491469123114661e-06,0.0854804312699515,-1.672740113770635e-06,3.6202875670993627e-06,-0.032075863177583104
2015-03-17,4.691748238540657e-05,-0.06587929935486078,6.386061883853351e-06,0.0848953948680136,-1.1403361254907944e-06,3.5750332485975974e-06,-0.024305143147354595
2015-03-18,5.051902620859181e-05,0.004498453052383935,6.710217824172814e-06,0.0455435966937047,8.28245312827373e-08,1.7866794328870458e-06,0.0016394720464475475
2015-03-19,5.142834644805491e-05,0.0420019409717423,6.720296022643802e-06,0.0379894398246606,7.808450158920699e-07,1.475929892799832e-06,0.015183163951824908
2015-03-20,5.066833282542825e-05,0.025930262463080056,6.6881144226691945e-06,0.0118671773908951,4.77339163017791e-07,4.891267712795023e-07,0.009420857888938376
2015-03-23,5.007282454924587e-05,-0.04329475145504479,6.560955116459965e-06,0.0179171112668352,-7.847292291187764e-07,7.718212913726321e-07,-0.0156717588069554
2015-03-24,4.2218867344400384e-05,-0.0661774275923414,6.3560034219966e-06,0.0278010563807955,-1.0840647716962623e-06,1.1764367496143677e-06,-0.025677258531191863
2015-03-25,4.692159710753298e-05,-0.03466737982468523,6.215135282904333e-06,0.0137332236520161,-5.920149921546132e-07,5.226947834702991e-07,-0.012617110854045691
2015-03-26,4.732340893496746e-05,-0.015901848305208806,6.188101444619185e-06,0.0040790618094896,-2.721224229823406e-07,1.5459812679182715e-07,-0.005750270935813084
2015-03-27,4.354358066573599e-05,-0.031200877042715524,6.093589122209804e-06,0.0058295246446264,-5.0823603613147e-07,2.2093125399853138e-07,-0.011671893499824096
2015-03-30,4.5502666776921666e-05,-0.013793952741020984,5.981479034268365e-06,-0.0053410507336208,-2.2756813545898347e-07,-1.865555820633542e-07,-0.0050012043596179495
2015-03-31,3.983451498744685e-05,0.008724732189259045,5.908353272894083e-06,-0.0072900169110091,1.338489902263604e-07,-2.537582611216622e-07,0.003360126018066006
2015-04-01,4.176214734580363e-05,-0.01506979460941284,5.862296981711613e-06,0.0029872627781604,-2.357939467655565e-07,1.0322711965216157e-07,-0.005646116441597433
2015-04-02,4.894523588776545e-05,-0.030132794143216363,5.664382741197773e-06,-0.004071046920315,-5.01730974365012e-07,-1.4361116614500028e-07,-0.010250864364317564
2015-04-06,4.8199312485919956e-05,-0.04025244843923688,5.495148939830194e-06,-0.0090698782740126,-6.550922447773464e-07,-3.11009966829368e-07,-0.013591319273873725
2015-04-07,4.533264144371158e-05,-0.02296904087196331,5.310234250594221e-06,-0.0200140987172057,-3.563733446023452e-07,-7.447252407324357e-07,-0.007861296700410568
2015-04-08,4.177649686660928e-05,-0.014460538020463876,5.215261242042692e-06,-0.0109845836331999,-2.134462334621117e-07,-4.085502609090876e-07,-0.005109242025333938
2015-04-09,4.664355209638432e-05,0.014579121682831805,5.085403672648105e-06,-0.0027825353489808,2.2453801814614085e-07,-1.0636683771133382e-07,0.004813913350384532
2015-04-10,4.853778747139849e-05,0.01527928895853376,5.01042382803346e-06,-0.0089512892603713,2.3827603471714e-07,-3.3994193685940825e-07,0.004909083152122399
2015-04-13,4.467938122611643e-05,0.02173500940629853,4.933656673587227e-06,0.002363896150123,3.226991857158911e-07,9.02443791690613e-08,0.007222552704630202
2015-04-14,4.646938254229903e-05,0.012961953997035817,4.640163582862068e-06,0.0012078607417372,1.9033583967963265e-07,4.608477336238866e-08,0.004095940795132759
2015-04-15,4.691423215315267e-05,0.011118200648494093,4.930401182114288e-06,-0.0019147794874825,1.690939008882635e-07,-7.674937587488881e-08,0.0036043199073631277
2015-04-16,4.176974619173272e-05,0.022606772881993524,5.1627099251604476e-06,-0.0203686899062087,3.319772717441839e-07,-8.576680692298517e-07,0.007947792409854063
2015-04-17,4.332386275975345e-05,0.009783624817417302,5.262224563682924e-06,-0.0249688244536451,1.4772298151033583e-07,-9.858295420366805e-07,0.003409737084837366
2015-04-20,4.305137811564542e-05,0.0042279404476299205,5.391440096607444e-06,-0.0260160983801207,6.441318628496549e-08,-9.81774151501177e-07,0.0014961933648659882
2015-04-21,4.4326391543702614e-05,0.011986206180231452,5.483678377111129e-06,-0.0350366168326777,1.8687401676429833e-07,-1.3649436191653766e-06,0.0042158635128251775
2015-04-22,3.760113128202133e-05,-0.0007649413082472516,5.630029924514011e-06,-0.0274366901216026,-1.1129711877491018e-08,-1.0597342588881208e-06,-0.0002959940698064209
2015-04-23,3.981692672329287e-05,-0.00999472058767671,5.726210409782298e-06,-0.030738832689401,-1.5091700451879343e-07,-1.1824708182859161e-06,-0.003790272553368794
2015-04-24,4.472325784062566e-05,-0.014533186253445374,5.838598303885136e-06,-0.091115109778642,-2.3484528960048095e-07,-4.384828074710711e-06,-0.005251077424577788
2015-04-27,4.8016264703360416e-05,-0.009488007744478371,5.909650753769899e-06,-0.0899490708362791,-1.5982699149078157e-07,-4.317379074496776e-06,-0.0033286010996102346
2015-04-28,4.837591330570472e-05,0.05693733621636306,6.121468879669727e-06,-0.0973882633175781,9.79804786403517e-07,-4.803263721080587e-06,0.020253980120474
2015-04-29,4.7158652268819175e-05,0.2234383824366535,6.248792605861305e-06,-0.1014679988447941,3.8356284091960595e-06,-4.972866404911002e-06,0.0813345637473219
2015-04-30,4.7296624411946914e-05,0.3963901848299701,6.150706551484349e-06,-0.1087724331184408,6.760837053974065e-06,-5.109714472503117e-06,0.14294544564297296
2015-05-01,5.0018555724514286e-05,1.6446442826795247,6.207576544962491e-06,-0.0833096485069451,2.8980014276417915e-05,-3.763785944620285e-06,0.57938526726022
2015-05-04,4.992916004912971e-05,1.6669248092188649,6.085065393938556e-06,-0.0903219472576279,2.9055326848527016e-05,-4.610575108930049e-06,0.5819310162625791
2015-05-05,5.102770643270727e-05,0.35290490481367415,5.283344130943274e-06,-0.1026302889480072,5.794489340357535e-06,-4.97296218008645e-06,0.11355574736636481
2015-05-06,5.61480236098465e-05,0.146252672210873,5.578999655458693e-06,-0.1235823523717006,2.588506227333437e-06,-6.403038534249692e-06,0.046101466461581725
2015-05-07,5.2055366505413186e-05,0.016053811185686634,5.769236867050551e-06,-0.1281571412891614,2.7820830489003765e-07,-6.944107525873556e-06,0.005344469236636861
2015-05-08,4.9463315458690945e-05,-0.034388128226560156,6.010318088756463e-06,-0.1542840414423279,-5.929237922276093e-07,-7.825452901450413e-06,-0.011987142121979
2015-05-11,4.237087867236375e-05,0.003356473187867498,6.010921681337747e-06,-0.1693427888254823,5.356578233073273e-08,-8.502403653825225e-06,0.0012642122138871482
2015-05-12,4.7490306282055044e-05,-0.01361018546672067,5.932626270974754e-06,-0.1618276199720435,-2.2844940114847496e-07,-8.317656932971563e-06,-0.004810442783663371
2015-05-13,4.663897325113825e-05,0.009938340074416048,6.017903168254003e-06,-0.1617340019540978,1.6649873633129177e-07,-8.314137222409409e-06,0.003569948580015712
2015-05-14,4.9144732522979803e-05,0.039296079465739125,6.1043904581559196e-06,-0.1780984467986893,6.806265147528088e-07,-8.732788628649825e-06,0.013849429629809291
2015-05-15,5.102390807027307e-05,0.22866746552977035,6.488834879334313e-06,-0.1826509514091139,4.16077852610379e-06,-9.015528747730823e-06,0.0815456652276287
2015-05-18,5.1224895533544154e-05,-0.24122792770645757,6.559222011510793e-06,-0.1784979642232122,-4.421751095638349e-06,-8.779557899159665e-06,-0.08632035360116656
2015-05-19,5.107054978153525e-05,-0.4110847184004692,6.458933950581423e-06,-0.1835685557417771,-7.466155329705998e-06,-9.150835620997614e-06,-0.14619296956159683
2015-05-20,4.960583034370502e-05,-0.3576499350408789,6.5602346283997675e-06,-0.174846350183289,-6.451849058125389e-06,-9.114567460129434e-06,-0.13006231351077724
2015-05-21,4.7917991249736124e-05,-0.8715706480279942,5.73836557139886e-06,-0.1817679247376865,-1.4452600700941688e-05,-9.536820011020454e-06,-0.30161115530946375
2015-05-22,4.8649795894238564e-05,-0.46294268093507024,5.667309667337277e-06,-0.1752830064969633,-7.68698804089706e-06,-9.83119380388536e-06,-0.15800658357556244
2015-05-26,5.2044924254716454e-05,-0.7325303769886422,5.675138478416366e-06,-0.1702340486694349,-1.2589342848786802e-05,-9.303564075303301e-06,-0.24189376829856604
2015-05-27,5.41376103742017e-05,-0.715858458364156,5.811617716596898e-06,-0.1818797995759364,-1.2697704658695252e-05,-9.564084861425733e-06,-0.23454497845265282
2015-05-28,5.2639353679274204e-05,-0.5971469915787142,5.860000353938493e-06,-0.1842255402964435,-1.0487822870634777e-05,-9.6911007781656e-06,-0.19923920294568828
2015-05-29,4.7121939363217764e-05,-0.6344689327207104,5.992294779156035e-06,-0.1839360265550015,-1.0661505226748734e-05,-9.56537504107699e-06,-0.22625353223621447
2015-06-01,4.566975475334599e-05,-0.6557742854714788,6.359423833845222e-06,-0.1775450053226258,-1.117577392210779e-05,-9.225738766517007e-06,-0.2447084286409267
2015-06-02,4.848176142599366e-05,-0.5969033575965179,6.7448159762726105e-06,-0.1806453847282489,-1.079389699617379e-05,-9.433692491397376e-06,-0.22263830105782018
2015-06-03,4.583723039523311e-05,-0.647005072440181,7.130768384172103e-06,-0.1756604660912178,-1.1697284015559831e-05,-9.392982788407222e-06,-0.2551917712893993
2015-06-04,5.208668778062701e-05,-0.592382838864557,7.270908659528063e-06,-0.1743897892848315,-1.1528164998450848e-05,-9.07009226733706e-06,-0.22132651335028072
2015-06-05,5.356843740955158e-05,-0.49709266775178074,7.615129972488708e-06,-0.1732345121729751,-1.0039925874408232e-05,-9.623918262770854e-06,-0.1874224143901956
2015-06-08,5.4875341169450945e-05,-0.5124838007462769,7.769090279306217e-06,-0.1783884172302008,-1.0581660971058889e-05,-1.009028945975084e-05,-0.19283089171844076
2015-06-10,5.7400521339002106e-05,-0.8512286674842983,8.06312163164564e-06,-0.1748843661805762,-1.831284271181951e-05,-9.328491304989928e-06,-0.31903617396897105
2015-06-11,5.7399555912391706e-05,-0.8849302687414217,8.69563590285298e-06,-0.1833043277209625,-1.9770333253201363e-05,-9.790363785871255e-06,-0.34443355769819195
2015-06-12,5.544172754801711e-05,-0.4278545591983892,8.349342764509251e-06,-0.1856138678443352,-9.205358074179371e-06,-9.805178058910817e-06,-0.1660366384905083
2015-06-15,5.424960916028536e-05,-0.11458528514069038,8.10030764341747e-06,-0.1818809228761566,-2.4020271578470323e-06,-9.565638148415134e-06,-0.04427731729366061
2015-06-16,5.423174022350414e-05,0.03589181899839166,7.960010535597612e-06,-0.1932358264425722,7.457256142237527e-07,-1.0303046098118486e-05,0.01375072256856242
2015-06-17,5.412494915971205e-05,0.15880409573641033,7.68836656657997e-06,-0.1744450838947455,3.239496317760088e-06,-1.0973926213019604e-05,0.05985218218313653
2015-06-18,5.572982074389677e-05,-0.13226737476359737,7.161898024216275e-06,-0.1476932925141162,-2.642473394346076e-06,-1.1947723169773572e-05,-0.04741578851454435
2015-06-19,6.241618085312648e-05,-0.4214858359015518,7.006199400584752e-06,-0.0951401147324861,-8.813995553200054e-06,-1.099632879144961e-05,-0.14121331091917574
2015-06-22,6.257165974145031e-05,-0.447966524870532,6.931882479012848e-06,-0.0822441456064582,-9.329534925743312e-06,-9.566427907563705e-06,-0.149101605491903
2015-06-23,5.295413252336654e-05,-0.6025251669576722,6.772554504514932e-06,-0.0902821372129582,-1.1410413292924136e-05,-1.3766884672611533e-05,-0.2154772960899544
2015-06-24,5.124155217210486e-05,-0.49057362780259156,6.6656436807540705e-06,-0.0767544088833323,-9.066431469231785e-06,-1.2826715196842249e-05,-0.17693514510997613
2015-06-25,5.1531038942745836e-05,-0.37179138792693117,6.527243824618463e-06,-0.0772532723733761,-6.818654619313692e-06,-1.2906675052052353e-05,-0.13232131079075735
2015-06-26,9.885673436567757e-05,-0.32763963556083076,6.501267417805428e-06,-0.0756134154437309,-8.30612723204936e-06,-1.2712030739741727e-05,-0.08402186543330926
2015-06-29,0.00010219846828200267,-0.2006347855905844,6.748133307366397e-06,-0.0597483036824987,-5.268903593495192e-06,-1.0646466071610807e-05,-0.05155560236926814
2015-06-30,8.697755639475864e-05,-0.03133849011867876,6.785088494658059e-06,-0.059820510358425,-7.613063069400266e-07,-1.1195069252239906e-05,-0.008752905214820495
2015-07-01,9.667073925185136e-05,0.07757337374332211,6.803629448268028e-06,-0.0548810820208739,1.9894385343096386e-06,-1.0169390594879115e-05,0.02057953161118025
2015-07-02,9.521395937942913e-05,0.14718343563917194,6.810126163305937e-06,-0.0569298312148293,3.747889929070844e-06,-1.0794128151693505e-05,0.03936281983753499
2015-07-06,0.000172264093177785,-0.02589768341163424,6.620941729200645e-06,-0.0592448381914896,-8.746175376652401e-07,-1.2150681391885495e-05,-0.005077190037291126
2015-07-07,0.00016730584927433944,-0.1120882107184976,6.3370095997982255e-06,-0.0602119813579368,-3.649704318628203e-06,-1.2476235966143594e-05,-0.02181456496863781
2015-07-08,0.00018325021701855255,-0.18334049381052492,6.194370516041342e-06,-0.0581406835533094,-6.1770232374261726e-06,-1.177927173299208e-05,-0.03370813600073827
2015-07-09,0.00017483634785152047,-0.14266428547219448,6.072917538875056e-06,-0.0561375652983261,-4.648681807065042e-06,-1.1401995203697263e-05,-0.026588760656410693
2015-07-10,0.0001852458943863911,-0.3291534981219555,6.170045195772099e-06,-0.0506100939324283,-1.1127995550723091e-05,-1.0074669583093995e-05,-0.060071482758543654
2015-07-13,0.00021177015433928543,-0.3607239616523321,5.8424272465544204e-06,-0.0553558883266171,-1.2688317136644332e-05,-1.1066466997604355e-05,-0.059915511589588175
2015-07-14,0.0001959846645507268,-0.3820978092319377,5.5698474729010125e-06,-0.0569203571466955,-1.262429818037418e-05,-1.1464493823481944e-05,-0.06441472453629976
2015-07-15,0.00017788056160659394,-0.3905972193757741,5.241937000475149e-06,-0.0579228220992723,-1.1927221697767687e-05,-1.166708003738032e-05,-0.06705185541378206
2015-07-16,0.00018174519139179188,-0.38768633199975555,5.095635081790735e-06,-0.0582656475439558,-1.1798073953681252e-05,-1.2154469265020314e-05,-0.06491546688708753
2015-07-17,0.00017984339911716185,-0.38451519567951675,4.9300198069896245e-06,-0.0600658601803252,-1.1449462278340626e-05,-1.2586333511675575e-05,-0.06366351133566871
2015-07-20,0.0001933298802508964,-0.3303357611477743,4.789982048884981e-06,-0.0615735433660448,-1.0052452404743936e-05,-1.3068784280479794e-05,-0.051996372168121315
2015-07-21,0.00019419877324157122,-0.29633605854043193,4.594773265859713e-06,-0.0613162483451668,-8.851966955066846e-06,-1.3009164424820053e-05,-0.04558199213779558
2015-07-22,0.00018582236281108658,-0.27508619762768943,4.4014622961993455e-06,-0.0615142513276779,-7.86712919594212e-06,-1.30547353338451e-05,-0.042336826832517
2015-07-23,0.00018795658724473803,-0.25350079029785966,4.357906396482963e-06,-0.0608089691355553,-7.255160792545839e-06,-1.2890460802251286e-05,-0.038600194326251
2015-07-24,0.00019329917782205091,0.18300077186469282,4.349172683253764e-06,-0.0636508845105052,5.306048932241386e-06,-1.4180061628256131e-05,0.027449930165383715
