Date,Predicted_Index_Var,Predicted_Corr,Predicted_Var,Future_Beta_45d_BMY,Predicted_Covariance,Future_Cov_45_BMY,Beta_Predicted
2013-02-28,5.497886498863307e-05,0.47691879678430166,0.00010867746356626696,0.6055948599790272,3.686481607042413e-05,3.316765787970575e-05,0.6705270484948347
2013-03-01,5.488021190183326e-05,0.47297118870106536,0.00010782605639281729,0.6006662373850389,3.6383496828588314e-05,3.286643247370467e-05,0.6629620325385976
2013-03-04,5.501029900576039e-05,0.47602738491563,0.00010714739783210948,0.6106307451876223,3.6546412723450385e-05,3.338456429292886e-05,0.6643558276173601
2013-03-05,5.845535101370509e-05,0.4767872999257139,0.00010700773012863679,0.5594861875559287,3.7708945765764416e-05,2.9985535781321593e-05,0.645089715686138
2013-03-06,5.9250468430820016e-05,0.47698019378866024,0.0001055186193072758,0.546846081496512,3.77147114855833e-05,2.9510130237681578e-05,0.6365301825354924
2013-03-07,5.369174155549812e-05,0.4633938003448189,0.000105707927789937,0.5586078757301339,3.491063467523244e-05,3.019383488240131e-05,0.6502049228398988
2013-03-08,4.524810700565277e-05,0.4552475482758828,0.00010713525147173587,0.566404196013553,3.1696697830807885e-05,3.0492252117622242e-05,0.7005088152493997
2013-03-11,4.8373919939468494e-05,0.45316426556579764,0.00010637780155284927,0.652791593535485,3.250774184578613e-05,3.626671853231105e-05,0.6720096673261933
2013-03-12,5.1431479865635213e-05,0.46601258643587995,0.00010921896925799626,0.7502091058895097,3.492699272763908e-05,4.172821601729632e-05,0.6790975647382863
2013-03-13,5.5261000285198275e-05,0.47033295777767997,0.00010986379396684544,0.8337147389456813,3.664730810883106e-05,4.706644638493647e-05,0.6631676574744718
2013-03-14,6.195858588029715e-05,0.46149331518668935,0.00012179426574499637,0.8525824439373094,4.008940253404e-05,4.916059542922462e-05,0.6470354667469652
2013-03-15,6.386120353979619e-05,0.4621212738643215,0.00013009067461143174,0.8932414973866697,4.2120895350821373e-05,5.049265675928365e-05,0.6595693945005754
2013-03-18,6.402550064969363e-05,0.46377416586480685,0.00013607711472066427,0.8977547960635689,4.3288804353567824e-05,4.97080151619247e-05,0.6761181703274188
2013-03-19,6.71640875084588e-05,0.46497571676427046,0.0001414009753241997,0.711438477721178,4.531323146058334e-05,4.0470015224857023e-05,0.674664588495697
2013-03-20,6.839791392936718e-05,0.4690239249697325,0.00014989399475400512,0.6771315703125577,4.7490696810234805e-05,3.834512210147252e-05,0.6943296086380246
2013-03-21,6.814178529168062e-05,0.44373169598716905,0.00016423903211454022,0.6668549581934997,4.694241127402942e-05,3.632054029707907e-05,0.688893181666618
2013-03-22,6.79733209422515e-05,0.4246419644969868,0.00017485285162564864,0.6409379359422074,4.629440581898803e-05,3.458485440480645e-05,0.6810672948923393
2013-03-25,7.243408887933498e-05,0.4108682116545013,0.00017391683583194782,0.6963898640389645,4.611528057418746e-05,3.807861847789827e-05,0.636651627536988
2013-03-26,7.339742545776695e-05,0.4019631883425451,0.00017801052776428777,0.6910573055383304,4.594619373994033e-05,3.718806982096257e-05,0.6259918989444374
2013-03-27,7.311742529462491e-05,0.39926519717503023,0.0001780974929056969,0.7741988827284926,4.5561792684884827e-05,4.595123334912776e-05,0.6231317979441244
2013-03-28,6.422356192814954e-05,0.38497708724219737,0.00019205325778870507,0.8166392490527276,4.275559117772256e-05,4.8766982101437284e-05,0.6657306118517002
2013-04-01,6.678777769649997e-05,0.3723938033644515,0.00019586306106200385,0.8482870331726154,4.259191930660485e-05,5.0836037555489994e-05,0.6377202652280627
2013-04-02,6.451960799026473e-05,0.36274859052764696,0.0001975079174634443,0.859811473092255,4.0949051677031046e-05,5.555043077333335e-05,0.6346760768169855
2013-04-03,6.836168011312682e-05,0.3593751124064733,0.00020625823197965897,0.8524763787911526,4.2673671244236175e-05,5.4012633430301765e-05,0.624233798432376
2013-04-04,6.901245142532413e-05,0.3565632465356712,0.00021209278198406934,0.8556883421143473,4.3138321912135836e-05,5.662212568250643e-05,0.6250802720551704
2013-04-05,6.697476452894188e-05,0.36751528343725043,0.00022893279222115011,0.8532620264244102,4.5507712385207346e-05,5.5840609098250137e-05,0.6794755114897351
2013-04-08,7.273438811092278e-05,0.3755582252729829,0.00023637516777303934,0.8395869063055699,4.924340758565065e-05,5.688257229669596e-05,0.677030615979783
2013-04-09,7.022991067372413e-05,0.3829557599543069,0.00023955535979705233,0.8742900710264799,4.967211017736855e-05,6.075253355226664e-05,0.7072785612406156
2013-04-10,6.636144982931065e-05,0.3916252386996621,0.00024140652623507342,0.8771222484582084,4.956819548162757e-05,6.245148250675511e-05,0.7469426242061125
2013-04-11,6.716170407401359e-05,0.39691565693718645,0.00024560748284690266,0.8894206518528806,5.097765820984677e-05,6.417334606019252e-05,0.7590286594525407
2013-04-12,6.98842565011876e-05,0.3974849612323377,0.0002572423591018094,0.8557493448861295,5.329440503901252e-05,6.2524538330174e-05,0.76260960203686
2013-04-15,9.593981606210937e-05,0.4009383075712191,0.0002692641116619854,0.8739582429299032,6.444158743343683e-05,5.274887250711937e-05,0.6716876274988763
2013-04-16,8.836558039441448e-05,0.4067470357260745,0.00026940364184290156,0.9477587740332528,6.27577976974424e-05,5.813992990615641e-05,0.7102063656157378
2013-04-17,8.959564094882932e-05,0.40736461149631004,0.0002710881741549035,1.0632094975619506,6.348659352552873e-05,7.556032061924117e-05,0.7085902043134863
2013-04-18,9.719405369416862e-05,0.40311179872958086,0.00027422551352254703,1.0371897961343426,6.581112075349146e-05,7.275540641754067e-05,0.6771105664609186
2013-04-19,7.72897485213767e-05,0.4060324506419724,0.0002791662338428996,1.0047889915313548,5.964212866309793e-05,7.29155481294427e-05,0.7716693326619143
2013-04-22,7.797978274745508e-05,0.4109437591262813,0.0002854802496832583,0.9381382662594582,6.131425189761834e-05,6.956343131198481e-05,0.7862839538318588
2013-04-23,8.499754389235151e-05,0.41355872802603183,0.00028670805016384123,0.9961059154383374,6.455952445557443e-05,7.367031446667841e-05,0.7595457644910114
2013-04-24,7.773768893068322e-05,0.424599054677956,0.0002967137760498777,0.9788713261655776,6.448574043684404e-05,7.305871440982495e-05,0.8295299400313326
2013-04-25,6.90805921567358e-05,0.4373287509169664,0.0003150463153934611,1.064720220565653,6.451686528190336e-05,7.96181649300854e-05,0.9339361934756163
2013-04-26,7.034557142953508e-05,0.4498534456611708,0.0003201157475177145,1.056823392670999,6.750608963620105e-05,7.964475188406381e-05,0.9596352444705303
2013-04-29,6.776168711759701e-05,0.4567052169901582,0.0003262145075597458,1.0995775543983637,6.790155396753608e-05,8.190733356260278e-05,1.0020640992851364
2013-04-30,5.8041023931509805e-05,0.46546492974281395,0.0003229303284716669,1.1045446842837152,6.372486362187433e-05,8.216335201062499e-05,1.0979279706896907
2013-05-01,6.311211636341748e-05,0.4717643994712183,0.0003253443739968591,1.1463805055113028,6.760101041572352e-05,8.580854478713918e-05,1.0711257094669067
2013-05-02,6.214021471172626e-05,0.4779464829111862,0.00032155652664834274,1.1394187641678488,6.756072623383408e-05,8.401780648349311e-05,1.0872303313925455
2013-05-03,7.476459886581012e-05,0.4823429959551924,0.0003290236946448296,1.1706665655252615,7.56515042158861e-05,8.508328260361264e-05,1.01186263771264
2013-05-06,7.535412832838797e-05,0.4844244904464344,0.0003368024660683635,1.1765048330746908,7.717333131519227e-05,8.539425899810656e-05,1.0241420480491308
2013-05-07,7.392273390092128e-05,0.48750066055912133,0.00034096964631461467,1.2172025378288065,7.739663481890576e-05,9.243428120073394e-05,1.0469936748097082
2013-05-08,6.958015556766957e-05,0.4907094977111601,0.00034006013096015585,1.2371298709513296,7.548228183219809e-05,9.351312192540673e-05,1.0848248500793947
2013-05-09,7.111722928104653e-05,0.49159119294025816,0.0003413371296176372,1.2245074755158918,7.659197596886406e-05,9.251468251550007e-05,1.0769820020150391
2013-05-10,7.562958883543677e-05,0.5033412949042888,0.000351328665972848,1.2193334373908786,8.204747590759168e-05,9.246729705974011e-05,1.0848594732693795
2013-05-13,7.357910230951406e-05,0.5071591070002213,0.00035824810066701593,1.2098132300214384,8.234048471645621e-05,9.184984681585136e-05,1.1190743313242253
2013-05-14,7.590263764609063e-05,0.5141877432727945,0.00037951206030967943,1.127897042473837,8.726959188196872e-05,8.381899214296304e-05,1.1497570386009313
2013-05-15,7.650099964197039e-05,0.5265089528543312,0.000407723507337363,1.0640574281702742,9.298699030656433e-05,7.8537598236563e-05,1.215500329953196
2013-05-16,7.639729836462006e-05,0.5361617283711017,0.0004157583396328679,1.0216622151239736,9.555541338575083e-05,7.484159131410429e-05,1.2507695354578532
2013-05-17,7.425705624970095e-05,0.5329804627143364,0.0003971146856928321,1.011512839260547,9.152466076375191e-05,7.229775509412812e-05,1.2325382311949715
2013-05-20,7.217439206379002e-05,0.5248664053674914,0.00038077791905737773,1.025030799114267,8.701141302607303e-05,7.36202522598607e-05,1.2055718176215406
2013-05-21,7.13709588975209e-05,0.5211947452185922,0.0003687749218645654,1.0108406967971466,8.455542643012249e-05,7.267920200112301e-05,1.1847315453829437
2013-05-22,7.35750525384875e-05,0.542595335750908,0.0003611092108968378,1.1630474263953885,8.84424225045194e-05,8.204033814242654e-05,1.2020708032556917
2013-05-23,7.454058968752127e-05,0.5458722956975287,0.0003508204685574624,1.1880132333259554,8.827341485642813e-05,8.38350249643794e-05,1.1842328485255578
2013-05-24,7.630250921850573e-05,0.5606377849244149,0.00033459596988938737,1.1939692782225406,8.958022050191746e-05,8.421569343995736e-05,1.1740140844567595
2013-05-28,7.438631671877e-05,0.5723250132986085,0.0003211751192273771,1.1915857043540103,8.846270224258538e-05,8.320006074178866e-05,1.1892335330573434
2013-05-29,7.273626036607267e-05,0.5790020785583561,0.00030921583524234425,1.1887749770681018,8.683333282103431e-05,8.491919090831813e-05,1.1938107951111703
2013-05-30,7.309916508279677e-05,0.5837361508210751,0.0003016065652936023,1.1834714625107516,8.667486896986806e-05,8.432718723268877e-05,1.1857162646344124
2013-05-31,7.696255068093324e-05,0.5752549957042967,0.00029428282311723945,1.1724880875018195,8.657302287026968e-05,7.743991753111063e-05,1.124872059258781
2013-06-03,7.835861755638394e-05,0.5827654068205412,0.0002846462127555281,1.0781825662097373,8.703418193239381e-05,7.172208682739677e-05,1.110716148989832
2013-06-04,7.696792659140356e-05,0.5776931571064631,0.00027630939621167726,1.0663404547901585,8.424612689799922e-05,7.057107923079314e-05,1.0945614703281945
2013-06-05,8.390672708275947e-05,0.580479466409657,0.0002644766998437992,1.0881851394026505,8.647268833954005e-05,6.660752083626253e-05,1.030581114840169
2013-06-06,8.864935953499249e-05,0.5819318893077735,0.0002537231810265286,1.0587379032379367,8.727503502080584e-05,6.363660092185152e-05,0.9844970733979848
2013-06-07,8.584609796353898e-05,0.5813142289198336,0.0002456087797209483,1.0665951138160052,8.440985939726219e-05,6.075651573637275e-05,0.9832696115449907
2013-06-10,7.344670994631798e-05,0.568251340858546,0.00023728462795742517,1.0706101771423877,7.501730264275532e-05,6.110948377977885e-05,1.0213841123392087
2013-06-11,7.540176794643908e-05,0.5613178064525545,0.00023140750291806772,1.1346330703938607,7.414609816285655e-05,6.247822225776683e-05,0.9833469450679925
2013-06-12,7.564969572692771e-05,0.5555162046959634,0.00022636352799432517,1.1439340993794869,7.269483444996635e-05,6.656522449762975e-05,0.9609402093614824
2013-06-13,7.668406692361186e-05,0.5552081211012851,0.0002242192904699869,1.153566600576006,7.280226073535308e-05,6.184786712643151e-05,0.9493792342531128
2013-06-14,7.978958283363962e-05,0.5553685684968833,0.00022249979341303582,1.1129319875434225,7.399786680295293e-05,5.9699161841693264e-05,0.9274126292555965
2013-06-17,6.406673037804978e-05,0.5662268394115219,0.00021814564411901831,1.1330625354320265,6.693912085978474e-05,5.988935620270796e-05,1.0448343541926572
2013-06-18,5.269216623890948e-05,0.5649322813499806,0.0002150237823778812,1.1148139476099967,6.0132971752897896e-05,5.8331531893494494e-05,1.1412127465067834
2013-06-19,5.313666894497608e-05,0.5681500990610147,0.00021306560914874254,1.1232341395627232,6.045287052620176e-05,5.58401211030515e-05,1.1376864927081096
2013-06-20,6.610900161714408e-05,0.5725122168242256,0.00021076725303964184,1.115041718779028,6.75797569355526e-05,3.8802902675148955e-05,1.022247428979885
2013-06-21,6.524441916700448e-05,0.5767248665561803,0.00020863250856103697,1.14145261768472,6.728702884210425e-05,4.005409008702378e-05,1.0313070405281923
2013-06-24,5.5679700730278476e-05,0.5604897465820127,0.0002014230636656026,1.201193422202433,5.935683245562646e-05,4.5087333941688684e-05,1.0660407954266962
2013-06-25,5.683904438603972e-05,0.550121420235579,0.0001954189630974428,1.297969540156805,5.7978275240115875e-05,4.665873953530753e-05,1.02004310358103
2013-06-26,5.616484134519195e-05,0.5492703967241465,0.00019289287558715452,1.1832376841924095,5.717110088033194e-05,4.0293512958425765e-05,1.0179161822777254
2013-06-27,5.600093181678947e-05,0.5484530042480317,0.00018795135011861352,1.2009681229588085,5.626777878001433e-05,4.0459758628328844e-05,1.0047650450549264
2013-06-28,5.651835513949762e-05,0.5475462553780607,0.00018663906717292296,1.1085951785678396,5.623631408118849e-05,3.724158502381574e-05,0.9950097440448682
2013-07-01,4.0959150997653995e-05,0.5505505111795423,0.00017824030771265497,1.1108099405479792,4.704089811985888e-05,3.8098964431762506e-05,1.1484832320512022
2013-07-02,4.708768430286185e-05,0.5523803028494706,0.0001726808661243759,1.092192605730839,4.980970383976099e-05,3.741104697911703e-05,1.057807462337529
2013-07-03,4.5307854285029834e-05,0.5497267936620158,0.0001677838323490506,1.0896377947298446,4.793014109719755e-05,3.732309192689847e-05,1.0578770911478397
2013-07-05,5.048108536897671e-05,0.5519547337724369,0.00016562564519337776,1.0302130473487725,5.046980140855626e-05,3.4763690306533e-05,0.999776471517243
2013-07-08,5.858594159480322e-05,0.553993633088605,0.000161896079659907,1.0566394058244446,5.395350297497356e-05,3.613078208595189e-05,0.920929176971006
2013-07-09,6.185296409698371e-05,0.559638171824322,0.00016315187535257945,1.0532021557515907,5.621906553794508e-05,3.5126025936142206e-05,0.9089146552426357
2013-07-10,6.043816195282401e-05,0.562097549554839,0.00016144306823258074,1.024561360880321,5.552352336681762e-05,3.4407711572686805e-05,0.9186831891108371
2013-07-11,6.428746384905295e-05,0.5633079847092839,0.00016661400360983735,0.8866905533465319,5.8299496492210184e-05,2.6367734247490137e-05,0.9068563760595297
2013-07-12,6.999194674271863e-05,0.5618593848798716,0.00016570123931056315,1.015845573643251,6.0508244654792374e-05,3.0896931809039634e-05,0.8645029531356354
2013-07-15,7.060701256657018e-05,0.5632749255091771,0.0001679987311262658,1.0667594887263414,6.134756619171136e-05,3.2556957714614887e-05,0.8688593945802655
2013-07-16,3.5042919617133015e-05,0.5568997765196383,0.00015832212283504226,1.1608560849916247,4.148088246805029e-05,3.811006029475143e-05,1.1837165088199346
2013-07-17,3.792838595062833e-05,0.5529026341237242,0.0001545349391362996,1.141172846389427,4.232960175062281e-05,3.751827412504652e-05,1.1160401554055999
2013-07-18,3.7451029819475974e-05,0.5544268675864069,0.0001499387849470996,1.2301755243696293,4.1546375674735134e-05,4.3976784704764594e-05,1.1093520224944369
2013-07-19,4.0860668714576163e-05,0.5485959328588343,0.0001400980564322604,1.22881752836507,4.15070027394292e-05,4.450226626892609e-05,1.015817999195458
2013-07-22,3.950888193740232e-05,0.5458800601863816,0.00013518454206983555,1.1995467801923811,3.989404909087864e-05,4.350224127218111e-05,1.0097488750526167
2013-07-23,3.3171208880188284e-05,0.5551278689029011,0.00013637683621160312,1.2107460077783982,3.7337392542516645e-05,4.401434705273157e-05,1.1255963771889135
2013-07-24,3.471216593235655e-05,0.5621528983949758,0.0001371131102952266,1.1911653235445845,3.878241077775314e-05,4.3307596193322295e-05,1.1172570116577645
2013-07-25,3.488954269695917e-05,0.5703565853708287,0.00013752116809932373,1.2511710365190358,3.95074387203949e-05,4.5956715233548594e-05,1.1323575967603097
2013-07-26,3.343176772700175e-05,0.5549037096052288,0.00013758300305890118,1.2251105302295715,3.7633940234441096e-05,4.573453149216429e-05,1.1256939968521433
2013-07-29,3.360094972876798e-05,0.5527031239978607,0.00013772067482127246,1.254807958233593,3.759821844336759e-05,4.8360281164427465e-05,1.1189629682156659
2013-07-30,3.816574763863081e-05,0.5699663003673141,0.0001391485373927068,1.2584085532791922,4.153606864479347e-05,4.852931333282743e-05,1.0883074802588506
2013-07-31,3.750748633018741e-05,0.5776575692567093,0.00014002071120371504,1.250100429546906,4.1862541190858356e-05,5.061345029125736e-05,1.1161116162872753
2013-08-01,4.226173154810077e-05,0.5805807246052413,0.00014031753889556938,1.2849304638369203,4.4708719964587113e-05,4.9787437607777194e-05,1.0579008082927523
2013-08-02,4.130983358011611e-05,0.5869582639110829,0.00013986358970648316,1.3008788278213583,4.461555291308937e-05,5.233586292069928e-05,1.0800225768656793
2013-08-05,3.7225611971094185e-05,0.5903907519067159,0.00013834022204655205,1.2747912658388512,4.2367681944123664e-05,5.485819965466595e-05,1.1381325840129186
2013-08-06,4.1983018398946586e-05,0.6127584685204543,0.00013976405100763368,1.315984669419639,4.693792554185305e-05,5.591307193492619e-05,1.118021698578747
2013-08-07,4.81253999850549e-05,0.6293250123605663,0.00014048222145443477,1.3107588514739126,5.174553150029325e-05,6.933101999637289e-05,1.075222886799124
2013-08-08,4.5117615842124565e-05,0.6394085385667053,0.00014143513677248294,1.2748962153030703,5.1077562032122074e-05,6.823687017526366e-05,1.1320979860915643
2013-08-09,4.7210405389653165e-05,0.6447162304091013,0.0001418304569365194,1.2570129254844549,5.27560437047636e-05,6.744135474911074e-05,1.1174664413351096
2013-08-12,4.729046229109182e-05,0.6558471912222453,0.0001425193789306296,1.245126705124967,5.384264710302869e-05,6.831457212103125e-05,1.1385519298078657
2013-08-13,5.1414947954433665e-05,0.6725688732676826,0.0001458226338635188,1.2981884782313369,5.823632130930895e-05,7.651696745582106e-05,1.1326729604184507
2013-08-14,5.361675369996386e-05,0.6821528479215478,0.00014769461996804085,1.3034548454599033,6.070357829406178e-05,7.704283773000547e-05,1.1321755627682228
2013-08-15,5.120699157562921e-05,0.68793052165355,0.00014895312819727366,1.2386405465568586,6.008056710944036e-05,6.794578806880539e-05,1.1732883588895373
2013-08-16,4.9139520575593413e-05,0.6919108172793875,0.00015184930728428058,1.2335067562492468,5.97684489243314e-05,6.715185956713968e-05,1.2163010184925809
2013-08-19,5.1240075352845624e-05,0.697543143488573,0.00015267461265205034,1.273026442189634,6.169633520136314e-05,6.819318582955253e-05,1.204064099760088
2013-08-20,5.687877447837599e-05,0.7060559357195699,0.0001587549715522333,1.3290769452374205,6.70931049767786e-05,7.191732777834717e-05,1.179580706372038
2013-08-21,5.746511661394483e-05,0.7162811787607161,0.00016405089102321444,1.3309600078395547,6.954645260575278e-05,7.046142454587566e-05,1.210237735580897
2013-08-22,5.43081375808944e-05,0.7219323613259618,0.00016766458820202985,1.3221544265802312,6.888896152935774e-05,6.850776842649035e-05,1.2684832254971836
2013-08-23,4.6628310947370826e-05,0.722448370991859,0.00017114511638372835,1.324259707646499,6.453776386144608e-05,6.848719445278026e-05,1.384089677498496
2013-08-26,5.7057237442025364e-05,0.7222849463518093,0.0001763167407364983,1.3635071959311025,7.244538226211582e-05,7.020814263447277e-05,1.2696966328894912
2013-08-27,6.26349019454684e-05,0.6984536233352485,0.00019169898998035384,1.3735843471287676,7.653422484670063e-05,6.219018628673361e-05,1.2219101885612171
2013-08-28,6.352118414260544e-05,0.6804984698107368,0.00020393570532830326,1.3963739620670046,7.745207910558785e-05,6.373816678073442e-05,1.2193110086189116
2013-08-29,6.345432123592429e-05,0.6671559192264644,0.0002088572301910778,1.3936553581428124,7.680379895501242e-05,6.363548901077471e-05,1.2103793320781817
2013-08-30,6.533098257867051e-05,0.656463065626539,0.00021692429699158612,1.394143915024062,7.814910180556374e-05,6.303207294755052e-05,1.1962027620120033
2013-09-03,6.741624909395761e-05,0.6443737361471139,0.0002128350788951756,1.4264830540344131,7.718656745950578e-05,6.49754862424303e-05,1.1449252739043867
2013-09-04,5.29054408502055e-05,0.6137951165407466,0.0002203641883133786,1.4191606766691824,6.627414088516878e-05,6.359670237837572e-05,1.2526904571651698
2013-09-05,5.526096611110341e-05,0.593744668197467,0.00022051398051219212,1.412804734810487,6.554310684226314e-05,6.964932486118851e-05,1.1860651641610327
2013-09-06,5.903493096893949e-05,0.5737376324379423,0.00022111436187918808,1.4046703191268717,6.555055042068682e-05,7.389072013775066e-05,1.110368884062479
2013-09-09,5.950680039687122e-05,0.5645245919738549,0.0002198472397592138,1.4284089570180762,6.456938856451201e-05,7.300112349804615e-05,1.0850757919074234
2013-09-10,6.058865375686932e-05,0.5560356713852103,0.00022186501312354619,1.4534039707307866,6.446778013832554e-05,7.334120847633872e-05,1.0640239738123645
2013-09-11,5.2548421709793746e-05,0.5710305891567706,0.00023260294189737264,1.3609055110475572,6.313160247489387e-05,7.001682912770026e-05,1.2013986418763873
2013-09-12,5.463125330927889e-05,0.582268312016873,0.0002400658443768475,1.3921861865774492,6.668204727046927e-05,7.159031129772802e-05,1.2205842485979286
2013-09-13,5.629719144726608e-05,0.5855972741549285,0.00023440384078076868,1.3763941863338574,6.727051815666326e-05,7.10342402922515e-05,1.1949178356379635
2013-09-16,5.4138744378514925e-05,0.5905729408794967,0.0002594907653073287,1.3414747345143012,6.999847643489305e-05,6.930460360554358e-05,1.2929460636451717
2013-09-17,5.7555509167455784e-05,0.587062365251215,0.0002599625776899724,1.3389524362164769,7.180969918445927e-05,6.915254402510031e-05,1.2476598717167355
2013-09-18,6.204530316157312e-05,0.582820631768291,0.0002676364233552717,1.3045724200093798,7.510381212262398e-05,6.447402614373894e-05,1.210467324610293
2013-09-19,6.178297806302708e-05,0.5831596100995649,0.0002708252992142685,1.3264658938896834,7.543388440126561e-05,6.69527342915168e-05,1.2209493094410686
2013-09-20,6.675064824066973e-05,0.5743823158346463,0.0002662365760009244,1.3418756187345804,7.657070818368133e-05,6.306670385600356e-05,1.1471155741829702
2013-09-23,6.644616634370019e-05,0.5662446904480022,0.00026253990904692183,1.354109051594588,7.478883574718783e-05,6.27149955274181e-05,1.1255553158677998
2013-09-24,6.687102886618699e-05,0.5576902254788216,0.0002555469751031527,1.3801754016822654,7.29033369960678e-05,6.352141408486643e-05,1.090208095077344
2013-09-25,5.221698153901886e-05,0.5632403223178384,0.00025484737242210297,1.3748851245953488,6.497401436456056e-05,6.271007222878696e-05,1.2443081244749674
2013-09-26,5.0374063840171386e-05,0.5617981789399179,0.00025241061254400093,1.378346372551983,6.334868827175382e-05,6.28387074798305e-05,1.2575655693125887
2013-09-27,5.122431082106018e-05,0.5548356225800114,0.00025257971682249547,1.3383632252987634,6.311050200074586e-05,6.039586143816681e-05,1.2320419931310982
2013-09-30,5.1567877421329924e-05,0.5461189094402524,0.00025204007869400415,1.3817748381573072,6.226036257633352e-05,6.195510852510706e-05,1.207347784894107
2013-10-01,5.3629225784131454e-05,0.5381493704536569,0.00025365090659483215,1.3474863063755198,6.276561805291859e-05,5.9205643581410204e-05,1.1703621884373825
2013-10-02,4.9785428743887e-05,0.5407991053248089,0.00025379157387074504,1.3402026635458812,6.0789096661883945e-05,5.9720277538717205e-05,1.22102185711011
2013-10-03,5.1677659876475144e-05,0.5457321393587231,0.00025471388854425206,1.280855010793703,6.261195489307805e-05,5.642646489428489e-05,1.211586496810016
2013-10-04,4.988490741732951e-05,0.5497969275929115,0.00025451402893212873,1.2500408441444637,6.195020627158402e-05,5.410129918193611e-05,1.241862709162073
2013-10-07,5.300164613196136e-05,0.5517299009470737,0.00025492383969979136,1.2383698162361845,6.413224246896753e-05,5.136583326218842e-05,1.2100047290850864
2013-10-08,5.7418241986777646e-05,0.5537778071695737,0.00025663677412091383,1.2607365882059645,6.722331679296284e-05,5.1975248043621575e-05,1.1707658483943677
2013-10-09,4.671951297786224e-05,0.537156658230626,0.0002533314459520211,1.2517524332071506,5.843790899233075e-05,5.228307120888159e-05,1.2508244471645327
2013-10-10,5.493659376391755e-05,0.5264500091981035,0.0002572909431446809,1.1955323883811058,6.25893226024674e-05,3.9185443263286467e-05,1.1393011163276048
2013-10-11,5.397060840252837e-05,0.52734508166136,0.00025384603972583905,1.2203849881456543,6.172466662013857e-05,3.993352781829624e-05,1.1436718696920776
2013-10-14,5.390763459317086e-05,0.5251400031133782,0.0002494813499447037,1.207796023448122,6.090027910835498e-05,3.9776086666326784e-05,1.1297152911263142
2013-10-15,5.553151341989191e-05,0.5211477164024519,0.0002447478127799267,1.2969726313647314,6.0756116133666024e-05,4.781460106003966e-05,1.0940835643046352
2013-10-16,4.144281603770634e-05,0.5125724557276952,0.00024409968117730118,1.1630766237757115,5.1554134442585714e-05,3.8902561805555915e-05,1.2439824165346218
2013-10-17,4.1583055321708076e-05,0.5081442706375142,0.00023973696647372058,1.1321411080760462,5.073559221576887e-05,3.70899751479298e-05,1.2201025591614667
2013-10-18,4.3823960134694674e-05,0.5124700491722558,0.00022813766551428347,1.138437027489537,5.124161334291786e-05,3.693648271372055e-05,1.169260221701205
2013-10-21,4.4710412594374516e-05,0.5123631929910499,0.000221722199852938,1.1275696063163745,5.1013703272003324e-05,3.6593813505884015e-05,1.1409803737400959
2013-10-22,4.4371990394003997e-05,0.5080373552116594,0.00021504662663626486,1.1236491676547335,4.9626816745274035e-05,3.6303997040688144e-05,1.1184266539456416
2013-10-23,3.6244305626284386e-05,0.4780976691568973,0.00021583535485567498,1.085461911568512,4.228611739893813e-05,3.4244798961089344e-05,1.166696855361252
2013-10-24,4.040389782719303e-05,0.46540297612921144,0.0002149331947887012,1.0746667155344989,4.337031089257252e-05,3.382352382928456e-05,1.073418982447357
2013-10-25,3.967999624918889e-05,0.46069038684225233,0.00021550661606076113,1.0909246535129185,4.2601536695822645e-05,3.436430938544109e-05,1.073627538376934
2013-10-28,4.081308187982178e-05,0.4865014476972741,0.00021871417982901177,1.1077163327808934,4.596447482828642e-05,3.770238585875043e-05,1.126219160896338
2013-10-29,4.2024721372673885e-05,0.4901118039540956,0.00021610612808635346,1.0391955482701558,4.6706908736874056e-05,3.490228036876578e-05,1.111415072159044
2013-10-30,3.243679795796633e-05,0.5013026646520478,0.0002020524115203395,1.0493178774640337,4.058364216192482e-05,3.4774880850423515e-05,1.251160555814285
2013-10-31,3.3498134377451295e-05,0.5190510603435031,0.00019026626703614523,1.0054042020789162,4.1438239059798574e-05,3.3642938416741396e-05,1.2370312505430758
2013-11-01,3.528785039280735e-05,0.5242329418873962,0.00017859035018564059,0.999746251384822,4.161653366061551e-05,3.3416678525834755e-05,1.1793445391929605
2013-11-04,3.477448195487655e-05,0.5281161013405361,0.0001723068827113462,0.9820931610666652,4.0880015873444853e-05,3.267201710886567e-05,1.1755751221971
2013-11-05,3.766596277267884e-05,0.5329741075470683,0.00016466977111417836,0.984588211462747,4.197469879559925e-05,3.245667214071355e-05,1.1143933595677467
2013-11-06,3.8333959556374354e-05,0.5267340586475482,0.00015713585535867268,1.033606426362471,4.088094137990589e-05,3.8360514038659646e-05,1.0664419186801173
2013-11-07,4.0431492315281525e-05,0.5235838970588913,0.00015115380863437212,0.969365010164493,4.093131658114238e-05,3.4157185911003116e-05,1.0123622512363202
2013-11-08,4.3778322206368926e-05,0.5239145467421047,0.0001464993938739452,0.825457551408579,4.195733811457386e-05,2.6558805698275077e-05,0.958404433975084
2013-11-11,4.088414418239951e-05,0.5238228472512326,0.0001433502662980733,0.8176685439835207,4.010154863753164e-05,2.638764583786736e-05,0.9808582138499361
2013-11-12,3.99781619662566e-05,0.5241560179828594,0.0001405381809552286,0.8359630199421568,3.928883506875993e-05,2.7317212716396492e-05,0.9827574139581882
2013-11-13,4.4902541372157916e-05,0.49779966992954716,0.00013992243656364917,0.9422464427915428,3.94578797329546e-05,2.9775610804289267e-05,0.8787449112495154
2013-11-14,4.545126757048379e-05,0.4783777784160893,0.00013939346725673273,0.9052270697622238,3.8077217771481364e-05,2.8222903399029953e-05,0.8377592046785697
2013-11-15,4.488960878325864e-05,0.4736856523690865,0.00013924198682103883,0.98586997425583,3.744969167190558e-05,3.209901273227683e-05,0.8342619302548313
2013-11-18,4.304897041106976e-05,0.4660524964830627,0.0001404017286093794,1.3867119971602668,3.623284620644311e-05,5.957558080485407e-05,0.8416658020031548
2013-11-19,4.253689180732228e-05,0.47118190711716185,0.00014133776065422256,1.435777542288169,3.65342827010006e-05,6.230522181325938e-05,0.8588846328144646
2013-11-20,3.986505410246521e-05,0.5026090470759002,0.00015179667322290778,1.4962701412096222,3.909827594961448e-05,6.58113479602963e-05,0.9807656562843267
2013-11-21,3.485111027762049e-05,0.5245108756660745,0.0001618222895865841,1.509024148796145,3.938963691692385e-05,6.72043016259547e-05,1.130226170791975
2013-11-22,3.677714977289896e-05,0.5408023599054262,0.00017137945928562417,1.4232392194860988,4.2934558009951715e-05,6.62673276243273e-05,1.16742483512385
2013-11-25,4.464079349966786e-05,0.5472724653048011,0.00017882992088722155,1.4232531779032185,4.8897836410619695e-05,6.727390418014325e-05,1.0953621693795275
2013-11-26,4.5604254902161166e-05,0.5349540477693059,0.00018449693478959377,1.377752509646856,4.90697378532427e-05,8.053751012265849e-05,1.075990342535282
2013-11-27,5.098239319509307e-05,0.5426302959340781,0.0001948618618201752,1.37715078350319,5.40850916999871e-05,8.204622821897182e-05,1.0608582357642768
2013-11-29,5.306536742177139e-05,0.5498646156594748,0.00020285397377605978,1.378460404305628,5.704966794001529e-05,8.213214406236392e-05,1.0750828781901403
2013-12-02,5.1303727815654587e-05,0.5541209666851283,0.00020896397185382756,1.3408625941403938,5.737395016391661e-05,8.544571252992316e-05,1.118319323111834
2013-12-03,5.129816798105141e-05,0.5399560080889533,0.00021185485436898984,1.3825601279671862,5.628964574613543e-05,9.248530947562183e-05,1.0973032363831743
2013-12-04,4.926678581923591e-05,0.5393236027788598,0.00021417279933200518,1.4026607887585625,5.539986398033404e-05,9.393525654569051e-05,1.124487077025908
2013-12-05,6.186383108747796e-05,0.5670643085669743,0.00022084470401959372,1.381947157175232,6.628178773408113e-05,9.54630952941995e-05,1.071414210354286
2013-12-06,6.149224160789946e-05,0.587729175816865,0.00022603683105889365,1.4499526071855025,6.929103011015422e-05,9.627719130764903e-05,1.1268255685324198
2013-12-09,5.694825981469449e-05,0.5932643519339315,0.00023029000455098005,1.451646701573382,6.794007567826794e-05,9.70230425265627e-05,1.1930140780304792
2013-12-10,5.3452041059883435e-05,0.6027682219347755,0.0002303166690946613,1.4715082774573764,6.687983305298359e-05,9.875169877044131e-05,1.2512119598586837
2013-12-11,5.2671389427449466e-05,0.6008110316284164,0.00022762588905711392,1.4910686017629555,6.578639876653949e-05,9.533506463577711e-05,1.2489968364543502
2013-12-12,5.926873458923956e-05,0.6275599627950066,0.00023579679720102167,1.5257542516298797,7.41885711865135e-05,9.885209727330365e-05,1.2517319915917808
2013-12-13,5.102150798536989e-05,0.6392957316424874,0.00023785067634946066,1.523116214926259,7.042561454132982e-05,9.960159053501844e-05,1.3803122902898897
2013-12-16,5.265033739264804e-05,0.6493375809456052,0.0002413558205461464,1.5321412621326913,7.31981333994253e-05,9.923644642935408e-05,1.3902690281647938
2013-12-17,5.547285481711756e-05,0.6566900539933701,0.00024703479794888175,1.5342964480659282,7.687405032579102e-05,9.968855852842273e-05,1.3857958199416405
2013-12-18,5.7755345996717895e-05,0.6481302421714313,0.0002474985053071999,1.521071702590977,7.74898234827867e-05,8.961328061271198e-05,1.3416909230738618
2013-12-19,6.478693026373803e-05,0.6563622791381971,0.0002478764443728187,1.536668804595277,8.317732411696465e-05,9.0452244297114e-05,1.2838596269087306
2013-12-20,6.101338500649426e-05,0.6509853421165746,0.0002460410254745951,1.5358144429316996,7.976043873812861e-05,9.119669388664031e-05,1.3072613284714316
2013-12-23,6.0371580554275465e-05,0.6374859397888538,0.00024195745960922606,1.5462391410662495,7.704711681089781e-05,9.113761070404656e-05,1.276215002216658
2013-12-24,6.05937066863415e-05,0.6291201529731235,0.0002381478051489616,1.5329880139618337,7.557369372092768e-05,9.215041012812572e-05,1.2472201793517748
2013-12-26,6.0130930524985e-05,0.620894317015866,0.000234893069178624,1.687854438570802,7.379072007909285e-05,0.00010771996086531138,1.2271674400320824
2013-12-27,6.1029823506439453e-05,0.6344994159802553,0.000247404618293717,1.686459876532539,7.796616718863428e-05,0.00010762870176171895,1.2775093013403163
2013-12-30,6.103786899254316e-05,0.6433900008169929,0.00025661690484422324,1.672976033339417,8.052238312139809e-05,0.00010687540681067612,1.3192200915670125
2013-12-31,6.15980310886923e-05,0.6468719644700239,0.00026182840404203315,1.6929241191017732,8.215048348331407e-05,0.00010745536210205523,1.3336543722481842
2014-01-02,6.274975633376732e-05,0.6214916450675922,0.0002452914891849333,1.68739291428557,7.710500265215671e-05,0.00010319132302717186,1.2287697539737608
2014-01-03,6.287727487442676e-05,0.6177430078864442,0.0002440452815638182,1.6856111051958396,7.652263241247411e-05,0.0001042312267986499,1.2170157273084548
2014-01-06,6.194585296328845e-05,0.6362282776815175,0.00026021095086506293,1.6876502352882297,8.077591221871856e-05,0.00010390889710334377,1.303976107433528
2014-01-07,5.985294868622432e-05,0.6413957936344582,0.00027174336452553114,1.7144508760532102,8.179906830155837e-05,0.00010959299595540359,1.366667308746731
2014-01-08,5.957982003469859e-05,0.6453114095288108,0.00028670808840240876,1.7127852145044946,8.43410318298601e-05,0.00010983289189533511,1.415597290840101
2014-01-09,5.8876921963223624e-05,0.6575486272342579,0.00030418814564811726,1.7030008247275292,8.799774978051802e-05,0.00011217718552283926,1.494605132983755
2014-01-10,5.8643073362417135e-05,0.6647932179793812,0.0003037594964181247,1.6642858758005592,8.872783275674673e-05,0.00011113722165298702,1.5130147120428745
2014-01-13,6.549653155125348e-05,0.6895552546925636,0.0002934925444489105,1.6925962764933813,9.560415339334044e-05,0.00010687862681764266,1.45968269050288
2014-01-14,6.384952094066409e-05,0.704977354706254,0.000280925800465804,1.6886697580026222,9.441691408241771e-05,0.00010360437616078089,1.478741150934557
2014-01-15,6.070372053025981e-05,0.7196227926814734,0.00027507720763384044,1.79539200902823,9.299077533655756e-05,0.00011214084689304048,1.5318793399195882
2014-01-16,6.085694586035492e-05,0.7251465856963416,0.00028025381944968877,1.8170783004615192,9.470145534073667e-05,0.00011417061103815151,1.5561322376913702
2014-01-17,6.130074788390541e-05,0.7280597044554734,0.0002803948301921082,1.8086911557924303,9.545196703367477e-05,0.0001136532796379004,1.5571093392603748
2014-01-21,6.022038567812545e-05,0.7375284688684616,0.00026616252296321176,1.6874732216416577,9.337357940753068e-05,0.00010786037051690768,1.550531076081232
2014-01-22,6.0180607898710316e-05,0.7466865922113404,0.0002523126047567188,1.6879649250699038,9.201022903080296e-05,0.00010806008221153832,1.5289016220252365
2014-01-23,6.197862719476769e-05,0.7414403451713639,0.00024386934242049383,1.6571501111202198,9.11540132540294e-05,0.00010427121839045057,1.4707330152308493
2014-01-24,8.312838911315208e-05,0.7406514709255125,0.0002467784605886072,1.4318782376313368,0.00010608212173203062,7.585799653618116e-05,1.2761238713243264
2014-01-27,7.785643656399444e-05,0.7279062701696054,0.00023526089681436097,1.3656941606290702,9.851391890585523e-05,7.215398979447361e-05,1.2653278682345201
2014-01-28,5.7778264472590076e-05,0.6874306226686588,0.00024252231306728437,1.3170386002200742,8.137424490343036e-05,6.905107626119491e-05,1.4083885289083784
2014-01-29,5.541992369045716e-05,0.6551601635257706,0.0002475204750004253,1.316770433535842,7.673367692992989e-05,6.566490713929964e-05,1.3845864775729162
2014-01-30,5.718939038351772e-05,0.6342591083409981,0.0002513089790453261,1.3593188685808717,7.603760849709553e-05,7.027501273014138e-05,1.3295754332609562
2014-01-31,5.786696567157789e-05,0.6228043244466169,0.00025628022793241194,1.234970700317118,7.584457556387312e-05,6.6582882642367e-05,1.3106713767285911
2014-02-03,7.055814511505822e-05,0.6175490910988161,0.00025969939681725506,1.2167048112707044,8.359504481549074e-05,5.017213739920501e-05,1.1847681749452657
2014-02-04,5.3287933521446234e-05,0.5833453862849065,0.00026011034438317424,1.312093820206337,6.867821813726632e-05,5.576339897478421e-05,1.28881368818001
2014-02-05,5.1744253938995175e-05,0.5505918571741246,0.000256525484454026,1.2749801066348845,6.343458562164741e-05,6.86441921723436e-05,1.2259252147385247
2014-02-06,5.460185755120456e-05,0.525731274911695,0.00025163877521688926,1.2992613621691649,6.162491076830117e-05,6.82599007681093e-05,1.1286229724054813
2014-02-07,6.356327391387762e-05,0.5077855603364064,0.0002472611665523571,1.1436289636045769,6.36592375632959e-05,5.784387591252245e-05,1.0015097342145765
2014-02-10,6.2547563500994e-05,0.5064685814788541,0.00024292010315501167,1.1180637957249548,6.242943954149223e-05,5.754583951375142e-05,0.9981114538618295
2014-02-11,5.609995653519849e-05,0.5092093712125971,0.0002439585429156707,1.163441114471952,5.95711062818227e-05,5.9619820576854736e-05,1.0618743749729347
2014-02-12,5.280573476410588e-05,0.5060420886032746,0.0002447456688697906,1.166534017683355,5.752871746759192e-05,5.980035700288481e-05,1.089440715569712
2014-02-13,5.31879934714369e-05,0.5056782318145697,0.00024518569774013474,1.1750884908286174,5.774689382378908e-05,5.989912473982878e-05,1.0857129599145416
2014-02-14,5.362200748552388e-05,0.5109100470830341,0.00024578146505748784,1.1595884474184237,5.865304207711333e-05,5.8876744832338876e-05,1.09382406268448
2014-02-18,5.088126402858046e-05,0.5205723941893166,0.0002466616529764013,1.152909599933422,5.831911146433849e-05,5.872274928970928e-05,1.1461804767975128
2014-02-19,5.093399391722896e-05,0.5213005873121334,0.00025009757865176123,1.1100584996719245,5.883649916096738e-05,5.5319995053695335e-05,1.1551518865098327
2014-02-20,5.128532994270177e-05,0.52692938092167,0.00025247106678794577,1.077825664874024,5.9959057766642916e-05,5.481616991279776e-05,1.1691268796287715
2014-02-21,5.0142924359823583e-05,0.532036117354333,0.0002541359611658872,1.077876722929783,6.005912581607166e-05,5.4962652539991056e-05,1.1977587383035304
2014-02-24,5.289213529725008e-05,0.5358038425905962,0.0002555281196030864,1.0334735712085934,6.229034317134265e-05,5.2506414031553164e-05,1.1776863010214147
2014-02-25,4.99909412374215e-05,0.5395493729536203,0.0002569642428346586,1.0474252381205738,6.115235637183443e-05,5.336288222384239e-05,1.2232687534608344
2014-02-26,4.8822079787728685e-05,0.5204075070973867,0.00025953229118035775,1.0488282237551358,5.85797334550019e-05,5.343393736045315e-05,1.1998614911469991
2014-02-27,4.902946505121921e-05,0.5117304714050376,0.0002622993970891897,1.033407955555277,5.803212874466979e-05,5.215764953344453e-05,1.1836174162627686
2014-02-28,4.913560627678946e-05,0.5085674935073887,0.0002633075840156654,1.0409092290953594,5.784668036833698e-05,5.2479344644205214e-05,1.1772863866271746
2014-03-03,5.060228536900576e-05,0.5107649799482582,0.0002627388838897991,0.9389823722654762,5.8893634097044634e-05,4.792550852235572e-05,1.1638532463025353
2014-03-04,5.593664385448813e-05,0.518120111652658,0.00026522850323217815,0.6414973308900185,6.31086297222676e-05,3.0433840992663087e-05,1.1282162348966887
2014-03-05,4.9068183379191435e-05,0.4708995089719859,0.0002581591929018221,0.6379570622654928,5.299953078623299e-05,3.0272038094823385e-05,1.080120092823912
2014-03-06,4.928243059442446e-05,0.4445967170160127,0.0002531393815089824,0.6651314106287616,4.9658336637434154e-05,3.151679268618757e-05,1.0076275873262674
2014-03-07,4.8971813978785636e-05,0.41970912525213805,0.00024669737748781806,0.7143746105862304,4.613215830104256e-05,3.534011641464007e-05,0.9420144886000507
2014-03-10,4.912023117884392e-05,0.405328320652387,0.00024061110644774055,0.7184431417741174,4.406512287646059e-05,3.554137455943142e-05,0.8970870417124469
2014-03-11,5.148937537691702e-05,0.39575490004196723,0.00023776590547651766,0.7091827924576416,4.378848321331135e-05,3.5049664775807647e-05,0.8504372580317217
2014-03-12,4.8906113932888686e-05,0.3826805975888396,0.00023331702753384486,0.9265822308102848,4.087815052728261e-05,4.747454726820924e-05,0.8358494928339137
2014-03-13,5.192240840939531e-05,0.3710730289834801,0.00023057150016794466,0.8875068766863438,4.06012698067287e-05,4.3043579824989076e-05,0.7819604492649448
2014-03-14,5.053194068255615e-05,0.37131267107591864,0.0002262851805298878,0.906372974296646,3.97055133233357e-05,4.396165281991883e-05,0.785750810022664
2014-03-17,5.312543808337814e-05,0.3660635979098509,0.00022788190005657239,0.8858681182139185,4.0277520007390007e-05,4.233527724565168e-05,0.7581588305055694
2014-03-18,5.3640183376897774e-05,0.3655488656308887,0.00023091203115606002,0.8747489031735433,4.0683082202955736e-05,4.218924347790331e-05,0.758444129787921
2014-03-19,4.9711758607667365e-05,0.36456173353699733,0.00024151097029673498,0.8978244360234658,3.99456116604325e-05,4.2757677476772304e-05,0.8035445290859501
2014-03-20,4.924048797705463e-05,0.3664270660137122,0.0002510074987117213,0.9491968716494832,4.0737283675797736e-05,4.484755752612107e-05,0.8273127531713482
2014-03-21,5.1299807125194504e-05,0.3589411745266967,0.00025941459399666925,0.8485453249644007,4.1407436838540566e-05,3.923705140481542e-05,0.8071655462073741
2014-03-24,5.150721281894852e-05,0.3616425802977973,0.0002653351708705152,0.8160056365511457,4.2277665127006344e-05,3.7339815568679786e-05,0.8208105780372026
2014-03-25,5.187847468728203e-05,0.36048233691330056,0.0002688683197717407,0.8547706825859467,4.257428917865815e-05,3.918371664003405e-05,0.8206542199879906
2014-03-26,4.894688218699071e-05,0.3768700968565876,0.00027207782776517397,1.017316286974437,4.349113800874292e-05,4.515983108035865e-05,0.8885374525510057
2014-03-27,4.819111839496585e-05,0.39471813371897774,0.00027041471230821167,1.0133729975348815,4.505943476787324e-05,4.477065272764631e-05,0.9350153361989676
2014-03-28,4.77393720640184e-05,0.41087901759092915,0.0002682259908258779,1.0389109033003054,4.649462442469695e-05,4.556838202230773e-05,0.9739261832423719
2014-03-31,4.471229395078723e-05,0.41857442869521866,0.0002613934073630071,1.0331828677740462,4.5251552538438205e-05,4.4077091570374904e-05,1.012060633441096
2014-04-01,4.637295349124256e-05,0.4281271093465844,0.00026251094699778936,1.0184305196563117,4.723662023268653e-05,4.341860329279744e-05,1.0186243634796104
2014-04-02,4.141854620280984e-05,0.4273353163940444,0.00026388042212822986,1.024199332125984,4.4675538540892214e-05,4.388085046883276e-05,1.0786360854418744
2014-04-03,4.131197301210188e-05,0.43210898779325263,0.0002654728749310687,1.0112942136492735,4.5252371582586965e-05,4.322806479285063e-05,1.0953815149262125
2014-04-04,4.5815215175484866e-05,0.4319478609803711,0.0002671867503284886,0.9707488676360704,4.7790728630713756e-05,3.78787360987325e-05,1.0431191569801022
2014-04-07,4.72141155464609e-05,0.4443893297257524,0.00026794219938074685,1.113602184098413,4.998274583937951e-05,4.0187923539538423e-05,1.0586398847224863
2014-04-08,4.530353492960697e-05,0.45350077995058696,0.00026865213523594536,1.1186171002804672,5.003100556838124e-05,4.1858285563207004e-05,1.1043510323448238
2014-04-09,4.691297863661334e-05,0.4494765739883142,0.000265344439513567,0.9932165762776616,5.0148570941739695e-05,3.510652959973285e-05,1.0689700888572684
2014-04-10,5.810324280314903e-05,0.4520434920734298,0.0002639741447499989,0.9453573674059692,5.598363616843412e-05,2.2709441783096524e-05,0.9635199941955729
2014-04-11,5.691804938589508e-05,0.4515562523430466,0.0002623409834853428,0.9646231291706568,5.5178505717612073e-05,2.0810397531958136e-05,0.9694377497638897
2014-04-14,5.793906540801691e-05,0.4522292146513773,0.00026292149833810293,1.167372796902023,5.58158325398898e-05,2.5005957142032832e-05,0.9633540366387525
2014-04-15,5.375893588153699e-05,0.44491529791062806,0.00025975957866340206,1.1797724384385515,5.257611069351082e-05,2.450294077783222e-05,0.977997607864995
2014-04-16,3.1303883437837385e-05,0.42094349392966385,0.0002515650593553882,1.0638950342570237,3.735494235908319e-05,2.048501360565263e-05,1.1933005830813892
2014-04-17,3.0074876652121772e-05,0.40705316346278164,0.00024474567513678235,1.050267318475189,3.492292206485813e-05,2.0269214158123457e-05,1.1611991785972737
2014-04-21,3.398061258211898e-05,0.39565605260146075,0.00023846200062515002,0.8827533827080193,3.561582488339752e-05,1.790696042290315e-05,1.0481219194423532
2014-04-22,3.465237531876505e-05,0.39126502970708843,0.0002346067074188572,0.9625922253957936,3.5278308239382515e-05,1.9522612290211056e-05,1.0180632038888977
2014-04-23,3.661275306357103e-05,0.3907429106723027,0.0002316782386030082,0.9761000003952088,3.598735448870392e-05,1.9620286844178298e-05,0.9829185591757816
2014-04-24,2.8915216768426475e-05,0.37506757482135555,0.00022599656318493324,0.9704444759478624,3.0319613715752743e-05,1.950274989577267e-05,1.0485694767074953
2014-04-25,3.367547480592454e-05,0.36202476928883315,0.00022212653490844301,1.052177061655506,3.131088695667128e-05,1.9157206126081196e-05,0.9297830880520426
2014-04-28,3.364553762091845e-05,0.35298477562875,0.00021712171343854633,0.9751234304570888,3.0169724158389004e-05,1.834452762050232e-05,0.8966931810782413
2014-04-29,3.9441733334885286e-05,0.35573188627025365,0.00021247524461876958,1.0768312292423972,3.2565290781275514e-05,1.9952254252308004e-05,0.8256556704741036
2014-04-30,4.001418281063408e-05,0.35696760864208554,0.0002100766981530744,1.0481326985659078,3.272839644960001e-05,1.9680071883003627e-05,0.8179199011631991
2014-05-01,2.1991126094734782e-05,0.34746091518619565,0.0002111733121044932,1.0549009808112937,2.367822861467142e-05,2.0286365500618014e-05,1.0767174228672434
2014-05-02,2.5114593555483047e-05,0.34443475374902366,0.00021208327219283097,1.0331155346702268,2.5137567537158372e-05,2.1035254059277615e-05,1.0009147662144948
2014-05-05,2.3421323104644024e-05,0.34407889221780436,0.00021267502332544095,1.0228387167262014,2.428409865520032e-05,2.1090273430086325e-05,1.0368371823701636
2014-05-06,2.3724080850696792e-05,0.348990734467715,0.00021054513720270384,1.250629091863379,2.466500467835667e-05,2.377493294670316e-05,1.0396611288581172
2014-05-07,2.503936026433856e-05,0.35607133235355864,0.00020899050282218644,1.2999345749391351,2.5757985800411527e-05,2.403087109859698e-05,1.0286998361174764
2014-05-08,2.245244272166245e-05,0.3734457602376335,0.00020614256668237359,1.332631090075661,2.5406402339663488e-05,2.4964295662583483e-05,1.1315651777679858
2014-05-09,2.6257615904936162e-05,0.38276033013745714,0.0002038438486442314,1.337772126701397,2.8002923326415123e-05,2.532580422674238e-05,1.066468617249857
2014-05-12,2.5472098693136958e-05,0.3884987659688333,0.0002046609186931471,1.270841228909387,2.805042641452089e-05,2.2102186047447474e-05,1.101221644609858
2014-05-13,2.7268227179962204e-05,0.3878790612520117,0.0002052911773266138,1.1462969607861693,2.902083676005991e-05,2.3833061102252866e-05,1.0642729565266933
2014-05-14,2.54765910501542e-05,0.38674501699759295,0.00020555616787928648,1.2333265313497883,2.7987276666887972e-05,2.72149464611931e-05,1.0985487270173289
2014-05-15,2.174205444419079e-05,0.3961932556462187,0.0001999844155008387,0.6684362796179497,2.6124948578260624e-05,1.3395531301086583e-05,1.2015860159544807
2014-05-16,2.0552751262807784e-05,0.4004706384247527,0.00019495110975981705,0.68735054853247,2.534944872383479e-05,1.3850618524908093e-05,1.2333846889738358
2014-05-19,2.1296152341554682e-05,0.4028856022180593,0.00019305078954856303,0.6639012867494011,2.5832599505916e-05,1.3300135730195427e-05,1.2130172198059201
2014-05-20,2.0908636850371392e-05,0.40593299111708236,0.00019287879936126835,0.5954475763047116,2.577860759598325e-05,1.1179179852766483e-05,1.23291670233994
2014-05-21,2.119414789263069e-05,0.4077508383885772,0.00019117800250718634,0.6337637733247052,2.5955045990532374e-05,1.162876902009578e-05,1.2246326732275503
2014-05-22,2.007249814887391e-05,0.38410540265640314,0.00018128232834598883,0.6270545101250424,2.31701510125358e-05,1.1479558914724084e-05,1.1543232357371358
2014-05-23,2.2049522594442057e-05,0.3656985141850092,0.00017331151297573036,0.4718479553844832,2.260666496348299e-05,8.816825133440163e-06,1.0252677746946488
2014-05-27,2.174082787467674e-05,0.35434386905323206,0.00017420348130050469,0.4812226563649218,2.1806771686324878e-05,8.671903748320008e-06,1.0030331784984576
2014-05-28,2.1661197917021908e-05,0.34682941917558596,0.00017653163828147735,0.4922419977637702,2.144709323109687e-05,1.3491971733682922e-05,0.9901157504425557
2014-05-29,2.1856321025887475e-05,0.34189890181130955,0.00017828693623433406,0.4681042909911404,2.1342534753229958e-05,1.2665387235445158e-05,0.9764925546230324
2014-05-30,2.8179051435749515e-05,0.30257800728991957,0.0001684949221305741,0.4255929537345419,2.0849418744425273e-05,1.1568943533678665e-05,0.7398907231481375
2014-06-02,2.8496658002674943e-05,0.2851427412324917,0.0001603157295076652,0.4396698400415579,1.927291266276089e-05,1.1958642230160672e-05,0.6763218571438016
2014-06-03,3.418588872187905e-05,0.27184087636428966,0.00015363028685190717,0.4436960214238175,1.9700471463915296e-05,1.2514677672310893e-05,0.5762749543880351
2014-06-04,2.793146765100254e-05,0.2684995077584682,0.00015008828126351477,0.528049966610291,1.738456243539766e-05,1.5099705988233445e-05,0.6224006075374876
2014-06-05,4.136471088316827e-05,0.26471595515090796,0.00014876222518588988,0.5865918505192075,2.0765454818637794e-05,1.6234803941840702e-05,0.5020089437416442
2014-06-06,3.9833023701562004e-05,0.2800123789182955,0.00014105252119096817,0.5991276857082019,2.0988881481383552e-05,1.7213447945538677e-05,0.5269216225872528
2014-06-09,5.1073182956276414e-05,0.30927807221060644,0.00013947817156053497,0.6164966887267446,2.6103498349363712e-05,1.8055091322272033e-05,0.5110998931026256
2014-06-10,4.95066057749403e-05,0.3358049066239597,0.0001497516773329464,0.6018332192295038,2.891375263191309e-05,1.77045979451571e-05,0.5840382748790448
2014-06-11,4.7157992518462575e-05,0.3504039492714781,0.0001596759667221671,0.5998721381864376,3.040649939013123e-05,1.7534397887571796e-05,0.6447793420855849
2014-06-12,4.667919578081926e-05,0.36247740302412984,0.00016722104770241892,0.6025807495483283,3.2024922711647896e-05,1.688048149520626e-05,0.6860641486202963
2014-06-13,3.72024477228719e-05,0.3827812321590583,0.00016983221448646572,0.6235986970491414,3.042610991854726e-05,1.7667595344727806e-05,0.8178523667366495
2014-06-16,2.938646502467408e-05,0.4319446313100828,0.00017828724871836365,0.6231889207121142,3.1265249261047186e-05,1.7655295300573155e-05,1.0639336590772521
2014-06-17,3.191330809025626e-05,0.48614345832471,0.00018653268723232963,0.629633636592293,3.7508338957169475e-05,1.7780790597631337e-05,1.1753196770165448
2014-06-18,3.560112133469648e-05,0.5128422178092854,0.00019310630384474894,0.5849660926175917,4.2522014762017906e-05,1.590850677495692e-05,1.1944009954702295
2014-06-19,3.687128606172102e-05,0.5390898835712076,0.00019916773133617073,0.5880335580712805,4.6197110580171496e-05,1.6065716698764873e-05,1.2529291900163022
2014-06-20,3.6786047916274955e-05,0.5122590179930082,0.00018042539850432146,0.5884555245432564,4.1733039396923476e-05,1.5954362480692147e-05,1.1344801021275206
2014-06-23,3.78482539714106e-05,0.48658798160856487,0.0001658955554343064,0.5920339543689398,3.855686172999813e-05,1.6057005978152627e-05,1.0187223368117004
2014-06-24,3.933090292313687e-05,0.4810022624234369,0.00015683759363388055,0.6422360298002251,3.777801742450897e-05,1.6851322268622445e-05,0.9605174205722493
2014-06-25,4.004889359785303e-05,0.4834644546075687,0.00015217996079593013,0.5802605010203369,3.7743184892179984e-05,1.522257550718258e-05,0.9424276553348617
2014-06-26,4.4267929857314866e-05,0.5092859206685735,0.0001472112651108553,0.5697986220565694,4.111277573472702e-05,1.5053191456741453e-05,0.9287259618247885
2014-06-27,3.536085878696092e-05,0.5125097154799998,0.00013538498111996072,0.6452530910300628,3.54608179463712e-05,1.7680285246161513e-05,1.002826830649462
2014-06-30,3.524942345217237e-05,0.5179188080927157,0.0001261918964065009,0.6615262700340105,3.4542472861917146e-05,1.8288678767962726e-05,0.9799443360764627
2014-07-01,3.707778978776346e-05,0.5277662258539766,0.00011798846275482095,0.7270806519801915,3.490746286398284e-05,1.9449846721577163e-05,0.941465579900966
2014-07-02,3.729144432547138e-05,0.5187008911485835,0.00011095423467715459,0.7512150095280913,3.3365185007697384e-05,2.0711748720900548e-05,0.8947142061995109
2014-07-03,3.7850371933542936e-05,0.5183928775034151,0.0001055132711081596,0.7567748701946366,3.2760283031796796e-05,2.0473331569216184e-05,0.8655207692362116
2014-07-07,3.637233936281704e-05,0.49419626700924396,0.0001018175695599683,0.8381003514148998,3.0074363236789924e-05,2.3462669492391863e-05,0.8268470976473552
2014-07-08,3.904012916123487e-05,0.47961069325476924,0.00010937195164819596,0.8383804097022045,3.133988952661823e-05,2.2613172321532825e-05,0.8027609078132191
2014-07-09,3.921043801203444e-05,0.4708517479627254,0.00012570621928508608,0.8471302179672174,3.305699836445955e-05,2.2993901608242555e-05,0.8430662864391802
2014-07-10,3.784415060760939e-05,0.45508823025574646,0.0001488907181936432,0.844100673856095,3.416086012953729e-05,2.32300272132241e-05,0.9026721324449148
2014-07-11,4.137743263306523e-05,0.44884489512787745,0.000169063004492942,0.7900129601779926,3.7540698726670086e-05,2.2885619653567917e-05,0.9072747229046502
2014-07-14,3.5819786180035966e-05,0.4601419531410192,0.0001660746004508866,0.7911809693907198,3.548991296233998e-05,2.308954971354574e-05,0.99079075413689
2014-07-15,3.740515266448331e-05,0.46696545768661923,0.0001632524875711228,0.813313676638789,3.649054718508937e-05,2.476996936706062e-05,0.9755486767398662
2014-07-16,4.331224214055195e-05,0.4722628855244967,0.00015215470405684884,0.7653334940091779,3.833821083203708e-05,2.764206031977588e-05,0.8851587666052081
2014-07-17,4.7474517764657056e-05,0.4824236701855583,0.00014516931286570557,0.6716087941675838,4.0049426361049604e-05,2.3249693596206257e-05,0.843598381758916
2014-07-18,4.82618636397603e-05,0.49671823579422253,0.00014074073405309274,0.610707481678354,4.0937569475553036e-05,1.976235436757537e-05,0.8482384721220508
2014-07-21,3.56854935741795e-05,0.49329422871649603,0.00011553385689068515,0.6230649933530426,3.167426342691868e-05,2.020852506584587e-05,0.8875949371718043
2014-07-22,3.6878426197529086e-05,0.49014102721868236,0.0001144696568414934,0.6666042641449158,3.184582004125029e-05,2.3979624596091863e-05,0.8635352243796133
2014-07-23,3.8554343811198455e-05,0.49268450727441715,0.00011523800714665374,0.660358445255699,3.284002155094994e-05,2.3647806390109752e-05,0.8517852543871143
2014-07-24,3.79220014302475e-05,0.5052351759905876,0.00011560326979683094,0.6907446822692853,3.345216760180673e-05,2.677055178674133e-05,0.8821308564986361
2014-07-25,3.58816002468109e-05,0.5073580656745843,0.00011833421998733904,0.6905624450181708,3.306021296572831e-05,2.6470990244924385e-05,0.9213695247236542
2014-07-28,3.90148494586092e-05,0.4900319973181445,0.00011573832745170838,0.8177171207059232,3.292895947197836e-05,3.558827522323557e-05,0.8440109324761754
2014-07-29,3.5953585678647994e-05,0.5105343732133254,0.00011816821087183269,0.8227033398117491,3.327717283181103e-05,4.137133378828474e-05,0.9255592231951868
2014-07-30,3.539196672747045e-05,0.5015696275556857,0.00011651375491731036,0.8034183634225533,3.220862446671761e-05,4.747472348401414e-05,0.9100546662109624
2014-07-31,4.5379445989039353e-05,0.48393603810730307,0.00011333508788843896,0.7383049007494008,3.470561560767164e-05,3.9297848969048246e-05,0.764787115648221
2014-08-01,4.584672797284814e-05,0.48929206985248497,0.00011023163284202546,0.7980740743036598,3.4783675459224674e-05,4.702577573187069e-05,0.758694829428714
2014-08-11,3.847004227028839e-05,0.5267052414694153,0.00011229794241387614,0.8174023618024486,3.461902811551882e-05,4.802218078071105e-05,0.8998957649250148
2014-08-12,3.841634430365733e-05,0.5351155868444382,0.00011152628505085728,0.8037378711185571,3.502629788406093e-05,4.787458275849505e-05,0.9117551010892607
2014-08-13,3.776559449586869e-05,0.544303494510264,0.00011209364521831114,0.8107092285731214,3.541439129985867e-05,4.7208423807343494e-05,0.9377421902820243
2014-08-14,3.862814115860239e-05,0.5212391869672536,0.00010524203635076174,0.8574471931672941,3.323407418499358e-05,5.2436732460797375e-05,0.8603591368411585
2014-08-15,3.923523389055349e-05,0.5145397840858137,0.00010574101153835693,0.8340923205832458,3.314200764779065e-05,5.305219180708404e-05,0.8447001422303262
2014-08-18,5.8802594173761744e-05,0.5319279372178904,0.0001090454255873402,0.9016909475348244,4.259462208006735e-05,6.404170180584021e-05,0.7243663766635905
2014-08-19,5.790352204668287e-05,0.5348141509734674,0.00010895155604134511,0.8946745795274366,4.247878624781361e-05,6.377161479835502e-05,0.7336131680136216
2014-08-20,5.609710643686182e-05,0.5402425827034049,0.00011117335262488071,0.9069705795649778,4.2663786216184104e-05,6.745612000257336e-05,0.7605345253271284
2014-08-21,5.441563613273725e-05,0.5402135923503898,0.00011326936645879646,0.9429632979981718,4.241149663335315e-05,7.12917264602518e-05,0.7793990780498801
2014-08-22,5.0059045313325706e-05,0.5378101131314833,0.0001142545635618936,0.9449590703148812,4.067307652484812e-05,7.14339535648584e-05,0.812502041744311
2014-08-25,6.652021183637015e-05,0.5684630616722354,0.00011846889118960995,0.9379525544993096,5.046394791782222e-05,7.320486198046472e-05,0.7586257849261822
2014-08-26,6.338834696697776e-05,0.5900956544687576,0.00012104945968268996,0.9386982305768627,5.169024103431126e-05,7.328228770855161e-05,0.8154533681283621
2014-08-27,6.228211919321129e-05,0.6035119946267191,0.0001287938474705306,1.082401257731632,5.405242156057681e-05,8.555899979963749e-05,0.867864200203202
2014-08-28,6.139493236265438e-05,0.6164163812739631,0.00013284271510957603,0.9914282256623084,5.5668472643617356e-05,8.125522614536199e-05,0.9067274854997585
2014-08-29,6.15753093611576e-05,0.6212508238032104,0.00013762754079084126,0.9929467328468236,5.719037624800223e-05,8.12186600669414e-05,0.9287874773403666
2014-09-02,7.761239871585492e-05,0.5989351973346471,0.00016709259138702201,0.991089830024806,6.82062207126016e-05,8.134449349517867e-05,0.8788057300265892
2014-09-03,7.595624179294328e-05,0.5956923332404865,0.00019135969644302808,0.9745036513537664,7.181728476122799e-05,8.081604271480413e-05,0.94550866480469
2014-09-04,7.498131031863036e-05,0.5937484350952944,0.00021093942491117647,0.9783550666356288,7.467201479677908e-05,8.13800333300452e-05,0.9958750317840948
2014-09-05,7.387822741090312e-05,0.5822052583776699,0.00020897953783927578,0.9726236536674504,7.234128837507923e-05,8.052266812913633e-05,0.9791963195424872
2014-09-08,7.348698808482049e-05,0.5768955185033904,0.0002182564243428328,0.9755895230382672,7.306104962293171e-05,8.076007947787395e-05,0.9942038927844321
2014-09-09,8.133593066383054e-05,0.5527783439025833,0.0002263231657479776,0.95489477103623,7.499921974516978e-05,7.804741698743359e-05,0.9220921077936514
2014-09-10,8.008754908927675e-05,0.5349357658223332,0.00023078246255042308,0.9514401056439958,7.272530293864412e-05,7.75841610201071e-05,0.9080725252008193
2014-09-11,7.945435898388616e-05,0.5151330757250612,0.0002347430037786278,0.950334365455918,7.03517052754684e-05,7.749332264587485e-05,0.8854354396054742
2014-09-12,7.986652544186676e-05,0.5013005243190964,0.00024027609606027474,0.9408101694327622,6.944417740728897e-05,7.585486997118736e-05,0.8695029240734404
2014-09-15,7.976789477234261e-05,0.49140201058654176,0.00024364647646174723,0.937797384590786,6.85063867177016e-05,7.55744980344104e-05,0.8588215461022091
2014-09-16,8.12776222335961e-05,0.4900786301601975,0.0002661789020168024,0.9051515442884932,7.208386674152991e-05,7.250808846237798e-05,0.8868845416559695
2014-09-17,8.038458733415224e-05,0.48780131507227437,0.00027549320825709595,0.9068955503908804,7.259133917799889e-05,7.272722758748997e-05,0.9030504675758619
2014-09-18,8.052555846541116e-05,0.4838820611906162,0.00028260576216624896,0.9079634574888992,7.2995636690618e-05,7.235927541448714e-05,0.9064902880738474
2014-09-19,7.686942885417954e-05,0.4807392790082474,0.00028561366675715783,0.9200093817279456,7.123212941024928e-05,7.302495577597742e-05,0.9266639608494535
2014-09-22,7.562338268336147e-05,0.4801089293099352,0.000290218310127079,0.937840057878058,7.112630334241557e-05,7.298010553435877e-05,0.9405332162966661
2014-09-23,7.716105522203933e-05,0.4863753152358686,0.00028972839940985415,0.933484456807534,7.272205419677973e-05,7.175241187026589e-05,0.9424709652753466
2014-09-24,7.845740621167833e-05,0.47203731996694964,0.0002912555009035177,0.9265223749860056,7.135598037905834e-05,7.028210083653486e-05,0.9094868645866226
2014-09-25,8.684570042440597e-05,0.47915096098362936,0.00029320967555847716,0.9605465294454244,7.646024288706399e-05,6.654265928624707e-05,0.8804148335888901
2014-09-26,7.784867175631449e-05,0.48340671919957096,0.00029414202465556996,0.9931125072704416,7.315042015695156e-05,6.917571252120675e-05,0.9396489176582279
2014-09-29,7.945972408695768e-05,0.5103598611599095,0.00029201695963037997,0.994039709876638,7.774170737356112e-05,6.973991792124542e-05,0.9783787732321292
2014-09-30,7.034453028421699e-05,0.5200696712176641,0.0002935652093638475,0.9738448662063828,7.473585162796415e-05,6.817914600985854e-05,1.0624259103871283
2014-10-01,6.051441443903661e-05,0.517086732541534,0.00029719893011232937,0.9688862779548996,6.934520449505993e-05,6.302350242799723e-05,1.1459287037292516
2014-10-02,5.727685640094654e-05,0.52028585950227,0.0002969999505238133,0.9660683451133308,6.785936605825537e-05,6.280160005384836e-05,1.1847606576595209
2014-10-03,5.732458945014978e-05,0.5261918847884218,0.00029657844453882234,0.9571280600639108,6.860952521400971e-05,6.159579205350271e-05,1.1968602980344667
2014-10-06,5.950629355094935e-05,0.5287222987182608,0.00029345571136205376,0.9686496674625552,6.986832960892409e-05,6.229290657336121e-05,1.1741334477352845
2014-10-07,5.823383972398379e-05,0.511099643283557,0.0003068623928009353,0.877195210903422,6.832271639749414e-05,5.682042561788392e-05,1.173247663580652
2014-10-08,6.403572465426801e-05,0.4933319208144811,0.000293783988752943,0.935351679222976,6.766505559456874e-05,5.524906324187938e-05,1.056676659160112
2014-10-09,6.579132724406009e-05,0.4823992132592212,0.0002970003704153628,0.972309635998738,6.743252315719972e-05,5.4285396229055486e-05,1.024945475063171
2014-10-10,6.388921163395802e-05,0.4698529687243301,0.0003005685556160522,1.0973854287347289,6.510997251102835e-05,5.8944458293096706e-05,1.01910746502969
2014-10-13,7.100010076144222e-05,0.4614660027680937,0.00030154394407595737,1.0661481925487362,6.752187585186959e-05,5.172884648013644e-05,0.9510109862905781
2014-10-14,5.126108009219706e-05,0.4584585199133441,0.0002823465350657335,1.0853223046378064,5.515503386595009e-05,6.065524365121538e-05,1.075963162827421
2014-10-15,4.732231652345586e-05,0.46024811034468804,0.00027005511337537794,1.0854160439084937,5.20296871531281e-05,7.123214467364757e-05,1.0994746448504686
2014-10-16,5.30327919984953e-05,0.4617548514290304,0.00026021538537363887,1.0805837061849597,5.424381154038815e-05,7.098088176181583e-05,1.022835296733523
2014-10-17,4.626798859027275e-05,0.4630337704385833,0.00025850574662030174,1.0398829741057154,5.063934474832164e-05,6.629531223922624e-05,1.0944790619008649
2014-10-20,4.9165393824874467e-05,0.4584706717105658,0.0002522256845986994,1.073688059858759,5.105472897142547e-05,6.704497950598995e-05,1.0384281503628499
2014-10-21,6.127847379397686e-05,0.4677960124389009,0.0002631671065068559,1.039949628882599,5.9405449766831056e-05,5.7441753925044154e-05,0.9694342252477915
2014-10-22,6.0122674099070425e-05,0.47320451874792874,0.00026404201426492304,1.0566243023196975,5.962172623313348e-05,5.657758975159688e-05,0.9916679044396548
2014-10-23,6.055871725038731e-05,0.4729386273539984,0.00026482994958081617,1.0601277567093073,5.989308302470597e-05,5.4393655073369985e-05,0.9890084490573141
2014-10-24,5.99990058104541e-05,0.4730497180655954,0.0002690523294875222,1.0340186610909925,6.01031443826608e-05,5.319594780280112e-05,1.0017356716298882
2014-10-27,5.8561423507449295e-05,0.4636816282835135,0.0002689894357616374,1.0175945741216337,5.8196023870385476e-05,5.5057992752006244e-05,0.9937604037747249
2014-10-28,5.4522480778452264e-05,0.46035478764664745,0.0002668399130397564,1.0145919289571423,5.552721137660829e-05,5.240133230133484e-05,1.0184278225020367
2014-10-29,5.3729820257279105e-05,0.45836001601771836,0.00026460119813080993,1.003953127053434,5.46525365017712e-05,5.982576781876121e-05,1.0171732613299984
2014-10-30,5.3551839514494966e-05,0.4964400767727342,0.000276450612728534,0.7975127032021109,6.0403598099434567e-05,4.853651806824113e-05,1.1279462787283903
2014-10-31,5.56093263598845e-05,0.498197543237332,0.00027079915853711275,0.9057504770508166,6.113628626659621e-05,5.561701468252894e-05,1.0993890821647994
2014-11-03,5.4562010343014535e-05,0.5004328850828483,0.00026537334350162114,0.9540151825671656,6.021707702820571e-05,6.50896122486646e-05,1.103644763996772
2014-11-04,6.02491600622342e-05,0.5323585004822671,0.00024374422204619274,0.9570932960356272,6.451294328662422e-05,6.652448530034344e-05,1.0707691728811781
2014-11-05,6.0354415020847636e-05,0.5565978066974119,0.00022634516779813962,0.8757777018415751,6.505514163501424e-05,6.142233152414991e-05,1.0778853810867504
2014-11-06,5.86925643313682e-05,0.5659445158828897,0.00021646134803035222,0.8539275430919839,6.379043703543936e-05,5.97230663817306e-05,1.086857215426633
2014-11-07,5.828791566618652e-05,0.5736448445475361,0.00020842639037718194,0.8546241107004828,6.32278932324683e-05,6.041408648357168e-05,1.0847513161145257
2014-11-10,5.7340540123530906e-05,0.5686314111222492,0.0001999885281306788,0.8918621143446022,6.089256637397499e-05,6.435802748371184e-05,1.0619461596070043
2014-11-11,6.57571982494724e-05,0.5675690378846621,0.00019480092297177997,0.8846673046807692,6.423708888204268e-05,6.743432383615144e-05,0.976882996722843
2014-11-12,6.673646336542344e-05,0.57513361454631,0.00019042498580753214,0.883220673916724,6.483541741902813e-05,6.742166774734202e-05,0.9715141340950912
2014-11-13,7.11343776232816e-05,0.5859563852491937,0.00018701338816721675,0.8677192649659677,6.758361349355e-05,6.674380607211324e-05,0.9500837113029091
2014-11-14,6.859476809423724e-05,0.5914823391969309,0.00018485573381288447,0.8183933401207245,6.660452582984866e-05,6.697985844685032e-05,0.9709855092497094
2014-11-17,6.853595565786147e-05,0.5966338347914945,0.00018068416251307723,0.81309208546452,6.639374380887419e-05,6.7127292611528e-05,0.9687432409977411
2014-11-18,7.650833651469074e-05,0.5889231146994419,0.00016835689943081223,0.8172717039834135,6.683876850387241e-05,6.696176659568176e-05,0.8736141909324923
2014-11-19,7.466095393809579e-05,0.5835745844697187,0.00015790336011654637,0.8113264245586141,6.336345102318269e-05,6.961766694775368e-05,0.848682580130435
2014-11-20,7.31046489834875e-05,0.5819332016638424,0.0001485706572269963,0.8201299586078882,6.064739573404575e-05,7.318439756397734e-05,0.82959697607938
2014-11-21,7.04730363634149e-05,0.5795211820901608,0.0001417324787878683,0.7944072416321017,5.791825886638977e-05,7.198089744770675e-05,0.8218499138836202
2014-11-24,6.987047932397521e-05,0.5737079767664773,0.00013710913529775716,0.8123644303959968,5.615273907274035e-05,7.60309115352377e-05,0.8036690118064242
2014-11-25,8.166110492431963e-05,0.5700860211014237,0.0001412790992087881,0.7764576055950992,6.123320289841376e-05,7.566031248730233e-05,0.7498453879011597
2014-11-26,7.228929035700332e-05,0.5681974044652274,0.00014478878211858097,0.7147853266582112,5.813044984605506e-05,7.305942459869132e-05,0.8041364019341689
2014-11-28,6.63644735069259e-05,0.5617849266490538,0.00014768245709184633,0.7228083216408423,5.5616334663890544e-05,7.402681299419653e-05,0.838043786455811
2014-12-01,6.796408095783602e-05,0.5570466493942718,0.00014966693695069575,0.7497928857106153,5.6181615850672545e-05,7.776803625084562e-05,0.826636880229821
2014-12-02,6.956629167082881e-05,0.5483209965677717,0.00015130225726912917,0.7571293321672959,5.6254466030555665e-05,7.793193890153231e-05,0.8086454614648493
2014-12-03,9.973973303376368e-05,0.5495419143126844,0.0001543749296574132,0.7732485856371423,6.819041120135489e-05,7.960426710486883e-05,0.6836835143550185
2014-12-04,7.195368455764464e-05,0.5627067207999144,0.00015720413802833104,0.7915466280292094,5.9846755123553844e-05,8.35792997765186e-05,0.8317399656665044
2014-12-05,6.914099334132158e-05,0.5720509488821997,0.00015867119228883913,0.7796545439330345,5.9917206920212724e-05,8.227830571611586e-05,0.8665945342211864
2014-12-08,6.652863915801598e-05,0.5794374644738992,0.00016042194169912482,0.7801612715643066,5.986083577096733e-05,8.312056304738511e-05,0.899775443005657
2014-12-09,5.578278936298998e-05,0.5888881377235143,0.00016079315735008067,0.7833001889060915,5.5772061966960515e-05,8.369607012078726e-05,0.9998076934453805
2014-12-10,7.622608908783083e-05,0.5890433315213126,0.00016340623706686207,0.7884152870761405,6.574055669418931e-05,7.925728536410208e-05,0.8624416847418256
2014-12-11,6.0199482263474304e-05,0.5903086267381157,0.00016571082232654034,0.7855414856465982,5.8959113423607294e-05,7.863471434133434e-05,0.9793956892446632
2014-12-12,5.635062229218622e-05,0.5871614709747154,0.00016883091336418555,0.7777107876326083,5.7270752964331245e-05,7.272121662648563e-05,1.0163286692270055
2014-12-15,5.5088696774690915e-05,0.5773818519622426,0.00017194301904681697,0.7963890923389196,5.619357369226998e-05,7.372970820743138e-05,1.0200563270192784
2014-12-16,5.154869882225274e-05,0.5714289885355153,0.00017411672067932168,0.7718861823965728,5.41366479585004e-05,6.994750114150195e-05,1.0502039662566707
2014-12-17,8.951914955443635e-05,0.5672139045998481,0.00017287787938528962,0.7196038627099693,7.056259690309223e-05,5.9860572715770106e-05,0.7882402508770853
2014-12-18,9.913276275332198e-05,0.5616721471118963,0.00017105288576036684,0.6514024173845868,7.314029298011277e-05,4.595951701715789e-05,0.7378014185089561
2014-12-19,7.377698274922788e-05,0.5554015103715313,0.0001695363434485887,0.6540901127892367,6.211534582182327e-05,4.6145215380450596e-05,0.8419339407380867
2014-12-22,6.996587850894997e-05,0.5500502955365364,0.00016841760470336062,0.6708311048446397,5.970893038082427e-05,4.728704879304201e-05,0.8534007097929366
2014-12-23,6.063494070426503e-05,0.5523067139281608,0.00016609371206402894,0.7144853114074107,5.54266201818323e-05,5.091462751753533e-05,0.9141036428511528
2014-12-24,5.292955813268682e-05,0.537454392382769,0.00016243602306379305,0.7200727497640937,4.983470878887655e-05,5.164481353391659e-05,0.9415289026964494
2014-12-26,5.0003308753932844e-05,0.5302566514469764,0.00016000361494835928,0.6309667920159621,4.742970175346427e-05,4.5419435536180946e-05,0.9485312659381534
2014-12-29,4.966432774890378e-05,0.5257897337043977,0.0001580226713378926,0.6314859999877015,4.657942062338254e-05,4.544943223275909e-05,0.937884850850733
2014-12-30,4.653062419950052e-05,0.5233367183278842,0.00015639459378961025,0.6532994583820549,4.4643837044082165e-05,4.959106909543667e-05,0.9594506373409319
2014-12-31,4.3755181092948726e-05,0.5236317334037448,0.00015539878152832535,0.6648071438516419,4.317819719608714e-05,4.91581779852697e-05,0.986813358270969
2015-01-02,6.483180836307134e-05,0.4896025875821056,0.0001631606106438234,0.684672046472176,5.0355328470851526e-05,5.484739255453546e-05,0.7767071402489875
2015-01-05,8.284505496642122e-05,0.4689823010073418,0.0001692138658762017,0.6526556147626846,5.5527449024060324e-05,4.737731511654531e-05,0.6702566501593453
2015-01-06,7.372029621424698e-05,0.4301877077962139,0.00015825940997734922,0.6788974391677801,4.646610865157809e-05,4.9988286039116326e-05,0.6303027936368787
2015-01-07,7.097584833724285e-05,0.4201762844420658,0.00016535108358634818,0.6600966510562198,4.55187529093393e-05,4.7201113358104456e-05,0.6413273525531704
2015-01-08,6.58935484829367e-05,0.4143430974999907,0.00017610481040821664,0.6249530032466081,4.463413943302919e-05,4.284175346492858e-05,0.6773673669219273
2015-01-09,5.142752848602693e-05,0.4060082395806303,0.00018470849841406388,0.6211932088906095,3.9570916847218544e-05,4.174598538053506e-05,0.7694500982673147
2015-01-12,5.214866604959718e-05,0.4150728758817034,0.0001972734522683514,0.7266648064728715,4.2099823815891695e-05,4.976500203538693e-05,0.8073039447615342
2015-01-13,5.1084978694142575e-05,0.41840172865346476,0.0002009075954256849,0.7459148278370455,4.2387544270759625e-05,5.1352016221467175e-05,0.8297457560772126
2015-01-14,5.779000718727771e-05,0.42211529893040844,0.00020356447805631683,0.7335423479004518,4.578344465646903e-05,4.9884506412429134e-05,0.7922380855240335
2015-01-15,5.577655409897309e-05,0.4272449076966979,0.00020527613847255168,0.6808167564560291,4.571639429185839e-05,4.479741173823702e-05,0.819634612255476
2015-01-16,7.006830803083834e-05,0.43336230700539125,0.00019881965222239527,0.7361582065671152,5.114952496696987e-05,4.674552783727584e-05,0.7299951490830638
2015-01-20,6.698197984101967e-05,0.43997759027648187,0.00019371147825026467,0.7607471022758884,5.011724906340706e-05,5.23429047645204e-05,0.7482198821587434
2015-01-21,5.396910834789416e-05,0.44147259667798594,0.00018855517991509525,0.775353986005703,4.4534400074825886e-05,5.308114917580891e-05,0.8251831730802274
2015-01-22,5.806897077464812e-05,0.4574684332413638,0.00018515946898354057,0.8296579377603921,4.74357923582551e-05,5.283565557570923e-05,0.8168870866050328
2015-01-23,5.910063936486745e-05,0.47027209584321167,0.00018518848214425605,0.8214704075949434,4.919854802153591e-05,5.4391847105694924e-05,0.8324537356998905
2015-01-26,6.288399592442454e-05,0.4805933888635978,0.00018698242797124867,0.857977320304615,5.21132616014848e-05,5.830425378670674e-05,0.8287205804178814
2015-01-27,6.964065036165525e-05,0.48833093167472863,0.00019054671100693504,0.8902707299962007,5.625308848191611e-05,5.710097873863333e-05,0.807762250780035
2015-01-28,7.988841611727443e-05,0.4935879568896063,0.00019382395822855966,0.8835358132633797,6.142005335382276e-05,5.324493527268845e-05,0.7688230201442406
2015-01-29,8.021798542057233e-05,0.5000727669254729,0.00019435965454812107,0.8980202995685878,6.24413291466103e-05,5.338186816678159e-05,0.7783956281030824
2015-01-30,7.830236811365751e-05,0.5063126544858877,0.00019463489516301027,0.8778360239604562,6.250526246153381e-05,4.8829469446170166e-05,0.7982550715555132
2015-02-02,6.708254753246161e-05,0.5037511755507661,0.00019662265193107448,0.9424372673961664,5.7854563436444425e-05,4.970844643587288e-05,0.8624383772612136
2015-02-03,8.067150173734702e-05,0.5090279306948671,0.00019774065301662993,1.063279914074552,6.429092374448243e-05,5.183861091790658e-05,0.7969471543222658
2015-02-04,7.910110058857453e-05,0.5073138376355187,0.00019903504271149858,1.0747287216664012,6.365503256836673e-05,5.252096323193219e-05,0.8047300491993553
2015-02-05,8.520627788871464e-05,0.5064722891185671,0.00019910584756088209,1.0701345271236544,6.596802669420107e-05,5.068274154327404e-05,0.7742155663736412
2015-02-06,8.507292515013707e-05,0.5080560303361806,0.00019840893681763756,1.0575274547397613,6.600668292876625e-05,4.990591235790751e-05,0.77588354711299
2015-02-09,6.296753465448077e-05,0.5110307584479173,0.00019824760524753953,1.0038031598905517,5.709648338831738e-05,4.715552936749748e-05,0.9067606616905144
2015-02-10,6.653518645016198e-05,0.5102029851991842,0.00019799201067782687,0.9775903885151934,5.85588470595947e-05,4.367280351382348e-05,0.8801184784152978
2015-02-11,6.58212274519105e-05,0.5039027583963394,0.00019462137585183692,0.7791499519896244,5.7032839365816644e-05,3.727740780390628e-05,0.8664809450338081
2015-02-12,6.625281595902424e-05,0.5001894563304118,0.00019297207421298105,0.8033303961004833,5.655668375055638e-05,3.827404297365975e-05,0.8536495080531418
2015-02-13,6.59493776327874e-05,0.49717690462665987,0.00019020917692128542,0.7882456507016327,5.568420581578124e-05,3.728604243072247e-05,0.8443477075073604
2015-02-17,5.2818371217651516e-05,0.4626503071460235,0.00018914020761785425,0.7684705845525406,4.624207223815811e-05,3.6725092339808974e-05,0.875492204172785
2015-02-18,4.925751255554142e-05,0.44108773209040875,0.00018930509106115205,0.7533707919723203,4.2593405432978494e-05,3.6104685159887564e-05,0.86470881746112
2015-02-19,5.2538640297651296e-05,0.42666224800170066,0.00018740038213124784,0.7425934258174605,4.233590693569596e-05,3.565564945833831e-05,0.8058051501875003
2015-02-20,5.811623348480445e-05,0.4183856747394453,0.00018715676581665042,0.7321150412938818,4.36343290089782e-05,3.486808247657965e-05,0.7508113721854874
2015-02-23,5.7842904366347e-05,0.4142285280407741,0.00018573386114119917,0.7127048355637009,4.2934913752673494e-05,3.41078223626294e-05,0.7422675991638661
2015-02-24,5.363774172174018e-05,0.40228531857990063,0.0001851375746724617,0.7173926693820326,4.008821423794822e-05,3.446564549460939e-05,0.7473881813652097
2015-02-25,4.6420168910813084e-05,0.3940087205414256,0.0001809379954045771,0.7279523323403846,3.610971656671854e-05,3.656793727369218e-05,0.7778885216056843
2015-02-26,6.082008377129165e-05,0.3945096719949566,0.00018100903924891064,0.7553093099843476,4.139341843598722e-05,3.9997343672763584e-05,0.6805879878699835
2015-02-27,6.477291200020017e-05,0.4016406567062712,0.0001826455850629379,0.7523333025977593,4.3685666798355124e-05,3.9778924447968037e-05,0.674443458682545
2015-03-02,7.10002492943561e-05,0.40168231414792543,0.00017920627470490496,0.6954163607404187,4.5309498278091554e-05,3.816788797636816e-05,0.6381597068799766
2015-03-03,6.22129036386534e-05,0.39549814723030163,0.00018529734116421126,0.6945342309868519,4.246384176829606e-05,3.8121015369191633e-05,0.6825568215709019
2015-03-04,6.357489191775788e-05,0.4100835838275685,0.00020978425628044125,0.7999728947871896,4.7358904280630685e-05,4.39423277234728e-05,0.7449309444661799
2015-03-05,6.337223751236057e-05,0.413270268210713,0.00021572749517115406,0.8888724321546095,4.8321057826439296e-05,5.226308950026624e-05,0.7624956877530861
2015-03-06,6.737776824421294e-05,0.4149833771638543,0.00021696467033074728,0.8321088610833743,5.017455413994938e-05,4.548853168807516e-05,0.74467521628336
2015-03-09,6.459093954914395e-05,0.41869975687653177,0.0002174951656757134,0.8173299995438745,4.962646193789737e-05,4.459324205256402e-05,0.7683192454591736
2015-03-10,6.248974140729342e-05,0.45169192231901645,0.0002067844994981624,0.8219643568543908,5.1345889087148166e-05,3.962986096220364e-05,0.8216690920912563
2015-03-11,5.4252554100076106e-05,0.47026420364069715,0.00019799274580006884,0.7915122836393058,4.8739004596349115e-05,3.968694575712746e-05,0.8983725357232674
2015-03-12,5.508043688697334e-05,0.48035012413751604,0.00019179839312640136,0.7574374565196617,4.937181325302931e-05,3.5526972942867526e-05,0.8963584176781623
2015-03-13,5.707193087433516e-05,0.4929360073291487,0.00018585198527152746,0.7886170953860148,5.076745918792968e-05,3.625859965785235e-05,0.8895346348052059
2015-03-16,5.2149496476829495e-05,0.5039012855643953,0.00018162212126748506,0.7388594933729851,4.90405009612237e-05,3.129235309124927e-05,0.9403830194796388
2015-03-17,4.691748238540657e-05,0.48914347498761107,0.00017462010800481546,0.7237966419771252,4.427420183929748e-05,3.0479828314768576e-05,0.9436610744712239
2015-03-18,5.051902620859181e-05,0.46908149501456226,0.00016767931716869062,0.691130607048272,4.317332868956479e-05,2.7113116457545548e-05,0.8545954253216043
2015-03-19,5.142834644805491e-05,0.4605304987773866,0.00016293924203427098,0.7052444642857585,4.2157274250251947e-05,2.739949289526713e-05,0.8197283630892704
2015-03-20,5.066833282542825e-05,0.4552598226322173,0.00015959425541635277,0.7546712663202418,4.0938908515264105e-05,3.1105115202527843e-05,0.8079782031967436
2015-03-23,5.007282454924587e-05,0.4430289448258759,0.00015651599198425944,0.7834896453954852,3.922044396226344e-05,3.375064098672902e-05,0.7832680563823741
2015-03-24,4.2218867344400384e-05,0.43277386911057775,0.00015715390173816343,0.6963752947209325,3.525144330305903e-05,2.9467998518184526e-05,0.8349689492021517
2015-03-25,4.692159710753298e-05,0.4281826293049363,0.00015415449764649415,0.905979933351115,3.641610879795171e-05,3.4482143238223636e-05,0.7761054832488923
2015-03-26,4.732340893496746e-05,0.424277418238048,0.00015113274551127782,0.9418196707970292,3.5881221077071e-05,3.5695354393050106e-05,0.7582129412185735
2015-03-27,4.354358066573599e-05,0.4224221327833887,0.00015063280545819397,0.948620869568066,3.421121645740513e-05,3.595147307182421e-05,0.7856776115870875
2015-03-30,4.5502666776921666e-05,0.41950776750028235,0.00014986195885993006,0.9698857973811892,3.464209386317526e-05,3.387678164644733e-05,0.7613200789529386
2015-03-31,3.983451498744685e-05,0.4072143629805625,0.000162294465017501,0.8511832174846393,3.2741962661801026e-05,2.9628843911004265e-05,0.8219495749381932
2015-04-01,4.176214734580363e-05,0.4071801940158046,0.00017218591131644797,0.8092907452813572,3.4528432453632385e-05,2.796565243850826e-05,0.8267877647125319
2015-04-02,4.894523588776545e-05,0.4107286424345019,0.000179406944135345,0.8647339160055244,3.8488397312425495e-05,3.0504547973397277e-05,0.7863563555129625
2015-04-06,4.8199312485919956e-05,0.41674423458923965,0.00018490085404648942,0.9095078343337936,3.934227598850112e-05,3.118740878780025e-05,0.8162414349788462
2015-04-07,4.533264144371158e-05,0.42042907434213994,0.000190276287314448,0.8802558817424585,3.9047262194310765e-05,3.2754348956680614e-05,0.861349812205291
2015-04-08,4.177649686660928e-05,0.4035003636879832,0.0001963076423732379,0.8742851462867062,3.6540841458883e-05,3.2517338531140255e-05,0.8746746184955736
2015-04-09,4.664355209638432e-05,0.3983773713436153,0.0002019032733507174,0.8991711636995222,3.8660026712728356e-05,3.4372247338738e-05,0.8288396782655234
2015-04-10,4.853778747139849e-05,0.39603844077642875,0.00020740239018350386,0.8422733172437284,3.973600561854039e-05,3.1986903171194004e-05,0.8186612470120385
2015-04-13,4.467938122611643e-05,0.3940407340393226,0.00021161939623157015,0.8330323956239278,3.8315317601215416e-05,3.180194331586095e-05,0.857561509352752
2015-04-14,4.646938254229903e-05,0.391995748055154,0.000214903965550752,0.8367560517735263,3.917301708372409e-05,3.192562823932892e-05,0.8429855302696699
2015-04-15,4.691423215315267e-05,0.38288148769830227,0.00021657620490834586,0.8440728524275171,3.8594200140480655e-05,3.383265020346032e-05,0.8226544135794216
2015-04-16,4.176974619173272e-05,0.36563956604191167,0.00021715599573860723,0.7958853008115775,3.482330730916088e-05,3.351248472133849e-05,0.8336968855236494
2015-04-17,4.332386275975345e-05,0.38183273701491266,0.00021984891554762158,1.027709543930519,3.72648099022947e-05,4.05764568900984e-05,0.8601451377718003
2015-04-20,4.305137811564542e-05,0.416502145149823,0.00022162346911997234,1.0377896166959912,4.068353164282049e-05,3.91632521326481e-05,0.9449995197258406
2015-04-21,4.4326391543702614e-05,0.4425900043081898,0.0002230824206566879,1.0511783607890763,4.401142848123154e-05,4.0951419568158274e-05,0.9928944574213638
2015-04-22,3.760113128202133e-05,0.4585296143289796,0.00022226584458665905,1.0686875307813728,4.191835302138866e-05,4.127774827780201e-05,1.1148162726005952
2015-04-23,3.981692672329287e-05,0.4704944461045142,0.00022175400164468803,1.0870509580621035,4.4210365153939236e-05,4.181700876173498e-05,1.1103409728525382
2015-04-24,4.472325784062566e-05,0.48062429519452604,0.00022126297069765692,1.106939212585864,4.781088753246411e-05,5.3270397721481234e-05,1.0690385683181094
2015-04-27,4.8016264703360416e-05,0.48538581859495267,0.00021918966407512467,1.1034806027578752,4.979563846784129e-05,5.296490579798658e-05,1.0370577298228771
2015-04-28,4.837591330570472e-05,0.4882540283448215,0.00021835222059402373,1.1538729264926668,5.018099059811704e-05,5.690989630327404e-05,1.037313554805785
2015-04-29,4.7158652268819175e-05,0.49755970225306695,0.00021639989906725282,1.1535886842060885,5.0263695844902745e-05,5.653646940991466e-05,1.065842500298436
2015-04-30,4.7296624411946914e-05,0.5084333954474559,0.0002152064360009051,1.1575333405866854,5.129520493235712e-05,5.4376506006446395e-05,1.0845426194813215
2015-05-01,5.0018555724514286e-05,0.5143031904728909,0.00021558783935385567,1.1612975731560091,5.340684491568481e-05,5.24654174120283e-05,1.0677406442887336
2015-05-04,4.992916004912971e-05,0.5170177884477599,0.0002143643236420257,1.0741429879134687,5.348830918436339e-05,5.48307147251783e-05,1.071283977774341
2015-05-05,5.102770643270727e-05,0.5257459529714231,0.00020984095477726534,1.105704328632643,5.4403155354876086e-05,5.3577027454669444e-05,1.0661493364711616
2015-05-06,5.61480236098465e-05,0.5264375101419266,0.0002093634801259717,1.1281679111122267,5.707744545423398e-05,5.8452541720752995e-05,1.0165530642867453
2015-05-07,5.2055366505413186e-05,0.4951387372010872,0.00019104246887105352,1.0903663065835305,4.937699090468316e-05,5.908075663471495e-05,0.9485475604047182
2015-05-08,4.9463315458690945e-05,0.4866504623139935,0.0002000351236747866,1.0138934761438227,4.84074138699611e-05,5.142577009571797e-05,0.9786528343492932
2015-05-11,4.237087867236375e-05,0.4708019978287097,0.0002016902757507483,1.0619181200589842,4.352256796243456e-05,5.3317041526684385e-05,1.027181151917484
2015-05-12,4.7490306282055044e-05,0.46488957125760705,0.00020061862333593298,1.0276441096358684,4.537722276302683e-05,5.281911180932441e-05,0.9555049507055575
2015-05-13,4.663897325113825e-05,0.4639913743351824,0.00020084362937197815,1.0269244536239417,4.490693638421748e-05,5.279032684110854e-05,0.962862885990345
2015-05-14,4.9144732522979803e-05,0.4692990374768724,0.00020098685172424864,1.0780361785174002,4.664144265819978e-05,5.2859877501745905e-05,0.9490629059053378
2015-05-15,5.102390807027307e-05,0.47404944360502926,0.00019992743025278525,1.0996742228422391,4.787917878146706e-05,5.427918383499937e-05,0.9383675338142483
2015-05-18,5.1224895533544154e-05,0.4776509154997554,0.00020497512580230735,1.0910103149604595,4.8944256540199055e-05,5.36621707169601e-05,0.9554779181179268
2015-05-19,5.107054978153525e-05,0.492503700273109,0.0002054913522335246,1.1176406424928873,5.0453527925667625e-05,5.571403970288519e-05,0.9879182452801651
2015-05-20,4.960583034370502e-05,0.513655586163412,0.00020627892822699145,1.2152294567249613,5.1959601364855206e-05,6.334871074657862e-05,1.0474494833539034
2015-05-21,4.7917991249736124e-05,0.529343432001467,0.00020473109159149192,1.2651080144531006,5.24298640692916e-05,6.637643822885802e-05,1.0941582212000658
2015-05-22,4.8649795894238564e-05,0.5390718031437786,0.00020621320399355015,1.2140056988055534,5.399398261827699e-05,6.809060126536308e-05,1.1098501365896032
2015-05-26,5.2044924254716454e-05,0.5459137599370323,0.00020811465652095863,1.2119544224554537,5.681520325194264e-05,6.623525501385846e-05,1.0916569495591857
2015-05-27,5.41376103742017e-05,0.5507131857522061,0.00020942039567832491,1.1996438752645089,5.8638723000578945e-05,6.308284841566042e-05,1.0831420632581552
2015-05-28,5.2639353679274204e-05,0.5574955700936063,0.00020556019679145903,1.193025662408005,5.7991749036748114e-05,6.275857249070614e-05,1.1016804915593277
2015-05-29,4.7121939363217764e-05,0.5835586135558847,0.00023459247421167757,1.0335835122053736,6.135544350113526e-05,5.3750285442649333e-05,1.3020568408317212
2015-06-01,4.566975475334599e-05,0.5906086119185529,0.00023497246561678624,1.0122087937876032,6.118184959678806e-05,5.2597221147880564e-05,1.3396579405170899
2015-06-02,4.848176142599366e-05,0.5934816994187709,0.0002383691223989805,1.0094324160105126,6.380012438661528e-05,5.271474285278231e-05,1.3159613535082624
2015-06-03,4.583723039523311e-05,0.5965664687806649,0.0002397006410229873,1.0654388535763668,6.253204349844648e-05,5.69715487863183e-05,1.3642194992860992
2015-06-04,5.208668778062701e-05,0.6171653953742048,0.00022021853829942497,1.102871019037312,6.609854133407978e-05,5.7360823375400704e-05,1.2690102625159494
2015-06-05,5.356843740955158e-05,0.6308096845588128,0.00020690380969096635,1.0803994667429977,6.641055122615344e-05,6.002081241579527e-05,1.2397328433984156
2015-06-08,5.4875341169450945e-05,0.6349413038073751,0.00019694570046320352,1.097881682900007,6.600782887247483e-05,6.210013040658395e-05,1.2028686740852799
2015-06-10,5.7400521339002106e-05,0.6345775081756446,0.00018780509971978165,1.1211420045002425,6.588647667556745e-05,5.980273519612765e-05,1.1478376004017121
2015-06-11,5.7399555912391706e-05,0.6340861956625862,0.00018001818901828756,1.1300358059238984,6.44556153454656e-05,6.035570337377315e-05,1.1229288157532695
2015-06-12,5.544172754801711e-05,0.6380900362184986,0.00017414011856409917,1.1336316127426806,6.269743274033085e-05,5.98848563700764e-05,1.1308708352572472
2015-06-15,5.424960916028536e-05,0.6307267158621868,0.00017040745961841732,1.1266854876436334,6.064344085846972e-05,5.925561357090871e-05,1.1178594979236294
2015-06-16,5.423174022350414e-05,0.6280655591532055,0.00017271213101448463,1.0972049840751188,6.078454506118239e-05,5.850133351628276e-05,1.1208296988197746
2015-06-17,5.412494915971205e-05,0.6211530277698938,0.00017494810966952278,1.0843942483494513,6.0443831238616456e-05,6.821666854418212e-05,1.116746198878795
2015-06-18,5.572982074389677e-05,0.5460925658271696,0.00017669750893416425,1.035352763203923,5.4190767367659285e-05,8.375538243646717e-05,0.9723836654111967
2015-06-19,6.241618085312648e-05,0.5604534446421949,0.00017375661694908197,1.029108181583438,5.836584998510992e-05,0.00011894469497416385,0.9351076786074508
2015-06-22,6.257165974145031e-05,0.5506809122236955,0.00017074797111792895,1.0310619741684095,5.692022873557721e-05,0.0001199304822413772,0.9096806600747824
2015-06-23,5.295413252336654e-05,0.5517236860295709,0.0001689212148502535,1.0182005895432604,5.218115119800723e-05,0.0001552627188782966,0.9854028139349045
2015-06-24,5.124155217210486e-05,0.5465449365710445,0.00016732586956866332,0.9792978944479388,5.060792824376457e-05,0.00016365411925775255,0.987634568012067
2015-06-25,5.1531038942745836e-05,0.5460815874913254,0.00016638098790299564,0.9799865904004832,5.05642805227345e-05,0.00016372598971000967,0.9812392988799341
2015-06-26,9.885673436567757e-05,0.6099375621471308,0.00017406884042499808,0.9873642522172053,8.001087643073596e-05,0.0001659944158301875,0.8093619210075306
2015-06-29,0.00010219846828200267,0.6584838879201724,0.00018089436102588618,0.9485108729400474,8.953232463864189e-05,0.0001690138163749798,0.8760632731949535
2015-06-30,8.697755639475864e-05,0.6806534428785121,0.00018600094441590886,0.9634037539914434,8.657394768287225e-05,0.00018029554878719493,0.9953596223138926
2015-07-01,9.667073925185136e-05,0.6925956823615828,0.00019023535200528215,0.9479833852281396,9.392320694623558e-05,0.00017566004471584922,0.9715784494162419
2015-07-02,9.521395937942913e-05,0.7049709402284868,0.0001934809349299511,0.9620887436165206,9.56842851149478e-05,0.00018241594907791718,1.0049396720668282
2015-07-06,0.000172264093177785,0.7114916129384367,0.00020085158947523337,0.9838751898300072,0.00013234416634668372,0.00020178557872612736,0.7682632167000586
2015-07-07,0.00016730584927433944,0.6953306588607625,0.0002072511624150682,0.979843163380154,0.00012947783498186901,0.0002030286039496398,0.7738990330789809
2015-07-08,0.00018325021701855255,0.6667913992984043,0.0002120255551492551,1.0070777286183763,0.0001314335816014314,0.00020403341510017987,0.7172356122673779
2015-07-09,0.00017483634785152047,0.639539700945008,0.00021550443118922673,1.009698010596634,0.00012413992388097826,0.00020507786208442884,0.7100349864686256
2015-07-10,0.0001852458943863911,0.6230098620572933,0.00021885651947756483,0.993167471661603,0.00012544373066151684,0.0001977043182537253,0.6771741477836091
2015-07-13,0.00021177015433928543,0.6588273749570678,0.0002275315714224998,1.0056740828607065,0.00014461883075682073,0.00020104923585830933,0.6829046860169027
2015-07-14,0.0001959846645507268,0.6836868042892761,0.00023362512844228545,1.023784436866493,0.00014629450684590478,0.0002062033855968965,0.7464589496390893
2015-07-15,0.00017788056160659394,0.7030892165550413,0.00023721124878589426,1.0230429079496155,0.00014442498230401714,0.00020606598670669211,0.8119211059352951
2015-07-16,0.00018174519139179188,0.7112540778701466,0.00024026153845898703,0.9051288989547702,0.00014862722210979084,0.00018881385253511918,0.8177780164174581
2015-07-17,0.00017984339911716185,0.685680662893225,0.00024317627042592067,0.8831510360679964,0.00014339359394896536,0.00018505742609467953,0.7973247539407844
2015-07-20,0.0001933298802508964,0.6771479821971611,0.00025584948237704255,0.8779131308307444,0.00015060013146227837,0.00018633420616418367,0.7789801104042224
2015-07-21,0.00019419877324157122,0.676765927174258,0.00026499914776103775,0.8753451330691572,0.00015352671768357375,0.0001857176371988604,0.7905648172792319
2015-07-22,0.00018582236281108658,0.705395090538675,0.00027182031255541133,0.8742833033469711,0.000158533984649322,0.00018554297395568427,0.8531480401553881
2015-07-23,0.00018795658724473803,0.6834942696388824,0.0002776801597567622,0.8656510542537991,0.00015614787506823593,0.00018350320917974284,0.8307656430520096
2015-07-24,0.00019329917782205091,0.6726243583789078,0.000281995220491099,0.9030468278898628,0.00015703934238962903,0.00020117960294120237,0.8124159872743882
