Date,Predicted_Index_Var,Predicted_Corr,Predicted_Var,Future_Beta_45d_XLE,Predicted_Covariance,Future_Cov_45_XLE,Beta_Predicted
2013-02-28,5.497886498863307e-05,0.8201968078061741,0.00013107102763475057,1.2080997315441726,6.962565788623743e-05,6.616608103610573e-05,1.266407698678985
2013-03-01,5.488021190183326e-05,0.8196400896970478,0.00012712231899564494,1.2116977733231995,6.846080245402935e-05,6.63000191567902e-05,1.2474587848984313
2013-03-04,5.501029900576039e-05,0.8151301717727552,0.0001265635417502224,1.2281818944207656,6.801477743843689e-05,6.714748273132361e-05,1.2364007952640785
2013-03-05,5.845535101370509e-05,0.8189234380894538,0.000127503495128861,1.2358439427812098,7.069952278075054e-05,6.623477681956353e-05,1.2094619492435303
2013-03-06,5.9250468430820016e-05,0.81674023151933,0.00011519811638850711,1.2300473452342464,6.747649755681037e-05,6.637856352017853e-05,1.1388348369869
2013-03-07,5.369174155549812e-05,0.8134486649653636,0.00010258656434031093,1.22191746258956,6.0371106936005415e-05,6.604699952919336e-05,1.124402099596699
2013-03-08,4.524810700565277e-05,0.8109698782911049,9.216315770285e-05,1.221129837365848,5.237012422683213e-05,6.573927088001205e-05,1.1573992304316647
2013-03-11,4.8373919939468494e-05,0.817184655050686,9.682341125368133e-05,1.2337994370683287,5.5926292972396085e-05,6.854539389384533e-05,1.1561248921397742
2013-03-12,5.1431479865635213e-05,0.8235983405778045,9.76799924802802e-05,1.2275106425764324,5.8375791489773545e-05,6.827673625239013e-05,1.1350206457655962
2013-03-13,5.5261000285198275e-05,0.8258325830052334,9.821533491582334e-05,1.2228494658111426,6.084025641544601e-05,6.903461835427398e-05,1.1009619098723074
2013-03-14,6.195858588029715e-05,0.8183375612996798,0.00010781080816946002,1.2293819933450492,6.688279054713382e-05,7.088716315070357e-05,1.0794757433029563
2013-03-15,6.386120353979619e-05,0.8209593449535125,0.00011289283621760948,1.228330515030677,6.9706518488969e-05,6.943438170287992e-05,1.0915315500674867
2013-03-18,6.402550064969363e-05,0.8225460949172049,0.00011760289236186033,1.2274400873253293,7.137493700640325e-05,6.796244446551673e-05,1.1147892055842095
2013-03-19,6.71640875084588e-05,0.8213652487117334,0.00012604456907162076,1.2216697177378304,7.557305045408167e-05,6.949440271344634e-05,1.1252002857116734
2013-03-20,6.839791392936718e-05,0.8208453100016966,0.00013067389580969564,1.2181686759490071,7.760276022877614e-05,6.89833832410036e-05,1.1345778806779776
2013-03-21,6.814178529168062e-05,0.8244498499790683,0.0001317426131438567,1.2475698937131212,7.811494547339214e-05,6.794942744488344e-05,1.1463589505179743
2013-03-22,6.79733209422515e-05,0.833254149020679,0.0001324684328164536,1.2582388080925797,7.906839592793098e-05,6.789425862332295e-05,1.1632269077320143
2013-03-25,7.243408887933498e-05,0.8384572875230637,0.00013191179094565556,1.2409839751189518,8.195854748407787e-05,6.785704066924228e-05,1.1314913841272898
2013-03-26,7.339742545776695e-05,0.841362849613094,0.00013258813879406473,1.2311339221524624,8.299961583141399e-05,6.625137146954277e-05,1.1308246210784623
2013-03-27,7.311742529462491e-05,0.844061244011253,0.00012984267745855306,1.245943619076708,8.224190014500433e-05,7.3950824855593e-05,1.1247920699287832
2013-03-28,6.422356192814954e-05,0.8301462058167062,0.0001306796289021606,1.2566835914488756,7.605113988127068e-05,7.504496787589527e-05,1.184162596997552
2013-04-01,6.678777769649997e-05,0.8270333988212296,0.0001314496556749694,1.2661714841598168,7.749100105533316e-05,7.587896384517885e-05,1.1602572166343257
2013-04-02,6.451960799026473e-05,0.8143496502508224,0.0001311069093543803,1.246524797188774,7.489788671987737e-05,8.053508428358518e-05,1.1608546464073155
2013-04-03,6.836168011312682e-05,0.8263784677938124,0.00014785677323897863,1.214522031194862,8.308181366775532e-05,7.695173132770718e-05,1.2153272641963921
2013-04-04,6.901245142532413e-05,0.835921804245747,0.00013623679654913023,1.2105539399257208,8.105439945069506e-05,8.01040915931606e-05,1.1744894982958412
2013-04-05,6.697476452894188e-05,0.8273675804498216,0.00013496153366738688,1.227970856703578,7.86609341452752e-05,8.036293479574221e-05,1.1744861620421727
2013-04-08,7.273438811092278e-05,0.8276454917443112,0.00013504691106218684,1.2373675658282317,8.202695236789625e-05,8.383247701006226e-05,1.127760258913596
2013-04-09,7.022991067372413e-05,0.8237648588750052,0.0001331931204129604,1.2191414436496248,7.967190768975817e-05,8.471551252243292e-05,1.134444098325853
2013-04-10,6.636144982931065e-05,0.814234760976321,0.0001311347644396583,1.246175497442978,7.595677066367151e-05,8.872823305497875e-05,1.1445917902493261
2013-04-11,6.716170407401359e-05,0.8135788692284911,0.00012886362057735803,1.2485895236971636,7.568776452279279e-05,9.008804486878793e-05,1.1269482447822246
2013-04-12,6.98842565011876e-05,0.8205630558594711,0.0001433750825675923,1.2474454086622722,8.213693161567442e-05,9.114345074851594e-05,1.1753281172030299
2013-04-15,9.593981606210937e-05,0.8512241980586671,0.00021625228137480478,1.1228418495353416,0.00012260939532423047,6.777056231912926e-05,1.2779823889265722
2013-04-16,8.836558039441448e-05,0.8586223416754379,0.00021472482823322518,1.1126916609905402,0.00011827280149466303,6.825768006541804e-05,1.3384487598764072
2013-04-17,8.959564094882932e-05,0.8666375458649056,0.00022419877338818398,1.1002694635039112,0.0001228280498971551,7.819410343921575e-05,1.3709154663819614
2013-04-18,9.719405369416862e-05,0.8499448483332764,0.0002164403649087158,1.1348897603931278,0.00012327633731210876,7.960873319834729e-05,1.268352667952412
2013-04-19,7.72897485213767e-05,0.8500916748783355,0.00019336320753799742,1.169657812423502,0.00010392346798981823,8.487975210274076e-05,1.344595757884698
2013-04-22,7.797978274745508e-05,0.8546333677380968,0.00018175460254605283,1.1664373480116774,0.00010174511434416351,8.649192475824534e-05,1.3047627315617782
2013-04-23,8.499754389235151e-05,0.8645364400903184,0.0001727001784851001,1.1524497361583748,0.00010474489961173852,8.523323991351541e-05,1.2323285452153396
2013-04-24,7.773768893068322e-05,0.851278144557942,0.0001679303488267514,1.143347574334871,9.7263947429697e-05,8.533450891007888e-05,1.2511813609023656
2013-04-25,6.90805921567358e-05,0.8416854526954732,0.00015020392470678097,1.146833121247141,8.57370402846169e-05,8.575844323331237e-05,1.2411161747150279
2013-04-26,7.034557142953508e-05,0.8568179592899794,0.0001431519025063185,1.1478048832686356,8.598159633239758e-05,8.650133577021062e-05,1.222274474215126
2013-04-29,6.776168711759701e-05,0.8656943561077967,0.00013887156310620096,1.141905496053506,8.397757960621255e-05,8.506033429665557e-05,1.2393076851890312
2013-04-30,5.8041023931509805e-05,0.8547789051684482,0.00011681714585197755,1.1410086063776816,7.038411011258249e-05,8.487578013537521e-05,1.212661413341672
2013-05-01,6.311211636341748e-05,0.8647401296622255,0.00012059780153178163,1.1253202472493675,7.544173728849077e-05,8.423214837634013e-05,1.1953606000799566
2013-05-02,6.214021471172626e-05,0.8659522131568848,0.00011859081801088611,1.11859476632976,7.433713748790886e-05,8.248229848977398e-05,1.1962806667592825
2013-05-03,7.476459886581012e-05,0.8808216038079244,0.00012761018218372035,1.1031501024242247,8.603568604446323e-05,8.017623009217055e-05,1.1507543322593468
2013-05-06,7.535412832838797e-05,0.8869754219150094,0.0001264860731728647,1.100706044282328,8.65937337284468e-05,7.989255495073614e-05,1.1491571284731399
2013-05-07,7.392273390092128e-05,0.8922903690543308,0.00012472783159587274,1.072172822433212,8.56794956935558e-05,8.142073408863922e-05,1.1590412200987064
2013-05-08,6.958015556766957e-05,0.8889818738006209,0.0001215835481472581,1.075263430225236,8.176604849961776e-05,8.12778372049666e-05,1.1751346031426577
2013-05-09,7.111722928104653e-05,0.8789533544239102,0.00011950948803587825,1.0734243937301298,8.103160386115714e-05,8.109996792669415e-05,1.139408898242228
2013-05-10,7.562958883543677e-05,0.8754121970794168,0.00011821467072152661,1.082211726535819,8.277403978095306e-05,8.206876817324813e-05,1.094466346512368
2013-05-13,7.357910230951406e-05,0.8734917569498039,0.00011605348091212011,1.0834033948489,8.071702358567819e-05,8.22527257822113e-05,1.0970101707158388
2013-05-14,7.590263764609063e-05,0.8768975759378552,0.00012190067908853657,1.0812731411827765,8.434908310517818e-05,8.035416488584181e-05,1.1112799992336313
2013-05-15,7.650099964197039e-05,0.8730450958485011,0.00012344943703789261,1.0991532833443345,8.484276020912864e-05,8.112800745739673e-05,1.1090411969281215
2013-05-16,7.639729836462006e-05,0.8748706568048799,0.00012506496545416682,1.0966518687881808,8.551665100099503e-05,8.033493826306796e-05,1.1193674754420135
2013-05-17,7.425705624970095e-05,0.8876132159695705,0.00012498202449986504,1.076157282238523,8.550990065882637e-05,7.691820866151393e-05,1.1515390587432657
2013-05-20,7.217439206379002e-05,0.8807673154318856,0.00012622557595182076,1.086347676800035,8.40671719160057e-05,7.802418237290109e-05,1.164778386241265
2013-05-21,7.13709588975209e-05,0.8814783158387436,0.00012285939874038905,1.0906158482611663,8.254230489865813e-05,7.841501612722076e-05,1.156525093311101
2013-05-22,7.35750525384875e-05,0.8866752634694275,0.00012260235086711157,1.0816070884793534,8.421302773970217e-05,7.629560864177958e-05,1.144586715662213
2013-05-23,7.454058968752127e-05,0.8797393389463991,0.00012148779575847792,1.091109709476792,8.371759638844245e-05,7.69967936104345e-05,1.1231142219211272
2013-05-24,7.630250921850573e-05,0.8867414991264206,0.00011900939452428988,1.089451028486226,8.450006958453568e-05,7.684358007052621e-05,1.107435003776282
2013-05-28,7.438631671877e-05,0.8876385205551882,0.00011719604432812874,1.0818838191655575,8.287797764132472e-05,7.554034858023991e-05,1.1141562225033788
2013-05-29,7.273626036607267e-05,0.8829861730707624,0.0001148836795586779,1.1079615950755566,8.071580002463793e-05,7.914635151839655e-05,1.1097051129437396
2013-05-30,7.309916508279677e-05,0.8772579531460277,0.00011086010383655901,1.111767380832715,7.897164107711076e-05,7.921797783258722e-05,1.0803357464844154
2013-05-31,7.696255068093324e-05,0.8859958532038816,0.00011949202946622444,1.088868548166436,8.496516089878449e-05,7.191705525289447e-05,1.1039805742799247
2013-06-03,7.835861755638394e-05,0.88845016884434,0.00011880500567583755,1.0815570356038804,8.572230228856694e-05,7.194656085848213e-05,1.093974153217856
2013-06-04,7.696792659140356e-05,0.8849456664889851,0.00011719905984813483,1.0766227168001663,8.404919621765499e-05,7.12515657712037e-05,1.0920028632685335
2013-06-05,8.390672708275947e-05,0.8810174781391841,0.00011765286242050874,1.099678425035151,8.753548930332069e-05,6.731102177054665e-05,1.043247571997202
2013-06-06,8.864935953499249e-05,0.8705544361387508,0.0001076369233085391,1.1050149693811422,8.503826125933798e-05,6.641813465270488e-05,0.9592653765961039
2013-06-07,8.584609796353898e-05,0.8703474379642973,0.00011444916765890514,1.1122201551673745,8.626989199165455e-05,6.335545745936598e-05,1.0049366719998802
2013-06-10,7.344670994631798e-05,0.8814633519212605,0.00011172828015240596,1.11061498849552,7.984946130839203e-05,6.339292309568609e-05,1.0871754686731891
2013-06-11,7.540176794643908e-05,0.8875789093975868,0.00011425141932262696,1.091461367036071,8.238128092692023e-05,6.010098564443766e-05,1.0925643147444364
2013-06-12,7.564969572692771e-05,0.8888056604085104,0.00011217839102656667,1.0443411777029958,8.18775818555325e-05,6.076993856868806e-05,1.082325329517326
2013-06-13,7.668406692361186e-05,0.8945621849460645,0.00011543991588228766,1.0394616240650936,8.416685611031288e-05,5.573018876942316e-05,1.0975794514674728
2013-06-14,7.978958283363962e-05,0.8946682614190175,0.00011449114512278654,1.0569947954572672,8.551082130176547e-05,5.6698615967643575e-05,1.071704077962841
2013-06-17,6.406673037804978e-05,0.8956140506638709,0.00011307290655963628,1.0386852936771434,7.622833897084133e-05,5.490093581800939e-05,1.1898272086155703
2013-06-18,5.269216623890948e-05,0.8730579502323397,7.539341261507399e-05,1.042870441157832,5.502788220907892e-05,5.456715941668682e-05,1.0443275753663108
2013-06-19,5.313666894497608e-05,0.8705071109966728,9.504424067411392e-05,1.100779460728181,6.186320108918209e-05,5.472381601465808e-05,1.1642280616657112
2013-06-20,6.610900161714408e-05,0.8817705559491537,0.00012500595576478993,1.0765433235751265,8.01588069102715e-05,3.74631774818331e-05,1.2125248445664603
2013-06-21,6.524441916700448e-05,0.8953561084317537,0.00014533686291253592,1.0678079226052262,8.718773114888486e-05,3.746986433341454e-05,1.3363247349280962
2013-06-24,5.5679700730278476e-05,0.8944922354504585,0.00014676795528656766,0.9421378318435794,8.086128584978636e-05,3.536356614869233e-05,1.4522579106790026
2013-06-25,5.683904438603972e-05,0.8879149067305248,0.00013723670020485246,0.9459014835520628,7.842054651341616e-05,3.400277863360702e-05,1.3796950205707028
2013-06-26,5.616484134519195e-05,0.8797995206125444,0.00012816100818185627,0.9601241493992732,7.4643835444694e-05,3.269569197495746e-05,1.3290135546885857
2013-06-27,5.600093181678947e-05,0.8829042002739259,0.00011918480572300282,0.9695699447233952,7.213095065949267e-05,3.266411921087777e-05,1.2880312580418047
2013-06-28,5.651835513949762e-05,0.878667123913609,0.00011675550879755848,0.9740269899420642,7.137692343523587e-05,3.2720969441956526e-05,1.262898102024813
2013-07-01,4.0959150997653995e-05,0.8544796955645145,0.00010930650790989426,0.954885557859479,5.717421760169143e-05,3.275101309171308e-05,1.3958838552333808
2013-07-02,4.708768430286185e-05,0.8360264156595965,0.00010005944771073894,0.9582592487793457,5.738557229842357e-05,3.282340640849583e-05,1.2186959955245844
2013-07-03,4.5307854285029834e-05,0.8247616163310815,9.408757439548732e-05,0.9581610886283456,5.384945656172559e-05,3.28196530669342e-05,1.1885236547058904
2013-07-05,5.048108536897671e-05,0.818807375584496,8.845239806401273e-05,0.9562592624316014,5.471430585377879e-05,3.2268180778214796e-05,1.0838575568227307
2013-07-08,5.858594159480322e-05,0.8170921042454584,8.873371417145345e-05,0.9228196569087403,5.8913123781700354e-05,3.15549427218145e-05,1.0055846535532367
2013-07-09,6.185296409698371e-05,0.787992307765837,8.266572963755476e-05,0.916114444493403,5.6346246124720647e-05,3.055392505799195e-05,0.9109708313472465
2013-07-10,6.043816195282401e-05,0.7665213137325865,8.216683857721911e-05,0.9237326367895696,5.401671236603174e-05,3.1021593581885474e-05,0.8937517393099308
2013-07-11,6.428746384905295e-05,0.7507600507120352,8.221624466364754e-05,0.968789901518192,5.458120500591429e-05,2.8809142680581158e-05,0.8490178603727631
2013-07-12,6.999194674271863e-05,0.7413850364475946,8.232698055448437e-05,0.9433443970632452,5.6278037762425794e-05,2.869180933079334e-05,0.8040644728642368
2013-07-15,7.060701256657018e-05,0.7350492508405208,8.090595408971897e-05,0.9557656816011776,5.5555952692965444e-05,2.9169483102626447e-05,0.7868333565392787
2013-07-16,3.5042919617133015e-05,0.7324455313270307,7.709350958805237e-05,0.952400595415939,3.8070132062504554e-05,3.1266618304645644e-05,1.0863858513630094
2013-07-17,3.792838595062833e-05,0.7296847860944596,7.43059311526088e-05,0.9522365539543348,3.873728800760233e-05,3.130662649061713e-05,1.021327088846516
2013-07-18,3.7451029819475974e-05,0.7262098641693862,7.017719329968397e-05,0.9490390713876314,3.722991316404501e-05,3.392661135914708e-05,0.9940958457885722
2013-07-19,4.0860668714576163e-05,0.7238212002656019,7.162423778772737e-05,0.9383747342545972,3.9157417426122095e-05,3.398372933318397e-05,0.9583156286464184
2013-07-22,3.950888193740232e-05,0.731323829653593,6.958198422952925e-05,0.9395379769369036,3.8344713681263776e-05,3.407287521586357e-05,0.9705340116183736
2013-07-23,3.3171208880188284e-05,0.7423709375850465,6.400633504367773e-05,0.9399541401712588,3.420685065475514e-05,3.417022849826458e-05,1.0312211043711887
2013-07-24,3.471216593235655e-05,0.7609076145559428,6.219242964474332e-05,0.9170846476177994,3.535424348148288e-05,3.3342753360163756e-05,1.018497190592415
2013-07-25,3.488954269695917e-05,0.7669772938457976,6.261143868621293e-05,0.9090306484428452,3.5847344298963394e-05,3.338956979477688e-05,1.0274523977090622
2013-07-26,3.343176772700175e-05,0.7690859800398392,6.067249540650544e-05,0.9209776317269084,3.4637815423953004e-05,3.438096356407948e-05,1.0360749005795817
2013-07-29,3.360094972876798e-05,0.7718457314356646,6.26972282856091e-05,0.9059109641973137,3.542667997302037e-05,3.491379589287228e-05,1.0543356738124954
2013-07-30,3.816574763863081e-05,0.7729113702785945,6.159531436619358e-05,0.9040382169284534,3.7474894719921504e-05,3.486336276072478e-05,0.9818986142954518
2013-07-31,3.750748633018741e-05,0.773277034793223,5.9437430397188186e-05,0.9065978045914987,3.651103170531355e-05,3.6705885249144275e-05,0.9734331803496019
2013-08-01,4.226173154810077e-05,0.7742107101643282,6.433413035032641e-05,0.8827199810295606,4.036951536425851e-05,3.420291386773841e-05,0.9552262504509876
2013-08-02,4.130983358011611e-05,0.7752488183870327,6.469272177810728e-05,0.8939518262553895,4.0077031630442666e-05,3.596471803216667e-05,0.9701571794695675
2013-08-05,3.7225611971094185e-05,0.7773052689204186,5.689563466204236e-05,0.8970078502472021,3.577272366440505e-05,3.860101418900375e-05,0.9609707341327979
2013-08-06,4.1983018398946586e-05,0.7912998903976343,5.6461554299027603e-05,0.8901236884828162,3.852603811203482e-05,3.7819247428672655e-05,0.917657652576059
2013-08-07,4.81253999850549e-05,0.8020241880404796,5.570998365782752e-05,0.8810145149526157,4.152801357451911e-05,4.660020787545297e-05,0.8629125905948922
2013-08-08,4.5117615842124565e-05,0.808890983105949,5.8494205867841965e-05,0.891015200593071,4.155463671720047e-05,4.769022594721735e-05,0.9210290912225579
2013-08-09,4.7210405389653165e-05,0.8145416159122264,6.297915558138067e-05,0.8945553592628355,4.441509131773822e-05,4.79947533582533e-05,0.9407902972058025
2013-08-12,4.729046229109182e-05,0.8145972202352137,6.20761395528007e-05,0.8852432944604597,4.4135906803130994e-05,4.856936778816306e-05,0.9332940441871076
2013-08-13,5.1414947954433665e-05,0.8184394581932075,6.221185813192806e-05,0.8974822496167901,4.6287939209188435e-05,5.289880571091258e-05,0.9002817478335479
2013-08-14,5.361675369996386e-05,0.819815792413383,5.786855587843032e-05,0.8855793747499785,4.566546245080455e-05,5.2343622261674144e-05,0.8517013675677894
2013-08-15,5.120699157562921e-05,0.8169229978276996,5.80035859633566e-05,0.9361888055893122,4.452184723481719e-05,5.135475853247409e-05,0.869448601936739
2013-08-16,4.9139520575593413e-05,0.8138230252953631,5.431163540150948e-05,0.9358010237642072,4.2042823126022056e-05,5.094481940389268e-05,0.8555806534853305
2013-08-19,5.1240075352845624e-05,0.8130968935757277,5.922541577512653e-05,0.9010346602430132,4.47920811030022e-05,4.8266416146968246e-05,0.8741611091427614
2013-08-20,5.687877447837599e-05,0.8235961844104026,5.7895747581019456e-05,0.9296761937120216,4.7262073823175386e-05,5.0305460335082316e-05,0.8309263737942059
2013-08-21,5.746511661394483e-05,0.830975695794676,5.930244966202474e-05,0.930664944096704,4.850949849215867e-05,4.9269683048107325e-05,0.8441555738596911
2013-08-22,5.43081375808944e-05,0.8384987771401193,6.457661458963346e-05,0.9122979271169468,4.9656090637938595e-05,4.7270949497594196e-05,0.9143397812891968
2013-08-23,4.6628310947370826e-05,0.8101264925375838,4.789724851925873e-05,0.9086343695692556,3.828537977772048e-05,4.699215599164072e-05,0.8210758442640785
2013-08-26,5.7057237442025364e-05,0.8116912995867667,5.486544770456322e-05,0.9155292417318414,4.541462419710966e-05,4.7141377604278915e-05,0.7959485287603433
2013-08-27,6.26349019454684e-05,0.798099946557084,5.3652348258407776e-05,0.9991733320931084,4.626577592505711e-05,4.5238412759650735e-05,0.7386580722252478
2013-08-28,6.352118414260544e-05,0.7862704760759665,6.077578273718386e-05,0.9870140016344844,4.8853596567277045e-05,4.505273283524602e-05,0.7690914019738743
2013-08-29,6.345432123592429e-05,0.7738856803306798,6.962123028199108e-05,0.9848771634053746,5.143731124791779e-05,4.497032895734271e-05,0.8106195172535682
2013-08-30,6.533098257867051e-05,0.7777210112409225,7.25796073304001e-05,1.000880692804463,5.35538545020543e-05,4.5251845351673574e-05,0.8197313493267243
2013-09-03,6.741624909395761e-05,0.7818993443183381,7.691531611160895e-05,1.009733224302724,5.630403978475009e-05,4.599277014798913e-05,0.8351701635948255
2013-09-04,5.29054408502055e-05,0.8092790003352351,7.538505180713441e-05,1.0149814858396256,5.110825568593702e-05,4.5484261603135645e-05,0.966030239321567
2013-09-05,5.526096611110341e-05,0.8275362643691672,7.529057048643766e-05,1.0287473344495317,5.3378524545404775e-05,5.071582472206847e-05,0.9659354206382504
2013-09-06,5.903493096893949e-05,0.839689358414321,7.532231740772048e-05,1.0368193535080208,5.5993164902256174e-05,5.4540433894186256e-05,0.9484751482425938
2013-09-09,5.950680039687122e-05,0.8385257111523198,7.426845035243816e-05,1.0293257874077495,5.574447947063205e-05,5.260534005831338e-05,0.9367749416680621
2013-09-10,6.058865375686932e-05,0.8337984302056565,7.374090896784092e-05,1.0573187244819895,5.573281353219981e-05,5.335408087483042e-05,0.9198556177835694
2013-09-11,5.2548421709793746e-05,0.8505185217905855,7.180499140592314e-05,1.0554816212337557,5.2244542595870425e-05,5.4303164857100314e-05,0.9942171600204943
2013-09-12,5.463125330927889e-05,0.8670866554820363,7.14627717008564e-05,1.0533398012548605,5.4178005457172836e-05,5.416583284704732e-05,0.9917035062413794
2013-09-13,5.629719144726608e-05,0.8717682231080962,8.474674069072488e-05,1.0561152636281823,6.021516786168645e-05,5.450498567761451e-05,1.0695945270749494
2013-09-16,5.4138744378514925e-05,0.8736593567193895,9.52774152313633e-05,1.075154381267617,6.27467455444222e-05,5.554569630824551e-05,1.158998906692845
2013-09-17,5.7555509167455784e-05,0.883083544905489,9.90461052246338e-05,1.0685558076092616,6.667514114637628e-05,5.5187436484136045e-05,1.1584493319725004
2013-09-18,6.204530316157312e-05,0.9023338976872369,9.793479220820919e-05,1.0659625387441352,7.033803496196246e-05,5.2681549553792866e-05,1.1336560767346742
2013-09-19,6.178297806302708e-05,0.9085717323814496,9.413439924313858e-05,1.069580814076055,6.92895622625396e-05,5.398658222424972e-05,1.121499228992406
2013-09-20,6.675064824066973e-05,0.9236539948430755,9.354917691800395e-05,1.0715063483510172,7.298893757611516e-05,5.0359640348043196e-05,1.0934566105328782
2013-09-23,6.644616634370019e-05,0.9397564083449128,8.390700011690041e-05,1.081535868831231,7.016965763956006e-05,5.009088233818288e-05,1.0560377144499158
2013-09-24,6.687102886618699e-05,0.9428774808634841,8.111479979720708e-05,1.090274243108279,6.944233512408114e-05,5.017895665879207e-05,1.038451722689051
2013-09-25,5.221698153901886e-05,0.9293420624607951,7.906445889082864e-05,1.0941649369373314,5.971344497711465e-05,4.990610560699806e-05,1.1435637070000704
2013-09-26,5.0374063840171386e-05,0.9212959958554832,7.299077044728246e-05,1.0964178630514092,5.586459461908453e-05,4.998560793132568e-05,1.108995192373871
2013-09-27,5.122431082106018e-05,0.9148573786035019,7.139254218894417e-05,1.094929657739662,5.532454878468292e-05,4.941051774537662e-05,1.0800447658133643
2013-09-30,5.1567877421329924e-05,0.9152743846278661,7.189899396900915e-05,1.0677419510695827,5.573170669946479e-05,4.7874709126664916e-05,1.080744631858991
2013-10-01,5.3629225784131454e-05,0.915519133651694,7.059076384576611e-05,1.0744521359944743,5.6330308470529926e-05,4.7209110703382376e-05,1.0503658713491573
2013-10-02,4.9785428743887e-05,0.8997797855498719,7.034778827453638e-05,1.073046338715484,5.3249137997990244e-05,4.781562289276798e-05,1.0695727513349687
2013-10-03,5.1677659876475144e-05,0.8972018801883269,7.217425387441263e-05,1.0441002373843011,5.47939672860707e-05,4.5996529579387895e-05,1.0603027965477627
2013-10-04,4.988490741732951e-05,0.8862155563946496,6.801079809242435e-05,1.0343385452911735,5.161939262343382e-05,4.4765784539228466e-05,1.034769738903069
2013-10-07,5.300164613196136e-05,0.8959961494898212,7.089074381554291e-05,1.038868752163645,5.49219045428886e-05,4.309081051985051e-05,1.0362301654961104
2013-10-08,5.7418241986777646e-05,0.9014788551058452,7.524118288858742e-05,1.0674037960745713,5.925272081075062e-05,4.400489172970339e-05,1.031949407722992
2013-10-09,4.671951297786224e-05,0.8799069513739856,7.282378149212763e-05,1.0421938891507043,5.132423861814492e-05,4.3530250770369556e-05,1.0985610796598972
2013-10-10,5.493659376391755e-05,0.8865213982299517,8.159969308825256e-05,1.087471349914933,5.9355962198740975e-05,3.564357377238805e-05,1.0804448935042288
2013-10-11,5.397060840252837e-05,0.8848824831723712,8.18247468603923e-05,1.0803289248488024,5.8803962257175856e-05,3.535060295924485e-05,1.0895552968126454
2013-10-14,5.390763459317086e-05,0.8828407373979635,8.052278135304833e-05,1.0778409823933952,5.8165690294110185e-05,3.5496305250122414e-05,1.0789879899771886
2013-10-15,5.553151341989191e-05,0.8828028373610951,7.784148207497338e-05,1.0834331515053486,5.804155286776044e-05,3.994218741527293e-05,1.0452002708604267
2013-10-16,4.144281603770634e-05,0.882305755767352,8.005842166013164e-05,1.066694084172682,5.0821473572214545e-05,3.5678760701453996e-05,1.226303577584475
2013-10-17,4.1583055321708076e-05,0.8762107554567069,7.643182215815923e-05,1.0834514612661703,4.939737654994026e-05,3.549485791629012e-05,1.187920804947509
2013-10-18,4.3823960134694674e-05,0.878998894696096,7.645103182072546e-05,1.0538563284225888,5.08786775502945e-05,3.419226985559702e-05,1.160978546756543
2013-10-21,4.4710412594374516e-05,0.8746544803316367,7.515767736794393e-05,1.05487229220636,5.0702285819134856e-05,3.4234516181782394e-05,1.1340151628462996
2013-10-22,4.4371990394003997e-05,0.8760610545706572,6.731051839965994e-05,1.0612074293306104,4.787737123809329e-05,3.428656602343764e-05,1.0789998558316414
2013-10-23,3.6244305626284386e-05,0.8491364826138655,7.27928094146766e-05,1.01425950714611,4.361557808139124e-05,3.1998463093377584e-05,1.2033773948137445
2013-10-24,4.040389782719303e-05,0.8341010340047482,7.023549986437958e-05,1.01685156901312,4.4433306302217585e-05,3.200387876371009e-05,1.0997282116754745
2013-10-25,3.967999624918889e-05,0.8227913502961115,6.548315076740125e-05,1.0261953367729544,4.1941147887011946e-05,3.232532506182387e-05,1.056984673678473
2013-10-28,4.081308187982178e-05,0.8204620183732364,6.418098258542946e-05,1.0530798356722235,4.199149696240001e-05,3.584277050868128e-05,1.02887346478877
2013-10-29,4.2024721372673885e-05,0.8187908796325081,6.392917741813929e-05,1.048081560601665,4.243996098939944e-05,3.5200724770563696e-05,1.0098808416370741
2013-10-30,3.243679795796633e-05,0.8296215612790405,6.400436537225008e-05,1.0322041461830724,3.7801045895717036e-05,3.4207723863029026e-05,1.165375384608001
2013-10-31,3.3498134377451295e-05,0.8474672538504432,5.8520628463454755e-05,1.0393245464747078,3.752215101139561e-05,3.4777984456157696e-05,1.120126589397558
2013-11-01,3.528785039280735e-05,0.8596010393845372,5.567442135412904e-05,1.0478471107842957,3.8101089077422244e-05,3.5024457452879554e-05,1.0797225859126944
2013-11-04,3.477448195487655e-05,0.8523097879277219,5.859782421433822e-05,1.031155762050909,3.84741076378815e-05,3.430421882079041e-05,1.1063890955386653
2013-11-05,3.766596277267884e-05,0.8574097484231148,6.084303396609497e-05,1.015930032890098,4.104576784931879e-05,3.348984642669144e-05,1.089731015161824
2013-11-06,3.8333959556374354e-05,0.8504624156482986,6.029494234993384e-05,1.0679190036416275,4.088720351523967e-05,3.963396597244055e-05,1.0666052760636555
2013-11-07,4.0431492315281525e-05,0.8553442287981425,6.506943873711285e-05,1.0738546309914945,4.387219318349489e-05,3.7839051221731055e-05,1.0850995269079622
2013-11-08,4.3778322206368926e-05,0.8563355958421194,6.770577131340078e-05,1.0378780074420786,4.662151677331254e-05,3.339335898148835e-05,1.064945261116699
2013-11-11,4.088414418239951e-05,0.8526962889471317,6.373012384064222e-05,1.033396147833955,4.352554418730332e-05,3.334956659383045e-05,1.0646069535690788
2013-11-12,3.99781619662566e-05,0.8536143274233365,6.470962080337139e-05,1.0076920604963753,4.3416772397334154e-05,3.292889483449648e-05,1.086012219220581
2013-11-13,4.4902541372157916e-05,0.8419381440185579,6.552497215311965e-05,1.009923901045606,4.566874414932698e-05,3.191426324772686e-05,1.0170636840088556
2013-11-14,4.545126757048379e-05,0.8340768956785264,6.554928515405794e-05,1.0047722466546107,4.552637495549416e-05,3.1326493652921876e-05,1.001652481636379
2013-11-15,4.488960878325864e-05,0.830679623262648,6.748246523645193e-05,1.0149640249217715,4.5719548967059345e-05,3.3046288059801085e-05,1.018488469966578
2013-11-18,4.304897041106976e-05,0.8316133968586419,6.875887051204603e-05,0.9917445610755627,4.524464953216004e-05,4.260708666047767e-05,1.0510042191514453
2013-11-19,4.253689180732228e-05,0.8292012360792052,6.649226560317578e-05,0.9916659419286422,4.409896356806858e-05,4.303310551720407e-05,1.0367227527535852
2013-11-20,3.986505410246521e-05,0.8230747756101284,6.451658451507595e-05,1.001160293369621,4.1741798295511284e-05,4.4034634265785054e-05,1.0470774274687369
2013-11-21,3.485111027762049e-05,0.8230479609014996,6.681640783316544e-05,0.9694791762782006,3.971686989185601e-05,4.3175698039464365e-05,1.1396156270338407
2013-11-22,3.677714977289896e-05,0.8204680203541824,6.354356673069919e-05,0.933054861572628,3.9663084615296225e-05,4.344389288655939e-05,1.0784708673787413
2013-11-25,4.464079349966786e-05,0.8167876745799401,6.610194675685774e-05,0.9485968691548188,4.4369266936316226e-05,4.483799219413684e-05,0.993917523814767
2013-11-26,4.5604254902161166e-05,0.8241853619158592,6.711018639388968e-05,0.9125319253799316,4.559548100880107e-05,5.3342707534877006e-05,0.9998076080098464
2013-11-27,5.098239319509307e-05,0.8196210579368854,6.780760548417251e-05,0.9357699653326532,4.8190609710387014e-05,5.575017424078905e-05,0.9452402425672172
2013-11-29,5.306536742177139e-05,0.8198232015389127,6.745883034232168e-05,0.9373848707923372,4.9050698486988456e-05,5.585175244012777e-05,0.924344838642617
2013-12-02,5.1303727815654587e-05,0.818278481029179,6.610719643583693e-05,0.9547586706860608,4.765406593991687e-05,6.084145778053581e-05,0.9288616630578631
2013-12-03,5.129816798105141e-05,0.8095019278137457,6.335277342870072e-05,0.9631547210472114,4.614786686426243e-05,6.44295033879868e-05,0.8996006812818071
2013-12-04,4.926678581923591e-05,0.8105167736660872,6.256379560979921e-05,0.9593856862873767,4.49987724078043e-05,6.424941888297129e-05,0.9133693554296131
2013-12-05,6.186383108747796e-05,0.8303979161206989,6.365593668432183e-05,0.973263779007515,5.211036472887374e-05,6.723178408044274e-05,0.8423397615835911
2013-12-06,6.149224160789946e-05,0.8331163345204221,6.241363730567942e-05,0.9991347454825992,5.161257874055192e-05,6.634278014070317e-05,0.839334806977042
2013-12-09,5.694825981469449e-05,0.8390455678160457,6.094051533298613e-05,0.9998955024211064,4.9428660081443425e-05,6.682955553053858e-05,0.8679573395619234
2013-12-10,5.3452041059883435e-05,0.8420120514027285,6.063802877339453e-05,1.0155071348653149,4.793723621440053e-05,6.814984068912792e-05,0.8968270483945683
2013-12-11,5.2671389427449466e-05,0.8487775542599442,6.294952868416921e-05,1.006389714960103,4.88739584232985e-05,6.434595189722552e-05,0.9279033447678152
2013-12-12,5.926873458923956e-05,0.8471774853756665,6.498882374247202e-05,0.9961354042126196,5.257830376901993e-05,6.453862001001602e-05,0.8871170294660838
2013-12-13,5.102150798536989e-05,0.8367959127160516,6.06897258689913e-05,0.9971084292248702,4.656437556290983e-05,6.520420734374423e-05,0.9126420876517778
2013-12-16,5.265033739264804e-05,0.8417841814823019,6.262195829986323e-05,0.9957344523584072,4.833532710482318e-05,6.449349748715875e-05,0.9180440145018445
2013-12-17,5.547285481711756e-05,0.8470131160232901,6.441254879187286e-05,1.0092184458938662,5.063089867854689e-05,6.557242066112841e-05,0.9127148556797087
2013-12-18,5.7755345996717895e-05,0.8570331078252277,7.037193249208463e-05,1.021402659692923,5.4637828803846014e-05,6.017549534694431e-05,0.9460220151213528
2013-12-19,6.478693026373803e-05,0.8457172315852445,6.771768115510502e-05,1.0247846421432345,5.601700948489052e-05,6.032143720616727e-05,0.8646344140222966
2013-12-20,6.101338500649426e-05,0.8460244540071877,7.119858925043232e-05,1.0174809313800963,5.576107922187708e-05,6.041803908122947e-05,0.9139155156846629
2013-12-23,6.0371580554275465e-05,0.8400895885323888,6.988982708765137e-05,1.027272246046553,5.45693597606301e-05,6.0548938104555886e-05,0.9038915208054056
2013-12-24,6.05937066863415e-05,0.8388001841016484,7.258316309528614e-05,1.0217194945376389,5.56275871052493e-05,6.141722544471801e-05,0.9180423206852335
2013-12-26,6.0130930524985e-05,0.8411892701072228,7.574646709056363e-05,1.0030703903053142,5.67706514006133e-05,6.401660043642929e-05,0.9441172937948221
2013-12-27,6.1029823506439453e-05,0.8451911311988327,6.929862023239259e-05,1.0025202652256469,5.496525942546767e-05,6.398014926859622e-05,0.9006294999307692
2013-12-30,6.103786899254316e-05,0.8449489323384424,7.276158824340867e-05,1.004598042855061,5.630944256209742e-05,6.417714442509324e-05,0.9225329044330922
2013-12-31,6.15980310886923e-05,0.8469205759177014,7.668697067226696e-05,0.9963190495392148,5.820856470761684e-05,6.323958825408848e-05,0.9449744363387992
2014-01-02,6.274975633376732e-05,0.8584783805910962,8.532881258007245e-05,0.9791740889770776,6.28178742078457e-05,5.988070049366695e-05,1.0010855480253351
2014-01-03,6.287727487442676e-05,0.8577739001577203,8.44238560271193e-05,0.9907846987780442,6.249600773676031e-05,6.126603243692308e-05,0.9939363285316057
2014-01-06,6.194585296328845e-05,0.8463041451438393,8.287300496913375e-05,0.9967436952459692,6.0637198746003625e-05,6.136967003120238e-05,0.9788742239442504
2014-01-07,5.985294868622432e-05,0.843531782863637,8.339969107118588e-05,0.985297862119567,5.959728110520449e-05,6.298328294288546e-05,0.9957284045877145
2014-01-08,5.957982003469859e-05,0.844169175294663,8.461425021934057e-05,0.9810340108368388,5.9937805578419726e-05,6.290911525007587e-05,1.0060085032736361
2014-01-09,5.8876921963223624e-05,0.8505937335798452,7.992364570648645e-05,0.9718365492087512,5.8348859353261786e-05,6.401517092389422e-05,0.9910310764837251
2014-01-10,5.8643073362417135e-05,0.8512467202361141,7.729219732402775e-05,0.9770615430365815,5.731016251038002e-05,6.524594533666428e-05,0.9772707879104552
2014-01-13,6.549653155125348e-05,0.8676372644410951,9.048212401890957e-05,0.9474749256981906,6.679266020986846e-05,5.982809983049502e-05,1.019789271705185
2014-01-14,6.384952094066409e-05,0.8630834298712678,9.083858508153467e-05,0.9339048099652024,6.57304765287771e-05,5.729754131704341e-05,1.0294591965672069
2014-01-15,6.070372053025981e-05,0.8462913080629308,8.750523640889829e-05,0.9307668657044884,6.168002719838198e-05,5.813604163058326e-05,1.0160831438269997
2014-01-16,6.085694586035492e-05,0.8476548716541311,9.111162694263733e-05,0.9294441650990468,6.31191351847244e-05,5.839880880656054e-05,1.0371722453762369
2014-01-17,6.130074788390541e-05,0.8485384892390613,9.256781405381025e-05,0.9403227885552742,6.391965718207143e-05,5.908735081459484e-05,1.042722305821225
2014-01-21,6.022038567812545e-05,0.8424153439009759,9.909871987472799e-05,0.9297557314164564,6.507767925335205e-05,5.942837871124022e-05,1.0806586261534186
2014-01-22,6.0180607898710316e-05,0.8373854685432328,9.809062439098979e-05,0.921261590439306,6.433798495716591e-05,5.8977293735579725e-05,1.0690816727117953
2014-01-23,6.197862719476769e-05,0.8439115857008641,9.9205586151089e-05,0.9216037012059984,6.617378699462507e-05,5.798915870870453e-05,1.0676872010519707
2014-01-24,8.312838911315208e-05,0.8695029066478862,0.00010890008354644045,0.8807555411831232,8.272939092557932e-05,4.666063708239242e-05,0.9952002174969413
2014-01-27,7.785643656399444e-05,0.8726550926379053,0.0001024032703331202,0.8813819593251355,7.7919615699147e-05,4.656622744061912e-05,1.0008114824918892
2014-01-28,5.7778264472590076e-05,0.8511392362847369,9.822852830086139e-05,0.8774812508554124,6.412120514386228e-05,4.600550413667516e-05,1.1097807407192248
2014-01-29,5.541992369045716e-05,0.8325033880053124,8.930396762739643e-05,0.8816204132975973,5.856718474226591e-05,4.3964780114210936e-05,1.0567893429335538
2014-01-30,5.718939038351772e-05,0.8170628242266761,8.280630977572953e-05,0.873082192111274,5.622699839889963e-05,4.513721068930263e-05,0.9831718439702856
2014-01-31,5.786696567157789e-05,0.8185335531900831,8.263124521724938e-05,0.8885931698852515,5.660098517856964e-05,4.7908095902263794e-05,0.9781225699617069
2014-02-03,7.055814511505822e-05,0.8243527741003814,8.630111082318865e-05,0.9171738467403636,6.432723350096669e-05,3.782065446881555e-05,0.9116911080367707
2014-02-04,5.3287933521446234e-05,0.8215622910240216,8.505758837057529e-05,0.8784498660039497,5.531099476055353e-05,3.7333725380720445e-05,1.0379647155634792
2014-02-05,5.1744253938995175e-05,0.8097902366829783,8.295595402912864e-05,0.8313638369440756,5.305512990804893e-05,4.476014856337554e-05,1.0253337495328319
2014-02-06,5.460185755120456e-05,0.8196752930347085,8.519373657607795e-05,0.799913269436849,5.59048371580561e-05,4.20254168904807e-05,1.0238632835088006
2014-02-07,6.356327391387762e-05,0.8321402822270452,8.409603650863405e-05,0.8214532744363691,6.083975251207154e-05,4.1548476635872944e-05,0.9571525940357288
2014-02-10,6.2547563500994e-05,0.8324171763834074,8.102435980172898e-05,0.8442047645087387,5.925896138827363e-05,4.345053661599365e-05,0.9474223786084311
2014-02-11,5.609995653519849e-05,0.8149017888793822,8.083255681792373e-05,0.8410087835999732,5.487565179159194e-05,4.30969751353048e-05,0.9781763691235947
2014-02-12,5.280573476410588e-05,0.8026799651981396,7.706446781337793e-05,0.8435570625068256,5.120472758408104e-05,4.324349973984693e-05,0.9696811873335941
2014-02-13,5.31879934714369e-05,0.7951900534661264,7.489424163787652e-05,0.8491059814134115,5.018823886241765e-05,4.328244680717776e-05,0.9436009066476595
2014-02-14,5.362200748552388e-05,0.7903956847289875,7.589999805419972e-05,0.8211429769196451,5.0423963221607654e-05,4.169257259383483e-05,0.940359482722097
2014-02-18,5.088126402858046e-05,0.7863487625128015,7.039122192356574e-05,0.8133744356950745,4.7060160680614295e-05,4.1428732199591916e-05,0.9249015640448748
2014-02-19,5.093399391722896e-05,0.7738901504102063,6.84865841230528e-05,0.8285526308265482,4.570733899534403e-05,4.129109182317623e-05,0.8973837604335804
2014-02-20,5.128532994270177e-05,0.7674378242349511,6.760316380180435e-05,0.8294260002481124,4.518801744563069e-05,4.218303390002e-05,0.8811100074059528
2014-02-21,5.0142924359823583e-05,0.7611031738061212,6.644545201601746e-05,0.821182072031979,4.393200176391672e-05,4.187338304744483e-05,0.8761356128466394
2014-02-24,5.289213529725008e-05,0.7538221967935423,6.899449160191717e-05,0.7990664362265409,4.5537761783537436e-05,4.059718052602227e-05,0.8609552540773485
2014-02-25,4.99909412374215e-05,0.7510427036930329,6.600593620977732e-05,0.7934773609691131,4.314215014270207e-05,4.042507037223559e-05,0.8629993569796469
2014-02-26,4.8822079787728685e-05,0.7535162346896047,6.650372756491157e-05,0.7927910055687364,4.293621391338239e-05,4.038978354322043e-05,0.8794425411629906
2014-02-27,4.902946505121921e-05,0.752136903866141,6.618712326290416e-05,0.8011281976395281,4.2846191855660566e-05,4.043414175323453e-05,0.8738865865842261
2014-02-28,4.913560627678946e-05,0.7538561316469332,6.646580148289087e-05,0.8007862989754998,4.3080997875780705e-05,4.037310746760863e-05,0.8767775782209323
2014-03-03,5.060228536900576e-05,0.7547889595007002,6.677143935037836e-05,0.7655254084114151,4.387387300353982e-05,3.90722931213113e-05,0.8670334290951385
2014-03-04,5.593664385448813e-05,0.7564265786516732,6.693413803188543e-05,0.7822781149554141,4.6284845733056076e-05,3.7112746407786496e-05,0.8274512474051903
2014-03-05,4.9068183379191435e-05,0.7515663718725885,6.64254291874612e-05,0.7953322162771057,4.29076287359222e-05,3.77397297926002e-05,0.8744490988047915
2014-03-06,4.928243059442446e-05,0.7531239684775115,6.50587634308347e-05,0.7883563390702472,4.2644736090978705e-05,3.735572084594654e-05,0.8653131669159859
2014-03-07,4.8971813978785636e-05,0.7540535565644203,6.224887747075639e-05,0.7794411747736034,4.1633320556041346e-05,3.8558959748385216e-05,0.8501486298644504
2014-03-10,4.912023117884392e-05,0.7521355557742545,5.8185022341512815e-05,0.7801650230407771,4.0209800962492126e-05,3.859475536726253e-05,0.8185995871251209
2014-03-11,5.148937537691702e-05,0.7542473542137027,6.0345251256175844e-05,0.7526715970693365,4.2043044461174783e-05,3.719899501809695e-05,0.8165382499478314
2014-03-12,4.8906113932888686e-05,0.7524593299057913,5.96640322729835e-05,0.7783993996794539,4.0646289828697856e-05,3.988222293159219e-05,0.8311085580112672
2014-03-13,5.192240840939531e-05,0.7524030664733364,5.9440074253541866e-05,0.7529703272806136,4.1799168540786224e-05,3.651863353347898e-05,0.8050313885906476
2014-03-14,5.053194068255615e-05,0.7531996902538526,5.768246926545569e-05,0.7536340072527691,4.0664463160195766e-05,3.6553380914562513e-05,0.8047279128987286
2014-03-17,5.312543808337814e-05,0.753104021556296,5.700649581265836e-05,0.7645470305563238,4.144464288228021e-05,3.653739178603733e-05,0.7801280211042136
2014-03-18,5.3640183376897774e-05,0.7553649471540262,5.755780373929805e-05,0.7708459912006659,4.197145852545982e-05,3.7177993694812876e-05,0.7824629947767191
2014-03-19,4.9711758607667365e-05,0.7474875021927481,5.103610083733054e-05,0.7529578461518633,3.76506295797736e-05,3.585860157912315e-05,0.7573787497022184
2014-03-20,4.924048797705463e-05,0.7410195388209504,5.004141154978468e-05,0.7466158467054225,3.678371671504703e-05,3.527602980491044e-05,0.7470217746864678
2014-03-21,5.1299807125194504e-05,0.743817516957592,5.1421297658008736e-05,0.7488325110728408,3.820285182978058e-05,3.462629380675056e-05,0.7446977673141832
2014-03-24,5.150721281894852e-05,0.7442877490732002,5.2802609266230885e-05,0.7474664216379918,3.88152678529198e-05,3.420351168860365e-05,0.7535889777099414
2014-03-25,5.187847468728203e-05,0.7468415651121668,5.534264527726999e-05,0.7467143762694005,4.001769193527736e-05,3.4230285533731915e-05,0.7713737186087252
2014-03-26,4.894688218699071e-05,0.7412169405459393,5.432308099753752e-05,0.7428605958020584,3.822082437605087e-05,3.297642970255368e-05,0.7808633087197809
2014-03-27,4.819111839496585e-05,0.7297875856416504,5.458224673909733e-05,0.7559493218466361,3.7428780581322644e-05,3.339771698123464e-05,0.776673831774623
2014-03-28,4.77393720640184e-05,0.7241012004370809,5.403533176900064e-05,0.7377910726065352,3.6777019475855347e-05,3.23607590818253e-05,0.7703708257104311
2014-03-31,4.471229395078723e-05,0.705346779721243,4.6387249158566434e-05,0.763276027582749,3.212295381071694e-05,3.256247118549232e-05,0.7184367200232044
2014-04-01,4.637295349124256e-05,0.7083561992065133,4.808793992575071e-05,0.7629534116583627,3.345046533548499e-05,3.252688413428518e-05,0.7213356669594496
2014-04-02,4.141854620280984e-05,0.7116881326656991,4.787551182754893e-05,0.7705085267124401,3.169157801897407e-05,3.301170815591797e-05,0.7651542829097201
2014-04-03,4.131197301210188e-05,0.7207580064388758,4.882231706833747e-05,0.7776939831647005,3.23695481621043e-05,3.324275511469771e-05,0.7835391486294301
2014-04-04,4.5815215175484866e-05,0.7349545892483705,5.0589211394838124e-05,0.8145636174990123,3.538297341683006e-05,3.178436909023632e-05,0.7722974405184728
2014-04-07,4.72141155464609e-05,0.7507906619168667,5.350297117335807e-05,0.7304083436048857,3.773494677842714e-05,2.635913891386535e-05,0.799230195073636
2014-04-08,4.530353492960697e-05,0.7440315680722065,4.8629471986308305e-05,0.6831978464387546,3.492264944875158e-05,2.5565039677322253e-05,0.7708592608284255
2014-04-09,4.691297863661334e-05,0.7271020840002251,4.625043199732849e-05,0.7171408463138291,3.3868798510176135e-05,2.5348274434412554e-05,0.7219494369036537
2014-04-10,5.810324280314903e-05,0.7401024198738729,4.7560103997859456e-05,0.7118707424078763,3.8905715597234214e-05,1.7100609504065968e-05,0.6695962862011832
2014-04-11,5.691804938589508e-05,0.7306500266269699,4.3878650327548996e-05,0.7298929100636241,3.651413684178429e-05,1.574642070550485e-05,0.6415212263200449
2014-04-14,5.793906540801691e-05,0.7245583223928566,4.510039616464303e-05,0.6918336995922193,3.703814864620268e-05,1.481957082375712e-05,0.6392603744187733
2014-04-15,5.375893588153699e-05,0.7317072380099183,4.636047769223024e-05,0.647053089120302,3.6528903326249136e-05,1.3438781078673115e-05,0.6794945384846178
2014-04-16,3.1303883437837385e-05,0.7187806938301279,4.431357156645766e-05,0.5779185631500949,2.677095658510075e-05,1.112766696702973e-05,0.8551960218693623
2014-04-17,3.0074876652121772e-05,0.7104148686076973,4.352443131806953e-05,0.5714766162520554,2.5702805069189535e-05,1.1028984447492561e-05,0.8546271150666951
2014-04-21,3.398061258211898e-05,0.7026332487188625,4.282007803455472e-05,0.7099590636493538,2.680205079544072e-05,1.440176736072082e-05,0.788745368573617
2014-04-22,3.465237531876505e-05,0.6960427429870019,4.024382331983805e-05,0.7472488055171895,2.5992738132932663e-05,1.5155169893915337e-05,0.7500997520033498
2014-04-23,3.661275306357103e-05,0.6902505823996334,3.999659525613309e-05,0.7684893653982094,2.64140190429794e-05,1.544716912171749e-05,0.7214431265826013
2014-04-24,2.8915216768426475e-05,0.6622163840321938,4.0075573348528666e-05,0.7683779379991351,2.2542548873462985e-05,1.54418754721539e-05,0.7796085035087122
2014-04-25,3.367547480592454e-05,0.6454691285496483,4.076205576158317e-05,0.7629924657330532,2.3914448998460084e-05,1.3891962171933988e-05,0.710144374690533
2014-04-28,3.364553762091845e-05,0.6453845846160523,3.9207177596131295e-05,0.7316126382336523,2.344040515194539e-05,1.376347632555048e-05,0.696686895482145
2014-04-29,3.9441733334885286e-05,0.6434093967732051,3.6652160574407673e-05,0.7297896801827645,2.446330814790303e-05,1.3522034701725087e-05,0.6202391750939051
2014-04-30,4.001418281063408e-05,0.6391789879514945,3.692970318024507e-05,0.7360513238144806,2.4570691224828498e-05,1.3820333038048053e-05,0.6140495569060739
2014-05-01,2.1991126094734782e-05,0.6058850918023926,3.612277296918864e-05,0.7638547987695354,1.7076723309643748e-05,1.4689376461971188e-05,0.7765279156728739
2014-05-02,2.5114593555483047e-05,0.5827531178618498,3.690025641834704e-05,0.7479420702425187,1.7740357804784315e-05,1.5228840280865028e-05,0.706376464567997
2014-05-05,2.3421323104644024e-05,0.5688340080956117,3.7486599226009266e-05,0.7554505394555816,1.6855020586885e-05,1.5576901988047534e-05,0.7196442537246307
2014-05-06,2.3724080850696792e-05,0.5523164884078712,3.6870523485881214e-05,0.8875440143039175,1.6335121085677562e-05,1.68725480357116e-05,0.6885460047316349
2014-05-07,2.503936026433856e-05,0.5464361199104353,3.678736403434559e-05,0.8636726810730636,1.6584422311581595e-05,1.5966039576428763e-05,0.662334106642548
2014-05-08,2.245244272166245e-05,0.5501504908132904,3.9976143533817256e-05,0.8480826083133538,1.6482145786231885e-05,1.588720624777515e-05,0.7340914300754308
2014-05-09,2.6257615904936162e-05,0.5603605441080892,4.0079059469166896e-05,0.8602125053103394,1.8178328807776794e-05,1.6284965928093287e-05,0.6923069053028327
2014-05-12,2.5472098693136958e-05,0.5700353348489205,4.116018570931944e-05,0.91985842427847,1.845749690786845e-05,1.5997971712140723e-05,0.7246162607261537
2014-05-13,2.7268227179962204e-05,0.5944276737483776,4.1951957260831236e-05,1.0020978770927862,2.0104977226438533e-05,2.0834967510347724e-05,0.7373041559963416
2014-05-14,2.54765910501542e-05,0.6104159662348505,3.9236439166397884e-05,0.9602096033281484,1.929929017424915e-05,2.1188267893255527e-05,0.7575303201380367
2014-05-15,2.174205444419079e-05,0.6317871834238701,4.356483453355996e-05,0.9147528499074932,1.9444157728185634e-05,1.8331740522369015e-05,0.8943109667072365
2014-05-16,2.0552751262807784e-05,0.6292801265745139,4.165291613417128e-05,0.9407006380358278,1.8412031342287915e-05,1.89558089556924e-05,0.8958426590607501
2014-05-19,2.1296152341554682e-05,0.6360796548092932,4.2279289543550024e-05,0.9476006466019664,1.9086483342601477e-05,1.8983571005766607e-05,0.896240928243102
2014-05-20,2.0908636850371392e-05,0.6415261804121883,4.29690936462177e-05,0.9712327785340952,1.9228939847176558e-05,1.8234327155239848e-05,0.9196649205199143
2014-05-21,2.119414789263069e-05,0.6486158718580041,4.389943852900655e-05,0.973713644969072,1.978449798579571e-05,1.786642207341748e-05,0.9334887199062567
2014-05-22,2.007249814887391e-05,0.6401242078807834,4.2942369473816054e-05,0.9824060979234636,1.8793512918555198e-05,1.798502123371648e-05,0.9362817113827725
2014-05-23,2.2049522594442057e-05,0.6323039641447408,4.359252054549188e-05,0.9981145023437484,1.960340400796681e-05,1.865050156494729e-05,0.8890625148005775
2014-05-27,2.174082787467674e-05,0.6393623278934719,4.377107606180513e-05,1.0283681431008105,1.9723259735961946e-05,1.8531774090133782e-05,0.9071991117198985
2014-05-28,2.1661197917021908e-05,0.645515120153811,4.39621235471977e-05,1.0575417267865848,1.9919892291732323e-05,2.8986399270714618e-05,0.9196117577633496
2014-05-29,2.1856321025887475e-05,0.6509270268612058,4.436428750551911e-05,1.058704963951696,2.0269245837886383e-05,2.8645130144278086e-05,0.9273859865930182
2014-05-30,2.8179051435749515e-05,0.6713523588109016,4.601726183951619e-05,1.1126702466931455,2.417542350050058e-05,3.1326973185523424e-05,0.8579218344386955
2014-06-02,2.8496658002674943e-05,0.6953811021488935,4.750391892360994e-05,1.1991511953899632,2.5584949770726063e-05,3.632620123517339e-05,0.897822817269465
2014-06-03,3.418588872187905e-05,0.7061803889720812,4.6650345854283074e-05,1.201060008147526,2.8201130875183927e-05,3.638416400796554e-05,0.8249348467906038
2014-06-04,2.793146765100254e-05,0.7178284190649427,4.8292640381982594e-05,1.2058104597468178,2.636379959968042e-05,3.7155787280788785e-05,0.9438744833995198
2014-06-05,4.136471088316827e-05,0.7116662045628782,4.957979974277584e-05,1.2366705376227307,3.2228769424951585e-05,4.06921440468144e-05,0.7791368230755797
2014-06-06,3.9833023701562004e-05,0.7318602724775909,5.5713132836299327e-05,1.221752838651769,3.4476931061477184e-05,3.978766310896052e-05,0.86553637805119
2014-06-09,5.1073182956276414e-05,0.7497314627684181,5.900489959968822e-05,1.2263242483899874,4.115723937306416e-05,3.993013938316824e-05,0.8058483335236565
2014-06-10,4.95066057749403e-05,0.7580198781446048,6.100257717575351e-05,1.2030690317194708,4.1656834223393587e-05,4.047527517684477e-05,0.841439916377378
2014-06-11,4.7157992518462575e-05,0.7425334998201787,5.269951120761537e-05,1.187157953487216,3.701664040376058e-05,4.0209473595169314e-05,0.7849494524023344
2014-06-12,4.667919578081926e-05,0.7359203837968897,5.2913721614728183e-05,1.246935869779103,3.657435441225045e-05,4.073738448936884e-05,0.7835258041716102
2014-06-13,3.72024477228719e-05,0.7451293451396435,6.037086253863921e-05,1.197582004530967,3.5312715485941954e-05,4.067916018840788e-05,0.9492040886393572
2014-06-16,2.938646502467408e-05,0.7088759393475456,5.518857873600069e-05,1.2032038951538806,2.8547528429213733e-05,4.149296288612412e-05,0.9714515987290087
2014-06-17,3.191330809025626e-05,0.7060279929835571,5.860144088562713e-05,1.207775365400951,3.053247289693372e-05,4.163727454032029e-05,0.9567316810461234
2014-06-18,3.560112133469648e-05,0.7013254621717503,5.7306018231831995e-05,1.2064184510151967,3.167754831749835e-05,4.0465919289229504e-05,0.8897907461871359
2014-06-19,3.687128606172102e-05,0.6931555020133143,5.4896344452395e-05,1.2075671663294203,3.118505617553695e-05,4.0584366269809095e-05,0.8457816232212362
2014-06-20,3.6786047916274955e-05,0.6856482127935422,5.6011972349402624e-05,1.2404542437762485,3.112313577090655e-05,4.202501994898501e-05,0.8460581533994302
2014-06-23,3.78482539714106e-05,0.7065026926964103,5.749578195923154e-05,1.2438348273950697,3.2957536254828117e-05,4.212241898371095e-05,0.8707808893832518
2014-06-24,3.933090292313687e-05,0.7325042423105593,8.358866921078397e-05,1.1866009840737053,4.200014677483839e-05,3.903288553033005e-05,1.06786632528925
2014-06-25,4.004889359785303e-05,0.7513438998009879,8.703250438084972e-05,1.1764715609937717,4.435828698389476e-05,3.831776765374653e-05,1.1076033068307474
2014-06-26,4.4267929857314866e-05,0.7644475299955301,8.743830708860888e-05,1.1842007104875691,4.7560143749504886e-05,3.8667661091199525e-05,1.0743701795589162
2014-06-27,3.536085878696092e-05,0.779705376282939,8.605516719868404e-05,1.1935361836931786,4.301108588195776e-05,3.895158555732374e-05,1.216347321796885
2014-06-30,3.524942345217237e-05,0.7822207594024542,8.256919568799044e-05,1.1920256629431,4.2200186819478265e-05,3.890446561944677e-05,1.1971880015778678
2014-07-01,3.707778978776346e-05,0.7853098578659804,8.378709395781188e-05,1.2336849625818769,4.377100637432719e-05,3.9278101797385855e-05,1.180518219259462
2014-07-02,3.729144432547138e-05,0.788539459169886,8.430528501401718e-05,1.241342337751145,4.421355473725126e-05,3.9983063623428655e-05,1.1856219445770253
2014-07-03,3.7850371933542936e-05,0.7985309778694113,8.479051649885678e-05,1.2678639302995622,4.523769672404626e-05,4.048791916989521e-05,1.1951717886279656
2014-07-07,3.637233936281704e-05,0.8015594407335838,8.791654370627547e-05,1.239906868711149,4.532696639416194e-05,4.042707179430558e-05,1.2461933213044607
2014-07-08,3.904012916123487e-05,0.7977729434229572,8.696601805230331e-05,1.263760814636689,4.648466640780912e-05,4.022941718624469e-05,1.1906893600640633
2014-07-09,3.921043801203444e-05,0.7975886189403603,8.679789584495604e-05,1.2566394724252072,4.653014369123172e-05,3.95432445465597e-05,1.1866774779958011
2014-07-10,3.784415060760939e-05,0.82292028953214,9.125417571625672e-05,1.2741302684622782,4.8359691818284255e-05,4.0668954348573825e-05,1.2778643738026052
2014-07-11,4.137743263306523e-05,0.8072884633372702,9.06587941899731e-05,1.2732549114284255,4.944421492173086e-05,4.063820377960495e-05,1.194956085366673
2014-07-14,3.5819786180035966e-05,0.8190391705420556,8.258327387609669e-05,1.280657521787938,4.4546359212714854e-05,4.1737171389758326e-05,1.2436243753331675
2014-07-15,3.740515266448331e-05,0.8219718099651767,8.446600366667386e-05,1.2757154163012614,4.620230180025575e-05,4.146005575522442e-05,1.2351854894078658
2014-07-16,4.331224214055195e-05,0.8140659604613356,9.026618407234853e-05,1.2133835759688212,5.090113546142642e-05,3.980042484607817e-05,1.1752135873328344
2014-07-17,4.7474517764657056e-05,0.8510218034449308,9.91360720684372e-05,1.196385209520766,5.8383055699382186e-05,3.637428428973031e-05,1.2297766980762492
2014-07-18,4.82618636397603e-05,0.8452398320568546,9.514950404946783e-05,1.2758908150293229,5.7277659537622684e-05,3.7911740813456745e-05,1.1868099409744874
2014-07-21,3.56854935741795e-05,0.8054404333663121,8.504849982302596e-05,1.2574386691815704,4.437236842096247e-05,3.8231223921812645e-05,1.243428743075265
2014-07-22,3.6878426197529086e-05,0.80277264615495,8.335415506037024e-05,1.207116761683,4.450844096320401e-05,3.7828964304628354e-05,1.2068964311222734
2014-07-23,3.8554343811198455e-05,0.7931539579632252,8.245361214402548e-05,1.1381141923045883,4.471971187312689e-05,4.233294147231452e-05,1.1599137075739219
2014-07-24,3.79220014302475e-05,0.7865176279835748,8.121678760939536e-05,1.1649709366377443,4.364927049342308e-05,4.506148318733106e-05,1.1510276052731587
2014-07-25,3.58816002468109e-05,0.7806967111165996,7.999157287468945e-05,1.1630568916496775,4.1825425681823524e-05,4.450092595246304e-05,1.1656510689079678
2014-07-28,3.90148494586092e-05,0.779305394402648,8.072957098853543e-05,1.1749589797532194,4.3735991099248604e-05,4.5128710900166634e-05,1.1210088390997908
2014-07-29,3.5953585678647994e-05,0.7867942764140243,8.185135460548347e-05,1.2034930010670972,4.268204626828038e-05,5.0711809139883957e-05,1.187142963980593
2014-07-30,3.539196672747045e-05,0.7843952224990967,8.439741750772609e-05,1.2036725434860118,4.2869840455411435e-05,5.0719424562116556e-05,1.2112873179815924
2014-07-31,4.5379445989039353e-05,0.8240958895232912,0.00010106592470231145,1.174905691034835,5.5809704068983535e-05,4.200613071237819e-05,1.2298454256683398
2014-08-01,4.584672797284814e-05,0.803506730709832,9.75109119071744e-05,1.1652712706013544,5.372424253395845e-05,4.140871697293594e-05,1.1718228303179152
2014-08-11,3.847004227028839e-05,0.8032755620562813,0.00011629672930593499,1.1119796142020528,5.3729108784702654e-05,6.53285194086363e-05,1.3966480308808842
2014-08-12,3.841634430365733e-05,0.7902379375027271,0.0001155903630496469,1.0692678487871323,5.265949703718913e-05,6.369085488844238e-05,1.3707576291213066
2014-08-13,3.776559449586869e-05,0.7808267219050407,0.00011129976321462265,1.0734832651740918,5.062324152460063e-05,6.251002350327717e-05,1.3404592778259714
2014-08-14,3.862814115860239e-05,0.7700922340934591,0.00010769599358443492,1.083035699868269,4.967003000869842e-05,6.623247902848361e-05,1.2858508983064807
2014-08-15,3.923523389055349e-05,0.774374550175896,0.0001066441036643874,1.0834748302580333,5.0090759713997905e-05,6.891409151543706e-05,1.2766779944201647
2014-08-18,5.8802594173761744e-05,0.7667993533066898,0.00010626739206961974,1.166213234287489,6.0614983641734294e-05,8.282913385839384e-05,1.0308215903301297
2014-08-19,5.790352204668287e-05,0.7675107619513952,0.0001067093877850662,1.1771762092175508,6.033068806781303e-05,8.390808175600718e-05,1.0419174159936824
2014-08-20,5.609710643686182e-05,0.7638485982138158,0.00010656695654088122,1.2024858122322288,5.905936831988484e-05,8.943512510652277e-05,1.0528059657828712
2014-08-21,5.441563613273725e-05,0.7561731713716036,0.00010382349201902609,1.177765241584896,5.683697242482927e-05,8.904367499319757e-05,1.0444970685665715
2014-08-22,5.0059045313325706e-05,0.7555074187972661,0.00010365344108724883,1.1822399939994055,5.4421671549594877e-05,8.937114790139099e-05,1.087149609205748
2014-08-25,6.652021183637015e-05,0.7735500174961817,0.00010929630159573487,1.2137425921240057,6.595807091310386e-05,9.472958787737369e-05,0.9915493215107452
2014-08-26,6.338834696697776e-05,0.7784388289533837,0.00011153840841208726,1.2090362603480171,6.5454788728248e-05,9.438703535900624e-05,1.0325997105169307
2014-08-27,6.228211919321129e-05,0.7824362512946701,9.803237757695475e-05,1.1930059572678635,6.113859049806987e-05,9.430180880679957e-05,0.9816395345894707
2014-08-28,6.139493236265438e-05,0.7857388255464564,9.763162588676169e-05,1.2231061638409042,6.0833070390997845e-05,0.00010024302856244303,0.9908483982303674
2014-08-29,6.15753093611576e-05,0.789742626183028,0.00010014802514882281,1.2177563846542745,6.201690314836202e-05,9.960709731731462e-05,1.007171604849183
2014-09-02,7.761239871585492e-05,0.7802235876579184,0.00012032596633950086,1.2294355432307,7.539877810904513e-05,0.00010090690926226958,0.9714785183368185
2014-09-03,7.595624179294328e-05,0.7791035805488207,0.00013189760804196364,1.2524613923522363,7.798218403955599e-05,0.00010386720792925666,1.026672491934704
2014-09-04,7.498131031863036e-05,0.7756599066022535,0.00014263868367489225,1.2590012802013983,8.021701876535263e-05,0.00010472431700864081,1.0698268465097944
2014-09-05,7.387822741090312e-05,0.7782339900784182,0.00014628188443311212,1.2569446938471525,8.090282776875334e-05,0.00010406136027814391,1.095083498941848
2014-09-08,7.348698808482049e-05,0.7735224486134559,0.00015790463095641838,1.2409682045303492,8.332504932896025e-05,0.0001027283385693499,1.133874873641364
2014-09-09,8.133593066383054e-05,0.7714673951812101,0.0001608416157532834,1.2530185163248246,8.82384782694643e-05,0.00010241427809941226,1.0848646784920022
2014-09-10,8.008754908927675e-05,0.7752810244085123,0.00015929153262505855,1.2592660607530874,8.756650201053923e-05,0.00010268549774711731,1.0933847146817464
2014-09-11,7.945435898388616e-05,0.7742430249155106,0.00015644147581792174,1.256527270452073,8.632013637201293e-05,0.00010246127754810706,1.0864115886897934
2014-09-12,7.986652544186676e-05,0.7761793326409354,0.0001637849807195724,1.24671898189049,8.87731247635331e-05,0.0001005194345623759,1.1115185526400453
2014-09-15,7.976789477234261e-05,0.7757880340406779,0.0001668418988578439,1.2506455646166543,8.949725266625455e-05,0.00010078606777743208,1.121970849571491
2014-09-16,8.12776222335961e-05,0.7786962217592773,0.00016969837060812,1.2346108602482146,9.14518296361725e-05,9.889976328975721e-05,1.1251784577719952
2014-09-17,8.038458733415224e-05,0.7750334491032924,0.00017151272108670895,1.229525312445909,9.100285304872119e-05,9.860007272534587e-05,1.132093303787574
2014-09-18,8.052555846541116e-05,0.7743746783811265,0.0001584519213202328,1.2471060395246738,8.747153964148554e-05,9.938691765702418e-05,1.0862580938082902
2014-09-19,7.686942885417954e-05,0.7634197637519686,0.00015034211719677735,1.26426199126032,8.206926747206327e-05,0.00010034971146450183,1.0676450793949277
2014-09-22,7.562338268336147e-05,0.7738017404028137,0.00015766962482946395,1.25181483440725,8.449514764492089e-05,9.741274960169775e-05,1.117315103434422
2014-09-23,7.716105522203933e-05,0.7704035048172438,0.0001616007556069841,1.2715304411215942,8.602784075936153e-05,9.773636320518667e-05,1.1149127044959022
2014-09-24,7.845740621167833e-05,0.7631938294200833,0.00015838458213931388,1.278034972783013,8.507623752466652e-05,9.694637199788142e-05,1.0843620969973256
2014-09-25,8.684570042440597e-05,0.7701953357833059,0.00015679755029878494,1.39146808163574,8.987619585653637e-05,9.639510801984073e-05,1.0348951694478907
2014-09-26,7.784867175631449e-05,0.7758134086771017,0.00015918336436050577,1.331535998600901,8.636379634367286e-05,9.274875784619517e-05,1.1093804736195474
2014-09-29,7.945972408695768e-05,0.7758983825435591,0.00015880785076276957,1.3468590974029089,8.715942509940182e-05,9.44930488903893e-05,1.096900676423415
2014-09-30,7.034453028421699e-05,0.7517489590126404,0.00018184206780264128,1.3505095698755452,8.502275690008409e-05,9.454954515593517e-05,1.2086619465161232
2014-10-01,6.051441443903661e-05,0.7577463101021716,0.00019637111548977004,1.3622259380116195,8.260228313230088e-05,8.860921210791715e-05,1.365001775164098
2014-10-02,5.727685640094654e-05,0.7593363946031558,0.0001908981573689988,1.361078945656844,7.940076214298531e-05,8.848021573134901e-05,1.3862625697745723
2014-10-03,5.732458945014978e-05,0.7380792538909351,0.00017753882391761925,1.4812796665114984,7.445950488832464e-05,9.532746778464696e-05,1.2989103908554918
2014-10-06,5.950629355094935e-05,0.7391708459404529,0.0001735990879871714,1.4768719763148572,7.512768370070562e-05,9.497618296034068e-05,1.262516604842498
2014-10-07,5.823383972398379e-05,0.7076204123244754,0.00016245947126980055,1.5786712646419538,6.882727627526322e-05,0.00010225862163029396,1.1819120394858058
2014-10-08,6.403572465426801e-05,0.7000069211892254,0.000139959802848403,1.6534152284237726,6.626972361721427e-05,9.76634185295506e-05,1.0348867600859948
2014-10-09,6.579132724406009e-05,0.7403274468143982,0.00018263444603347717,1.5666940077678222,8.115205471937856e-05,8.74707005181563e-05,1.233476479632888
2014-10-10,6.388921163395802e-05,0.7610913274339478,0.0001692353534431295,1.5894833709431906,7.914000696972366e-05,8.5376781769516e-05,1.2387068950410967
2014-10-13,7.100010076144222e-05,0.7681590230259457,0.00016464573387942643,1.47172359623448,8.30531024020048e-05,7.140711254109044e-05,1.1697603455671173
2014-10-14,5.126108009219706e-05,0.7151196686215282,0.0001520186869938262,1.5862189236640882,6.312786301209762e-05,8.864877731516072e-05,1.2314969348784153
2014-10-15,4.732231652345586e-05,0.6714763025731016,0.00014014468314955207,1.5292486740989129,5.468295829007857e-05,0.00010035936303571078,1.1555427186869502
2014-10-16,5.30327919984953e-05,0.6406041514269485,0.00014052646054064634,1.5160297728382897,5.5302026832348714e-05,9.958426120744047e-05,1.0427892771309835
2014-10-17,4.626798859027275e-05,0.6400813074767684,0.00013365613750002868,1.5229779986915075,5.033498083884343e-05,9.709390813284059e-05,1.0879007791885233
2014-10-20,4.9165393824874467e-05,0.6711747888948872,0.00012644591096585666,1.5254824193329235,5.291975084938817e-05,9.525665914025157e-05,1.0763617807656867
2014-10-21,6.127847379397686e-05,0.702400762421121,0.00017318980525587077,1.4995825859542669,7.236025794516259e-05,8.282964049443455e-05,1.1808430181933638
2014-10-22,6.0122674099070425e-05,0.7097164718911464,0.00019081580964196276,1.481427932236453,7.601708405563414e-05,7.932395801669795e-05,1.2643663176121014
2014-10-23,6.055871725038731e-05,0.7194040192273852,0.00021403356468117107,1.4585470927268624,8.190343868903922e-05,7.483598742505689e-05,1.3524632358112803
2014-10-24,5.99990058104541e-05,0.7242972092641453,0.0002189357972614864,1.47946542214332,8.301321376832994e-05,7.611232595101055e-05,1.3835764884268449
2014-10-27,5.8561423507449295e-05,0.7248073241888322,0.00023255062965145854,1.4144329266688005,8.458379090496148e-05,7.652933673703059e-05,1.4443602262196036
2014-10-28,5.4522480778452264e-05,0.7026107187764041,0.00025037938579724073,1.3669812505742307,8.2092193441437e-05,7.060142774313384e-05,1.5056577079647577
2014-10-29,5.3729820257279105e-05,0.7037547640788558,0.00024857666046009175,1.476687745064838,8.133158130897751e-05,8.799611834104782e-05,1.5137140031276957
2014-10-30,5.3551839514494966e-05,0.6902108857721647,0.00023998327444603264,1.4911729557251083,7.824552136607934e-05,9.075258966763078e-05,1.4611173411680938
2014-10-31,5.56093263598845e-05,0.7012193113144204,0.00024498496593471027,1.404664634570668,8.184598916599504e-05,8.625251168436637e-05,1.4718032841526592
2014-11-03,5.4562010343014535e-05,0.7011709705013525,0.000236838164442501,1.4103189502332252,7.970672266342036e-05,9.622185819999937e-05,1.4608465150446028
2014-11-04,6.02491600622342e-05,0.6775569447585237,0.00025577200524975606,1.376501564708159,8.411003304258345e-05,9.567620887809353e-05,1.3960366079079314
2014-11-05,6.0354415020847636e-05,0.6762449466758604,0.0002866026151632245,1.3936220151809775,8.894030813034891e-05,9.774114282174823e-05,1.47363383606033
2014-11-06,5.86925643313682e-05,0.6752013805094068,0.0003002207921575765,1.3806515758070428,8.96283181668047e-05,9.656175910826985e-05,1.5270813123921203
2014-11-07,5.828791566618652e-05,0.6752809791414379,0.00031268709363376,1.3476247863645678,9.116513043134899e-05,9.526471272159931e-05,1.5640485577396432
2014-11-10,5.7340540123530906e-05,0.6745501427242967,0.00031430027886723784,1.3506145070220157,9.055605851642713e-05,9.746224687063794e-05,1.5792676232441962
2014-11-11,6.57571982494724e-05,0.6573516377891432,0.0003125639258843708,1.4187087594796002,9.424077007325959e-05,0.00010814197089656683,1.4331627955881732
2014-11-12,6.673646336542344e-05,0.6460785764657342,0.00031340772538718676,1.4183491198802458,9.343762329011218e-05,0.00010827131421893912,1.4000985155369017
2014-11-13,7.11343776232816e-05,0.6358361825149709,0.0003272542996843299,1.446901358973211,9.70124978195116e-05,0.00011129371861136753,1.3637920378424784
2014-11-14,6.859476809423724e-05,0.6252950369417015,0.0003232879669282054,1.388003138847284,9.311620071060782e-05,0.00011359849745363383,1.3574825500201768
2014-11-17,6.853595565786147e-05,0.6227511230715262,0.0003174251632224196,1.3836168454356763,9.18532297619297e-05,0.00011422870115964593,1.340219580806175
2014-11-18,7.650833651469074e-05,0.631217521325291,0.0003188751197133143,1.3997847367816176,9.859246899520558e-05,0.00011468898087590067,1.2886500149728697
2014-11-19,7.466095393809579e-05,0.6433251642626484,0.00032872336239545946,1.3338729027420193,0.0001007842323214838,0.00011445592881342007,1.3498921056520095
2014-11-20,7.31046489834875e-05,0.6531110741154555,0.00034347480588373835,1.3924782391036383,0.00010349204988010689,0.0001242579666553443,1.4156698830943453
2014-11-21,7.04730363634149e-05,0.6655070752733996,0.0003510667263499367,1.3638755425171607,0.00010467886464632884,0.00012358017451561472,1.4853746914851453
2014-11-24,6.987047932397521e-05,0.6803289970162156,0.0003468860014681322,1.288578129533145,0.00010591542917317452,0.00012060076254818198,1.5158823897867681
2014-11-25,8.166110492431963e-05,0.6757743451181106,0.00036429397448824353,1.337627336685395,0.00011655618396946068,0.0001303423413666074,1.4273157836583337
2014-11-26,7.228929035700332e-05,0.6707417604043537,0.00037492736021592403,1.3773228694188977,0.00011042461509730409,0.00014077851429437598,1.5275376829951999
2014-11-28,6.63644735069259e-05,0.6280674159166678,0.0005452331965504939,1.3606218314919325,0.00011947175255655427,0.00013934883545201185,1.8002365760362131
2014-12-01,6.796408095783602e-05,0.6203633601661608,0.000526518534165711,1.381369825993714,0.00011735259450273411,0.000143274790613531,1.7266855204815914
2014-12-02,6.956629167082881e-05,0.6192992625972579,0.0005181670528080327,1.3759338371882277,0.00011758038751797268,0.0001416259906684088,1.690191969328122
2014-12-03,9.973973303376368e-05,0.6545168751372303,0.0004782335572169202,1.3628537152429547,0.00014294697600412086,0.00014030283816642271,1.4331999059565435
2014-12-04,7.195368455764464e-05,0.6710077150449604,0.0004263724584617404,1.3271236349991336,0.00011752996433745554,0.0001401308024092836,1.6334113403643442
2014-12-05,6.914099334132158e-05,0.6933114759113688,0.0004126409665172416,1.3312423925612655,0.00011710686832318573,0.00014048833474998286,1.6937400327049932
2014-12-08,6.652863915801598e-05,0.7173015655639139,0.00044761180652385947,1.2841850881617043,0.00012378182040272912,0.00013682066961748484,1.8605794732810907
2014-12-09,5.578278936298998e-05,0.7257975878490391,0.00043233804844877716,1.2986354471864692,0.0001127138703840807,0.00013875993519272528,2.0205850526876414
2014-12-10,7.622608908783083e-05,0.7512921130480571,0.0004279259372252358,1.2565705763260493,0.0001356890975422391,0.00012631968758159044,1.7800873580945829
2014-12-11,6.0199482263474304e-05,0.758661606255252,0.0003968680123974494,1.266207661300861,0.00011726476359293536,0.00012675062942251307,1.9479364138001083
2014-12-12,5.635062229218622e-05,0.7448770027764932,0.0003439477860262814,1.272447216268228,0.00010370034075799621,0.00011898241754070115,1.8402696641093825
2014-12-15,5.5088696774690915e-05,0.7477989059497737,0.00032992368345832133,1.2553873734563443,0.00010081445828548416,0.0001162237725536798,1.8300389043111431
2014-12-16,5.154869882225274e-05,0.717520697567811,0.0002995124233567813,1.3010848530291377,8.915602707817127e-05,0.00011790291926185758,1.7295495156064746
2014-12-17,8.951914955443635e-05,0.7438344954662621,0.00034380799307028807,1.2231319739779498,0.00013049451975352712,0.00010174678634097364,1.4577274293046514
2014-12-18,9.913276275332198e-05,0.7429506518358963,0.0003472118306829721,1.3008976373434913,0.00013783700574356584,9.178447224854206e-05,1.390428370149977
2014-12-19,7.377698274922788e-05,0.7272301177337562,0.00034433675000388787,1.3256861604005787,0.0001159108230426701,9.352545192542781e-05,1.5710973629357752
2014-12-22,6.996587850894997e-05,0.7144669621039605,0.0003374986744550632,1.3452891844298585,0.00010978963285615575,9.482976392339372e-05,1.5691882271171878
2014-12-23,6.063494070426503e-05,0.7012901772344013,0.00033008586149461586,1.3145802488797649,9.92139397937434e-05,9.36777322710516e-05,1.6362502979534495
2014-12-24,5.292955813268682e-05,0.6867065502671689,0.00029694212064294563,1.2994659128163497,8.609069762846567e-05,9.31998534635115e-05,1.626514572682595
2014-12-26,5.0003308753932844e-05,0.6895456487498929,0.00028523635471653817,1.2960182794866768,8.235023303965888e-05,9.329241957533692e-05,1.64689567734219
2014-12-29,4.966432774890378e-05,0.6843139171039756,0.0002687241338564524,1.2931557292623,7.905529961981146e-05,9.307125365353455e-05,1.5917924031813038
2014-12-30,4.653062419950052e-05,0.6907451698392754,0.0002653322823215821,1.2881827085516449,7.675069951115146e-05,9.778418899281043e-05,1.6494663639602611
2014-12-31,4.3755181092948726e-05,0.6913476749481007,0.0002537627785657571,1.2937689921911577,7.284927095842625e-05,9.566582877176324e-05,1.6649290241462655
2015-01-02,6.483180836307134e-05,0.68486837661212,0.0002392726504273141,1.255880059853882,8.529974077291183e-05,0.00010060546067148195,1.3157081828601156
2015-01-05,8.284505496642122e-05,0.7160037676176257,0.00027601949108483736,1.144631132544093,0.00010827257815364521,8.309060495628847e-05,1.3069286778496347
2015-01-06,7.372029621424698e-05,0.7219786468650745,0.00027329470328330154,1.0599612774138207,0.00010247867375622098,7.804661568719615e-05,1.3901012206787122
2015-01-07,7.097584833724285e-05,0.7078405034018393,0.00025570088037915313,1.0907747862552026,9.53579305619129e-05,7.799734213438563e-05,1.343526464225101
2015-01-08,6.58935484829367e-05,0.7046805612457799,0.00025995876624733226,1.068087738929336,9.222867576083118e-05,7.321950827087591e-05,1.3996616950248784
2015-01-09,5.142752848602693e-05,0.6775633137858569,0.00023658197994962536,1.0718530335280976,7.473749564444839e-05,7.203163271481583e-05,1.4532585532426447
2015-01-12,5.214866604959718e-05,0.6626480035405843,0.0002336917158138196,1.0749233407858032,7.315199157401962e-05,7.361518235861845e-05,1.4027586344096845
2015-01-13,5.1084978694142575e-05,0.6513458862813589,0.00022145297059431355,1.0886958852779829,6.927858967993926e-05,7.495055289778114e-05,1.356144045683683
2015-01-14,5.779000718727771e-05,0.6412852814151729,0.00021651498622726634,1.1153489417877915,7.17334349234376e-05,7.584924251198105e-05,1.2412774874897314
2015-01-15,5.577655409897309e-05,0.6392287908804589,0.00021815031978300006,1.1082201119813655,7.051152284419822e-05,7.292034483911962e-05,1.2641785420999399
2015-01-16,7.006830803083834e-05,0.6503344577754355,0.00024493055897641743,1.0308419796660964,8.51959730827116e-05,6.545773996193437e-05,1.2158988204084407
2015-01-20,6.698197984101967e-05,0.6499940826455953,0.0002444697621494422,0.8874324333146479,8.31765625141904e-05,6.105943907373542e-05,1.2417752164329605
2015-01-21,5.396910834789416e-05,0.6520747078282519,0.00025478833801510146,0.8620167165086159,7.646448183655575e-05,5.9014126124191224e-05,1.4168194394402915
2015-01-22,5.806897077464812e-05,0.6527723400097244,0.00025487434841715454,0.895405758935152,7.941396356608728e-05,5.702271758806152e-05,1.367580008853162
2015-01-23,5.910063936486745e-05,0.6536603128566675,0.00025608981065968,0.934093803571266,8.041634990324952e-05,6.18489563062603e-05,1.3606680192880156
2015-01-26,6.288399592442454e-05,0.6276020789095273,0.0002460158877051251,0.918536723588678,7.806134255457982e-05,6.241959662233332e-05,1.241354678675251
2015-01-27,6.964065036165525e-05,0.6050218029718295,0.00023136477181040228,0.9706251347147438,7.679820174904925e-05,6.22548212730372e-05,1.10277835359411
2015-01-28,7.988841611727443e-05,0.5999688936123811,0.00024502281073054326,0.8295679774611977,8.394095355318669e-05,4.999264613968689e-05,1.0507274725532576
2015-01-29,8.021798542057233e-05,0.5897145116253776,0.00023446733266011886,0.8725439470455312,8.087585070639061e-05,5.186745330064828e-05,1.0082009699242531
2015-01-30,7.830236811365751e-05,0.572510823134889,0.0002438085282166582,0.9742685347006994,7.910348113031967e-05,5.419351034707125e-05,1.0102310190095314
2015-02-02,6.708254753246161e-05,0.5811329221975614,0.00024897643758888216,0.8708697818435087,7.510336181256354e-05,4.593365033514857e-05,1.1195663339443187
2015-02-03,8.067150173734702e-05,0.5993800534444662,0.00024706476918091516,0.7975815934519412,8.461897632754889e-05,3.8884889435934784e-05,1.0489327024437227
2015-02-04,7.910110058857453e-05,0.6410406526680176,0.0001661752864572194,0.7712162276452015,7.349538225528838e-05,3.76885983592388e-05,0.929132233412997
2015-02-05,8.520627788871464e-05,0.6554870755323603,0.00018096726278471118,0.7554385017546305,8.139541444760216e-05,3.577839361858477e-05,0.955274851389592
2015-02-06,8.507292515013707e-05,0.6595897613562577,0.0001879914223901382,0.7716463641044329,8.341393426995839e-05,3.641486152032853e-05,0.9804991908148111
2015-02-09,6.296753465448077e-05,0.6254821193810166,0.00018287523515110674,0.8205525827298444,6.711980603322633e-05,3.854699104225978e-05,1.065943051471368
2015-02-10,6.653518645016198e-05,0.6035957439878228,0.0001822127988714219,0.8704700064860008,6.646014700100562e-05,3.888731518287527e-05,0.9988721839802378
2015-02-11,6.58212274519105e-05,0.5944376499096699,0.00017658338934192688,0.8590526325423993,6.408615578817808e-05,4.110024678372665e-05,0.9736396337336601
2015-02-12,6.625281595902424e-05,0.6065407279195024,0.00014587126307554174,0.820151458503371,5.9627556256622005e-05,3.907546922168416e-05,0.9000003304538814
2015-02-13,6.59493776327874e-05,0.6096584892824962,0.0001515089933279112,0.7918585249995983,6.094122538418079e-05,3.745694065800851e-05,0.9240606594274098
2015-02-17,5.2818371217651516e-05,0.5830519646690424,0.0001306143221934429,0.7971377485360941,4.842784747323384e-05,3.809509174587534e-05,0.9168750636719672
2015-02-18,4.925751255554142e-05,0.588604793924561,0.00013519269790932383,0.802721884497239,4.803266139794254e-05,3.84697963068752e-05,0.975133718816642
2015-02-19,5.2538640297651296e-05,0.5897050429224443,0.0001309237773647868,0.7929911805154022,4.890840723392897e-05,3.8075499422696636e-05,0.9309035589205263
2015-02-20,5.811623348480445e-05,0.5955514060865911,0.00013051224483577028,0.8168986293491829,5.1867296793294236e-05,3.890602866567571e-05,0.89247519467785
2015-02-23,5.7842904366347e-05,0.606865372624469,0.00013406449557713153,0.8195302886949001,5.344096509613541e-05,3.922015414065707e-05,0.9238983706224019
2015-02-24,5.363774172174018e-05,0.5801650406209102,0.0001069304964731506,0.7997577762784268,4.3937727360214014e-05,3.842270652488452e-05,0.8191569210380346
2015-02-25,4.6420168910813084e-05,0.6015175284756621,0.00010475616231832517,0.7828238435803272,4.1946085287273244e-05,3.932435124750801e-05,0.9036176789417574
2015-02-26,6.082008377129165e-05,0.63157273548042,0.00010384064792121613,0.7418264374401078,5.019154625209046e-05,3.92833592431804e-05,0.825246253208581
2015-02-27,6.477291200020017e-05,0.6337724561033931,0.00010764924322195637,0.7307434436280547,5.292191638848678e-05,3.863738071218934e-05,0.8170377825274125
2015-03-02,7.10002492943561e-05,0.6508338738932583,0.00011287519326177035,0.7880686301956427,5.826387145696955e-05,4.325310259162117e-05,0.8206150265109141
2015-03-03,6.22129036386534e-05,0.630149782948279,0.00011676288384679938,0.7999919884115636,5.370768500695192e-05,4.3909292767521905e-05,0.8632885119604493
2015-03-04,6.357489191775788e-05,0.6246608056282916,0.00012102222943624994,0.776024937556447,5.479231459987393e-05,4.262687192265977e-05,0.8618546244758808
2015-03-05,6.337223751236057e-05,0.6205253122265355,0.00012624181322651212,0.8064404495259624,5.5502255744531365e-05,4.741633092168986e-05,0.8758134148838569
2015-03-06,6.737776824421294e-05,0.6324060034791361,0.00013658776360748153,0.7952345083665227,6.066807179816016e-05,4.3472737552853515e-05,0.900416760292011
2015-03-09,6.459093954914395e-05,0.6366952101070275,0.00014211954306312408,0.8055202532675999,6.10020296250359e-05,4.3948906380838676e-05,0.9444363257577725
2015-03-10,6.248974140729342e-05,0.6216621442058686,0.00014286684302492204,0.790817361508657,5.8738724250744513e-05,3.8128152178059127e-05,0.9399738729577922
2015-03-11,5.4252554100076106e-05,0.6042920253513254,0.00010469179671090316,0.7544180351922019,4.554212426732677e-05,3.7827015776947174e-05,0.83944664030597
2015-03-12,5.508043688697334e-05,0.587527226956299,0.00010383679065163726,0.8527456505187768,4.4432660038006236e-05,3.999732438943898e-05,0.8066867757273485
2015-03-13,5.707193087433516e-05,0.5985602592375211,0.0001082688060708647,0.8505517938789547,4.705121425200573e-05,3.910619889292349e-05,0.8244195269230733
2015-03-16,5.2149496476829495e-05,0.5925529874771565,0.00010552389280502044,0.8498177280418364,4.395696042809839e-05,3.59916826509042e-05,0.8429028734271456
2015-03-17,4.691748238540657e-05,0.594855122427265,0.00011202254497130457,0.8448052013106961,4.312521497561403e-05,3.557562442544083e-05,0.9191715493461323
2015-03-18,5.051902620859181e-05,0.602085283754332,0.00011380994653009423,0.7344283787063303,4.565366074367653e-05,2.881169197040092e-05,0.9036924139268577
2015-03-19,5.142834644805491e-05,0.6047627284028178,0.00012010553612191368,0.7001613464634255,4.7529999662633615e-05,2.720200839491028e-05,0.924198480902768
2015-03-20,5.066833282542825e-05,0.6105184104946012,0.0001215564312217817,0.7460292431649526,4.791329548491111e-05,3.074891888523729e-05,0.9456260510877811
2015-03-23,5.007282454924587e-05,0.6084354145923303,0.0001193903650984003,0.6976144402179046,4.7043558973072185e-05,3.0051366546226003e-05,0.9395028020998806
2015-03-24,4.2218867344400384e-05,0.5623132823519147,9.864257044186158e-05,0.6902933231583459,3.6288065876041346e-05,2.9210632223956896e-05,0.8595224874230156
2015-03-25,4.692159710753298e-05,0.5106315109734965,0.00011023400981221409,0.8870162696152765,3.672415462237687e-05,3.376037474734537e-05,0.7826706013057051
2015-03-26,4.732340893496746e-05,0.4957648066455589,0.00010753995125149232,0.8855761585572755,3.536703255442139e-05,3.3563702056664956e-05,0.747347525260137
2015-03-27,4.354358066573599e-05,0.48770855003812535,0.00011597807713826571,0.8880134637779287,3.465855012101589e-05,3.365453275866256e-05,0.7959508517931407
2015-03-30,4.5502666776921666e-05,0.48935294825950476,0.00014253469693687614,0.7953173817307082,3.940950070001628e-05,2.7779346138755827e-05,0.866092110451958
2015-03-31,3.983451498744685e-05,0.5075897189451571,0.00013391092099175294,0.8417830846395887,3.70723897554036e-05,2.9301634606253306e-05,0.9306600009335199
2015-04-01,4.176214734580363e-05,0.5185148383351297,0.00014042276971840375,0.8375850834726044,3.970739235343684e-05,2.8943384647170554e-05,0.9507986269155947
2015-04-02,4.894523588776545e-05,0.5085998321300066,9.279534453234042e-05,0.8396109002887884,3.427634612552384e-05,2.961830282447584e-05,0.7002999475602015
2015-04-06,4.8199312485919956e-05,0.5135430318729749,0.0001131538015386485,0.7842170369938026,3.792554558429477e-05,2.6891134290226455e-05,0.7868482687460248
2015-04-07,4.533264144371158e-05,0.5312938235370173,0.00011804086036704615,0.8147897560936148,3.886480230543547e-05,3.031835236884796e-05,0.8573249002860982
2015-04-08,4.177649686660928e-05,0.5242785740327502,9.181122826569203e-05,0.8220579076664339,3.2469531192925926e-05,3.0574847793449934e-05,0.777220055013226
2015-04-09,4.664355209638432e-05,0.5445914519012286,8.00782528985395e-05,0.809645074725848,3.3283111741995004e-05,3.094997024878738e-05,0.7135629737893616
2015-04-10,4.853778747139849e-05,0.5679506986102785,7.251603008429552e-05,0.8016430882353653,3.369516878613099e-05,3.0443894299243725e-05,0.6942048770967629
2015-04-13,4.467938122611643e-05,0.544951898320227,7.208662077091988e-05,0.7999442861373142,3.0927091441199e-05,3.053876773247411e-05,0.6922005317101659
2015-04-14,4.646938254229903e-05,0.5307587542605658,8.392609506408097e-05,0.7790144628772143,3.314584730461734e-05,2.9722553045376392e-05,0.7132835749312171
2015-04-15,4.691423215315267e-05,0.5367442696208122,9.922254811877795e-05,0.6845428191652697,3.662055405930287e-05,2.7438268727044385e-05,0.780585173807261
2015-04-16,4.176974619173272e-05,0.5664553003322061,9.863928733421326e-05,0.724122284989414,3.6359803370262976e-05,3.0490746577858357e-05,0.8704817885022125
2015-04-17,4.332386275975345e-05,0.5748559702604253,9.718618102942107e-05,0.7725838004768217,3.730137922383251e-05,3.0503475869399403e-05,0.8609892296696212
2015-04-20,4.305137811564542e-05,0.5676376230732786,9.467547354937704e-05,0.781907018851579,3.623960413070721e-05,2.950696483268238e-05,0.8417757042146178
2015-04-21,4.4326391543702614e-05,0.5669589997453153,8.834532753470461e-05,0.7712381910105314,3.547926672031883e-05,3.0045613499265066e-05,0.8004095412399821
2015-04-22,3.760113128202133e-05,0.5712816365969305,8.82602357087394e-05,0.7700926505809044,3.291040762355458e-05,2.9744606974147283e-05,0.8752504645861658
2015-04-23,3.981692672329287e-05,0.5761401910885411,8.413624696622367e-05,0.7597105729280526,3.334675725465351e-05,2.9224778699564957e-05,0.8375020374223328
2015-04-24,4.472325784062566e-05,0.5899070229969425,8.261236443404319e-05,0.780755999270997,3.585690566852878e-05,3.7573140540788535e-05,0.8017507534068131
2015-04-27,4.8016264703360416e-05,0.6128003909461559,7.983164400353677e-05,0.7956871850163367,3.794029962395847e-05,3.819142510863185e-05,0.7901551663451909
2015-04-28,4.837591330570472e-05,0.6285560680820995,7.769649496987391e-05,0.7205374146522583,3.8535351591976524e-05,3.553745703621876e-05,0.7965813761170324
2015-04-29,4.7158652268819175e-05,0.6310881189112251,7.771557524871497e-05,0.7409362111365381,3.820539811755445e-05,3.631269793916884e-05,0.8101460978946482
2015-04-30,4.7296624411946914e-05,0.6187083879670979,7.536139410202273e-05,0.7833456756651553,3.693818387064365e-05,3.6798595206200186e-05,0.7809898556166988
2015-05-01,5.0018555724514286e-05,0.609802399464123,6.590662931394643e-05,0.8257382597022851,3.5012188105189997e-05,3.730542754052769e-05,0.6999839879029212
2015-05-04,4.992916004912971e-05,0.5981114150493504,6.476392408105399e-05,0.8605037925541965,3.401150099236439e-05,4.3925286019065884e-05,0.6811951364472679
2015-05-05,5.102770643270727e-05,0.6126566969760329,6.731009302253869e-05,0.8650269709031968,3.590544426474633e-05,4.1914979049076164e-05,0.7036460537785799
2015-05-06,5.61480236098465e-05,0.6229424951871481,6.978202673018243e-05,0.8500318550162733,3.899303005078296e-05,4.40417795790019e-05,0.6944684343964135
2015-05-07,5.2055366505413186e-05,0.6159221035482492,7.168763922635552e-05,0.8693309963711471,3.76253616921287e-05,4.7104108703200516e-05,0.7227950587614455
2015-05-08,4.9463315458690945e-05,0.6299468381349087,7.390418084746175e-05,0.8394674123127436,3.808728501493645e-05,4.2578692105440224e-05,0.7700107577047655
2015-05-11,4.237087867236375e-05,0.6125688289083411,7.44198109587249e-05,0.8134873964231623,3.439797765190086e-05,4.084377173460312e-05,0.8118306424062149
2015-05-12,4.7490306282055044e-05,0.6137169279974486,7.333975100338576e-05,0.8156947818990782,3.6219320911153736e-05,4.192528666629162e-05,0.7626676630813766
2015-05-13,4.663897325113825e-05,0.607217943718804,7.029707172028223e-05,0.8129203037923435,3.476864009890981e-05,4.1789177754536326e-05,0.7454846810561222
2015-05-14,4.9144732522979803e-05,0.600510578744186,7.194119109222627e-05,0.840532734675695,3.570655591771261e-05,4.121425447174593e-05,0.7265591668652672
2015-05-15,5.102390807027307e-05,0.6224474282747045,7.24811567734981e-05,0.8260831725406954,3.7853156003049466e-05,4.0774912654989613e-05,0.7418709666636258
2015-05-18,5.1224895533544154e-05,0.6245682315040704,7.355971340443555e-05,0.8276979310961071,3.833897035534098e-05,4.0710951190377766e-05,0.7484440906323577
2015-05-19,5.107054978153525e-05,0.6360150967392505,7.887984513887132e-05,0.8115671026267234,4.036785893985438e-05,4.045636858413414e-05,0.7904332166490506
2015-05-20,4.960583034370502e-05,0.642052985115716,8.041114941429394e-05,0.8490323169340758,4.055042089293823e-05,4.42592157080399e-05,0.8174527190045127
2015-05-21,4.7917991249736124e-05,0.6230033412243208,6.766995403435615e-05,0.8495049519600344,3.547624279640057e-05,4.4570987081494444e-05,0.7403532967713026
2015-05-22,4.8649795894238564e-05,0.6225846991125432,6.53515688441556e-05,0.9568609044536576,3.5104837196332016e-05,5.366798061629552e-05,0.7215824147062736
2015-05-26,5.2044924254716454e-05,0.638355424678167,7.398717394286305e-05,0.969845407933915,3.961229122425608e-05,5.300360865747294e-05,0.7611172807243793
2015-05-27,5.41376103742017e-05,0.6267893296026213,7.693908895599469e-05,1.005216458590154,4.0452433749202854e-05,5.285895155192458e-05,0.7472149854711675
2015-05-28,5.2639353679274204e-05,0.6353716085439094,8.207556906262931e-05,1.0154049834259635,4.176284054014607e-05,5.341491743869052e-05,0.7933767727203199
2015-05-29,4.7121939363217764e-05,0.7073322453104192,8.768772420582121e-05,1.0575752148323465,4.5467851642255534e-05,5.49979455003291e-05,0.9648977155160687
2015-06-01,4.566975475334599e-05,0.7136934776034198,9.545565056467815e-05,1.0579395613646585,4.7122344333956714e-05,5.497352069227825e-05,1.0318063801405524
2015-06-02,4.848176142599366e-05,0.7202171708371781,0.00010179899223917649,1.0499494564877083,5.059695785825888e-05,5.483063029213417e-05,1.0436287042807637
2015-06-03,4.583723039523311e-05,0.6925833018543974,0.0001005108784819146,0.965279864236546,4.700972765921613e-05,5.1615809479076224e-05,1.0255795835366386
2015-06-04,5.208668778062701e-05,0.6861465004793708,0.00011273103104606835,0.9651654382860771,5.2577745860016166e-05,5.019869348085201e-05,1.0094277079290843
2015-06-05,5.356843740955158e-05,0.6716925520275356,0.00011936891612048248,1.0867659534339142,5.3711916287203435e-05,6.037449798783206e-05,1.0026784219325813
2015-06-08,5.4875341169450945e-05,0.6707998700821649,0.00012695129974623357,1.0433967066073984,5.5988671451409874e-05,5.9018264495465856e-05,1.0202883528053346
2015-06-10,5.7400521339002106e-05,0.6728178563559377,0.00012542842588862834,1.0485173135956982,5.708912851366669e-05,5.592886806651192e-05,0.9945750871582445
2015-06-11,5.7399555912391706e-05,0.6738803407779179,0.0001272367446982549,1.0506503069103212,5.758950261478451e-05,5.611568937994663e-05,1.003309201602234
2015-06-12,5.544172754801711e-05,0.6743067351401418,0.00012934844241609868,1.0445603229384448,5.71026780183081e-05,5.517960526674923e-05,1.0299584905404051
2015-06-15,5.424960916028536e-05,0.6806121749740148,0.00013541150686640746,1.0509580073701992,5.833454380931231e-05,5.527288870492506e-05,1.0752988770289136
2015-06-16,5.423174022350414e-05,0.6747065948176504,0.00014026456149752976,1.0970428295115504,5.8845831596507994e-05,5.8492687676770456e-05,1.085081012594984
2015-06-17,5.412494915971205e-05,0.6782298562426372,0.00012784946097054055,1.0747607300562283,5.641896375756191e-05,6.761064677182094e-05,1.0423836813422342
2015-06-18,5.572982074389677e-05,0.6769823503487818,9.884920856233929e-05,1.095439799149715,5.024672583502852e-05,8.861615342580627e-05,0.9016129096473233
2015-06-19,6.241618085312648e-05,0.6859680406292523,0.0001292470959004707,1.1448156025406402,6.16116549851621e-05,0.0001323182004406404,0.987110299653586
2015-06-22,6.257165974145031e-05,0.6733928251042982,0.0001521627505967152,1.1280699504619185,6.57069785772552e-05,0.00013121420103774168,1.0501076501528042
2015-06-23,5.295413252336654e-05,0.6618729844492244,0.0001577574131166364,1.0909935006368203,6.049499873642144e-05,0.0001663627176482071,1.1424037342076638
2015-06-24,5.124155217210486e-05,0.660232482784395,0.00015718114522414637,1.180810208940986,5.925271434995132e-05,0.000197329592813776,1.1563411301620878
2015-06-25,5.1531038942745836e-05,0.6576300157282167,0.00015893889518169815,1.1837885188860329,5.9515648665477365e-05,0.00019777510096618444,1.15494757890682
2015-06-26,9.885673436567757e-05,0.6886402054862206,0.0001802286749305216,1.1630628427716585,9.191945690236926e-05,0.00019553263826003719,0.9298249379991973
2015-06-29,0.00010219846828200267,0.7403604911986407,0.00021789509284046713,1.17751316141301,0.00011048139598938005,0.00020981941158492126,1.0810474740631315
2015-06-30,8.697755639475864e-05,0.7566374077995303,0.00023923969372880946,1.147510769280221,0.00010914605139783281,0.00021475013256843883,1.2548760383938546
2015-07-01,9.667073925185136e-05,0.7340901270760172,0.0002531069102049533,1.1713254548994725,0.00011482829177538894,0.00021704502947057186,1.1878288369786087
2015-07-02,9.521395937942913e-05,0.7481398009781729,0.0002541812719623459,1.166355990980564,0.00011638709990938973,0.00022114585215668976,1.2223743311165678
2015-07-06,0.000172264093177785,0.7641533678758794,0.0002793115728315011,1.1307387179959223,0.00016761866518420513,0.0002319062102158193,0.9730331033711966
2015-07-07,0.00016730584927433944,0.7773304863800005,0.0002879874412524815,1.1304480278640474,0.00017062711110649593,0.0002342347158325951,1.0198514388263284
2015-07-08,0.00018325021701855255,0.8042248195096767,0.0003265070810007552,1.1323908936728846,0.00019671887083382554,0.0002294217960528211,1.0734987059464678
2015-07-09,0.00017483634785152047,0.799058000571133,0.0003291096097786852,1.123440233825507,0.00019167454853650568,0.00022817983091441986,1.096308352879145
2015-07-10,0.0001852458943863911,0.8010074556902776,0.0003373206023241736,1.1342424611214013,0.00020023144788116384,0.00022578733084689691,1.0808954689355514
2015-07-13,0.00021177015433928543,0.81936033864331,0.00034465219790874043,1.137404400034556,0.00022135933465078003,0.00022738408932479148,1.0452810753309996
2015-07-14,0.0001959846645507268,0.805628438130866,0.00033017875711228816,1.1569848762124335,0.00020493701077467757,0.00023303167148117296,1.0456788098419487
2015-07-15,0.00017788056160659394,0.7921475913599153,0.0003295119552677023,1.1580500699253815,0.00019178115951944642,0.00023325974742662557,1.0781456826271747
2015-07-16,0.00018174519139179188,0.7956857732748527,0.00032610997842033346,1.1818382474678617,0.0001937113650057295,0.00024653663454503365,1.0658403863249504
2015-07-17,0.00017984339911716185,0.7854789879580395,0.00033787301692954206,1.185793259002905,0.00019362372809093962,0.00024847374846379537,1.0766240464839099
2015-07-20,0.0001933298802508964,0.7829133564163944,0.00035837397334047993,1.1825906540855409,0.00020607790185682946,0.0002510010193579114,1.0659392205146414
2015-07-21,0.00019419877324157122,0.7808198028860142,0.00035989031617802606,1.18331803525918,0.00020642350158543235,0.00025105872102423676,1.06294956523054
2015-07-22,0.00018582236281108658,0.7782386172465577,0.0003655546837066225,1.1818389982470352,0.0002028326863888826,0.00025081334806703603,1.091540777549413
2015-07-23,0.00018795658724473803,0.7735331231555942,0.0003479644320451083,1.184855139925701,0.00019782224106775376,0.0002511690126420539,1.0524890027406684
2015-07-24,0.00019329917782205091,0.7724782281927621,0.0003851011762646977,1.2032356433330251,0.00021076023489717766,0.0002680552785242311,1.0903317710497518
