Date,Predicted_Index_Var,Predicted_Corr,Predicted_Var,Future_Beta_45d_PXD,Predicted_Covariance,Future_Cov_45_PXD,Beta_Predicted
2013-02-28,5.497886498863307e-05,0.7034149961971957,0.00046719052432901914,2.0268799869844853,0.00011273441632068517,0.00011100963104913422,2.050504613800105
2013-03-01,5.488021190183326e-05,0.691826716407296,0.00047812007434777366,2.057119313762511,0.00011206595803863938,0.00011255863707350314,2.0420103012557034
2013-03-04,5.501029900576039e-05,0.6834348295809709,0.0004774219028788931,2.11622235741439,0.00011075676957689571,0.00011569866389142682,2.013382431629718
2013-03-05,5.845535101370509e-05,0.6875929887456791,0.0004743589923910346,2.1079647764346023,0.00011449780075064114,0.00011297589580480338,1.9587223199429027
2013-03-06,5.9250468430820016e-05,0.6747614498856842,0.00046216498979885,2.110855674733845,0.00011165924283788769,0.00011391071086013115,1.8845292838192393
2013-03-07,5.369174155549812e-05,0.6534880290646325,0.00044179264587054047,2.1023078394604315,0.00010064695102785368,0.00011363380026405506,1.874533179815384
2013-03-08,4.524810700565277e-05,0.6520858274339144,0.0004282232493019075,2.1126295693290804,9.07695306782293e-05,0.0001137329735770259,2.0060404000302072
2013-03-11,4.8373919939468494e-05,0.6595109908998563,0.0004242074943215529,2.101625702268482,9.447498827590213e-05,0.00011675865400110796,1.953014938506556
2013-03-12,5.1431479865635213e-05,0.6571667683156955,0.0004191036238749304,2.073385812446332,9.648300299480634e-05,0.00011532610093605079,1.8759523009423076
2013-03-13,5.5261000285198275e-05,0.6343437431630976,0.0004167335213926927,2.052367724543744,9.626385497544044e-05,0.0001158641570755605,1.7419853871379312
2013-03-14,6.195858588029715e-05,0.652364567908205,0.0004301240474461423,2.0746362219182752,0.00010649714750066037,0.00011962520773655403,1.7188440631361552
2013-03-15,6.386120353979619e-05,0.6444110701958935,0.000438338331825353,2.15875627701256,0.00010781675765211749,0.000122028969815046,1.6882982417475056
2013-03-18,6.402550064969363e-05,0.656179416834522,0.00045883173746941186,2.1460123707654244,0.00011246718369180799,0.00011882310841604505,1.7565998321068366
2013-03-19,6.71640875084588e-05,0.6609148048222445,0.0004827538494019792,1.939806408942512,0.00011900820712108025,0.00011034544428161443,1.771902389146463
2013-03-20,6.839791392936718e-05,0.6659564686299649,0.0004951163124997805,1.9476369600502557,0.00012255213666740615,0.00011029226861774469,1.7917525495582027
2013-03-21,6.814178529168062e-05,0.6758911183407638,0.0005130190494643772,1.944098405641036,0.00012637181972377206,0.00010588615052792862,1.8545422486780765
2013-03-22,6.79733209422515e-05,0.682968429131213,0.0005139757518328511,1.9983998177040827,0.00012765598705641638,0.00010783316583732301,1.8780307521662776
2013-03-25,7.243408887933498e-05,0.6838623551084643,0.0005266442973003217,1.9775121873802903,0.00013356691381964845,0.00010813042522174762,1.8439786554387696
2013-03-26,7.339742545776695e-05,0.6944566046961755,0.0005651045382944816,1.9256665675442064,0.0001414327296987111,0.0001036264607751193,1.9269440149517483
2013-03-27,7.311742529462491e-05,0.6979689535089892,0.0005797545527517014,2.005968037881021,0.00014370392626231329,0.00011906075745641293,1.965385483463918
2013-03-28,6.422356192814954e-05,0.6825519414726647,0.0005686963309084351,2.030100667231596,0.00013044370142643703,0.00012123086542538572,2.03108792957282
2013-04-01,6.678777769649997e-05,0.6833033288451242,0.0005645575335001553,2.016388749521326,0.0001326832609061602,0.00012083788881431048,1.9866398536137175
2013-04-02,6.451960799026473e-05,0.6757999772468867,0.0005563116222211395,1.9571344883211856,0.00012803334717436226,0.00012644593298643273,1.9844098741840004
2013-04-03,6.836168011312682e-05,0.6798716695017752,0.0005613471565554855,1.976448601945787,0.00013318308539337243,0.0001252271575924612,1.9482125830286403
2013-04-04,6.901245142532413e-05,0.6526366167419786,0.00056261715655392,1.9691713976548055,0.00012860020165085236,0.00013030289753966005,1.8634347714775203
2013-04-05,6.697476452894188e-05,0.6481452523652566,0.0005598182844915002,1.9931744533861204,0.00012550224118884845,0.00013044067598150973,1.8738735712107661
2013-04-08,7.273438811092278e-05,0.6604099176953852,0.0005670379921812992,1.970296602719723,0.00013411876957722832,0.00013348890759064437,1.843952675764481
2013-04-09,7.022991067372413e-05,0.6570263016878585,0.0005613881355170407,1.9268591045895125,0.00013045941546934554,0.0001338932881447757,1.8576047472911812
2013-04-10,6.636144982931065e-05,0.6472991117853572,0.0005625961939245877,2.0148129841189912,0.00012507235831403637,0.00014345555371930068,1.8847140717349755
2013-04-11,6.716170407401359e-05,0.638400311119354,0.0005589364661962662,2.0007996055752,0.00012369016413486805,0.00014436139437305583,1.841676977084425
2013-04-12,6.98842565011876e-05,0.6600535565230812,0.0005762947984837848,2.0054418095362885,0.0001324619670161992,0.00014652576018737152,1.8954478969658661
2013-04-15,9.593981606210937e-05,0.7224883670217587,0.0006599014189495222,1.70562599480458,0.0001817899334434504,0.00010294524809692939,1.8948330412241308
2013-04-16,8.836558039441448e-05,0.7355104512865097,0.0006558227599770265,1.6566689897110636,0.00017706130372745394,0.00010162777869057713,2.003736103323844
2013-04-17,8.959564094882932e-05,0.730376044139322,0.0006605556870441886,1.7358066024614094,0.0001776825091539546,0.00012336054532595758,1.983160199227039
2013-04-18,9.719405369416862e-05,0.7208477995365734,0.0006632673130469943,1.776127688925213,0.0001830238650583926,0.00012458943612713984,1.8830767737530176
2013-04-19,7.72897485213767e-05,0.6985248638973025,0.0006376050495979686,1.7784837534443618,0.00015506675203268898,0.0001290610454679304,2.006304264139258
2013-04-22,7.797978274745508e-05,0.706457820738074,0.0006060634992217991,1.760753550510443,0.00015358058312949015,0.00013056077453980685,1.9694923186292457
2013-04-23,8.499754389235151e-05,0.711579063861326,0.0005918133470859668,1.7207184878802997,0.00015959479665076499,0.00012726143891534397,1.8776400980820116
2013-04-24,7.773768893068322e-05,0.7073373545069327,0.000582759644156634,1.6898939130259336,0.00015055221212838789,0.00012612635948616946,1.9366695125530626
2013-04-25,6.90805921567358e-05,0.6950083796989737,0.0005638530993884228,1.70015268609654,0.00013716744612827418,0.00012713484195505168,1.9856147992631166
2013-04-26,7.034557142953508e-05,0.6906390345143593,0.000542320544898719,1.724131381199365,0.0001348955211556847,0.00012993468636618305,1.917612131288308
2013-04-29,6.776168711759701e-05,0.6920667820282944,0.0005347273746791026,1.7060701935056208,0.00013173655995887874,0.000127084860782865,1.944115702583623
2013-04-30,5.8041023931509805e-05,0.6626473797327854,0.0005069606003525054,1.704145839920553,0.00011366771296820214,0.00012676565875072312,1.9584029582650635
2013-05-01,6.311211636341748e-05,0.6677794881503786,0.0004948826507584472,1.6671755580258436,0.00011801591047589433,0.0001247909466805513,1.8699406275068517
2013-05-02,6.214021471172626e-05,0.6752513203694819,0.0005238419851894106,1.5183706225376283,0.00012182936164374262,0.00011196074099039063,1.9605558527423728
2013-05-03,7.476459886581012e-05,0.6808915742972899,0.0005107712421349317,1.50591893410977,0.00013305744581675744,0.00010944920613796063,1.7796851429053095
2013-05-06,7.535412832838797e-05,0.6819634283441666,0.0005116377546309698,1.4913676127927036,0.00013390472525464487,0.00010824794646646641,1.7770058286799835
2013-05-07,7.392273390092128e-05,0.687061948403994,0.000525218304548148,1.4113669379317688,0.00013538010089047034,0.00010717911305945082,1.8313730262184356
2013-05-08,6.958015556766957e-05,0.6801630265126151,0.0005174382929371621,1.4184650858527474,0.00012905802078297802,0.00010722002728644736,1.8548107535842426
2013-05-09,7.111722928104653e-05,0.6796662975756668,0.0005078773504903598,1.400303823609434,0.0001291702713692034,0.00010579654780130126,1.8163006724958084
2013-05-10,7.562958883543677e-05,0.6782190154576361,0.00048721888889240427,1.3984909222988184,0.00013019007891744896,0.00010605357942472375,1.721417251133428
2013-05-13,7.357910230951406e-05,0.6773459617731791,0.00047513781850873756,1.3985191038541425,0.00012664778194343778,0.00010617652565740962,1.7212466307442533
2013-05-14,7.590263764609063e-05,0.6784794119513127,0.0004658688276820701,1.411887578005948,0.00012758421144180672,0.00010492357843945046,1.6808929886822972
2013-05-15,7.650099964197039e-05,0.6721964464954744,0.0004578728390495386,1.440770132431709,0.00012580624743515262,0.0001063425928116861,1.6445046211674876
2013-05-16,7.639729836462006e-05,0.6737107277066777,0.00044975207389056634,1.4374269139861937,0.00012488177145340452,0.00010529832272146304,1.6346359639235337
2013-05-17,7.425705624970095e-05,0.6789850139648803,0.0004327481335887021,1.4091160776425822,0.00012171571511101348,0.00010071639738658873,1.6391131194552795
2013-05-20,7.217439206379002e-05,0.6967133530642337,0.00041801354222632933,1.4199700067001657,0.00012101546593583533,0.00010198576490095177,1.6767091827926728
2013-05-21,7.13709588975209e-05,0.690043366599804,0.00040392285121586583,1.4289933959352614,0.00011716188837094447,0.00010274428009331694,1.6415905037674103
2013-05-22,7.35750525384875e-05,0.6440890852512842,0.0003916327625866179,1.531863252110769,0.00010933286739416374,0.00010805628071473035,1.4860046119161265
2013-05-23,7.454058968752127e-05,0.6453451965424584,0.0003835079746805009,1.5341857388108184,0.00010911279821365806,0.00010826352443324251,1.463803796979144
2013-05-24,7.630250921850573e-05,0.6638672068112538,0.00037320918628545977,1.5276763721365794,0.00011202805315473641,0.00010775346349183124,1.4682092935361308
2013-05-28,7.438631671877e-05,0.6815421637844392,0.0003682378787846739,1.495590854323761,0.00011279854203916941,0.00010442660521179986,1.5163883226753019
2013-05-29,7.273626036607267e-05,0.6897400698989996,0.0003625516556261885,1.8489580762303848,0.00011200718625071248,0.00013207884325099658,1.5399085090021685
2013-05-30,7.309916508279677e-05,0.6894658206260599,0.00035318456815415473,1.8703970234772809,0.0001107821551190588,0.00013327344595501776,1.515505067582918
2013-05-31,7.696255068093324e-05,0.716703457429474,0.00036016283890526527,1.783024281599485,0.00011932423982125275,0.00011776431231572547,1.5504195061821702
2013-06-03,7.835861755638394e-05,0.703600030099097,0.0003896547437216253,1.8092156042622791,0.0001229445313815828,0.00012035134190171847,1.5689982189019158
2013-06-04,7.696792659140356e-05,0.6848314658356185,0.0004150742360979581,1.8122924880432,0.0001224056569084188,0.00011993865203982722,1.590346295259175
2013-06-05,8.390672708275947e-05,0.6751246124747262,0.00048162210144286015,1.8484615511948503,0.0001357174014408961,0.00011314383630879909,1.6174793864505568
2013-06-06,8.864935953499249e-05,0.6744423854671491,0.0005336852706776467,1.8246625797458136,0.000146698362233076,0.00010967334224004375,1.6548158159582629
2013-06-07,8.584609796353898e-05,0.6921445011553617,0.0005673479221134708,1.8807217448374332,0.00015275019981787747,0.00010713165549496948,1.779349364053266
2013-06-10,7.344670994631798e-05,0.6742276447996842,0.0005634044179861236,1.8735328573824168,0.00013715222352615812,0.00010693960155010442,1.8673705551467499
2013-06-11,7.540176794643908e-05,0.6641947311924145,0.000560224485045146,1.914124779472808,0.00013651086974654492,0.0001054006943050654,1.810446538117171
2013-06-12,7.564969572692771e-05,0.6557206655281484,0.0005554651399310898,1.841310360878765,0.00013441596926197234,0.00010714536581101289,1.7768210165335354
2013-06-13,7.668406692361186e-05,0.6740616910395404,0.0005551144661108139,1.8405374992713428,0.00013907321255889857,9.867945087809297e-05,1.813586813248117
2013-06-14,7.978958283363962e-05,0.6696540912341135,0.0005537569387418573,1.899087561631096,0.00014076128222548912,0.00010186959936663519,1.7641561370107024
2013-06-17,6.406673037804978e-05,0.665006293207215,0.0005419266566973053,1.8222293835329564,0.00012391169347706206,9.631608249392437e-05,1.9341035939539073
2013-06-18,5.269216623890948e-05,0.6157320876316048,0.0004547130425240324,1.814418474838164,9.530891352648006e-05,9.493764350550985e-05,1.8087871562224955
2013-06-19,5.313666894497608e-05,0.6068802744206006,0.0004346798399682337,1.909038402832708,9.22327024558443e-05,9.490535574893969e-05,1.735763725636487
2013-06-20,6.610900161714408e-05,0.6343199382759466,0.00044375824709736524,1.9295366539588863,0.0001086455344114907,6.714692529503186e-05,1.6434302705203099
2013-06-21,6.524441916700448e-05,0.6405979006186907,0.0004317201502057656,1.8814951071614303,0.00010751235016082099,6.602251670629926e-05,1.6478397927893935
2013-06-24,5.5679700730278476e-05,0.6281279978681684,0.0004276687381705281,1.91497510424513,9.6928245283198e-05,7.18794495700872e-05,1.7408183595083275
2013-06-25,5.683904438603972e-05,0.6124910564335656,0.00044071416883127533,1.96553571659362,9.69396934351443e-05,7.065606411442178e-05,1.705512372388754
2013-06-26,5.616484134519195e-05,0.5904653909301045,0.0004623535593711852,2.119985954259229,9.515110106162471e-05,7.219317188830702e-05,1.6941399420470404
2013-06-27,5.600093181678947e-05,0.5889536035972232,0.00047486103260363386,2.160791542284972,9.604217273443357e-05,7.279552435712992e-05,1.7150102617692418
2013-06-28,5.651835513949762e-05,0.5968159517079676,0.00048278220134396213,2.174936442242144,9.858499183266112e-05,7.306371342855305e-05,1.7443004416766086
2013-07-01,4.0959150997653995e-05,0.5907474430361552,0.0004944874961380796,2.089885576301968,8.40726972182673e-05,7.167965763675402e-05,2.0525986298661976
2013-07-02,4.708768430286185e-05,0.5874826256618214,0.0004934003338098503,2.0942970044523377,8.954645824250839e-05,7.17362882798157e-05,1.9016959438174372
2013-07-03,4.5307854285029834e-05,0.5882900195728114,0.0004974784488651265,2.093786184730319,8.832128191857354e-05,7.17179365711473e-05,1.949359185340096
2013-07-05,5.048108536897671e-05,0.5875129551823902,0.000491372995746096,2.001755139037725,9.253103762105609e-05,6.754757756378878e-05,1.8329843137232007
2013-07-08,5.858594159480322e-05,0.5750522831775913,0.0004503927547965966,1.9838815323341816,9.341136902433098e-05,6.783694696033302e-05,1.5944331776792147
2013-07-09,6.185296409698371e-05,0.5715935868047858,0.000438499371668736,2.010507848374576,9.41352094867703e-05,6.705374693847439e-05,1.5219191329160706
2013-07-10,6.043816195282401e-05,0.5741150920335244,0.00042837452651909696,1.9995881368507071,9.237754285151786e-05,6.715190959164222e-05,1.528463802781174
2013-07-11,6.428746384905295e-05,0.5738038012869889,0.00041532082328627504,2.1903459676322186,9.376017746175801e-05,6.513485473214086e-05,1.4584519570083996
2013-07-12,6.999194674271863e-05,0.5804819028001474,0.0004196570821201928,2.128715883393798,9.948554868265328e-05,6.474486988623264e-05,1.4213856495283568
2013-07-15,7.060701256657018e-05,0.5780370385966238,0.00042693109454762843,2.128480343496184,0.00010035949771655949,6.49601388803498e-05,1.421381447373062
2013-07-16,3.5042919617133015e-05,0.5615097499085968,0.0004374698967416795,2.0547485637340723,6.952348433391585e-05,6.745589971647883e-05,1.9839523959049565
2013-07-17,3.792838595062833e-05,0.554294969887601,0.0004544878659331007,2.073133654850643,7.277534361479735e-05,6.815829609566713e-05,1.9187566723648501
2013-07-18,3.7451029819475974e-05,0.5543265063519627,0.00047212974050760755,2.021483893170525,7.371030483140931e-05,7.226477863771749e-05,1.9681783167702673
2013-07-19,4.0860668714576163e-05,0.5638827220638085,0.0004839648675929884,1.9976715574840669,7.929548149635371e-05,7.23467150466985e-05,1.9406310271194058
2013-07-22,3.950888193740232e-05,0.56459483631521,0.0004978356326357541,2.0050086606863475,7.918214470470047e-05,7.271277114845113e-05,2.0041606044472804
2013-07-23,3.3171208880188284e-05,0.5573075849211632,0.0004863630497388276,1.9801715429722468,7.07873883892128e-05,7.19853354513603e-05,2.134000863365912
2013-07-24,3.471216593235655e-05,0.5607690900278273,0.00048813246765016177,1.9541466563868397,7.299511065026886e-05,7.104756378022988e-05,2.1028682218365202
2013-07-25,3.488954269695917e-05,0.5639790670952296,0.0004884663169392777,1.9287976837856344,7.362544523962177e-05,7.084659355884615e-05,2.1102439168983054
2013-07-26,3.343176772700175e-05,0.6061289147326654,0.00046316643964609746,1.914577464357396,7.542463448613888e-05,7.147298237770686e-05,2.2560767681219818
2013-07-29,3.360094972876798e-05,0.6059887065192782,0.00046054062748875736,1.9629283336290455,7.538314999917379e-05,7.565123053056859e-05,2.2434827172350227
2013-07-30,3.816574763863081e-05,0.5981909962396238,0.00045619809990377807,1.9608260748574675,7.893207049551087e-05,7.561736824656207e-05,2.068138982704402
2013-07-31,3.750748633018741e-05,0.5869261752245732,0.00044071478953878074,1.8527083284028647,7.546077661391945e-05,7.501154200691232e-05,2.0118857326140205
2013-08-01,4.226173154810077e-05,0.5462645267646552,0.0006817922258681206,1.2355874431492715,9.272624330908991e-05,4.787553448694228e-05,2.1940947498460224
2013-08-02,4.130983358011611e-05,0.5425888163168407,0.0007148347540990922,1.285004970089329,9.323959752247062e-05,5.1697239226840326e-05,2.2570799599480873
2013-08-05,3.7225611971094185e-05,0.5269850295359997,0.0007282084055851248,1.3273702653649333,8.676549422269833e-05,5.712083615911863e-05,2.3308010165171233
2013-08-06,4.1983018398946586e-05,0.5409145658917242,0.0006804461249369017,1.279550557503645,9.142445468819306e-05,5.4365072807138043e-05,2.1776532077666677
2013-08-07,4.81253999850549e-05,0.551489396113723,0.0006519244473181558,1.1321392297083592,9.768389680424707e-05,5.9883148975363264e-05,2.0297783880151083
2013-08-08,4.5117615842124565e-05,0.5567938918055589,0.0006014385033480299,1.1424175955054845,9.17198101582849e-05,6.114615465535203e-05,2.0329046304049085
2013-08-09,4.7210405389653165e-05,0.5580019454956859,0.0005567679604320838,1.1278021981272908,9.046731390943486e-05,6.0508930806272754e-05,1.9162579342998411
2013-08-12,4.729046229109182e-05,0.5643457550333301,0.0005330781631368441,1.0317604338448785,8.960401884295448e-05,5.660811247514621e-05,1.894758784369789
2013-08-13,5.1414947954433665e-05,0.5550893884648821,0.0004811245660395474,1.2566611487701949,8.730445217535288e-05,7.406929104350639e-05,1.6980363814182244
2013-08-14,5.361675369996386e-05,0.551931587724231,0.00044845801894591655,1.2237055543331694,8.558475362301339e-05,7.232912500204962e-05,1.5962315454967777
2013-08-15,5.120699157562921e-05,0.54826917459467,0.00042833424875536456,1.3407463928779793,8.119884665152474e-05,7.354681753131241e-05,1.5856984398624476
2013-08-16,4.9139520575593413e-05,0.549008739889499,0.00041278601038271276,1.363903840101276,7.819107803641285e-05,7.425065056964842e-05,1.5912055535040923
2013-08-19,5.1240075352845624e-05,0.5579998333537514,0.0004060431626761069,1.178169498738433,8.048687209315129e-05,6.311191103618292e-05,1.5707797371277956
2013-08-20,5.687877447837599e-05,0.5296151416384635,0.00038770811418192087,1.2171595027075928,7.864804894868083e-05,6.58613929226762e-05,1.382731074464008
2013-08-21,5.746511661394483e-05,0.5201666024488498,0.00037611225379014955,1.228551445327582,7.647215913671557e-05,6.50398843359621e-05,1.3307579213744845
2013-08-22,5.43081375808944e-05,0.5294084593557288,0.00036846613876516794,1.1992667809700317,7.488970554177663e-05,6.214031376409097e-05,1.3789776058923964
2013-08-23,4.6628310947370826e-05,0.5047715975774381,0.00038266258218657686,1.1922883890215623,6.742605507496285e-05,6.16619884084772e-05,1.4460325434276688
2013-08-26,5.7057237442025364e-05,0.5038933741241166,0.00040236710789338936,1.24659610198175,7.634933410853718e-05,6.418829119251296e-05,1.338118309462741
2013-08-27,6.26349019454684e-05,0.5046920210083178,0.0004583618024078235,1.3696703181121384,8.551432046101097e-05,6.201297533191698e-05,1.365282259649133
2013-08-28,6.352118414260544e-05,0.5002956053129729,0.0005129049340582801,1.383972198719167,9.030346591478853e-05,6.317208227750467e-05,1.421627558328521
2013-08-29,6.345432123592429e-05,0.5112856917346145,0.0005605180142694749,1.3833137931542672,9.642486245560822e-05,6.316328435749529e-05,1.5195948924754688
2013-08-30,6.533098257867051e-05,0.5129059990041454,0.0006004495728941501,1.4363160499825565,0.0001015864172249511,6.493876067068404e-05,1.5549500897621182
2013-09-03,6.741624909395761e-05,0.5109916674438704,0.0006800278817280274,1.4362832376866903,0.00010941061793129734,6.54218789957623e-05,1.6229116778480577
2013-09-04,5.29054408502055e-05,0.5010684085584666,0.0006449063556736347,1.3179225762668094,9.255406960649305e-05,5.90599297306492e-05,1.7494244092691187
2013-09-05,5.526096611110341e-05,0.5030471913689766,0.0006189390830369482,1.623187764983372,9.303404818663019e-05,8.002091808476177e-05,1.6835400235237137
2013-09-06,5.903493096893949e-05,0.5067036355872161,0.0005965766029144501,1.616499832681765,9.509149134975189e-05,8.503371582141395e-05,1.6107665375230662
2013-09-09,5.950680039687122e-05,0.4957169525131624,0.0005727815611732327,1.6445502909530656,9.151906726852823e-05,8.404737193698053e-05,1.5379598072515452
2013-09-10,6.058865375686932e-05,0.4931498821548527,0.0005549187659501855,1.729758459593438,9.04251610659607e-05,8.728652071520433e-05,1.49244380686885
2013-09-11,5.2548421709793746e-05,0.4864215952462219,0.0005616321832465571,1.873448093193133,8.356389584435594e-05,9.638648235008565e-05,1.590226559150523
2013-09-12,5.463125330927889e-05,0.48097661709087447,0.0005543268335635341,1.8743960441216332,8.370039287431716e-05,9.63869614478701e-05,1.532097248446266
2013-09-13,5.629719144726608e-05,0.4978591891489419,0.0005526942958984206,1.8654170479906016,8.781978779207361e-05,9.627219015300741e-05,1.55993195281038
2013-09-16,5.4138744378514925e-05,0.4988909706996158,0.0005526786052840313,1.9580003619130748,8.6297071841429e-05,0.00010115616451846793,1.5939983985974409
2013-09-17,5.7555509167455784e-05,0.5018444547171926,0.0005487759654968211,1.982300095025166,8.918875899531789e-05,0.0001023793608229604,1.5496128917186058
2013-09-18,6.204530316157312e-05,0.5059738904649266,0.000564169406891778,1.9936847055640263,9.466453985317501e-05,9.853104193938386e-05,1.5257325700650963
2013-09-19,6.178297806302708e-05,0.5166232617234425,0.0005692104410122527,2.005825585687622,9.688238133249905e-05,0.00010124309120369926,1.568107986534184
2013-09-20,6.675064824066973e-05,0.5270059619858538,0.0005619417806730539,2.04690861710908,0.00010206784228418361,9.62024928191608e-05,1.5290914017220867
2013-09-23,6.644616634370019e-05,0.5373306889511196,0.0005506473730403022,2.1126942625735907,0.00010278113182802991,9.784855294488785e-05,1.546833135509776
2013-09-24,6.687102886618699e-05,0.5514259140061882,0.0005367236580021278,2.1363412574899443,0.00010446758225375853,9.832331273126404e-05,1.5622248382450423
2013-09-25,5.221698153901886e-05,0.5400386163296601,0.000572385940917714,2.163383713658482,9.336308130852111e-05,9.867438851084652e-05,1.7879831150093584
2013-09-26,5.0374063840171386e-05,0.5327257318844251,0.0005967605843852024,2.155770997965015,9.236495736760708e-05,9.828143769393294e-05,1.8335816157430913
2013-09-27,5.122431082106018e-05,0.5268498026968591,0.0006099915332836376,2.183987967401167,9.312939621006596e-05,9.855608116573862e-05,1.8180702622899336
2013-09-30,5.1567877421329924e-05,0.5258076487608289,0.0006188781531057219,2.145010341560936,9.39331969062605e-05,9.617655845876375e-05,1.8215447600991832
2013-10-01,5.3629225784131454e-05,0.5357691246805645,0.0006375516384037067,2.0693272362916,9.906862359841078e-05,9.092177799916165e-05,1.8472879693841218
2013-10-02,4.9785428743887e-05,0.5280622684720905,0.0006561582600629893,2.057240584704641,9.544222669091718e-05,9.167194038953515e-05,1.917071502625881
2013-10-03,5.1677659876475144e-05,0.5142750894161172,0.0006703331964576487,1.9451924256456212,9.571770378630664e-05,8.569301848638352e-05,1.8522066211028168
2013-10-04,4.988490741732951e-05,0.5015525789794365,0.0003751914225582355,1.9065536530776948,6.861633284522894e-05,8.251492747196136e-05,1.3754928373665243
2013-10-07,5.300164613196136e-05,0.5259274058429747,0.00033697776976976586,1.824679247118134,7.028636884002819e-05,7.568512146824657e-05,1.3261167146588622
2013-10-08,5.7418241986777646e-05,0.5442104609103785,0.00033084622175552457,1.7749467395365202,7.50075397709445e-05,7.317412528092424e-05,1.3063364041730388
2013-10-09,4.671951297786224e-05,0.5013495916561171,0.00034569167011571164,1.7026075471607809,6.371391273811414e-05,7.1114342794535e-05,1.3637537867379865
2013-10-10,5.493659376391755e-05,0.47148774900672197,0.00034486850262326833,1.9493637643471504,6.489751126747425e-05,6.389344523804068e-05,1.181316620145078
2013-10-11,5.397060840252837e-05,0.46432452888413367,0.0003757857926001195,1.9045196152718071,6.612572733385811e-05,6.231983167255314e-05,1.2252173783306899
2013-10-14,5.390763459317086e-05,0.4526861272896151,0.0003968923755873971,1.837178582139348,6.621535344678969e-05,6.050340710352013e-05,1.228311239150122
2013-10-15,5.553151341989191e-05,0.42552439647587426,0.00042465135779022725,1.8715508483678265,6.534471644729218e-05,6.899718237240224e-05,1.1767141290243512
2013-10-16,4.144281603770634e-05,0.44073133470269915,0.0006373748710774812,1.5047268893866608,7.163017731960174e-05,5.033007251475396e-05,1.7284099915997437
2013-10-17,4.1583055321708076e-05,0.4353753056930127,0.0006535631246983461,1.45369806348551,7.177377033082686e-05,4.762447424853144e-05,1.7260340726660837
2013-10-18,4.3823960134694674e-05,0.43825708164924604,0.0007544183038741998,1.264356038742212,7.968762085511276e-05,4.1021913238340546e-05,1.81835736912387
2013-10-21,4.4710412594374516e-05,0.4338559712184567,0.000821831941416903,1.2496941186276598,8.316515977051985e-05,4.055720663299753e-05,1.860084820174165
2013-10-22,4.4371990394003997e-05,0.39661279587261933,0.0009433246995934082,1.471805904989336,8.11431344338609e-05,4.755259805044301e-05,1.8287017037853186
2013-10-23,3.6244305626284386e-05,0.3742414745420329,0.0009252447848321165,1.437621474719388,6.853306110594413e-05,4.5354938629556044e-05,1.8908642315454909
2013-10-24,4.040389782719303e-05,0.36228116042171676,0.0009119165249847098,1.4259933981022077,6.954003823107206e-05,4.488100448623624e-05,1.7211220196747834
2013-10-25,3.967999624918889e-05,0.369666710271277,0.0008682006936875617,1.448617952355545,6.861296990501248e-05,4.563170823553189e-05,1.7291576711380112
2013-10-28,4.081308187982178e-05,0.37417857757949363,0.0008490558809895599,1.6197077410419396,6.965411076208747e-05,5.5128596034926674e-05,1.7066613829161688
2013-10-29,4.2024721372673885e-05,0.38395452188925044,0.0008358448485305415,1.528945073149076,7.196064429937761e-05,5.1350941312557884e-05,1.7123407829699315
2013-10-30,3.243679795796633e-05,0.3860421058707505,0.0008245545043975152,1.4952385079923136,6.313400613704157e-05,4.955289724412419e-05,1.9463698672986969
2013-10-31,3.3498134377451295e-05,0.3880891075957926,0.0008011684099709973,1.4765785374355798,6.357753304091211e-05,4.9409422299717115e-05,1.897942504037128
2013-11-01,3.528785039280735e-05,0.39113357431012813,0.0007754568119450572,1.4700533969622327,6.470182134770593e-05,4.9136770169483166e-05,1.8335438579419383
2013-11-04,3.477448195487655e-05,0.394411762628408,0.0007823190983119024,1.4021684314186256,6.50537234699122e-05,4.66469707731841e-05,1.870731634602812
2013-11-05,3.766596277267884e-05,0.3996293468331268,0.0007623259390918865,1.3811632675875138,6.771770923869826e-05,4.552965679152941e-05,1.7978488867359466
2013-11-06,3.8333959556374354e-05,0.3752628690129043,0.0007892862355946925,1.587559549892373,6.52746721686638e-05,5.891952569913498e-05,1.7027897176306592
2013-11-07,4.0431492315281525e-05,0.37836644461120744,0.0008147407721336657,1.4381388160084985,6.867239988338718e-05,5.0675209430033474e-05,1.6984878853316947
2013-11-08,4.3778322206368926e-05,0.37186484367037337,0.0008058768093577836,1.4073009287166276,6.984720106579929e-05,4.527941123199782e-05,1.5954745989703056
2013-11-11,4.088414418239951e-05,0.3693356711759801,0.000800447749916373,1.3746414229173525,6.681365102493674e-05,4.436217008579974e-05,1.634219141945493
2013-11-12,3.99781619662566e-05,0.3717054085694984,0.0008047403813597902,1.3114546055312384,6.667118730091465e-05,4.2855106712344306e-05,1.6676901593722138
2013-11-13,4.4902541372157916e-05,0.38908447004131086,0.0007903643081901738,1.046941691515332,7.329815067341227e-05,3.308404991054072e-05,1.632383122057791
2013-11-14,4.545126757048379e-05,0.3959300885027862,0.0007588949856418571,1.0571959934478323,7.353301078963385e-05,3.296094581523839e-05,1.617842905604385
2013-11-15,4.488960878325864e-05,0.4022541960355424,0.0007333085639745743,1.1519515711326462,7.298218673017664e-05,3.750647561476278e-05,1.6258147198955983
2013-11-18,4.304897041106976e-05,0.4118067489354533,0.0007201606080901372,1.227317372205934,7.250860094452041e-05,5.27277080105951e-05,1.6843283417035058
2013-11-19,4.253689180732228e-05,0.4099777835381844,0.0007377657370048082,1.2187113116990118,7.26277250053362e-05,5.288568483995359e-05,1.7074055465621514
2013-11-20,3.986505410246521e-05,0.4101214078946848,0.0006918903146816536,1.26350410166182,6.811256637339633e-05,5.557345949342058e-05,1.708578300140431
2013-11-21,3.485111027762049e-05,0.40749954758636386,0.0006596727105286672,1.3447228434955265,6.178736851744823e-05,5.988715266729183e-05,1.772895268622898
2013-11-22,3.677714977289896e-05,0.40311447064318023,0.0006405234489988489,1.4381383833643029,6.187068713381126e-05,6.696104640366362e-05,1.6823132710355848
2013-11-25,4.464079349966786e-05,0.4043214746789576,0.0006232011738860412,1.4504092738805263,6.743834329506017e-05,6.85575103768817e-05,1.5106887223131893
2013-11-26,4.5604254902161166e-05,0.4038659717146878,0.0006085286852722633,1.3633431722218836,6.727914635273122e-05,7.969520197907035e-05,1.4752822186673396
2013-11-27,5.098239319509307e-05,0.4267453299002661,0.0005825385852913218,1.4886632726030355,7.354298182947082e-05,8.868978478485345e-05,1.4425172539085347
2013-11-29,5.306536742177139e-05,0.4428230832833166,0.0005519306700138181,1.485153272525108,7.578410102589984e-05,8.848917397461835e-05,1.4281273212254726
2013-12-02,5.1303727815654587e-05,0.45697581609121046,0.000529016314926797,1.5338115870631768,7.528391773926493e-05,9.774127827563458e-05,1.4674161302620419
2013-12-03,5.129816798105141e-05,0.45508494957167,0.0005186080225527421,1.598483574400026,7.422718932775313e-05,0.00010692934439491762,1.4469754427715875
2013-12-04,4.926678581923591e-05,0.45345869116167287,0.0005064422064541622,1.603585779687723,7.162749963730172e-05,0.00010739106904193618,1.4538699540925848
2013-12-05,6.186383108747796e-05,0.4814742975672148,0.0005014502687664765,1.42858869295122,8.480187370436091e-05,9.868503135111221e-05,1.3707827694092793
2013-12-06,6.149224160789946e-05,0.4852827678773032,0.0004992137298003709,1.6344502710344475,8.502532351476914e-05,0.00010852787921991028,1.3827000169700523
2013-12-09,5.694825981469449e-05,0.476984418691874,0.0004903118344884209,1.6161455077350702,7.970409028430984e-05,0.00010801757352952341,1.3995878108244426
2013-12-10,5.3452041059883435e-05,0.4683375615700652,0.00048103404959741464,1.6730263575073852,7.509811677871733e-05,0.0001122754098108453,1.4049625662485619
2013-12-11,5.2671389427449466e-05,0.4662873205446607,0.00047478078409767406,1.7034785168007909,7.373735585697522e-05,0.00010891600447682085,1.3999508396971834
2013-12-12,5.926873458923956e-05,0.4916274434697837,0.0004650516158368721,1.7281894507689282,8.16205513776889e-05,0.0001119676720622691,1.3771266071961556
2013-12-13,5.102150798536989e-05,0.5149906344659073,0.0004653024051895006,1.7258419345648552,7.93493959528406e-05,0.00011285849366590523,1.5552146356707754
2013-12-16,5.265033739264804e-05,0.5254688064019284,0.00046220030267269616,1.75607512581406,8.19714527506711e-05,0.0001137405926306001,1.5569027058526959
2013-12-17,5.547285481711756e-05,0.5293518908460788,0.0004613757352647127,1.836779982834727,8.468609399502565e-05,0.00011934196227428584,1.5266222420716953
2013-12-18,5.7755345996717895e-05,0.5346749044462704,0.00045483574859906756,1.9844222036032957,8.665890382315642e-05,0.00011691137471210827,1.5004481806425514
2013-12-19,6.478693026373803e-05,0.5651459713919271,0.0004434069257339168,1.998472636863436,9.578677987769067e-05,0.00011763519545012083,1.4784892491086834
2013-12-20,6.101338500649426e-05,0.5839070075613949,0.00043601332408209706,2.009656678454319,9.52370924140219e-05,0.00011933345578674915,1.5609213028237143
2013-12-23,6.0371580554275465e-05,0.6023860758238428,0.0004265940523114717,2.0717147515022147,9.667153078004829e-05,0.00012210991656959322,1.6012754659146007
2013-12-24,6.05937066863415e-05,0.6094268103346214,0.0004258272366025302,2.025264774321601,9.789308934425146e-05,0.00012174196919482754,1.6155652904844928
2013-12-26,6.0130930524985e-05,0.5953039713015169,0.0004148115179541489,1.92657012615556,9.401846264047105e-05,0.0001229549502914965,1.5635624098882928
2013-12-27,6.1029823506439453e-05,0.6213306837487378,0.0004281328515954962,1.9227842518742555,0.00010043454931263106,0.0001227107597855211,1.6456634403020007
2013-12-30,6.103786899254316e-05,0.6382339946288849,0.00044063435272209916,1.910551161149694,0.00010466917238179579,0.00012205251510561031,1.7148235039886952
2013-12-31,6.15980310886923e-05,0.6504514171903008,0.00046175051462874546,1.9059561653090469,0.0001096988244562779,0.00012097719418315883,1.780881994398934
2014-01-02,6.274975633376732e-05,0.6426609320714871,0.0004843916441267502,1.8164489960756844,0.00011204339062757599,0.00011108365664542892,1.7855589754263705
2014-01-03,6.287727487442676e-05,0.6438415034722916,0.0004927495308204589,1.8661296083248435,0.00011332844611297384,0.00011539374523661775,1.8023752832689386
2014-01-06,6.194585296328845e-05,0.616314570061401,0.0004952549045391226,1.85907851161956,0.00010795007441572721,0.00011446376371815122,1.7426521591316642
2014-01-07,5.985294868622432e-05,0.5928187626705236,0.0004971832894876714,1.8706238691952453,0.00010226404753690125,0.00011957605609717875,1.7085882948393187
2014-01-08,5.957982003469859e-05,0.5776693057455181,0.0004987002417347556,1.8465774212712651,9.957462395578196e-05,0.00011841235933691044,1.671281046129224
2014-01-09,5.8876921963223624e-05,0.592252276987692,0.00048538018835741456,1.7850547127691516,0.00010011987776550027,0.00011758210024047484,1.7004944284967596
2014-01-10,5.8643073362417135e-05,0.6007243299334906,0.00048256806304636425,1.7971364134820518,0.00010105617852264724,0.00012000867809428163,1.7232415139314918
2014-01-13,6.549653155125348e-05,0.6213369045018597,0.0004627378249335407,1.7740475651046943,0.00010816924561072764,0.00011202185086947606,1.651526318246046
2014-01-14,6.384952094066409e-05,0.5913517695585424,0.00044529276657262956,1.652226700861854,9.971202644517931e-05,0.00010136849778221197,1.56167227218263
2014-01-15,6.070372053025981e-05,0.578222788500744,0.00043811030161537386,1.5961926953417935,9.429628676600411e-05,9.96987843100615e-05,1.5533856235220205
2014-01-16,6.085694586035492e-05,0.5701659121845617,0.00044074651462452425,1.6315408107145035,9.337933333950249e-05,0.00010251292486715858,1.5344071579565446
2014-01-17,6.130074788390541e-05,0.5615616788998666,0.00042573567937439013,1.6130629457743202,9.071944287624731e-05,0.00010136052994039374,1.479907603216466
2014-01-21,6.022038567812545e-05,0.5753514998258649,0.0003608313363115581,1.574501931063557,8.4811967685781e-05,0.00010063944096184608,1.4083597560981453
2014-01-22,6.0180607898710316e-05,0.5808706906002441,0.0003715273378325285,1.5438876398374386,8.685666232142333e-05,9.883654737630434e-05,1.4432666161766154
2014-01-23,6.197862719476769e-05,0.574633420513351,0.0003815313911550599,1.5279785973980304,8.836433127541268e-05,9.61434869153299e-05,1.4257226285075335
2014-01-24,8.312838911315208e-05,0.5624012703070961,0.00037430096693412277,1.387875831047861,9.920451764822774e-05,7.352683853791826e-05,1.1933891502840657
2014-01-27,7.785643656399444e-05,0.558344797695266,0.0003732450901916921,1.342588506987617,9.518023813196772e-05,7.093324422412418e-05,1.2225095616048895
2014-01-28,5.7778264472590076e-05,0.5420816909993814,0.0003951286277242213,1.3532064591170825,8.190609738517352e-05,7.094732256899796e-05,1.4175935904760457
2014-01-29,5.541992369045716e-05,0.532987633474061,0.00042529962540402373,1.2166922010990808,8.182718187476148e-05,6.067419070744685e-05,1.476493947046907
2014-01-30,5.718939038351772e-05,0.535352354430206,0.0004550722460500964,1.1992312544842951,8.636496977391673e-05,6.199869186194061e-05,1.5101572021443959
2014-01-31,5.786696567157789e-05,0.5330333574889013,0.0004548746195033651,1.3027155693653898,8.647998308144088e-05,7.023531639185216e-05,1.4944620316236252
2014-02-03,7.055814511505822e-05,0.530396462718705,0.0004603354151368922,1.3891421395086625,9.558976426738471e-05,5.728277692735081e-05,1.3547658333635013
2014-02-04,5.3287933521446234e-05,0.5249140849029096,0.0004686080584619525,1.291473761474677,8.294830999166512e-05,5.488705572536908e-05,1.556605867598183
2014-02-05,5.1744253938995175e-05,0.5064815808241553,0.00046436693964822177,1.2939159268920206,7.851007047687365e-05,6.966368579260283e-05,1.517271281356854
2014-02-06,5.460185755120456e-05,0.5058261760838336,0.00046585927884673634,1.116670159230324,8.06737757943991e-05,5.866702149328309e-05,1.4774914153560583
2014-02-07,6.356327391387762e-05,0.5088307766124325,0.0004659041372236737,1.1004262008224768,8.7563837076742e-05,5.565871330386533e-05,1.377585383587745
2014-02-10,6.2547563500994e-05,0.5028287099324299,0.0004593091389161278,1.1443595121680787,8.522711907447355e-05,5.8899258776695994e-05,1.3625969470916182
2014-02-11,5.609995653519849e-05,0.44514437419748865,0.000471276704220727,1.4077906873892083,7.238025982119014e-05,7.214136336414902e-05,1.290201709439418
2014-02-12,5.280573476410588e-05,0.47266955211166906,0.00045496193024926194,1.4122377933703003,7.32631691789915e-05,7.239593782633607e-05,1.3874093316999223
2014-02-13,5.31879934714369e-05,0.4603874805426402,0.00045729586709491977,1.4079935298002697,7.180074439039082e-05,7.177125870316984e-05,1.3499427164694484
2014-02-14,5.362200748552388e-05,0.45953204318594426,0.0004721659493166831,1.3256175139803448,7.3119744768645e-05,6.73066761657185e-05,1.363614459760479
2014-02-18,5.088126402858046e-05,0.45457249265931066,0.00048262883978176873,1.3198138811634563,7.123422976634767e-05,6.722391734539759e-05,1.4000090431388412
2014-02-19,5.093399391722896e-05,0.4730272826675672,0.0004803282019881014,1.3134835343417652,7.398762717446214e-05,6.545772375453346e-05,1.4526178193427524
2014-02-20,5.128532994270177e-05,0.4807781215124035,0.0004807605622783211,1.3762348789742325,7.549282727863563e-05,6.999269680091314e-05,1.4720160202338475
2014-02-21,5.0142924359823583e-05,0.4922111329338589,0.0004815664650480072,1.35882528314559,7.648642808927265e-05,6.928866753619587e-05,1.5253683159843083
2014-02-24,5.289213529725008e-05,0.5042202150056431,0.0004953380111958418,1.3179981787898585,8.161436978344901e-05,6.696190400635356e-05,1.5430341264307443
2014-02-25,4.99909412374215e-05,0.5210319925894121,0.0005029120987097966,1.2951677548099725,8.261446400983575e-05,6.598455130225422e-05,1.6525886883680718
2014-02-26,4.8822079787728685e-05,0.521805896477194,0.0004926854783842356,1.2939934237167912,8.092859513185907e-05,6.592420186803036e-05,1.6576228518679428
2014-02-27,4.902946505121921e-05,0.5224977341650027,0.0004902163433839873,1.258246607907605,8.100407776550658e-05,6.350559355489668e-05,1.652150960262053
2014-02-28,4.913560627678946e-05,0.5281037222579512,0.0004975587614919227,1.2357145565607763,8.257328780714e-05,6.230081190842552e-05,1.6805183463492896
2014-03-03,5.060228536900576e-05,0.5226649906725686,0.0004986241530120685,1.244019819937518,8.30223710959877e-05,6.34945705514678e-05,1.6406842199036225
2014-03-04,5.593664385448813e-05,0.5136219890012711,0.0004981313140301747,1.4090385105532328,8.573610171151399e-05,6.684743944798709e-05,1.5327358919592182
2014-03-05,4.9068183379191435e-05,0.4978147063031625,0.000488678276185509,1.4345025817886654,7.708665994470549e-05,6.806934098169283e-05,1.5710110836790419
2014-03-06,4.928243059442446e-05,0.5041219478180842,0.00046885862139480074,1.4325604986676783,7.663066920544758e-05,6.788089019018026e-05,1.5549287703784063
2014-03-07,4.8971813978785636e-05,0.5014367412277397,0.0004589393299888942,1.443575976658235,7.517386619127742e-05,7.141371251508338e-05,1.5350435298117073
2014-03-10,4.912023117884392e-05,0.4937510873934621,0.00043607043721294813,1.4424577232484663,7.226310007227936e-05,7.135836818139882e-05,1.47114739361005
2014-03-11,5.148937537691702e-05,0.5028933041947616,0.0004427934022547715,1.3696682162664218,7.593381773039949e-05,6.76925784787479e-05,1.4747473080522366
2014-03-12,4.8906113932888686e-05,0.5002574592921553,0.0004403748157843997,1.378032537709714,7.341526790953587e-05,7.0605142936337e-05,1.5011470347098077
2014-03-13,5.192240840939531e-05,0.5032174663779893,0.0004420194186959248,1.3333784241703346,7.623489312757955e-05,6.466809682870491e-05,1.468246475134326
2014-03-14,5.053194068255615e-05,0.4943262087884385,0.00044314021928836217,1.3572050518973184,7.397197428095145e-05,6.5828283707654e-05,1.4638656913188157
2014-03-17,5.312543808337814e-05,0.4910656465329885,0.0004420681309341709,1.4390068362419663,7.525501023211206e-05,6.876955171783326e-05,1.4165532171989337
2014-03-18,5.3640183376897774e-05,0.49844812729734966,0.0004421139939308823,1.45633809521184,7.6759515772192e-05,7.023935927456506e-05,1.4310077061602937
2014-03-19,4.9711758607667365e-05,0.4946353209249675,0.0004257235677652268,1.420252407381319,7.195790907691947e-05,6.76376047853889e-05,1.4475027859066918
2014-03-20,4.924048797705463e-05,0.4816151588769403,0.0004010844662438052,1.4421864070075918,6.768294435267526e-05,6.814027709474706e-05,1.3745384567312688
2014-03-21,5.1299807125194504e-05,0.4758124252416206,0.00039073148095819776,1.5118616374638327,6.736477239232531e-05,6.990904438560839e-05,1.313158395077882
2014-03-24,5.150721281894852e-05,0.4817882774307899,0.0003862997609865871,1.470874731672798,6.795985966910818e-05,6.730614194948787e-05,1.319424134013849
2014-03-25,5.187847468728203e-05,0.48120780857330653,0.0003789238594289631,1.5545133335311174,6.746868434131327e-05,7.126076176356624e-05,1.3005140329974498
2014-03-26,4.894688218699071e-05,0.4963620107491241,0.00036516850976886414,1.5665277164531763,6.636020385587593e-05,6.953995327070097e-05,1.355759568144943
2014-03-27,4.819111839496585e-05,0.49983989618786556,0.00036345695511634974,1.6161169566191929,6.615168520901054e-05,7.139978192439242e-05,1.3726945423188373
2014-03-28,4.77393720640184e-05,0.5062057833371095,0.000357372629647115,1.5804496182715724,6.611897275944046e-05,6.932118215684166e-05,1.3849987945123168
2014-03-31,4.471229395078723e-05,0.4831594668323538,0.00033963593882507456,1.6708914643917765,5.954026850692209e-05,7.128267258130784e-05,1.3316308166263027
2014-04-01,4.637295349124256e-05,0.48222851240712833,0.00033514553005462207,1.7031544792484163,6.011764772742157e-05,7.261034233910545e-05,1.2963946266388806
2014-04-02,4.141854620280984e-05,0.5129597736355515,0.0003453632731182518,1.6767964702930669,6.135059942396831e-05,7.184075684453358e-05,1.4812349792182296
2014-04-03,4.131197301210188e-05,0.5210117761476395,0.00032713470638924454,1.6760138592542453,6.056877899972493e-05,7.164169904633173e-05,1.4661313557205797
2014-04-04,4.5815215175484866e-05,0.526176301093694,0.0003234751715524739,1.6669262183699314,6.405552940103903e-05,6.504365900055209e-05,1.398127874237603
2014-04-07,4.72141155464609e-05,0.5411561321287898,0.0003365364590983394,1.4161912149402966,6.821416600709344e-05,5.110782384955962e-05,1.4447833072286933
2014-04-08,4.530353492960697e-05,0.5454128937344577,0.0003348859883312724,1.3705282963168746,6.717998990471988e-05,5.128472002198384e-05,1.4828862694512635
2014-04-09,4.691297863661334e-05,0.5437788559985173,0.00031586447926132074,1.411108936514077,6.619408995458908e-05,4.987747771371252e-05,1.410997380220231
2014-04-10,5.810324280314903e-05,0.5548924487750708,0.0003234803259091985,1.4414044523096443,7.607341920180192e-05,3.462552006702144e-05,1.3092800940480203
2014-04-11,5.691804938589508e-05,0.5419507095335574,0.0003207402362298173,1.700825012673642,7.322536002656599e-05,3.66929255329666e-05,1.2865050861126672
2014-04-14,5.793906540801691e-05,0.5441209742806766,0.0003144395626360099,1.605992255562857,7.344289733591729e-05,3.440149849269778e-05,1.267588574629565
2014-04-15,5.375893588153699e-05,0.550067584738248,0.0003165719768534341,1.5302916431365408,7.175920502812523e-05,3.1782947526909115e-05,1.33483306266057
2014-04-16,3.1303883437837385e-05,0.5719571196567496,0.0003041125018909987,1.4083437436607094,5.5805848577067946e-05,2.711728114275182e-05,1.7827132754275061
2014-04-17,3.0074876652121772e-05,0.566347636336582,0.0003013860743467632,1.402866556763847,5.391959364702173e-05,2.7074062168856575e-05,1.7928450470707988
2014-04-21,3.398061258211898e-05,0.5616005580081435,0.0003017924379285791,1.794812323496094,5.6871843905726656e-05,3.6408394318228054e-05,1.673655640206243
2014-04-22,3.465237531876505e-05,0.5529001382806529,0.0002938245370937059,2.0374879974128413,5.579011204967018e-05,4.1322885402584605e-05,1.609993875930882
2014-04-23,3.661275306357103e-05,0.559680088731152,0.00028819002799119055,2.073930963414978,5.749042570189427e-05,4.168745044641884e-05,1.570229520901451
2014-04-24,2.8915216768426475e-05,0.5459308733234507,0.0002879785741814439,2.065180570909765,4.981738992512661e-05,4.1503353527488e-05,1.7228779685139328
2014-04-25,3.367547480592454e-05,0.5516214344220111,0.00029750345537280263,1.902683359190375,5.5213338056330245e-05,3.464255079589308e-05,1.6395711827236519
2014-04-28,3.364553762091845e-05,0.5493676099467728,0.00029621615527553925,1.8019978998513495,5.4844256947859256e-05,3.390011891152558e-05,1.630060353494275
2014-04-29,3.9441733334885286e-05,0.5440535379678684,0.0002868004088568716,1.7423140226172469,5.7864142040706054e-05,3.2282767645100894e-05,1.4670790847198032
2014-04-30,4.001418281063408e-05,0.5385597638654758,0.0002913397208984886,1.7531925134870678,5.814879638778671e-05,3.291849852349549e-05,1.4532046465368078
2014-05-01,2.1991126094734782e-05,0.5077702622925484,0.0002938267370329933,1.7694102803920335,4.08165838178913e-05,3.402679902807366e-05,1.8560479186949774
2014-05-02,2.5114593555483047e-05,0.4813472550777245,0.00029525956127868317,1.697529842794692,4.1449907113690236e-05,3.456338649267328e-05,1.6504311336800768
2014-05-05,2.3421323104644024e-05,0.4659381625162729,0.0002862959239922214,1.6916589344262214,3.815413199602063e-05,3.4880914159849644e-05,1.6290340142421482
2014-05-06,2.3724080850696792e-05,0.45935321930767364,0.00028712518421945745,1.861665674802279,3.7912035778288554e-05,3.5390969933104724e-05,1.5980402367063697
2014-05-07,2.503936026433856e-05,0.4600552248044084,0.0003157718471401401,1.6294788430824347,4.090800359992528e-05,3.0122897560316243e-05,1.6337479539438187
2014-05-08,2.245244272166245e-05,0.46476395904528023,0.0003157828752484494,1.5756122148601566,3.913438637335166e-05,2.9516082488450485e-05,1.7429901440342714
2014-05-09,2.6257615904936162e-05,0.46225837083560994,0.0003183617248524363,1.6490549633950553,4.226421962179484e-05,3.121880201305979e-05,1.6095985170477567
2014-05-12,2.5472098693136958e-05,0.4645527513776606,0.00032259096441554546,1.7172986369018155,4.211080081493379e-05,2.986687330281608e-05,1.6532128476041066
2014-05-13,2.7268227179962204e-05,0.4636015100942754,0.00032531594913724987,1.6485414408428047,4.366424665421575e-05,3.42754017791831e-05,1.601286595056022
2014-05-14,2.54765910501542e-05,0.4582440744739471,0.0003123836511121816,1.535785654522749,4.088007313225198e-05,3.388909854875315e-05,1.6046131545532873
2014-05-15,2.174205444419079e-05,0.4564731156501187,0.0003059293441738584,1.4673743145812956,3.7228544893542244e-05,2.940633110551523e-05,1.7122827554821645
2014-05-16,2.0552751262807784e-05,0.44607498803008194,0.0002942352792565307,1.477595514173887,3.4688875980622726e-05,2.977463514742674e-05,1.6877971974192887
2014-05-19,2.1296152341554682e-05,0.4496925005923665,0.0002860005952638712,1.499687517134272,3.5095358731103466e-05,3.0043694640848748e-05,1.647967114821146
2014-05-20,2.0908636850371392e-05,0.4585860920101003,0.0002828665770423999,1.478706933820248,3.526749039320901e-05,2.7761857501037242e-05,1.6867426913382242
2014-05-21,2.119414789263069e-05,0.46011506695382826,0.00028296067354805155,1.4132891706853603,3.563177649084286e-05,2.5932080715636728e-05,1.6812082595324442
2014-05-22,2.007249814887391e-05,0.4360346323295894,0.00028161468733014394,1.4521066799846265,3.278304943874106e-05,2.658388372013108e-05,1.6332321565355443
2014-05-23,2.2049522594442057e-05,0.4269476483777987,0.0002816059843803594,1.4188134499228768,3.364303450877085e-05,2.6511569971199138e-05,1.5257942372526074
2014-05-27,2.174082787467674e-05,0.45173519204823187,0.00028336899991551154,1.455328336290864,3.545668530221486e-05,2.622583764000235e-05,1.6308801811321114
2014-05-28,2.1661197917021908e-05,0.4632932061934579,0.0002775262786359637,1.415063950447445,3.592106655127239e-05,3.8785806386949126e-05,1.658313944079922
2014-05-29,2.1856321025887475e-05,0.48076190186059015,0.0002909922345664219,1.3554329352122827,3.834063265030687e-05,3.667362877573904e-05,1.7542125504514112
2014-05-30,2.8179051435749515e-05,0.4684943912027363,0.0002917864231188952,1.4539974739240602,4.248152717737849e-05,4.0936962242686344e-05,1.5075570330761403
2014-06-02,2.8496658002674943e-05,0.4752494044513613,0.0002852842346970226,1.781435334671313,4.285065183425919e-05,5.396548717417907e-05,1.5037079727116371
2014-06-03,3.418588872187905e-05,0.46795289075436747,0.0002885203481761242,1.7834689752388455,4.6474400425500676e-05,5.40272986012519e-05,1.3594615252976279
2014-06-04,2.793146765100254e-05,0.4773269351967611,0.0002880151390486238,1.7589841667777826,4.281248909628317e-05,5.420125609525201e-05,1.5327690485589829
2014-06-05,4.136471088316827e-05,0.48172275475459686,0.00028759206805017463,1.8103671139136897,5.2541275274581284e-05,5.956939794054131e-05,1.2701956366377234
2014-06-06,3.9833023701562004e-05,0.5021081473998618,0.00028342208551883645,1.75350358297306,5.335016298231395e-05,5.71046840346839e-05,1.339345046512798
2014-06-09,5.1073182956276414e-05,0.5168955543008339,0.0002903075862754149,1.762054627181862,6.294024826762089e-05,5.7373966923104695e-05,1.2323541362500126
2014-06-10,4.95066057749403e-05,0.5182419169372274,0.0002893313399193588,1.7205444347627754,6.202429721562241e-05,5.7884882425641784e-05,1.2528489126802231
2014-06-11,4.7157992518462575e-05,0.48662806021482957,0.00026772643696475716,1.6932942026076614,5.4678983408115615e-05,5.7352493262253426e-05,1.1594849671921157
2014-06-12,4.667919578081926e-05,0.4878056189082195,0.0002639935750168567,1.7447710406783683,5.4150835244300754e-05,5.7001655379937425e-05,1.160063585897331
2014-06-13,3.72024477228719e-05,0.49830507499012217,0.0002713020221636747,1.6810761366677038,5.0061929376514624e-05,5.71023655947455e-05,1.3456622464584977
2014-06-16,2.938646502467408e-05,0.4943387846161561,0.00025349391283352885,1.6488697787904685,4.2666019390969354e-05,5.6861927401469e-05,1.4518935623983766
2014-06-17,3.191330809025626e-05,0.5244720490101332,0.00026674789590896384,1.6646145944568893,4.839034982158144e-05,5.738651148114476e-05,1.5163062909280765
2014-06-18,3.560112133469648e-05,0.5183590081078667,0.0002707316182347272,1.6747291755017,5.0889944631865216e-05,5.617408751510884e-05,1.4294478017541656
2014-06-19,3.687128606172102e-05,0.5134722875144037,0.00027047324354980676,1.6741113741624556,5.127708246073022e-05,5.626415745633813e-05,1.3907050156833283
2014-06-20,3.6786047916274955e-05,0.49567648376595014,0.0002801482430362382,1.7537931321476463,5.031921217608095e-05,5.9416291842032916e-05,1.3678885073658218
2014-06-23,3.78482539714106e-05,0.4952969194019765,0.00029339661590359513,1.7587369389711898,5.219346163560098e-05,5.955955935131862e-05,1.3790190077203115
2014-06-24,3.933090292313687e-05,0.5185272031517467,0.00036830157747361474,1.611463434533147,6.240800407531486e-05,5.3008609145513596e-05,1.5867422163502536
2014-06-25,4.004889359785303e-05,0.5345034607853415,0.00043525075712666365,1.4849419157821728,7.056925790020501e-05,4.836467042194128e-05,1.7620775896787357
2014-06-26,4.4267929857314866e-05,0.5364246519372672,0.0004735265736917282,1.495427350699012,7.766502970291017e-05,4.883013282396342e-05,1.7544310283593878
2014-06-27,3.536085878696092e-05,0.5355649079178932,0.00046953169181595926,1.512578982641481,6.900903751488465e-05,4.936368956344541e-05,1.9515656542914979
2014-06-30,3.524942345217237e-05,0.5203996885564719,0.0004515453009396307,1.5213405531195447,6.565437940035349e-05,4.96524052159897e-05,1.8625660498939967
2014-07-01,3.707778978776346e-05,0.5171312013395034,0.0004477710894815156,1.604492609118128,6.663243521777987e-05,5.108388765816098e-05,1.7970983599397325
2014-07-02,3.729144432547138e-05,0.514392094045547,0.0004435099989176384,1.6322154174236445,6.615316008192169e-05,5.257290507002254e-05,1.7739500649144
2014-07-03,3.7850371933542936e-05,0.5100011953183414,0.00043195666983195585,1.6696643554014374,6.521182611512739e-05,5.3318998866365936e-05,1.7228846847165795
2014-07-07,3.637233936281704e-05,0.5130950729386735,0.00040977196752942975,1.575735988522298,6.264040890807244e-05,5.137675541960584e-05,1.7221990668026401
2014-07-08,3.904012916123487e-05,0.5091937327781962,0.0003879861711296026,1.660298607570916,6.266813867744478e-05,5.285244214263238e-05,1.6052236512493787
2014-07-09,3.921043801203444e-05,0.5107057763824756,0.0003774450323303129,1.6566705415795857,6.212958801825225e-05,5.213120373525597e-05,1.5845165514137711
2014-07-10,3.784415060760939e-05,0.5231077386244628,0.0003738071502254622,1.6340581818756412,6.221775380619863e-05,5.215749067936178e-05,1.6440520610783216
2014-07-11,4.137743263306523e-05,0.5135566470537989,0.0003280577236714801,1.6354752292723602,5.983361717396712e-05,5.219911193517702e-05,1.4460447003701558
2014-07-14,3.5819786180035966e-05,0.5216320527511026,0.0003063490738703945,1.6751840259702775,5.464293900058024e-05,5.459495736509981e-05,1.525495957065073
2014-07-15,3.740515266448331e-05,0.5330539918632515,0.00030718811770779524,1.6456694440798714,5.713985345061929e-05,5.3483360030281374e-05,1.5275931089802595
2014-07-16,4.331224214055195e-05,0.53506943143972,0.000311770464623145,1.5190385752725797,6.21774574099097e-05,4.982627245894376e-05,1.4355631188091926
2014-07-17,4.7474517764657056e-05,0.5351366768868152,0.00032083533542849835,1.5588316176731445,6.604441461945355e-05,4.739391959198154e-05,1.3911550391486245
2014-07-18,4.82618636397603e-05,0.5266665100705583,0.00032593839118578695,1.691221459922871,6.60549709666013e-05,5.025284992374391e-05,1.3686784136570773
2014-07-21,3.56854935741795e-05,0.5022675852967877,0.00033261540958056085,1.6418864031955456,5.4720768486019894e-05,4.99199907504073e-05,1.5334177281945598
2014-07-22,3.6878426197529086e-05,0.48736144435249557,0.0003402959607781132,1.6132525898682646,5.4596619797068185e-05,5.055656302161619e-05,1.4804487454165343
2014-07-23,3.8554343811198455e-05,0.4770366838112718,0.0003477623603515925,1.4967841548043168,5.523695411977988e-05,5.567391782867892e-05,1.4327037801570834
2014-07-24,3.79220014302475e-05,0.4655016256648404,0.0003489805998913292,1.502922896302236,5.355098574536351e-05,5.813358315962638e-05,1.412135006741758
2014-07-25,3.58816002468109e-05,0.4576275961298099,0.0003490106677015745,1.4861341527773402,5.121149546688388e-05,5.686252010799408e-05,1.4272355501044154
2014-07-28,3.90148494586092e-05,0.4793222047117619,0.00036484256039242614,1.51766788156372,5.718672994833908e-05,5.829173294538571e-05,1.465768309807485
2014-07-29,3.5953585678647994e-05,0.48783581025968675,0.00042356467340603956,1.6473172023528,6.020113060140911e-05,6.941331232046393e-05,1.6744124254944945
2014-07-30,3.539196672747045e-05,0.4981867569989662,0.00048590277390758924,1.6473955788982968,6.533098655158558e-05,6.941668333308424e-05,1.8459269883093878
2014-07-31,4.5379445989039353e-05,0.503698687589104,0.0005579935259733286,1.6260644331143324,8.015211636743518e-05,5.8136304594787015e-05,1.7662647619540042
2014-08-01,4.584672797284814e-05,0.5019143377510497,0.0005847207766901138,1.5861423202829266,8.217846745721467e-05,5.636465952301095e-05,1.792460903772311
2014-08-11,3.847004227028839e-05,0.5667498486247634,0.000687330560025877,1.378481764836147,9.215853693930657e-05,8.098545295110597e-05,2.395592297294757
2014-08-12,3.841634430365733e-05,0.5805973068906245,0.0006497813844517224,1.2525600026168406,9.173111387567651e-05,7.460863754224589e-05,2.3878147579738216
2014-08-13,3.776559449586869e-05,0.5849329767475316,0.000627136064680696,1.2670690381914822,9.001920171019934e-05,7.378272016637291e-05,2.3836299391512785
2014-08-14,3.862814115860239e-05,0.5870104507280749,0.0006073466832202597,1.2837662952162037,8.9911671222211e-05,7.85080530916231e-05,2.3276209655816666
2014-08-15,3.923523389055349e-05,0.5918516383206297,0.0005969704777318835,1.262111555668065,9.057897549213684e-05,8.027622684071551e-05,2.3086131140394497
2014-08-18,5.8802594173761744e-05,0.5598338803608788,0.0005618228444991676,1.3439274262449203,0.00010175531850116384,9.545110740611433e-05,1.7304562822598735
2014-08-19,5.790352204668287e-05,0.5380260175234651,0.0005437488929134445,1.4177788614915268,9.546737052267001e-05,0.00010105802656430037,1.6487316686142595
2014-08-20,5.609710643686182e-05,0.5258551502156823,0.00053156774635341,1.460431355667918,9.080623570298276e-05,0.00010861987698730875,1.6187329698580195
2014-08-21,5.441563613273725e-05,0.5155614470412195,0.0005208315038962954,1.3956618270529153,8.679424149414788e-05,0.00010551751209882679,1.5950239244181357
2014-08-22,5.0059045313325706e-05,0.5146005140444089,0.000511457427765125,1.4010331910185512,8.234101993594943e-05,0.00010591076698877058,1.6448779520377763
2014-08-25,6.652021183637015e-05,0.5353506985604728,0.0005043190135243116,1.4715904322227278,9.805457383224395e-05,0.00011485396992190459,1.4740568486679455
2014-08-26,6.338834696697776e-05,0.5408526794255106,0.0004986644621740907,1.4607329054360068,9.615855052592611e-05,0.00011403648750432469,1.5169752032817647
2014-08-27,6.228211919321129e-05,0.5303379506497059,0.0004660644322823319,1.4385462496080892,9.035607916155451e-05,0.00011371067559541244,1.4507547323695316
2014-08-28,6.139493236265438e-05,0.5301239932306139,0.0004066759451908883,1.4557208730066469,8.376603629989294e-05,0.0001193076066214078,1.3643803010498399
2014-08-29,6.15753093611576e-05,0.5308354969199293,0.00039809497945614953,1.4440133759010183,8.311063641309114e-05,0.00011811392054553815,1.3497396484948603
2014-09-02,7.761239871585492e-05,0.5430285903756242,0.00039932175689451495,1.4729893121892992,9.559820446407992e-05,0.00012089678038654811,1.2317388206757074
2014-09-03,7.595624179294328e-05,0.551291598567802,0.0003905202903562048,1.3877124514042882,9.494780080838703e-05,0.00011508364139298837,1.2500328948240322
2014-09-04,7.498131031863036e-05,0.5610590687212055,0.0004044862118881782,1.3863156363442746,9.770953810658423e-05,0.00011531438486808314,1.3031185730333477
2014-09-05,7.387822741090312e-05,0.5716542892290253,0.0004062923264220334,1.3792418715239747,9.904008622085119e-05,0.00011418623747403395,1.3405855783463834
2014-09-08,7.348698808482049e-05,0.5733146525754098,0.00041254205773205667,1.3460885604680086,9.982340522462962e-05,0.00011143028554580882,1.3583820459400375
2014-09-09,8.133593066383054e-05,0.5512525908868012,0.0004303343587550878,1.3833430746395434,0.00010313234079186577,0.00011306623206859582,1.2679800913340742
2014-09-10,8.008754908927675e-05,0.5593881601713208,0.00044409329427763503,1.3820004834128254,0.00010549524360553049,0.0001126937443554498,1.3172489956950832
2014-09-11,7.945435898388616e-05,0.552445355313109,0.0004603812174953292,1.372414174524486,0.00010565911999699037,0.00011191106866810596,1.329808978994075
2014-09-12,7.986652544186676e-05,0.5481060306505741,0.0004677063936655378,1.3808706093945915,0.00010593357513715897,0.00011133570185132557,1.3263826684718605
2014-09-15,7.976789477234261e-05,0.5471701048523522,0.000472632207985875,1.3833235695502777,0.00010624245150203669,0.00011147822131488407,1.3318948908611967
2014-09-16,8.12776222335961e-05,0.547549577094195,0.0004905661022529651,1.365988421387981,0.00010933462269143695,0.00010942389693920222,1.3451995726105714
2014-09-17,8.038458733415224e-05,0.5415468301527284,0.0004888582906505171,1.355488639263025,0.0001073529304068893,0.00010870152656218223,1.335491466301019
2014-09-18,8.052555846541116e-05,0.5264160630975553,0.0004796971570842886,1.390370763481579,0.00010346169233623185,0.00011080426219052365,1.2848304849779173
2014-09-19,7.686942885417954e-05,0.5315982287937697,0.0004800674285812005,1.4219587581350597,0.00010212015679689844,0.00011286675711181211,1.328488559354581
2014-09-22,7.562338268336147e-05,0.5518879497742617,0.000492542824663693,1.3818959651119718,0.00010651259354856492,0.00010753530148793169,1.4084611104284765
2014-09-23,7.716105522203933e-05,0.5421269505515962,0.0004944350639396847,1.43112962619448,0.00010588994138687225,0.00011000397663784352,1.3723236557893412
2014-09-24,7.845740621167833e-05,0.5431972481286236,0.000522904650326488,1.4140706804744807,0.00011002358360356452,0.0001072654701475462,1.402335214940965
2014-09-25,8.684570042440597e-05,0.5455450227512803,0.0005490436496845263,1.5845043394634253,0.00011912644875678894,0.00010976785524316988,1.3717023200300105
2014-09-26,7.784867175631449e-05,0.5532590775348718,0.0005634448982033588,1.4916886548320565,0.00011587236662647143,0.0001039042654305308,1.488430875085197
2014-09-29,7.945972408695768e-05,0.545458825524968,0.0005975960138789224,1.5424083607855643,0.00011886099059060097,0.00010821240983982137,1.4958646277266714
2014-09-30,7.034453028421699e-05,0.5197756202086867,0.0006451271915482857,1.5552938664900375,0.00011072705419868837,0.00010888654989242328,1.5740677171531545
2014-10-01,6.051441443903661e-05,0.5302862770433987,0.0007211222723650847,1.5363482158438826,0.00011077563817562582,9.993540801905459e-05,1.8305661420094108
2014-10-02,5.727685640094654e-05,0.5196200436019842,0.00074740346918467,1.5359018866500311,0.00010751103349100281,9.984500216289656e-05,1.87704144826681
2014-10-03,5.732458945014978e-05,0.4954235843274362,0.0007701782694889398,1.7424966017439998,0.0001040980954924251,0.00011213803336597576,1.815941404743076
2014-10-06,5.950629355094935e-05,0.48761614475001674,0.0007922534198241168,1.7337951799447142,0.00010587455255093972,0.00011149866126993236,1.7792160498164755
2014-10-07,5.823383972398379e-05,0.4697576322558892,0.0008042522844445719,1.810313603188321,0.00010166178009211343,0.00011726328205675818,1.7457509340611743
2014-10-08,6.403572465426801e-05,0.4421808159044256,0.0007198276083454537,1.8468383950273808,9.493477179762067e-05,0.00010908847821726595,1.482528265435866
2014-10-09,6.579132724406009e-05,0.4656851674136491,0.0007845860205511196,1.569803103153603,0.00010580276369806459,8.764428562796308e-05,1.6081566998272845
2014-10-10,6.388921163395802e-05,0.46750176803051785,0.0007920056427200719,1.5688789016388138,0.00010516256252111704,8.427004274258762e-05,1.6460144026135024
2014-10-13,7.100010076144222e-05,0.4852132702808255,0.0008452172434820699,1.2796359762645546,0.00011886290136102491,6.208714082083174e-05,1.674122995408133
2014-10-14,5.126108009219706e-05,0.43394458023534666,0.0008197792296599427,1.6642360120997586,8.895627735823152e-05,9.300890654847933e-05,1.7353570622826657
2014-10-15,4.732231652345586e-05,0.37529061873526165,0.0008604875338192405,1.7399983522647064,7.57308790324766e-05,0.00011419014400608697,1.600320622405281
2014-10-16,5.30327919984953e-05,0.3525626708644311,0.0009511321041384264,1.7385841304401115,7.918246070694857e-05,0.00011420330872045928,1.493084895647116
2014-10-17,4.626798859027275e-05,0.3439553936960912,0.0009816280202492333,1.7519509940352034,7.330201403727874e-05,0.00011169154709670163,1.5842922130548278
2014-10-20,4.9165393824874467e-05,0.3395601817428784,0.0009407404378938314,1.7570749465226787,7.302665780446479e-05,0.00010971813712410857,1.4853264079320379
2014-10-21,6.127847379397686e-05,0.3786500408587662,0.0008956068782190207,1.7093451809403113,8.870552860894397e-05,9.441590489534946e-05,1.4475805795552132
2014-10-22,6.0122674099070425e-05,0.403659397951497,0.0008559499860563051,1.6417552565406908,9.157109490788307e-05,8.790878193239084e-05,1.523070892638471
2014-10-23,6.055871725038731e-05,0.42505134553046836,0.0008219187304307062,1.574031285591671,9.482965439468594e-05,8.076131794617581e-05,1.5659125341542706
2014-10-24,5.99990058104541e-05,0.4240060007344172,0.0007844884927305013,1.6527626827167032,9.198930100338983e-05,8.502774728209514e-05,1.5331804212556104
2014-10-27,5.8561423507449295e-05,0.4287523161545327,0.0007577694285032908,1.5677417329721828,9.031935587285686e-05,8.482426613320624e-05,1.5423012362629438
2014-10-28,5.4522480778452264e-05,0.4196194191878229,0.0008115093889653306,1.428573284526364,8.826533152725131e-05,7.378251419387887e-05,1.618879593647076
2014-10-29,5.3729820257279105e-05,0.40662189102585605,0.000833112667206836,1.7120828370231678,8.603007836927273e-05,0.0001020233589937137,1.6011607326681445
2014-10-30,5.3551839514494966e-05,0.40645187920125464,0.0008181897237597211,1.6576037930101866,8.507918928207095e-05,0.0001008815485024752,1.5887258038828418
2014-10-31,5.56093263598845e-05,0.41247315319641276,0.0008034320911940934,1.5123481758704902,8.718546558319441e-05,9.286474899396143e-05,1.5678209266366572
2014-11-03,5.4562010343014535e-05,0.41279193945521103,0.0007790158554251318,1.5433106569143673,8.51039148750838e-05,0.00010529548593501102,1.5597650148896958
2014-11-04,6.02491600622342e-05,0.4099032588189444,0.0008049451165003241,1.4349526703327535,9.026928538762225e-05,9.973895775849885e-05,1.4982662877686403
2014-11-05,6.0354415020847636e-05,0.38833384102420104,0.0008311492039797195,1.6302262461720125,8.69759653141562e-05,0.00011433528935618102,1.4410870403451503
2014-11-06,5.86925643313682e-05,0.38797114552613093,0.000802164937972197,1.5884150965373056,8.418269153598337e-05,0.00011109258744453182,1.4342990887346865
2014-11-07,5.828791566618652e-05,0.384484413908937,0.0007811331048505251,1.497928143954346,8.204092038578856e-05,0.00010588978160335296,1.4075116505389371
2014-11-10,5.7340540123530906e-05,0.37657388584659474,0.0007691371330940476,1.498615903393725,7.908297146719195e-05,0.0001081422362794468,1.379180790707944
2014-11-11,6.57571982494724e-05,0.3843125425684448,0.0007721528388487832,1.6705524753635692,8.659799662807141e-05,0.00012733891714196652,1.3169356197253466
2014-11-12,6.673646336542344e-05,0.3844733626052805,0.0007651556199980289,1.6569545672057122,8.68805849389556e-05,0.0001264855359501216,1.301845805991106
2014-11-13,7.11343776232816e-05,0.38356157047373335,0.0007468207461601681,1.7163652450814195,8.840626506037982e-05,0.00013202052056677854,1.2428064743683833
2014-11-14,6.859476809423724e-05,0.38163139913751687,0.0007418310689842457,1.6068827703142554,8.608789818884477e-05,0.0001315122878204934,1.2550213460970525
2014-11-17,6.853595565786147e-05,0.38175054246328055,0.0007520680067788214,1.5899670525963534,8.666973253673908e-05,0.0001312645707544297,1.2645877876045573
2014-11-18,7.650833651469074e-05,0.39203240948869145,0.0008049306944430758,1.5911575097699004,9.728717571896865e-05,0.0001303687834374611,1.271589216951385
2014-11-19,7.466095393809579e-05,0.393802531745831,0.000852257915976711,1.5161931827815671,9.933694349821247e-05,0.00013010032563005254,1.3305072900699404
2014-11-20,7.31046489834875e-05,0.3993414919005555,0.0008934630227581581,1.659238275727026,0.00010205992052830653,0.000148062331280148,1.396079756177467
2014-11-21,7.04730363634149e-05,0.40403789148620967,0.0009260843114078063,1.6358336343711597,0.00010321881084039781,0.00014822217989260333,1.4646567845909138
2014-11-24,6.987047932397521e-05,0.39945910672832063,0.0009497523828069331,1.512246018383461,0.00010290213456625385,0.00014153431506987754,1.4727555265381473
2014-11-25,8.166110492431963e-05,0.40951389473526467,0.000990958871369519,1.5887850851695062,0.0001164941408569059,0.00015481589098088557,1.4265560203338932
2014-11-26,7.228929035700332e-05,0.40955177322699926,0.0010325838457553782,1.633051842199677,0.00011189442646290545,0.0001669170077801441,1.5478700359390818
2014-11-28,6.63644735069259e-05,0.40543156242184025,0.0011335049048984635,1.6039310681837198,0.00011119802751337648,0.00016426748514804221,1.6755655795532178
2014-12-01,6.796408095783602e-05,0.40244826768269715,0.0011783179710670054,1.6080518792558405,0.0001138888053212532,0.00016678610750045763,1.6757205234910517
2014-12-02,6.956629167082881e-05,0.4065945848022673,0.0012145237656254403,1.6162596406729128,0.00011818545338603283,0.00016636292138540816,1.6988896568651144
2014-12-03,9.973973303376368e-05,0.4388193160367285,0.0012039137621634405,1.6062235675499317,0.00015206088942150534,0.00016535723734434558,1.5245768641673625
2014-12-04,7.195368455764464e-05,0.45710167578232885,0.001203314035305298,1.542136411444203,0.00013450202519742907,0.00016283397195348022,1.8692861390534454
2014-12-05,6.914099334132158e-05,0.4712420088117203,0.0011745052604702733,1.5437213467075808,0.00013428864419556726,0.0001629116098832231,1.942243489801161
2014-12-08,6.652863915801598e-05,0.48592035562196123,0.001176372823039476,1.4393379505672583,0.00013593832170139415,0.00015335108935455368,2.043305310642523
2014-12-09,5.578278936298998e-05,0.489054279072791,0.0011599366316933082,1.4883319166118836,0.00012440112523836585,0.0001590291107036723,2.2300986856154212
2014-12-10,7.622608908783083e-05,0.4935304702023993,0.0011230001457080661,1.4322319534885124,0.00014439617736714674,0.00014397845717349997,1.894314388880263
2014-12-11,6.0199482263474304e-05,0.49416952098723727,0.0010778976138285305,1.450669253106527,0.00012588126227682084,0.0001452157071346687,2.0910688521518828
2014-12-12,5.635062229218622e-05,0.4865496970770866,0.0010312974424111824,1.550026016450892,0.0001172920387193511,0.00014493791202529042,2.08146838399006
2014-12-15,5.5088696774690915e-05,0.4809983179360224,0.0009837185633739562,1.5554132109132817,0.0001119722075037447,0.00014400016686041714,2.032580439535601
2014-12-16,5.154869882225274e-05,0.4916595639680613,0.0009363741002953824,1.634395526240082,0.00010801847503131181,0.0001481071763487132,2.095464628579179
2014-12-17,8.951914955443635e-05,0.47882687764878623,0.0009368646136248983,1.4403315650314534,0.00013866757219397385,0.00011981463253781127,1.54902691641022
2014-12-18,9.913276275332198e-05,0.4836728143302739,0.0008924206858498786,1.5397419021200762,0.0001438616698267053,0.0001086360631522481,1.4512020630826656
2014-12-19,7.377698274922788e-05,0.48647888893518965,0.000863991495242026,1.5728854060606194,0.00012282285188025167,0.0001109650404619745,1.6647855103770435
2014-12-22,6.996587850894997e-05,0.4863899999803453,0.0008478048524325818,1.6282144812140216,0.00011846109211813768,0.00011477323735090752,1.6931266303328736
2014-12-23,6.063494070426503e-05,0.4891572649442634,0.000839299889217659,1.6322634132622786,0.00011034904260031818,0.00011631601429712493,1.8198919850276407
2014-12-24,5.292955813268682e-05,0.4865344147649704,0.0008086844013394515,1.5785454964219956,0.00010065891215431029,0.0001132159047043879,1.9017523611660014
2014-12-26,5.0003308753932844e-05,0.4850946281305726,0.0007857963704960307,1.5428413363526583,9.615698687050574e-05,0.00011105969998061714,1.9230124819078664
2014-12-29,4.966432774890378e-05,0.48577695779336005,0.0007659741301311965,1.5337172827713037,9.474716902709357e-05,0.00011038499619767302,1.9077509617390298
2014-12-30,4.653062419950052e-05,0.4831037110036009,0.0007532189401882137,1.5369156530809578,9.044205649733716e-05,0.00011666516689689924,1.943710363943667
2014-12-31,4.3755181092948726e-05,0.4780132215928,0.0007358151321261282,1.525596304796353,8.577071084309766e-05,0.0001128079554776645,1.960241249165344
2015-01-02,6.483180836307134e-05,0.4753697402364749,0.0007224543890750568,1.4493372691071875,0.00010287996738377834,0.00011610284157536607,1.5868748687007088
2015-01-05,8.284505496642122e-05,0.47080866676637106,0.0007349627873260182,1.1885348922123822,0.00011617439494272692,8.627764910262912e-05,1.4023093471277768
2015-01-06,7.372029621424698e-05,0.4683833019451605,0.0007294995383138073,1.1526772345058898,0.00010861941273144137,8.487343740741115e-05,1.4733990272606892
2015-01-07,7.097584833724285e-05,0.4629290482572665,0.0007204016090840427,1.222865192027946,0.00010467839768566741,8.744264716118907e-05,1.4748453190483384
2015-01-08,6.58935484829367e-05,0.4593376133858484,0.000724393959248408,1.2015327646997966,0.00010035542799481697,8.236742637908496e-05,1.5229932262762305
2015-01-09,5.142752848602693e-05,0.43477770818384365,0.00071969121851795,1.2474988462523138,8.364465562108104e-05,8.3835540782698e-05,1.626456842930098
2015-01-12,5.214866604959718e-05,0.4228964776236154,0.000719761031662234,1.092903578055444,8.193129789941028e-05,7.484654314057751e-05,1.5711101377260093
2015-01-13,5.1084978694142575e-05,0.4143693509169629,0.0007157386643560243,1.109672591836288,7.923398020361758e-05,7.639468047810925e-05,1.5510230644904346
2015-01-14,5.779000718727771e-05,0.40771739917037103,0.0007197934591301055,1.2189186156734946,8.315522966060129e-05,8.289249240187809e-05,1.4389205627042672
2015-01-15,5.577655409897309e-05,0.4035053730743837,0.0007065242704182734,1.2593271017716132,8.010114142060294e-05,8.286311133828201e-05,1.4361077466074172
2015-01-16,7.006830803083834e-05,0.40320300977588264,0.0007380017900991275,1.076288944216561,9.168816650579816e-05,6.834359021472214e-05,1.3085540251013985
2015-01-20,6.698197984101967e-05,0.3997599974578475,0.0007339789469872062,0.8827591166007295,8.863803614203079e-05,6.0737893357742205e-05,1.323311678042532
2015-01-21,5.396910834789416e-05,0.4011965976764225,0.0007385392296486625,0.8226639422938226,8.009707327040159e-05,5.6320014123376686e-05,1.484128156316426
2015-01-22,5.806897077464812e-05,0.39648634537513666,0.0007212790832677574,0.9058612626652972,8.114316969212613e-05,5.768856235228776e-05,1.3973584964511168
2015-01-23,5.910063936486745e-05,0.3955421888490203,0.0007079988671305952,0.9377926315534364,8.091055561521338e-05,6.209386602451235e-05,1.3690301236116726
2015-01-26,6.288399592442454e-05,0.37875353261754535,0.0006869090586782132,0.9641161346448074,7.871842197948888e-05,6.551696701520298e-05,1.2518037510544737
2015-01-27,6.964065036165525e-05,0.3681601522454283,0.0006637015647092533,0.9922625504772432,7.915067279712402e-05,6.364262115883003e-05,1.1365584954488746
2015-01-28,7.988841611727443e-05,0.36849520966984833,0.0006984917522475028,0.710229632015286,8.704711725393345e-05,4.2800903163985674e-05,1.0896087503618823
2015-01-29,8.021798542057233e-05,0.36226352784360044,0.0006848921101755323,0.7207605696836733,8.491248858793717e-05,4.284485075577026e-05,1.0585218282751951
2015-01-30,7.830236811365751e-05,0.3531663756921336,0.0006861660886124622,0.9278129121322792,8.186182496351331e-05,5.160942477654135e-05,1.0454578441955826
2015-02-02,6.708254753246161e-05,0.35370286239360543,0.0006906333748573936,0.7651808940953387,7.613198070270484e-05,4.03591356196895e-05,1.1348999628534406
2015-02-03,8.067150173734702e-05,0.35140641780121545,0.0006740301068862004,0.697698612120509,8.194253729018929e-05,3.40152451042563e-05,1.0157556947059265
2015-02-04,7.910110058857453e-05,0.37162314423302517,0.0005356166692050283,0.6086431267927686,7.64928881278759e-05,2.9743806636232953e-05,0.9670268499263415
2015-02-05,8.520627788871464e-05,0.3807337498976724,0.0004989447852273472,0.6173048544016919,7.850248730589757e-05,2.9236233011883933e-05,0.9213228091998962
2015-02-06,8.507292515013707e-05,0.38653750904255524,0.00045545860563277397,0.6135649627832995,7.608723157892351e-05,2.8954822043916886e-05,0.8943765768562023
2015-02-09,6.296753465448077e-05,0.34431742110836316,0.00041580964930389445,0.6047632499089535,5.571403638405786e-05,2.8409883860670748e-05,0.8848057445757604
2015-02-10,6.653518645016198e-05,0.310743294860476,0.00037233076867032193,0.6882880027324354,4.8909353127063414e-05,3.0748529299588606e-05,0.7350900438777436
2015-02-11,6.58212274519105e-05,0.29779882337582814,0.00036113377701842044,0.7440214539280735,4.591345988480057e-05,3.559673087588327e-05,0.6975479136779286
2015-02-12,6.625281595902424e-05,0.2890995072139147,0.00033552223809709823,0.6948711613099988,4.3103265884476956e-05,3.310658829571916e-05,0.6505876808486944
2015-02-13,6.59493776327874e-05,0.2841859826341882,0.0003335712174702304,0.5958365723395546,4.215045707742867e-05,2.8184599176986987e-05,0.6391335080086206
2015-02-17,5.2818371217651516e-05,0.2722898021058596,0.00033400202498865347,0.5787734269582874,3.616582933098181e-05,2.7659494034175965e-05,0.6847206473283949
2015-02-18,4.925751255554142e-05,0.2698445886899958,0.000338525845544448,0.5893766811788678,3.484543315572878e-05,2.824540019507974e-05,0.7074135770952305
2015-02-19,5.2538640297651296e-05,0.27278316782469625,0.000344353887268333,0.5871391818313741,3.669099404785335e-05,2.819150846587344e-05,0.6983620786526825
2015-02-20,5.811623348480445e-05,0.27656698237421307,0.0003562059215147038,0.6567478815243039,3.9792353724144784e-05,3.127860787949038e-05,0.6847029020652073
2015-02-23,5.7842904366347e-05,0.28434066886045933,0.00036174252892316765,0.6563236822744025,4.113048319206163e-05,3.140959686304977e-05,0.7110722333643977
2015-02-24,5.363774172174018e-05,0.274066508147181,0.0003423532536260395,0.6215732352461568,3.713884888569839e-05,2.9862199168253602e-05,0.6924014265620257
2015-02-25,4.6420168910813084e-05,0.28506566619829604,0.0003330544495489042,0.660538049684416,3.544507434010451e-05,3.318145006842577e-05,0.7635705593446894
2015-02-26,6.082008377129165e-05,0.29352942571934015,0.0003243389084046984,0.5720334052783937,4.12263301855229e-05,3.0291982901276878e-05,0.6778407333431294
2015-02-27,6.477291200020017e-05,0.3011240523795039,0.0003183882564061129,0.5105281694688669,4.324348411477482e-05,2.6993702673719623e-05,0.6676167981245182
2015-03-02,7.10002492943561e-05,0.3054689534394263,0.00031484032083780537,0.6158927914409241,4.567117520191726e-05,3.380324133320834e-05,0.6432537301745462
2015-03-03,6.22129036386534e-05,0.2931849411720612,0.0003174259791662054,0.6939529726056127,4.1200561005448366e-05,3.8089111744148894e-05,0.6622510539734736
2015-03-04,6.357489191775788e-05,0.28764422003523815,0.000318967564048133,0.7264433687207036,4.096111101517763e-05,3.990336771267799e-05,0.6442969823396
2015-03-05,6.337223751236057e-05,0.2851422069937613,0.0003224096587451124,0.6707880831994039,4.0758204995068567e-05,3.94403700236082e-05,0.6431555298504144
2015-03-06,6.737776824421294e-05,0.28536637180089214,0.0003307075148732137,0.6427815784651498,4.259740434260102e-05,3.513865981724372e-05,0.632217502191603
2015-03-09,6.459093954914395e-05,0.28157497788142494,0.0003388655903583957,0.6610815720961547,4.165753762445338e-05,3.606838189889629e-05,0.6449439799951863
2015-03-10,6.248974140729342e-05,0.29422432405788196,0.0003363913285171062,0.685251317427113,4.265847576406247e-05,3.303843312346191e-05,0.6826476602939444
2015-03-11,5.4252554100076106e-05,0.29739815583871315,0.00032158778797206094,0.7082139933568087,3.9282411405327964e-05,3.551031477307875e-05,0.7240656602611979
2015-03-12,5.508043688697334e-05,0.2933740222342305,0.0003161257240853958,0.7545308276514067,3.871241474186288e-05,3.539063993706125e-05,0.7028341990333498
2015-03-13,5.707193087433516e-05,0.29723441717460963,0.00031297363007899286,0.8215268503571911,3.972503166965921e-05,3.777170612906531e-05,0.6960520007134238
2015-03-16,5.2149496476829495e-05,0.29968803829369434,0.00031185931177698763,0.8038188531402743,3.821851662202289e-05,3.404352735462604e-05,0.7328645376087903
2015-03-17,4.691748238540657e-05,0.30553508718847,0.00031937165985018793,0.8074686885105696,3.740043286718495e-05,3.400334509445152e-05,0.7971534482595799
2015-03-18,5.051902620859181e-05,0.3103378708959552,0.0003177916207150384,0.8280726996703057,3.932180838385527e-05,3.2485367183147824e-05,0.7783564200445292
2015-03-19,5.142834644805491e-05,0.31402284994270097,0.00032294298855262116,0.8572221404110527,4.0469278450542004e-05,3.330398625623419e-05,0.7869060789542963
2015-03-20,5.066833282542825e-05,0.31492172482937275,0.00033019349102051407,0.7972633563056776,4.0733824009762257e-05,3.286062375948289e-05,0.8039306157971653
2015-03-23,5.007282454924587e-05,0.3133141074056169,0.0003414143579132999,0.6853244700504662,4.0965841999316385e-05,2.9521947461625995e-05,0.8181252479381724
2015-03-24,4.2218867344400384e-05,0.3129680590460621,0.0003227440904284664,0.6950174047721365,3.6532757564362026e-05,2.9410537693105814e-05,0.8653182774029933
2015-03-25,4.692159710753298e-05,0.3267728269453885,0.000327954869644953,1.0349527809471355,4.053585803323984e-05,3.939092768358931e-05,0.8639061867468286
2015-03-26,4.732340893496746e-05,0.3379043626749364,0.00032413003897169523,1.0774211537753466,4.184961339998186e-05,4.083470658670072e-05,0.8843321802428102
2015-03-27,4.354358066573599e-05,0.3490241647023622,0.00032690965759189983,1.0525499517374663,4.1641986713227844e-05,3.9890247474598755e-05,0.9563289485284684
2015-03-30,4.5502666776921666e-05,0.35369044811976147,0.0003305252301932777,0.9747598186442398,4.337545710035663e-05,3.404702452918068e-05,0.9532508789650999
2015-03-31,3.983451498744685e-05,0.36497568703247407,0.0003332917350724424,0.9563173403806516,4.205387056840128e-05,3.328845849576005e-05,1.05571438692435
2015-04-01,4.176214734580363e-05,0.3844006986027013,0.00033814977091744386,0.992723108323393,4.5680424146008195e-05,3.430429617157636e-05,1.0938236429214236
2015-04-02,4.894523588776545e-05,0.4205344186721756,0.00029952640996643937,0.977540876106642,5.091834976915365e-05,3.448395165173699e-05,1.0403126850979465
2015-04-06,4.8199312485919956e-05,0.4276404241534129,0.00030043601928822917,0.9241055712782388,5.146063879271086e-05,3.1687971369316156e-05,1.06766333664497
2015-04-07,4.533264144371158e-05,0.4117514376966076,0.00029560673546057695,0.959073387329219,4.7664802686754e-05,3.568715081058412e-05,1.0514455184778546
2015-04-08,4.177649686660928e-05,0.41311293906711805,0.00027510868432528826,0.9627887558811974,4.428809066684116e-05,3.58090584541367e-05,1.0601197799866107
2015-04-09,4.664355209638432e-05,0.4193115380199791,0.0002687354506814566,0.9237011447433616,4.694562242154764e-05,3.530994486473988e-05,1.0064761432521074
2015-04-10,4.853778747139849e-05,0.4301199429070386,0.00026420332468265724,0.9492724090337558,4.8707821582755184e-05,3.605039363019755e-05,1.003503128597629
2015-04-13,4.467938122611643e-05,0.4290585554651324,0.0002700773868552615,0.9952123871926434,4.71318245848873e-05,3.799334586626473e-05,1.054889823705467
2015-04-14,4.646938254229903e-05,0.4307287153375832,0.0002801213023436896,0.9466547466373972,4.9142850643776214e-05,3.6118708013027305e-05,1.0575318189141774
2015-04-15,4.691423215315267e-05,0.4187580350905365,0.00028652452935491507,0.78344607317703,4.855079699483004e-05,3.140257013460707e-05,1.03488418687819
2015-04-16,4.176974619173272e-05,0.40041004564873806,0.00029557710511255624,0.7501206861739765,4.449090895547148e-05,3.158546590687274e-05,1.0651467392511318
2015-04-17,4.332386275975345e-05,0.3800700965793202,0.00028416098879062104,0.7466650636324488,4.217057421170398e-05,2.9480141490125943e-05,0.9733798310080319
2015-04-20,4.305137811564542e-05,0.3869218143742032,0.0002952672018767046,0.7787050447670543,4.362388591762669e-05,2.9386131364725988e-05,1.013298245655305
2015-04-21,4.4326391543702614e-05,0.39258199644768543,0.00024431064968682005,0.7378488522220619,4.0853829092269614e-05,2.8744843931668903e-05,0.9216592569235124
2015-04-22,3.760113128202133e-05,0.38785843439599044,0.0002415161277400904,0.7307142011061847,3.696125970324298e-05,2.8223625697422528e-05,0.982982650868159
2015-04-23,3.981692672329287e-05,0.3787275011732495,0.0002402071219238743,0.7071160211043647,3.7038522180272546e-05,2.7201555392396772e-05,0.930220517461611
2015-04-24,4.472325784062566e-05,0.37419125951151916,0.00023870753333232652,0.7016609526051352,3.866281019374663e-05,3.376676658114997e-05,0.8644900228763333
2015-04-27,4.8016264703360416e-05,0.3625383092435311,0.00024534151411409303,0.7040078404961457,3.9348992016453246e-05,3.379099628913354e-05,0.819492983461902
2015-04-28,4.837591330570472e-05,0.3598898308823698,0.0002478796245908946,0.6188548277680451,3.940983157557441e-05,3.052239398848888e-05,0.8146581404371545
2015-04-29,4.7158652268819175e-05,0.36492205153837154,0.0002552375627141035,0.6535243681231765,4.003622254851522e-05,3.2028712619054206e-05,0.848968760182037
2015-04-30,4.7296624411946914e-05,0.35238840018958506,0.0002557760154780022,0.692323792607023,3.875846651494102e-05,3.252273394390591e-05,0.8194763790616484
2015-05-01,5.0018555724514286e-05,0.3565220147547499,0.0002415136602804478,0.8191967145089254,3.918526388699531e-05,3.700989183372629e-05,0.7834145412517471
2015-05-04,4.992916004912971e-05,0.3660452505715976,0.0002375304842253188,0.7737531220500372,3.986314720159396e-05,3.949701034240628e-05,0.7983941080196241
2015-05-05,5.102770643270727e-05,0.3559084597839779,0.0002583960537212387,0.7095016397973112,4.086808365048056e-05,3.437898165919417e-05,0.8008998739611254
2015-05-06,5.61480236098465e-05,0.34480867202035126,0.000256704639445241,0.4853919597432939,4.139637149775187e-05,2.5149087736276034e-05,0.7372721039194747
2015-05-07,5.2055366505413186e-05,0.34338355741435994,0.00025388752186754007,0.549201488214156,3.947598071355577e-05,2.9758109061780534e-05,0.7583460335343274
2015-05-08,4.9463315458690945e-05,0.3495970048244589,0.0002544200438782539,0.5988461903061612,3.9217957932229214e-05,3.0374124333563086e-05,0.7928695755338501
2015-05-11,4.237087867236375e-05,0.36782954136306323,0.0002766033657371722,0.5319527805561552,3.982071658224137e-05,2.6708413723623153e-05,0.9398133300505349
2015-05-12,4.7490306282055044e-05,0.3657711263659373,0.00027633319585369174,0.4839152568838977,4.1901390455095276e-05,2.4872398741861203e-05,0.88231459713555
2015-05-13,4.663897325113825e-05,0.335524295389179,0.0002914885284896684,0.480985943396907,3.912093242283831e-05,2.4725679740410275e-05,0.8388034661951642
2015-05-14,4.9144732522979803e-05,0.3051521466247699,0.0003053699968968283,0.4381348728243174,3.738247913476359e-05,2.1483282442883606e-05,0.7606609541985756
2015-05-15,5.102390807027307e-05,0.2889328658015651,0.000320743614884528,0.4337455290392917,3.696262571784961e-05,2.1409389089326792e-05,0.724417770331166
2015-05-18,5.1224895533544154e-05,0.27627416745984373,0.00033953951785349704,0.3862249227173329,3.643560484383299e-05,1.8996766074345665e-05,0.7112870502580814
2015-05-19,5.107054978153525e-05,0.2832105043294911,0.0003708631393630949,0.3530015219661099,3.897637625762412e-05,1.759701648477204e-05,0.7631869330632539
2015-05-20,4.960583034370502e-05,0.2646957099002991,0.0003792721530584308,0.397313851009316,3.6306864367270075e-05,2.0711578446287338e-05,0.7319071995309805
2015-05-21,4.7917991249736124e-05,0.25759311244108957,0.0004030825205585593,0.3748430487388778,3.5799794309377e-05,1.9666894989111716e-05,0.7471054895184936
2015-05-22,4.8649795894238564e-05,0.251109445136272,0.00041544854099277067,0.5993534257676809,3.569950371846862e-05,3.3616263227700865e-05,0.7338058271832626
2015-05-26,5.2044924254716454e-05,0.25656583661714044,0.00040694552897347426,0.6821956505759418,3.733843902886309e-05,3.728308758814176e-05,0.7174270990600852
2015-05-27,5.41376103742017e-05,0.28269379483618146,0.0003995960853713642,0.7396603945855849,4.157922874974546e-05,3.88947799532773e-05,0.768028519588284
2015-05-28,5.2639353679274204e-05,0.3039849704674428,0.0003954619078211115,0.7452713946532991,4.3859099899465634e-05,3.920466283365069e-05,0.8331998178908941
2015-05-29,4.7121939363217764e-05,0.3027859004067272,0.0003714985937926994,0.7808531905538657,4.0061371473990126e-05,4.060734462715964e-05,0.8501638942573119
2015-06-01,4.566975475334599e-05,0.3229311079770194,0.00036452293272968,0.7529142108441531,4.1666464416787196e-05,3.912354397255077e-05,0.9123426355543218
2015-06-02,4.848176142599366e-05,0.3336681756381557,0.0003747780738773855,0.7750401808006318,4.4977060584881946e-05,4.047427364473864e-05,0.927710942465208
2015-06-03,4.583723039523311e-05,0.3455746838250198,0.0003687629548598478,0.6879064968704505,4.4928792504777454e-05,3.6783996017534925e-05,0.9801812220628816
2015-06-04,5.208668778062701e-05,0.33280360784665264,0.000366554082464757,0.6860618549325448,4.598544852337716e-05,3.568238915166738e-05,0.8828637504664074
2015-06-05,5.356843740955158e-05,0.32120513037992526,0.00036692103020636517,0.7878609963578994,4.503221037578268e-05,4.376904888214615e-05,0.8406481979583216
2015-06-08,5.4875341169450945e-05,0.31510187956686464,0.00035704003118285213,0.7052690746660535,4.410603992702484e-05,3.9892551438515595e-05,0.803749716850574
2015-06-10,5.7400521339002106e-05,0.3098305726362506,0.0003543073970162037,0.6838404305554829,4.418473939333093e-05,3.647667112708422e-05,0.7697619875676737
2015-06-11,5.7399555912391706e-05,0.3107639644226146,0.0003525593039027429,0.7006737274869129,4.420801442829058e-05,3.742328821467793e-05,0.7701804260605217
2015-06-12,5.544172754801711e-05,0.30290090952076976,0.0003393341433657375,0.670658312908495,4.154633652252133e-05,3.542797879882265e-05,0.7493694435574499
2015-06-15,5.424960916028536e-05,0.29900558537318883,0.0003414156919833,0.6550518850888344,4.069296611830686e-05,3.445105293128291e-05,0.7501061620200031
2015-06-16,5.423174022350414e-05,0.2974837242046615,0.000357855783514306,0.7044462526506983,4.1442314321093066e-05,3.756002366809564e-05,0.7641708370466764
2015-06-17,5.412494915971205e-05,0.2960203270683371,0.0003621684217031444,0.7059367132643117,4.1445327435440314e-05,4.440880321453168e-05,0.7657342515582477
2015-06-18,5.572982074389677e-05,0.29657964744758125,0.0003556889400543713,0.8339570020964455,4.175614031408193e-05,6.746337106399367e-05,0.7492602659888304
2015-06-19,6.241618085312648e-05,0.30794864246424436,0.00036064017326087035,1.0760243188805316,4.6202336741679384e-05,0.00012436727905233404,0.7402301151747748
2015-06-22,6.257165974145031e-05,0.32271973448541935,0.0003654191536890832,1.1240050972036983,4.8798898011995266e-05,0.00013074138774066334,0.779888182823264
2015-06-23,5.295413252336654e-05,0.3319856313954548,0.0003727417745541024,0.9783704219064452,4.664157966056097e-05,0.00014918912180500847,0.880792063584082
2015-06-24,5.124155217210486e-05,0.3393080904530361,0.00036908071889570765,1.118355333172059,4.6662288267710424e-05,0.00018689252586482895,0.9106337784418771
2015-06-25,5.1531038942745836e-05,0.3450922781745017,0.00039726739138208096,1.129224154781778,4.9375459485912556e-05,0.00018865905325351554,0.9581692994929083
2015-06-26,9.885673436567757e-05,0.4154970479259861,0.00043666947175905894,1.1073750463358043,8.632716678808032e-05,0.00018617047711486502,0.8732552955750131
2015-06-29,0.00010219846828200267,0.4218543367139329,0.00047884233555595135,1.235992881497311,9.332134332322287e-05,0.00022023983053209866,0.9131383756722793
2015-06-30,8.697755639475864e-05,0.43077687194177644,0.0005132677244148532,1.247857180873512,9.101814019959132e-05,0.00023352939440137412,1.0464554762437102
2015-07-01,9.667073925185136e-05,0.45085077463732753,0.0005625429149444785,1.2790256972945484,0.00010513762678059026,0.00023700173935581318,1.0875848017121348
2015-07-02,9.521395937942913e-05,0.43857603792131017,0.0005992309736931498,1.253799787746409,0.0001047592400386595,0.00023772555260932927,1.1002508531463573
2015-07-06,0.000172264093177785,0.46515953061489373,0.000681123939122132,1.2412097922912602,0.00015933543743479618,0.00025456301657662757,0.9249486326227845
2015-07-07,0.00016730584927433944,0.46015411861930394,0.000749300784886768,1.2355734016856277,0.00016292471490786606,0.00025601724051037235,0.9738136210689835
2015-07-08,0.00018325021701855255,0.4655458243288784,0.0007756778012906546,1.2690702612008062,0.00017551949708273948,0.0002571129636141507,0.9578133108839353
2015-07-09,0.00017483634785152047,0.4802475674332594,0.0008014460410067448,1.243412009935408,0.0001797703983080876,0.0002525470725023796,1.028220965017854
2015-07-10,0.0001852458943863911,0.5495536551221336,0.0008063433335361512,1.3137682491215024,0.00021239505260658805,0.00026152452979698125,1.1465574085197725
2015-07-13,0.00021177015433928543,0.5671909019175617,0.0007824022635551275,1.2912547714259608,0.00023087487938857807,0.000258141071265474,1.090214436065831
2015-07-14,0.0001959846645507268,0.5854239128134477,0.0007505721368829679,1.3364988951974843,0.00022453172979800505,0.0002691881094419997,1.1456596887961579
2015-07-15,0.00017788056160659394,0.5977532374091296,0.0007103641304320919,1.3385720601445077,0.00021248422576790308,0.0002696213132492317,1.1945331398145664
2015-07-16,0.00018174519139179188,0.6117788008243629,0.0006905623184643641,1.342708409924693,0.00021673413997898663,0.00028009485500015454,1.1925165024683837
2015-07-17,0.00017984339911716185,0.6001372510345334,0.0006690303558136207,1.3529651069777318,0.0002081712487902482,0.0002835033081181089,1.1575139805639
2015-07-20,0.0001933298802508964,0.6634683188937663,0.0006950254343808693,1.3517006139531595,0.00024320361704995182,0.0002868940582244925,1.2579722117157013
2015-07-21,0.00019419877324157122,0.673864503793717,0.0007064007689864025,1.3499682899777454,0.0002495866793653186,0.0002864160793685998,1.285212440836834
2015-07-22,0.00018582236281108658,0.703443363972906,0.000713050485929598,1.346121049188777,0.0002560579511253619,0.0002856777680812122,1.3779716674127067
2015-07-23,0.00018795658724473803,0.7225924162381935,0.0007064579987955637,1.3491110094093115,0.0002633087843695251,0.00028598844597923617,1.4009021350588318
2015-07-24,0.00019329917782205091,0.6836510918370285,0.000724796415631605,1.3720848948788946,0.0002558924860642989,0.0003056712961368417,1.3238156982740543
